Stock,Buy_Index,Sell_Index,Relative_Date,Sell_Relative_Date,Buy_Date,Sell_Date,Holding_Days,Return_%,start_on,Exhibition,Year
上銀,0,1,-22,-21,2026-07-20,2026-07-21,1,1.67,2026-08-19,Tairos機器人展,2026
上銀,0,2,-22,-20,2026-07-20,2026-07-22,2,6.83,2026-08-19,Tairos機器人展,2026
上銀,0,3,-22,-19,2026-07-20,2026-07-23,3,6.5,2026-08-19,Tairos機器人展,2026
上銀,0,4,-22,-18,2026-07-20,2026-07-24,4,4.33,2026-08-19,Tairos機器人展,2026
上銀,0,5,-22,-17,2026-07-20,2026-07-27,5,7.67,2026-08-19,Tairos機器人展,2026
上銀,0,6,-22,-16,2026-07-20,2026-07-28,6,0.0,2026-08-19,Tairos機器人展,2026
上銀,0,7,-22,-15,2026-07-20,2026-07-29,7,-3.17,2026-08-19,Tairos機器人展,2026
上銀,0,8,-22,-14,2026-07-20,2026-07-30,8,-5.67,2026-08-19,Tairos機器人展,2026
上銀,0,9,-22,-13,2026-07-20,2026-07-31,9,1.5,2026-08-19,Tairos機器人展,2026
上銀,0,10,-22,-12,2026-07-20,2026-08-03,10,10.67,2026-08-19,Tairos機器人展,2026
上銀,0,11,-22,-11,2026-07-20,2026-08-04,11,10.67,2026-08-19,Tairos機器人展,2026
上銀,0,12,-22,-10,2026-07-20,2026-08-05,12,21.67,2026-08-19,Tairos機器人展,2026
上銀,0,13,-22,-9,2026-07-20,2026-08-06,13,20.67,2026-08-19,Tairos機器人展,2026
上銀,0,14,-22,-8,2026-07-20,2026-08-07,14,29.0,2026-08-19,Tairos機器人展,2026
上銀,0,15,-22,-7,2026-07-20,2026-08-10,15,29.0,2026-08-19,Tairos機器人展,2026
上銀,0,16,-22,-6,2026-07-20,2026-08-11,16,22.67,2026-08-19,Tairos機器人展,2026
上銀,0,17,-22,-5,2026-07-20,2026-08-12,17,23.0,2026-08-19,Tairos機器人展,2026
上銀,0,18,-22,-4,2026-07-20,2026-08-13,18,27.0,2026-08-19,Tairos機器人展,2026
上銀,0,19,-22,-3,2026-07-20,2026-08-14,19,24.5,2026-08-19,Tairos機器人展,2026
上銀,0,20,-22,-2,2026-07-20,2026-08-17,20,27.17,2026-08-19,Tairos機器人展,2026
上銀,0,21,-22,-1,2026-07-20,2026-08-18,21,22.67,2026-08-19,Tairos機器人展,2026
上銀,0,22,-22,0,2026-07-20,2026-08-19,22,22.33,2026-08-19,Tairos機器人展,2026
上銀,0,23,-22,1,2026-07-20,2026-08-20,23,22.17,2026-08-19,Tairos機器人展,2026
上銀,0,24,-22,2,2026-07-20,2026-08-21,24,16.33,2026-08-19,Tairos機器人展,2026
上銀,0,25,-22,3,2026-07-20,2026-08-24,25,14.5,2026-08-19,Tairos機器人展,2026
上銀,0,26,-22,4,2026-07-20,2026-08-25,26,15.17,2026-08-19,Tairos機器人展,2026
上銀,0,27,-22,5,2026-07-20,2026-08-26,27,17.67,2026-08-19,Tairos機器人展,2026
上銀,0,28,-22,6,2026-07-20,2026-08-27,28,19.83,2026-08-19,Tairos機器人展,2026
上銀,1,2,-21,-20,2026-07-21,2026-07-22,1,5.08,2026-08-19,Tairos機器人展,2026
上銀,1,3,-21,-19,2026-07-21,2026-07-23,2,4.75,2026-08-19,Tairos機器人展,2026
上銀,1,4,-21,-18,2026-07-21,2026-07-24,3,2.62,2026-08-19,Tairos機器人展,2026
上銀,1,5,-21,-17,2026-07-21,2026-07-27,4,5.9,2026-08-19,Tairos機器人展,2026
上銀,1,6,-21,-16,2026-07-21,2026-07-28,5,-1.64,2026-08-19,Tairos機器人展,2026
上銀,1,7,-21,-15,2026-07-21,2026-07-29,6,-4.75,2026-08-19,Tairos機器人展,2026
上銀,1,8,-21,-14,2026-07-21,2026-07-30,7,-7.21,2026-08-19,Tairos機器人展,2026
上銀,1,9,-21,-13,2026-07-21,2026-07-31,8,-0.16,2026-08-19,Tairos機器人展,2026
上銀,1,10,-21,-12,2026-07-21,2026-08-03,9,8.85,2026-08-19,Tairos機器人展,2026
上銀,1,11,-21,-11,2026-07-21,2026-08-04,10,8.85,2026-08-19,Tairos機器人展,2026
上銀,1,12,-21,-10,2026-07-21,2026-08-05,11,19.67,2026-08-19,Tairos機器人展,2026
上銀,1,13,-21,-9,2026-07-21,2026-08-06,12,18.69,2026-08-19,Tairos機器人展,2026
上銀,1,14,-21,-8,2026-07-21,2026-08-07,13,26.89,2026-08-19,Tairos機器人展,2026
上銀,1,15,-21,-7,2026-07-21,2026-08-10,14,26.89,2026-08-19,Tairos機器人展,2026
上銀,1,16,-21,-6,2026-07-21,2026-08-11,15,20.66,2026-08-19,Tairos機器人展,2026
上銀,1,17,-21,-5,2026-07-21,2026-08-12,16,20.98,2026-08-19,Tairos機器人展,2026
上銀,1,18,-21,-4,2026-07-21,2026-08-13,17,24.92,2026-08-19,Tairos機器人展,2026
上銀,1,19,-21,-3,2026-07-21,2026-08-14,18,22.46,2026-08-19,Tairos機器人展,2026
上銀,1,20,-21,-2,2026-07-21,2026-08-17,19,25.08,2026-08-19,Tairos機器人展,2026
上銀,1,21,-21,-1,2026-07-21,2026-08-18,20,20.66,2026-08-19,Tairos機器人展,2026
上銀,1,22,-21,0,2026-07-21,2026-08-19,21,20.33,2026-08-19,Tairos機器人展,2026
上銀,1,23,-21,1,2026-07-21,2026-08-20,22,20.16,2026-08-19,Tairos機器人展,2026
上銀,1,24,-21,2,2026-07-21,2026-08-21,23,14.43,2026-08-19,Tairos機器人展,2026
上銀,1,25,-21,3,2026-07-21,2026-08-24,24,12.62,2026-08-19,Tairos機器人展,2026
上銀,1,26,-21,4,2026-07-21,2026-08-25,25,13.28,2026-08-19,Tairos機器人展,2026
上銀,1,27,-21,5,2026-07-21,2026-08-26,26,15.74,2026-08-19,Tairos機器人展,2026
上銀,1,28,-21,6,2026-07-21,2026-08-27,27,17.87,2026-08-19,Tairos機器人展,2026
上銀,2,3,-20,-19,2026-07-22,2026-07-23,1,-0.31,2026-08-19,Tairos機器人展,2026
上銀,2,4,-20,-18,2026-07-22,2026-07-24,2,-2.34,2026-08-19,Tairos機器人展,2026
上銀,2,5,-20,-17,2026-07-22,2026-07-27,3,0.78,2026-08-19,Tairos機器人展,2026
上銀,2,6,-20,-16,2026-07-22,2026-07-28,4,-6.4,2026-08-19,Tairos機器人展,2026
上銀,2,7,-20,-15,2026-07-22,2026-07-29,5,-9.36,2026-08-19,Tairos機器人展,2026
上銀,2,8,-20,-14,2026-07-22,2026-07-30,6,-11.7,2026-08-19,Tairos機器人展,2026
上銀,2,9,-20,-13,2026-07-22,2026-07-31,7,-4.99,2026-08-19,Tairos機器人展,2026
上銀,2,10,-20,-12,2026-07-22,2026-08-03,8,3.59,2026-08-19,Tairos機器人展,2026
上銀,2,11,-20,-11,2026-07-22,2026-08-04,9,3.59,2026-08-19,Tairos機器人展,2026
上銀,2,12,-20,-10,2026-07-22,2026-08-05,10,13.88,2026-08-19,Tairos機器人展,2026
上銀,2,13,-20,-9,2026-07-22,2026-08-06,11,12.95,2026-08-19,Tairos機器人展,2026
上銀,2,14,-20,-8,2026-07-22,2026-08-07,12,20.75,2026-08-19,Tairos機器人展,2026
上銀,2,15,-20,-7,2026-07-22,2026-08-10,13,20.75,2026-08-19,Tairos機器人展,2026
上銀,2,16,-20,-6,2026-07-22,2026-08-11,14,14.82,2026-08-19,Tairos機器人展,2026
上銀,2,17,-20,-5,2026-07-22,2026-08-12,15,15.13,2026-08-19,Tairos機器人展,2026
上銀,2,18,-20,-4,2026-07-22,2026-08-13,16,18.88,2026-08-19,Tairos機器人展,2026
上銀,2,19,-20,-3,2026-07-22,2026-08-14,17,16.54,2026-08-19,Tairos機器人展,2026
上銀,2,20,-20,-2,2026-07-22,2026-08-17,18,19.03,2026-08-19,Tairos機器人展,2026
上銀,2,21,-20,-1,2026-07-22,2026-08-18,19,14.82,2026-08-19,Tairos機器人展,2026
上銀,2,22,-20,0,2026-07-22,2026-08-19,20,14.51,2026-08-19,Tairos機器人展,2026
上銀,2,23,-20,1,2026-07-22,2026-08-20,21,14.35,2026-08-19,Tairos機器人展,2026
上銀,2,24,-20,2,2026-07-22,2026-08-21,22,8.89,2026-08-19,Tairos機器人展,2026
上銀,2,25,-20,3,2026-07-22,2026-08-24,23,7.18,2026-08-19,Tairos機器人展,2026
上銀,2,26,-20,4,2026-07-22,2026-08-25,24,7.8,2026-08-19,Tairos機器人展,2026
上銀,2,27,-20,5,2026-07-22,2026-08-26,25,10.14,2026-08-19,Tairos機器人展,2026
上銀,2,28,-20,6,2026-07-22,2026-08-27,26,12.17,2026-08-19,Tairos機器人展,2026
上銀,3,4,-19,-18,2026-07-23,2026-07-24,1,-2.03,2026-08-19,Tairos機器人展,2026
上銀,3,5,-19,-17,2026-07-23,2026-07-27,2,1.1,2026-08-19,Tairos機器人展,2026
上銀,3,6,-19,-16,2026-07-23,2026-07-28,3,-6.1,2026-08-19,Tairos機器人展,2026
上銀,3,7,-19,-15,2026-07-23,2026-07-29,4,-9.08,2026-08-19,Tairos機器人展,2026
上銀,3,8,-19,-14,2026-07-23,2026-07-30,5,-11.42,2026-08-19,Tairos機器人展,2026
上銀,3,9,-19,-13,2026-07-23,2026-07-31,6,-4.69,2026-08-19,Tairos機器人展,2026
上銀,3,10,-19,-12,2026-07-23,2026-08-03,7,3.91,2026-08-19,Tairos機器人展,2026
上銀,3,11,-19,-11,2026-07-23,2026-08-04,8,3.91,2026-08-19,Tairos機器人展,2026
上銀,3,12,-19,-10,2026-07-23,2026-08-05,9,14.24,2026-08-19,Tairos機器人展,2026
上銀,3,13,-19,-9,2026-07-23,2026-08-06,10,13.3,2026-08-19,Tairos機器人展,2026
上銀,3,14,-19,-8,2026-07-23,2026-08-07,11,21.13,2026-08-19,Tairos機器人展,2026
上銀,3,15,-19,-7,2026-07-23,2026-08-10,12,21.13,2026-08-19,Tairos機器人展,2026
上銀,3,16,-19,-6,2026-07-23,2026-08-11,13,15.18,2026-08-19,Tairos機器人展,2026
上銀,3,17,-19,-5,2026-07-23,2026-08-12,14,15.49,2026-08-19,Tairos機器人展,2026
上銀,3,18,-19,-4,2026-07-23,2026-08-13,15,19.25,2026-08-19,Tairos機器人展,2026
上銀,3,19,-19,-3,2026-07-23,2026-08-14,16,16.9,2026-08-19,Tairos機器人展,2026
上銀,3,20,-19,-2,2026-07-23,2026-08-17,17,19.41,2026-08-19,Tairos機器人展,2026
上銀,3,21,-19,-1,2026-07-23,2026-08-18,18,15.18,2026-08-19,Tairos機器人展,2026
上銀,3,22,-19,0,2026-07-23,2026-08-19,19,14.87,2026-08-19,Tairos機器人展,2026
上銀,3,23,-19,1,2026-07-23,2026-08-20,20,14.71,2026-08-19,Tairos機器人展,2026
上銀,3,24,-19,2,2026-07-23,2026-08-21,21,9.23,2026-08-19,Tairos機器人展,2026
上銀,3,25,-19,3,2026-07-23,2026-08-24,22,7.51,2026-08-19,Tairos機器人展,2026
上銀,3,26,-19,4,2026-07-23,2026-08-25,23,8.14,2026-08-19,Tairos機器人展,2026
上銀,3,27,-19,5,2026-07-23,2026-08-26,24,10.49,2026-08-19,Tairos機器人展,2026
上銀,3,28,-19,6,2026-07-23,2026-08-27,25,12.52,2026-08-19,Tairos機器人展,2026
上銀,4,5,-18,-17,2026-07-24,2026-07-27,1,3.19,2026-08-19,Tairos機器人展,2026
上銀,4,6,-18,-16,2026-07-24,2026-07-28,2,-4.15,2026-08-19,Tairos機器人展,2026
上銀,4,7,-18,-15,2026-07-24,2026-07-29,3,-7.19,2026-08-19,Tairos機器人展,2026
上銀,4,8,-18,-14,2026-07-24,2026-07-30,4,-9.58,2026-08-19,Tairos機器人展,2026
上銀,4,9,-18,-13,2026-07-24,2026-07-31,5,-2.72,2026-08-19,Tairos機器人展,2026
上銀,4,10,-18,-12,2026-07-24,2026-08-03,6,6.07,2026-08-19,Tairos機器人展,2026
上銀,4,11,-18,-11,2026-07-24,2026-08-04,7,6.07,2026-08-19,Tairos機器人展,2026
上銀,4,12,-18,-10,2026-07-24,2026-08-05,8,16.61,2026-08-19,Tairos機器人展,2026
上銀,4,13,-18,-9,2026-07-24,2026-08-06,9,15.65,2026-08-19,Tairos機器人展,2026
上銀,4,14,-18,-8,2026-07-24,2026-08-07,10,23.64,2026-08-19,Tairos機器人展,2026
上銀,4,15,-18,-7,2026-07-24,2026-08-10,11,23.64,2026-08-19,Tairos機器人展,2026
上銀,4,16,-18,-6,2026-07-24,2026-08-11,12,17.57,2026-08-19,Tairos機器人展,2026
上銀,4,17,-18,-5,2026-07-24,2026-08-12,13,17.89,2026-08-19,Tairos機器人展,2026
上銀,4,18,-18,-4,2026-07-24,2026-08-13,14,21.73,2026-08-19,Tairos機器人展,2026
上銀,4,19,-18,-3,2026-07-24,2026-08-14,15,19.33,2026-08-19,Tairos機器人展,2026
上銀,4,20,-18,-2,2026-07-24,2026-08-17,16,21.88,2026-08-19,Tairos機器人展,2026
上銀,4,21,-18,-1,2026-07-24,2026-08-18,17,17.57,2026-08-19,Tairos機器人展,2026
上銀,4,22,-18,0,2026-07-24,2026-08-19,18,17.25,2026-08-19,Tairos機器人展,2026
上銀,4,23,-18,1,2026-07-24,2026-08-20,19,17.09,2026-08-19,Tairos機器人展,2026
上銀,4,24,-18,2,2026-07-24,2026-08-21,20,11.5,2026-08-19,Tairos機器人展,2026
上銀,4,25,-18,3,2026-07-24,2026-08-24,21,9.74,2026-08-19,Tairos機器人展,2026
上銀,4,26,-18,4,2026-07-24,2026-08-25,22,10.38,2026-08-19,Tairos機器人展,2026
上銀,4,27,-18,5,2026-07-24,2026-08-26,23,12.78,2026-08-19,Tairos機器人展,2026
上銀,4,28,-18,6,2026-07-24,2026-08-27,24,14.86,2026-08-19,Tairos機器人展,2026
上銀,5,6,-17,-16,2026-07-27,2026-07-28,1,-7.12,2026-08-19,Tairos機器人展,2026
上銀,5,7,-17,-15,2026-07-27,2026-07-29,2,-10.06,2026-08-19,Tairos機器人展,2026
上銀,5,8,-17,-14,2026-07-27,2026-07-30,3,-12.38,2026-08-19,Tairos機器人展,2026
上銀,5,9,-17,-13,2026-07-27,2026-07-31,4,-5.73,2026-08-19,Tairos機器人展,2026
上銀,5,10,-17,-12,2026-07-27,2026-08-03,5,2.79,2026-08-19,Tairos機器人展,2026
上銀,5,11,-17,-11,2026-07-27,2026-08-04,6,2.79,2026-08-19,Tairos機器人展,2026
上銀,5,12,-17,-10,2026-07-27,2026-08-05,7,13.0,2026-08-19,Tairos機器人展,2026
上銀,5,13,-17,-9,2026-07-27,2026-08-06,8,12.07,2026-08-19,Tairos機器人展,2026
上銀,5,14,-17,-8,2026-07-27,2026-08-07,9,19.81,2026-08-19,Tairos機器人展,2026
上銀,5,15,-17,-7,2026-07-27,2026-08-10,10,19.81,2026-08-19,Tairos機器人展,2026
上銀,5,16,-17,-6,2026-07-27,2026-08-11,11,13.93,2026-08-19,Tairos機器人展,2026
上銀,5,17,-17,-5,2026-07-27,2026-08-12,12,14.24,2026-08-19,Tairos機器人展,2026
上銀,5,18,-17,-4,2026-07-27,2026-08-13,13,17.96,2026-08-19,Tairos機器人展,2026
上銀,5,19,-17,-3,2026-07-27,2026-08-14,14,15.63,2026-08-19,Tairos機器人展,2026
上銀,5,20,-17,-2,2026-07-27,2026-08-17,15,18.11,2026-08-19,Tairos機器人展,2026
上銀,5,21,-17,-1,2026-07-27,2026-08-18,16,13.93,2026-08-19,Tairos機器人展,2026
上銀,5,22,-17,0,2026-07-27,2026-08-19,17,13.62,2026-08-19,Tairos機器人展,2026
上銀,5,23,-17,1,2026-07-27,2026-08-20,18,13.47,2026-08-19,Tairos機器人展,2026
上銀,5,24,-17,2,2026-07-27,2026-08-21,19,8.05,2026-08-19,Tairos機器人展,2026
上銀,5,25,-17,3,2026-07-27,2026-08-24,20,6.35,2026-08-19,Tairos機器人展,2026
上銀,5,26,-17,4,2026-07-27,2026-08-25,21,6.97,2026-08-19,Tairos機器人展,2026
上銀,5,27,-17,5,2026-07-27,2026-08-26,22,9.29,2026-08-19,Tairos機器人展,2026
上銀,5,28,-17,6,2026-07-27,2026-08-27,23,11.3,2026-08-19,Tairos機器人展,2026
上銀,6,7,-16,-15,2026-07-28,2026-07-29,1,-3.17,2026-08-19,Tairos機器人展,2026
上銀,6,8,-16,-14,2026-07-28,2026-07-30,2,-5.67,2026-08-19,Tairos機器人展,2026
上銀,6,9,-16,-13,2026-07-28,2026-07-31,3,1.5,2026-08-19,Tairos機器人展,2026
上銀,6,10,-16,-12,2026-07-28,2026-08-03,4,10.67,2026-08-19,Tairos機器人展,2026
上銀,6,11,-16,-11,2026-07-28,2026-08-04,5,10.67,2026-08-19,Tairos機器人展,2026
上銀,6,12,-16,-10,2026-07-28,2026-08-05,6,21.67,2026-08-19,Tairos機器人展,2026
上銀,6,13,-16,-9,2026-07-28,2026-08-06,7,20.67,2026-08-19,Tairos機器人展,2026
上銀,6,14,-16,-8,2026-07-28,2026-08-07,8,29.0,2026-08-19,Tairos機器人展,2026
上銀,6,15,-16,-7,2026-07-28,2026-08-10,9,29.0,2026-08-19,Tairos機器人展,2026
上銀,6,16,-16,-6,2026-07-28,2026-08-11,10,22.67,2026-08-19,Tairos機器人展,2026
上銀,6,17,-16,-5,2026-07-28,2026-08-12,11,23.0,2026-08-19,Tairos機器人展,2026
上銀,6,18,-16,-4,2026-07-28,2026-08-13,12,27.0,2026-08-19,Tairos機器人展,2026
上銀,6,19,-16,-3,2026-07-28,2026-08-14,13,24.5,2026-08-19,Tairos機器人展,2026
上銀,6,20,-16,-2,2026-07-28,2026-08-17,14,27.17,2026-08-19,Tairos機器人展,2026
上銀,6,21,-16,-1,2026-07-28,2026-08-18,15,22.67,2026-08-19,Tairos機器人展,2026
上銀,6,22,-16,0,2026-07-28,2026-08-19,16,22.33,2026-08-19,Tairos機器人展,2026
上銀,6,23,-16,1,2026-07-28,2026-08-20,17,22.17,2026-08-19,Tairos機器人展,2026
上銀,6,24,-16,2,2026-07-28,2026-08-21,18,16.33,2026-08-19,Tairos機器人展,2026
上銀,6,25,-16,3,2026-07-28,2026-08-24,19,14.5,2026-08-19,Tairos機器人展,2026
上銀,6,26,-16,4,2026-07-28,2026-08-25,20,15.17,2026-08-19,Tairos機器人展,2026
上銀,6,27,-16,5,2026-07-28,2026-08-26,21,17.67,2026-08-19,Tairos機器人展,2026
上銀,6,28,-16,6,2026-07-28,2026-08-27,22,19.83,2026-08-19,Tairos機器人展,2026
上銀,7,8,-15,-14,2026-07-29,2026-07-30,1,-2.58,2026-08-19,Tairos機器人展,2026
上銀,7,9,-15,-13,2026-07-29,2026-07-31,2,4.82,2026-08-19,Tairos機器人展,2026
上銀,7,10,-15,-12,2026-07-29,2026-08-03,3,14.29,2026-08-19,Tairos機器人展,2026
上銀,7,11,-15,-11,2026-07-29,2026-08-04,4,14.29,2026-08-19,Tairos機器人展,2026
上銀,7,12,-15,-10,2026-07-29,2026-08-05,5,25.65,2026-08-19,Tairos機器人展,2026
上銀,7,13,-15,-9,2026-07-29,2026-08-06,6,24.61,2026-08-19,Tairos機器人展,2026
上銀,7,14,-15,-8,2026-07-29,2026-08-07,7,33.22,2026-08-19,Tairos機器人展,2026
上銀,7,15,-15,-7,2026-07-29,2026-08-10,8,33.22,2026-08-19,Tairos機器人展,2026
上銀,7,16,-15,-6,2026-07-29,2026-08-11,9,26.68,2026-08-19,Tairos機器人展,2026
上銀,7,17,-15,-5,2026-07-29,2026-08-12,10,27.02,2026-08-19,Tairos機器人展,2026
上銀,7,18,-15,-4,2026-07-29,2026-08-13,11,31.15,2026-08-19,Tairos機器人展,2026
上銀,7,19,-15,-3,2026-07-29,2026-08-14,12,28.57,2026-08-19,Tairos機器人展,2026
上銀,7,20,-15,-2,2026-07-29,2026-08-17,13,31.33,2026-08-19,Tairos機器人展,2026
上銀,7,21,-15,-1,2026-07-29,2026-08-18,14,26.68,2026-08-19,Tairos機器人展,2026
上銀,7,22,-15,0,2026-07-29,2026-08-19,15,26.33,2026-08-19,Tairos機器人展,2026
上銀,7,23,-15,1,2026-07-29,2026-08-20,16,26.16,2026-08-19,Tairos機器人展,2026
上銀,7,24,-15,2,2026-07-29,2026-08-21,17,20.14,2026-08-19,Tairos機器人展,2026
上銀,7,25,-15,3,2026-07-29,2026-08-24,18,18.24,2026-08-19,Tairos機器人展,2026
上銀,7,26,-15,4,2026-07-29,2026-08-25,19,18.93,2026-08-19,Tairos機器人展,2026
上銀,7,27,-15,5,2026-07-29,2026-08-26,20,21.51,2026-08-19,Tairos機器人展,2026
上銀,7,28,-15,6,2026-07-29,2026-08-27,21,23.75,2026-08-19,Tairos機器人展,2026
上銀,8,9,-14,-13,2026-07-30,2026-07-31,1,7.6,2026-08-19,Tairos機器人展,2026
上銀,8,10,-14,-12,2026-07-30,2026-08-03,2,17.31,2026-08-19,Tairos機器人展,2026
上銀,8,11,-14,-11,2026-07-30,2026-08-04,3,17.31,2026-08-19,Tairos機器人展,2026
上銀,8,12,-14,-10,2026-07-30,2026-08-05,4,28.98,2026-08-19,Tairos機器人展,2026
上銀,8,13,-14,-9,2026-07-30,2026-08-06,5,27.92,2026-08-19,Tairos機器人展,2026
上銀,8,14,-14,-8,2026-07-30,2026-08-07,6,36.75,2026-08-19,Tairos機器人展,2026
上銀,8,15,-14,-7,2026-07-30,2026-08-10,7,36.75,2026-08-19,Tairos機器人展,2026
上銀,8,16,-14,-6,2026-07-30,2026-08-11,8,30.04,2026-08-19,Tairos機器人展,2026
上銀,8,17,-14,-5,2026-07-30,2026-08-12,9,30.39,2026-08-19,Tairos機器人展,2026
上銀,8,18,-14,-4,2026-07-30,2026-08-13,10,34.63,2026-08-19,Tairos機器人展,2026
上銀,8,19,-14,-3,2026-07-30,2026-08-14,11,31.98,2026-08-19,Tairos機器人展,2026
上銀,8,20,-14,-2,2026-07-30,2026-08-17,12,34.81,2026-08-19,Tairos機器人展,2026
上銀,8,21,-14,-1,2026-07-30,2026-08-18,13,30.04,2026-08-19,Tairos機器人展,2026
上銀,8,22,-14,0,2026-07-30,2026-08-19,14,29.68,2026-08-19,Tairos機器人展,2026
上銀,8,23,-14,1,2026-07-30,2026-08-20,15,29.51,2026-08-19,Tairos機器人展,2026
上銀,8,24,-14,2,2026-07-30,2026-08-21,16,23.32,2026-08-19,Tairos機器人展,2026
上銀,8,25,-14,3,2026-07-30,2026-08-24,17,21.38,2026-08-19,Tairos機器人展,2026
上銀,8,26,-14,4,2026-07-30,2026-08-25,18,22.08,2026-08-19,Tairos機器人展,2026
上銀,8,27,-14,5,2026-07-30,2026-08-26,19,24.73,2026-08-19,Tairos機器人展,2026
上銀,8,28,-14,6,2026-07-30,2026-08-27,20,27.03,2026-08-19,Tairos機器人展,2026
上銀,9,10,-13,-12,2026-07-31,2026-08-03,1,9.03,2026-08-19,Tairos機器人展,2026
上銀,9,11,-13,-11,2026-07-31,2026-08-04,2,9.03,2026-08-19,Tairos機器人展,2026
上銀,9,12,-13,-10,2026-07-31,2026-08-05,3,19.87,2026-08-19,Tairos機器人展,2026
上銀,9,13,-13,-9,2026-07-31,2026-08-06,4,18.88,2026-08-19,Tairos機器人展,2026
上銀,9,14,-13,-8,2026-07-31,2026-08-07,5,27.09,2026-08-19,Tairos機器人展,2026
上銀,9,15,-13,-7,2026-07-31,2026-08-10,6,27.09,2026-08-19,Tairos機器人展,2026
上銀,9,16,-13,-6,2026-07-31,2026-08-11,7,20.85,2026-08-19,Tairos機器人展,2026
上銀,9,17,-13,-5,2026-07-31,2026-08-12,8,21.18,2026-08-19,Tairos機器人展,2026
上銀,9,18,-13,-4,2026-07-31,2026-08-13,9,25.12,2026-08-19,Tairos機器人展,2026
上銀,9,19,-13,-3,2026-07-31,2026-08-14,10,22.66,2026-08-19,Tairos機器人展,2026
上銀,9,20,-13,-2,2026-07-31,2026-08-17,11,25.29,2026-08-19,Tairos機器人展,2026
上銀,9,21,-13,-1,2026-07-31,2026-08-18,12,20.85,2026-08-19,Tairos機器人展,2026
上銀,9,22,-13,0,2026-07-31,2026-08-19,13,20.53,2026-08-19,Tairos機器人展,2026
上銀,9,23,-13,1,2026-07-31,2026-08-20,14,20.36,2026-08-19,Tairos機器人展,2026
上銀,9,24,-13,2,2026-07-31,2026-08-21,15,14.61,2026-08-19,Tairos機器人展,2026
上銀,9,25,-13,3,2026-07-31,2026-08-24,16,12.81,2026-08-19,Tairos機器人展,2026
上銀,9,26,-13,4,2026-07-31,2026-08-25,17,13.46,2026-08-19,Tairos機器人展,2026
上銀,9,27,-13,5,2026-07-31,2026-08-26,18,15.93,2026-08-19,Tairos機器人展,2026
上銀,9,28,-13,6,2026-07-31,2026-08-27,19,18.06,2026-08-19,Tairos機器人展,2026
上銀,10,11,-12,-11,2026-08-03,2026-08-04,1,0.0,2026-08-19,Tairos機器人展,2026
上銀,10,12,-12,-10,2026-08-03,2026-08-05,2,9.94,2026-08-19,Tairos機器人展,2026
上銀,10,13,-12,-9,2026-08-03,2026-08-06,3,9.04,2026-08-19,Tairos機器人展,2026
上銀,10,14,-12,-8,2026-08-03,2026-08-07,4,16.57,2026-08-19,Tairos機器人展,2026
上銀,10,15,-12,-7,2026-08-03,2026-08-10,5,16.57,2026-08-19,Tairos機器人展,2026
上銀,10,16,-12,-6,2026-08-03,2026-08-11,6,10.84,2026-08-19,Tairos機器人展,2026
上銀,10,17,-12,-5,2026-08-03,2026-08-12,7,11.14,2026-08-19,Tairos機器人展,2026
上銀,10,18,-12,-4,2026-08-03,2026-08-13,8,14.76,2026-08-19,Tairos機器人展,2026
上銀,10,19,-12,-3,2026-08-03,2026-08-14,9,12.5,2026-08-19,Tairos機器人展,2026
上銀,10,20,-12,-2,2026-08-03,2026-08-17,10,14.91,2026-08-19,Tairos機器人展,2026
上銀,10,21,-12,-1,2026-08-03,2026-08-18,11,10.84,2026-08-19,Tairos機器人展,2026
上銀,10,22,-12,0,2026-08-03,2026-08-19,12,10.54,2026-08-19,Tairos機器人展,2026
上銀,10,23,-12,1,2026-08-03,2026-08-20,13,10.39,2026-08-19,Tairos機器人展,2026
上銀,10,24,-12,2,2026-08-03,2026-08-21,14,5.12,2026-08-19,Tairos機器人展,2026
上銀,10,25,-12,3,2026-08-03,2026-08-24,15,3.46,2026-08-19,Tairos機器人展,2026
上銀,10,26,-12,4,2026-08-03,2026-08-25,16,4.07,2026-08-19,Tairos機器人展,2026
上銀,10,27,-12,5,2026-08-03,2026-08-26,17,6.33,2026-08-19,Tairos機器人展,2026
上銀,10,28,-12,6,2026-08-03,2026-08-27,18,8.28,2026-08-19,Tairos機器人展,2026
上銀,11,12,-11,-10,2026-08-04,2026-08-05,1,9.94,2026-08-19,Tairos機器人展,2026
上銀,11,13,-11,-9,2026-08-04,2026-08-06,2,9.04,2026-08-19,Tairos機器人展,2026
上銀,11,14,-11,-8,2026-08-04,2026-08-07,3,16.57,2026-08-19,Tairos機器人展,2026
上銀,11,15,-11,-7,2026-08-04,2026-08-10,4,16.57,2026-08-19,Tairos機器人展,2026
上銀,11,16,-11,-6,2026-08-04,2026-08-11,5,10.84,2026-08-19,Tairos機器人展,2026
上銀,11,17,-11,-5,2026-08-04,2026-08-12,6,11.14,2026-08-19,Tairos機器人展,2026
上銀,11,18,-11,-4,2026-08-04,2026-08-13,7,14.76,2026-08-19,Tairos機器人展,2026
上銀,11,19,-11,-3,2026-08-04,2026-08-14,8,12.5,2026-08-19,Tairos機器人展,2026
上銀,11,20,-11,-2,2026-08-04,2026-08-17,9,14.91,2026-08-19,Tairos機器人展,2026
上銀,11,21,-11,-1,2026-08-04,2026-08-18,10,10.84,2026-08-19,Tairos機器人展,2026
上銀,11,22,-11,0,2026-08-04,2026-08-19,11,10.54,2026-08-19,Tairos機器人展,2026
上銀,11,23,-11,1,2026-08-04,2026-08-20,12,10.39,2026-08-19,Tairos機器人展,2026
上銀,11,24,-11,2,2026-08-04,2026-08-21,13,5.12,2026-08-19,Tairos機器人展,2026
上銀,11,25,-11,3,2026-08-04,2026-08-24,14,3.46,2026-08-19,Tairos機器人展,2026
上銀,11,26,-11,4,2026-08-04,2026-08-25,15,4.07,2026-08-19,Tairos機器人展,2026
上銀,11,27,-11,5,2026-08-04,2026-08-26,16,6.33,2026-08-19,Tairos機器人展,2026
上銀,11,28,-11,6,2026-08-04,2026-08-27,17,8.28,2026-08-19,Tairos機器人展,2026
上銀,12,13,-10,-9,2026-08-05,2026-08-06,1,-0.82,2026-08-19,Tairos機器人展,2026
上銀,12,14,-10,-8,2026-08-05,2026-08-07,2,6.03,2026-08-19,Tairos機器人展,2026
上銀,12,15,-10,-7,2026-08-05,2026-08-10,3,6.03,2026-08-19,Tairos機器人展,2026
上銀,12,16,-10,-6,2026-08-05,2026-08-11,4,0.82,2026-08-19,Tairos機器人展,2026
上銀,12,17,-10,-5,2026-08-05,2026-08-12,5,1.1,2026-08-19,Tairos機器人展,2026
上銀,12,18,-10,-4,2026-08-05,2026-08-13,6,4.38,2026-08-19,Tairos機器人展,2026
上銀,12,19,-10,-3,2026-08-05,2026-08-14,7,2.33,2026-08-19,Tairos機器人展,2026
上銀,12,20,-10,-2,2026-08-05,2026-08-17,8,4.52,2026-08-19,Tairos機器人展,2026
上銀,12,21,-10,-1,2026-08-05,2026-08-18,9,0.82,2026-08-19,Tairos機器人展,2026
上銀,12,22,-10,0,2026-08-05,2026-08-19,10,0.55,2026-08-19,Tairos機器人展,2026
上銀,12,23,-10,1,2026-08-05,2026-08-20,11,0.41,2026-08-19,Tairos機器人展,2026
上銀,12,24,-10,2,2026-08-05,2026-08-21,12,-4.38,2026-08-19,Tairos機器人展,2026
上銀,12,25,-10,3,2026-08-05,2026-08-24,13,-5.89,2026-08-19,Tairos機器人展,2026
上銀,12,26,-10,4,2026-08-05,2026-08-25,14,-5.34,2026-08-19,Tairos機器人展,2026
上銀,12,27,-10,5,2026-08-05,2026-08-26,15,-3.29,2026-08-19,Tairos機器人展,2026
上銀,12,28,-10,6,2026-08-05,2026-08-27,16,-1.51,2026-08-19,Tairos機器人展,2026
上銀,13,14,-9,-8,2026-08-06,2026-08-07,1,6.91,2026-08-19,Tairos機器人展,2026
上銀,13,15,-9,-7,2026-08-06,2026-08-10,2,6.91,2026-08-19,Tairos機器人展,2026
上銀,13,16,-9,-6,2026-08-06,2026-08-11,3,1.66,2026-08-19,Tairos機器人展,2026
上銀,13,17,-9,-5,2026-08-06,2026-08-12,4,1.93,2026-08-19,Tairos機器人展,2026
上銀,13,18,-9,-4,2026-08-06,2026-08-13,5,5.25,2026-08-19,Tairos機器人展,2026
上銀,13,19,-9,-3,2026-08-06,2026-08-14,6,3.18,2026-08-19,Tairos機器人展,2026
上銀,13,20,-9,-2,2026-08-06,2026-08-17,7,5.39,2026-08-19,Tairos機器人展,2026
上銀,13,21,-9,-1,2026-08-06,2026-08-18,8,1.66,2026-08-19,Tairos機器人展,2026
上銀,13,22,-9,0,2026-08-06,2026-08-19,9,1.38,2026-08-19,Tairos機器人展,2026
上銀,13,23,-9,1,2026-08-06,2026-08-20,10,1.24,2026-08-19,Tairos機器人展,2026
上銀,13,24,-9,2,2026-08-06,2026-08-21,11,-3.59,2026-08-19,Tairos機器人展,2026
上銀,13,25,-9,3,2026-08-06,2026-08-24,12,-5.11,2026-08-19,Tairos機器人展,2026
上銀,13,26,-9,4,2026-08-06,2026-08-25,13,-4.56,2026-08-19,Tairos機器人展,2026
上銀,13,27,-9,5,2026-08-06,2026-08-26,14,-2.49,2026-08-19,Tairos機器人展,2026
上銀,13,28,-9,6,2026-08-06,2026-08-27,15,-0.69,2026-08-19,Tairos機器人展,2026
上銀,14,15,-8,-7,2026-08-07,2026-08-10,1,0.0,2026-08-19,Tairos機器人展,2026
上銀,14,16,-8,-6,2026-08-07,2026-08-11,2,-4.91,2026-08-19,Tairos機器人展,2026
上銀,14,17,-8,-5,2026-08-07,2026-08-12,3,-4.65,2026-08-19,Tairos機器人展,2026
上銀,14,18,-8,-4,2026-08-07,2026-08-13,4,-1.55,2026-08-19,Tairos機器人展,2026
上銀,14,19,-8,-3,2026-08-07,2026-08-14,5,-3.49,2026-08-19,Tairos機器人展,2026
上銀,14,20,-8,-2,2026-08-07,2026-08-17,6,-1.42,2026-08-19,Tairos機器人展,2026
上銀,14,21,-8,-1,2026-08-07,2026-08-18,7,-4.91,2026-08-19,Tairos機器人展,2026
上銀,14,22,-8,0,2026-08-07,2026-08-19,8,-5.17,2026-08-19,Tairos機器人展,2026
上銀,14,23,-8,1,2026-08-07,2026-08-20,9,-5.3,2026-08-19,Tairos機器人展,2026
上銀,14,24,-8,2,2026-08-07,2026-08-21,10,-9.82,2026-08-19,Tairos機器人展,2026
上銀,14,25,-8,3,2026-08-07,2026-08-24,11,-11.24,2026-08-19,Tairos機器人展,2026
上銀,14,26,-8,4,2026-08-07,2026-08-25,12,-10.72,2026-08-19,Tairos機器人展,2026
上銀,14,27,-8,5,2026-08-07,2026-08-26,13,-8.79,2026-08-19,Tairos機器人展,2026
上銀,14,28,-8,6,2026-08-07,2026-08-27,14,-7.11,2026-08-19,Tairos機器人展,2026
上銀,15,16,-7,-6,2026-08-10,2026-08-11,1,-4.91,2026-08-19,Tairos機器人展,2026
上銀,15,17,-7,-5,2026-08-10,2026-08-12,2,-4.65,2026-08-19,Tairos機器人展,2026
上銀,15,18,-7,-4,2026-08-10,2026-08-13,3,-1.55,2026-08-19,Tairos機器人展,2026
上銀,15,19,-7,-3,2026-08-10,2026-08-14,4,-3.49,2026-08-19,Tairos機器人展,2026
上銀,15,20,-7,-2,2026-08-10,2026-08-17,5,-1.42,2026-08-19,Tairos機器人展,2026
上銀,15,21,-7,-1,2026-08-10,2026-08-18,6,-4.91,2026-08-19,Tairos機器人展,2026
上銀,15,22,-7,0,2026-08-10,2026-08-19,7,-5.17,2026-08-19,Tairos機器人展,2026
上銀,15,23,-7,1,2026-08-10,2026-08-20,8,-5.3,2026-08-19,Tairos機器人展,2026
上銀,15,24,-7,2,2026-08-10,2026-08-21,9,-9.82,2026-08-19,Tairos機器人展,2026
上銀,15,25,-7,3,2026-08-10,2026-08-24,10,-11.24,2026-08-19,Tairos機器人展,2026
上銀,15,26,-7,4,2026-08-10,2026-08-25,11,-10.72,2026-08-19,Tairos機器人展,2026
上銀,15,27,-7,5,2026-08-10,2026-08-26,12,-8.79,2026-08-19,Tairos機器人展,2026
上銀,15,28,-7,6,2026-08-10,2026-08-27,13,-7.11,2026-08-19,Tairos機器人展,2026
上銀,16,17,-6,-5,2026-08-11,2026-08-12,1,0.27,2026-08-19,Tairos機器人展,2026
上銀,16,18,-6,-4,2026-08-11,2026-08-13,2,3.53,2026-08-19,Tairos機器人展,2026
上銀,16,19,-6,-3,2026-08-11,2026-08-14,3,1.49,2026-08-19,Tairos機器人展,2026
上銀,16,20,-6,-2,2026-08-11,2026-08-17,4,3.67,2026-08-19,Tairos機器人展,2026
上銀,16,21,-6,-1,2026-08-11,2026-08-18,5,0.0,2026-08-19,Tairos機器人展,2026
上銀,16,22,-6,0,2026-08-11,2026-08-19,6,-0.27,2026-08-19,Tairos機器人展,2026
上銀,16,23,-6,1,2026-08-11,2026-08-20,7,-0.41,2026-08-19,Tairos機器人展,2026
上銀,16,24,-6,2,2026-08-11,2026-08-21,8,-5.16,2026-08-19,Tairos機器人展,2026
上銀,16,25,-6,3,2026-08-11,2026-08-24,9,-6.66,2026-08-19,Tairos機器人展,2026
上銀,16,26,-6,4,2026-08-11,2026-08-25,10,-6.11,2026-08-19,Tairos機器人展,2026
上銀,16,27,-6,5,2026-08-11,2026-08-26,11,-4.08,2026-08-19,Tairos機器人展,2026
上銀,16,28,-6,6,2026-08-11,2026-08-27,12,-2.31,2026-08-19,Tairos機器人展,2026
上銀,17,18,-5,-4,2026-08-12,2026-08-13,1,3.25,2026-08-19,Tairos機器人展,2026
上銀,17,19,-5,-3,2026-08-12,2026-08-14,2,1.22,2026-08-19,Tairos機器人展,2026
上銀,17,20,-5,-2,2026-08-12,2026-08-17,3,3.39,2026-08-19,Tairos機器人展,2026
上銀,17,21,-5,-1,2026-08-12,2026-08-18,4,-0.27,2026-08-19,Tairos機器人展,2026
上銀,17,22,-5,0,2026-08-12,2026-08-19,5,-0.54,2026-08-19,Tairos機器人展,2026
上銀,17,23,-5,1,2026-08-12,2026-08-20,6,-0.68,2026-08-19,Tairos機器人展,2026
上銀,17,24,-5,2,2026-08-12,2026-08-21,7,-5.42,2026-08-19,Tairos機器人展,2026
上銀,17,25,-5,3,2026-08-12,2026-08-24,8,-6.91,2026-08-19,Tairos機器人展,2026
上銀,17,26,-5,4,2026-08-12,2026-08-25,9,-6.37,2026-08-19,Tairos機器人展,2026
上銀,17,27,-5,5,2026-08-12,2026-08-26,10,-4.34,2026-08-19,Tairos機器人展,2026
上銀,17,28,-5,6,2026-08-12,2026-08-27,11,-2.57,2026-08-19,Tairos機器人展,2026
上銀,18,19,-4,-3,2026-08-13,2026-08-14,1,-1.97,2026-08-19,Tairos機器人展,2026
上銀,18,20,-4,-2,2026-08-13,2026-08-17,2,0.13,2026-08-19,Tairos機器人展,2026
上銀,18,21,-4,-1,2026-08-13,2026-08-18,3,-3.41,2026-08-19,Tairos機器人展,2026
上銀,18,22,-4,0,2026-08-13,2026-08-19,4,-3.67,2026-08-19,Tairos機器人展,2026
上銀,18,23,-4,1,2026-08-13,2026-08-20,5,-3.81,2026-08-19,Tairos機器人展,2026
上銀,18,24,-4,2,2026-08-13,2026-08-21,6,-8.4,2026-08-19,Tairos機器人展,2026
上銀,18,25,-4,3,2026-08-13,2026-08-24,7,-9.84,2026-08-19,Tairos機器人展,2026
上銀,18,26,-4,4,2026-08-13,2026-08-25,8,-9.32,2026-08-19,Tairos機器人展,2026
上銀,18,27,-4,5,2026-08-13,2026-08-26,9,-7.35,2026-08-19,Tairos機器人展,2026
上銀,18,28,-4,6,2026-08-13,2026-08-27,10,-5.64,2026-08-19,Tairos機器人展,2026
上銀,19,20,-3,-2,2026-08-14,2026-08-17,1,2.14,2026-08-19,Tairos機器人展,2026
上銀,19,21,-3,-1,2026-08-14,2026-08-18,2,-1.47,2026-08-19,Tairos機器人展,2026
上銀,19,22,-3,0,2026-08-14,2026-08-19,3,-1.74,2026-08-19,Tairos機器人展,2026
上銀,19,23,-3,1,2026-08-14,2026-08-20,4,-1.87,2026-08-19,Tairos機器人展,2026
上銀,19,24,-3,2,2026-08-14,2026-08-21,5,-6.56,2026-08-19,Tairos機器人展,2026
上銀,19,25,-3,3,2026-08-14,2026-08-24,6,-8.03,2026-08-19,Tairos機器人展,2026
上銀,19,26,-3,4,2026-08-14,2026-08-25,7,-7.5,2026-08-19,Tairos機器人展,2026
上銀,19,27,-3,5,2026-08-14,2026-08-26,8,-5.49,2026-08-19,Tairos機器人展,2026
上銀,19,28,-3,6,2026-08-14,2026-08-27,9,-3.75,2026-08-19,Tairos機器人展,2026
上銀,20,21,-2,-1,2026-08-17,2026-08-18,1,-3.54,2026-08-19,Tairos機器人展,2026
上銀,20,22,-2,0,2026-08-17,2026-08-19,2,-3.8,2026-08-19,Tairos機器人展,2026
上銀,20,23,-2,1,2026-08-17,2026-08-20,3,-3.93,2026-08-19,Tairos機器人展,2026
上銀,20,24,-2,2,2026-08-17,2026-08-21,4,-8.52,2026-08-19,Tairos機器人展,2026
上銀,20,25,-2,3,2026-08-17,2026-08-24,5,-9.96,2026-08-19,Tairos機器人展,2026
上銀,20,26,-2,4,2026-08-17,2026-08-25,6,-9.44,2026-08-19,Tairos機器人展,2026
上銀,20,27,-2,5,2026-08-17,2026-08-26,7,-7.47,2026-08-19,Tairos機器人展,2026
上銀,20,28,-2,6,2026-08-17,2026-08-27,8,-5.77,2026-08-19,Tairos機器人展,2026
上銀,21,22,-1,0,2026-08-18,2026-08-19,1,-0.27,2026-08-19,Tairos機器人展,2026
上銀,21,23,-1,1,2026-08-18,2026-08-20,2,-0.41,2026-08-19,Tairos機器人展,2026
上銀,21,24,-1,2,2026-08-18,2026-08-21,3,-5.16,2026-08-19,Tairos機器人展,2026
上銀,21,25,-1,3,2026-08-18,2026-08-24,4,-6.66,2026-08-19,Tairos機器人展,2026
上銀,21,26,-1,4,2026-08-18,2026-08-25,5,-6.11,2026-08-19,Tairos機器人展,2026
上銀,21,27,-1,5,2026-08-18,2026-08-26,6,-4.08,2026-08-19,Tairos機器人展,2026
上銀,21,28,-1,6,2026-08-18,2026-08-27,7,-2.31,2026-08-19,Tairos機器人展,2026
上銀,22,23,0,1,2026-08-19,2026-08-20,1,-0.14,2026-08-19,Tairos機器人展,2026
上銀,22,24,0,2,2026-08-19,2026-08-21,2,-4.9,2026-08-19,Tairos機器人展,2026
上銀,22,25,0,3,2026-08-19,2026-08-24,3,-6.4,2026-08-19,Tairos機器人展,2026
上銀,22,26,0,4,2026-08-19,2026-08-25,4,-5.86,2026-08-19,Tairos機器人展,2026
上銀,22,27,0,5,2026-08-19,2026-08-26,5,-3.81,2026-08-19,Tairos機器人展,2026
上銀,22,28,0,6,2026-08-19,2026-08-27,6,-2.04,2026-08-19,Tairos機器人展,2026
上銀,23,24,1,2,2026-08-20,2026-08-21,1,-4.77,2026-08-19,Tairos機器人展,2026
上銀,23,25,1,3,2026-08-20,2026-08-24,2,-6.28,2026-08-19,Tairos機器人展,2026
上銀,23,26,1,4,2026-08-20,2026-08-25,3,-5.73,2026-08-19,Tairos機器人展,2026
上銀,23,27,1,5,2026-08-20,2026-08-26,4,-3.68,2026-08-19,Tairos機器人展,2026
上銀,23,28,1,6,2026-08-20,2026-08-27,5,-1.91,2026-08-19,Tairos機器人展,2026
上銀,24,25,2,3,2026-08-21,2026-08-24,1,-1.58,2026-08-19,Tairos機器人展,2026
上銀,24,26,2,4,2026-08-21,2026-08-25,2,-1.0,2026-08-19,Tairos機器人展,2026
上銀,24,27,2,5,2026-08-21,2026-08-26,3,1.15,2026-08-19,Tairos機器人展,2026
上銀,24,28,2,6,2026-08-21,2026-08-27,4,3.01,2026-08-19,Tairos機器人展,2026
上銀,25,26,3,4,2026-08-24,2026-08-25,1,0.58,2026-08-19,Tairos機器人展,2026
上銀,25,27,3,5,2026-08-24,2026-08-26,2,2.77,2026-08-19,Tairos機器人展,2026
上銀,25,28,3,6,2026-08-24,2026-08-27,3,4.66,2026-08-19,Tairos機器人展,2026
上銀,26,27,4,5,2026-08-25,2026-08-26,1,2.17,2026-08-19,Tairos機器人展,2026
上銀,26,28,4,6,2026-08-25,2026-08-27,2,4.05,2026-08-19,Tairos機器人展,2026
上銀,27,28,5,6,2026-08-26,2026-08-27,1,1.84,2026-08-19,Tairos機器人展,2026
研華,0,1,-22,-21,2026-07-20,2026-07-21,1,9.88,2026-08-19,Tairos機器人展,2026
研華,0,2,-22,-20,2026-07-20,2026-07-22,2,15.5,2026-08-19,Tairos機器人展,2026
研華,0,3,-22,-19,2026-07-20,2026-07-23,3,16.28,2026-08-19,Tairos機器人展,2026
研華,0,4,-22,-18,2026-07-20,2026-07-24,4,12.6,2026-08-19,Tairos機器人展,2026
研華,0,5,-22,-17,2026-07-20,2026-07-27,5,11.82,2026-08-19,Tairos機器人展,2026
研華,0,6,-22,-16,2026-07-20,2026-07-28,6,7.75,2026-08-19,Tairos機器人展,2026
研華,0,7,-22,-15,2026-07-20,2026-07-29,7,6.59,2026-08-19,Tairos機器人展,2026
研華,0,8,-22,-14,2026-07-20,2026-07-30,8,6.01,2026-08-19,Tairos機器人展,2026
研華,0,9,-22,-13,2026-07-20,2026-07-31,9,9.11,2026-08-19,Tairos機器人展,2026
研華,0,10,-22,-12,2026-07-20,2026-08-03,10,11.63,2026-08-19,Tairos機器人展,2026
研華,0,11,-22,-11,2026-07-20,2026-08-04,11,11.63,2026-08-19,Tairos機器人展,2026
研華,0,12,-22,-10,2026-07-20,2026-08-05,12,22.67,2026-08-19,Tairos機器人展,2026
研華,0,13,-22,-9,2026-07-20,2026-08-06,13,20.54,2026-08-19,Tairos機器人展,2026
研華,0,14,-22,-8,2026-07-20,2026-08-07,14,22.87,2026-08-19,Tairos機器人展,2026
研華,0,15,-22,-7,2026-07-20,2026-08-10,15,29.26,2026-08-19,Tairos機器人展,2026
研華,0,16,-22,-6,2026-07-20,2026-08-11,16,28.1,2026-08-19,Tairos機器人展,2026
研華,0,17,-22,-5,2026-07-20,2026-08-12,17,32.95,2026-08-19,Tairos機器人展,2026
研華,0,18,-22,-4,2026-07-20,2026-08-13,18,35.27,2026-08-19,Tairos機器人展,2026
研華,0,19,-22,-3,2026-07-20,2026-08-14,19,32.36,2026-08-19,Tairos機器人展,2026
研華,0,20,-22,-2,2026-07-20,2026-08-17,20,30.62,2026-08-19,Tairos機器人展,2026
研華,0,21,-22,-1,2026-07-20,2026-08-18,21,31.59,2026-08-19,Tairos機器人展,2026
研華,0,22,-22,0,2026-07-20,2026-08-19,22,34.5,2026-08-19,Tairos機器人展,2026
研華,0,23,-22,1,2026-07-20,2026-08-20,23,30.43,2026-08-19,Tairos機器人展,2026
研華,0,24,-22,2,2026-07-20,2026-08-21,24,25.78,2026-08-19,Tairos機器人展,2026
研華,0,25,-22,3,2026-07-20,2026-08-24,25,27.52,2026-08-19,Tairos機器人展,2026
研華,0,26,-22,4,2026-07-20,2026-08-25,26,29.84,2026-08-19,Tairos機器人展,2026
研華,0,27,-22,5,2026-07-20,2026-08-26,27,33.33,2026-08-19,Tairos機器人展,2026
研華,0,28,-22,6,2026-07-20,2026-08-27,28,30.81,2026-08-19,Tairos機器人展,2026
研華,1,2,-21,-20,2026-07-21,2026-07-22,1,5.11,2026-08-19,Tairos機器人展,2026
研華,1,3,-21,-19,2026-07-21,2026-07-23,2,5.82,2026-08-19,Tairos機器人展,2026
研華,1,4,-21,-18,2026-07-21,2026-07-24,3,2.47,2026-08-19,Tairos機器人展,2026
研華,1,5,-21,-17,2026-07-21,2026-07-27,4,1.76,2026-08-19,Tairos機器人展,2026
研華,1,6,-21,-16,2026-07-21,2026-07-28,5,-1.94,2026-08-19,Tairos機器人展,2026
研華,1,7,-21,-15,2026-07-21,2026-07-29,6,-3.0,2026-08-19,Tairos機器人展,2026
研華,1,8,-21,-14,2026-07-21,2026-07-30,7,-3.53,2026-08-19,Tairos機器人展,2026
研華,1,9,-21,-13,2026-07-21,2026-07-31,8,-0.71,2026-08-19,Tairos機器人展,2026
研華,1,10,-21,-12,2026-07-21,2026-08-03,9,1.59,2026-08-19,Tairos機器人展,2026
研華,1,11,-21,-11,2026-07-21,2026-08-04,10,1.59,2026-08-19,Tairos機器人展,2026
研華,1,12,-21,-10,2026-07-21,2026-08-05,11,11.64,2026-08-19,Tairos機器人展,2026
研華,1,13,-21,-9,2026-07-21,2026-08-06,12,9.7,2026-08-19,Tairos機器人展,2026
研華,1,14,-21,-8,2026-07-21,2026-08-07,13,11.82,2026-08-19,Tairos機器人展,2026
研華,1,15,-21,-7,2026-07-21,2026-08-10,14,17.64,2026-08-19,Tairos機器人展,2026
研華,1,16,-21,-6,2026-07-21,2026-08-11,15,16.58,2026-08-19,Tairos機器人展,2026
研華,1,17,-21,-5,2026-07-21,2026-08-12,16,20.99,2026-08-19,Tairos機器人展,2026
研華,1,18,-21,-4,2026-07-21,2026-08-13,17,23.1,2026-08-19,Tairos機器人展,2026
研華,1,19,-21,-3,2026-07-21,2026-08-14,18,20.46,2026-08-19,Tairos機器人展,2026
研華,1,20,-21,-2,2026-07-21,2026-08-17,19,18.87,2026-08-19,Tairos機器人展,2026
研華,1,21,-21,-1,2026-07-21,2026-08-18,20,19.75,2026-08-19,Tairos機器人展,2026
研華,1,22,-21,0,2026-07-21,2026-08-19,21,22.4,2026-08-19,Tairos機器人展,2026
研華,1,23,-21,1,2026-07-21,2026-08-20,22,18.69,2026-08-19,Tairos機器人展,2026
研華,1,24,-21,2,2026-07-21,2026-08-21,23,14.46,2026-08-19,Tairos機器人展,2026
研華,1,25,-21,3,2026-07-21,2026-08-24,24,16.05,2026-08-19,Tairos機器人展,2026
研華,1,26,-21,4,2026-07-21,2026-08-25,25,18.17,2026-08-19,Tairos機器人展,2026
研華,1,27,-21,5,2026-07-21,2026-08-26,26,21.34,2026-08-19,Tairos機器人展,2026
研華,1,28,-21,6,2026-07-21,2026-08-27,27,19.05,2026-08-19,Tairos機器人展,2026
研華,2,3,-20,-19,2026-07-22,2026-07-23,1,0.67,2026-08-19,Tairos機器人展,2026
研華,2,4,-20,-18,2026-07-22,2026-07-24,2,-2.52,2026-08-19,Tairos機器人展,2026
研華,2,5,-20,-17,2026-07-22,2026-07-27,3,-3.19,2026-08-19,Tairos機器人展,2026
研華,2,6,-20,-16,2026-07-22,2026-07-28,4,-6.71,2026-08-19,Tairos機器人展,2026
研華,2,7,-20,-15,2026-07-22,2026-07-29,5,-7.72,2026-08-19,Tairos機器人展,2026
研華,2,8,-20,-14,2026-07-22,2026-07-30,6,-8.22,2026-08-19,Tairos機器人展,2026
研華,2,9,-20,-13,2026-07-22,2026-07-31,7,-5.54,2026-08-19,Tairos機器人展,2026
研華,2,10,-20,-12,2026-07-22,2026-08-03,8,-3.36,2026-08-19,Tairos機器人展,2026
研華,2,11,-20,-11,2026-07-22,2026-08-04,9,-3.36,2026-08-19,Tairos機器人展,2026
研華,2,12,-20,-10,2026-07-22,2026-08-05,10,6.21,2026-08-19,Tairos機器人展,2026
研華,2,13,-20,-9,2026-07-22,2026-08-06,11,4.36,2026-08-19,Tairos機器人展,2026
研華,2,14,-20,-8,2026-07-22,2026-08-07,12,6.38,2026-08-19,Tairos機器人展,2026
研華,2,15,-20,-7,2026-07-22,2026-08-10,13,11.91,2026-08-19,Tairos機器人展,2026
研華,2,16,-20,-6,2026-07-22,2026-08-11,14,10.91,2026-08-19,Tairos機器人展,2026
研華,2,17,-20,-5,2026-07-22,2026-08-12,15,15.1,2026-08-19,Tairos機器人展,2026
研華,2,18,-20,-4,2026-07-22,2026-08-13,16,17.11,2026-08-19,Tairos機器人展,2026
研華,2,19,-20,-3,2026-07-22,2026-08-14,17,14.6,2026-08-19,Tairos機器人展,2026
研華,2,20,-20,-2,2026-07-22,2026-08-17,18,13.09,2026-08-19,Tairos機器人展,2026
研華,2,21,-20,-1,2026-07-22,2026-08-18,19,13.93,2026-08-19,Tairos機器人展,2026
研華,2,22,-20,0,2026-07-22,2026-08-19,20,16.44,2026-08-19,Tairos機器人展,2026
研華,2,23,-20,1,2026-07-22,2026-08-20,21,12.92,2026-08-19,Tairos機器人展,2026
研華,2,24,-20,2,2026-07-22,2026-08-21,22,8.89,2026-08-19,Tairos機器人展,2026
研華,2,25,-20,3,2026-07-22,2026-08-24,23,10.4,2026-08-19,Tairos機器人展,2026
研華,2,26,-20,4,2026-07-22,2026-08-25,24,12.42,2026-08-19,Tairos機器人展,2026
研華,2,27,-20,5,2026-07-22,2026-08-26,25,15.44,2026-08-19,Tairos機器人展,2026
研華,2,28,-20,6,2026-07-22,2026-08-27,26,13.26,2026-08-19,Tairos機器人展,2026
研華,3,4,-19,-18,2026-07-23,2026-07-24,1,-3.17,2026-08-19,Tairos機器人展,2026
研華,3,5,-19,-17,2026-07-23,2026-07-27,2,-3.83,2026-08-19,Tairos機器人展,2026
研華,3,6,-19,-16,2026-07-23,2026-07-28,3,-7.33,2026-08-19,Tairos機器人展,2026
研華,3,7,-19,-15,2026-07-23,2026-07-29,4,-8.33,2026-08-19,Tairos機器人展,2026
研華,3,8,-19,-14,2026-07-23,2026-07-30,5,-8.83,2026-08-19,Tairos機器人展,2026
研華,3,9,-19,-13,2026-07-23,2026-07-31,6,-6.17,2026-08-19,Tairos機器人展,2026
研華,3,10,-19,-12,2026-07-23,2026-08-03,7,-4.0,2026-08-19,Tairos機器人展,2026
研華,3,11,-19,-11,2026-07-23,2026-08-04,8,-4.0,2026-08-19,Tairos機器人展,2026
研華,3,12,-19,-10,2026-07-23,2026-08-05,9,5.5,2026-08-19,Tairos機器人展,2026
研華,3,13,-19,-9,2026-07-23,2026-08-06,10,3.67,2026-08-19,Tairos機器人展,2026
研華,3,14,-19,-8,2026-07-23,2026-08-07,11,5.67,2026-08-19,Tairos機器人展,2026
研華,3,15,-19,-7,2026-07-23,2026-08-10,12,11.17,2026-08-19,Tairos機器人展,2026
研華,3,16,-19,-6,2026-07-23,2026-08-11,13,10.17,2026-08-19,Tairos機器人展,2026
研華,3,17,-19,-5,2026-07-23,2026-08-12,14,14.33,2026-08-19,Tairos機器人展,2026
研華,3,18,-19,-4,2026-07-23,2026-08-13,15,16.33,2026-08-19,Tairos機器人展,2026
研華,3,19,-19,-3,2026-07-23,2026-08-14,16,13.83,2026-08-19,Tairos機器人展,2026
研華,3,20,-19,-2,2026-07-23,2026-08-17,17,12.33,2026-08-19,Tairos機器人展,2026
研華,3,21,-19,-1,2026-07-23,2026-08-18,18,13.17,2026-08-19,Tairos機器人展,2026
研華,3,22,-19,0,2026-07-23,2026-08-19,19,15.67,2026-08-19,Tairos機器人展,2026
研華,3,23,-19,1,2026-07-23,2026-08-20,20,12.17,2026-08-19,Tairos機器人展,2026
研華,3,24,-19,2,2026-07-23,2026-08-21,21,8.17,2026-08-19,Tairos機器人展,2026
研華,3,25,-19,3,2026-07-23,2026-08-24,22,9.67,2026-08-19,Tairos機器人展,2026
研華,3,26,-19,4,2026-07-23,2026-08-25,23,11.67,2026-08-19,Tairos機器人展,2026
研華,3,27,-19,5,2026-07-23,2026-08-26,24,14.67,2026-08-19,Tairos機器人展,2026
研華,3,28,-19,6,2026-07-23,2026-08-27,25,12.5,2026-08-19,Tairos機器人展,2026
研華,4,5,-18,-17,2026-07-24,2026-07-27,1,-0.69,2026-08-19,Tairos機器人展,2026
研華,4,6,-18,-16,2026-07-24,2026-07-28,2,-4.3,2026-08-19,Tairos機器人展,2026
研華,4,7,-18,-15,2026-07-24,2026-07-29,3,-5.34,2026-08-19,Tairos機器人展,2026
研華,4,8,-18,-14,2026-07-24,2026-07-30,4,-5.85,2026-08-19,Tairos機器人展,2026
研華,4,9,-18,-13,2026-07-24,2026-07-31,5,-3.1,2026-08-19,Tairos機器人展,2026
研華,4,10,-18,-12,2026-07-24,2026-08-03,6,-0.86,2026-08-19,Tairos機器人展,2026
研華,4,11,-18,-11,2026-07-24,2026-08-04,7,-0.86,2026-08-19,Tairos機器人展,2026
研華,4,12,-18,-10,2026-07-24,2026-08-05,8,8.95,2026-08-19,Tairos機器人展,2026
研華,4,13,-18,-9,2026-07-24,2026-08-06,9,7.06,2026-08-19,Tairos機器人展,2026
研華,4,14,-18,-8,2026-07-24,2026-08-07,10,9.12,2026-08-19,Tairos機器人展,2026
研華,4,15,-18,-7,2026-07-24,2026-08-10,11,14.8,2026-08-19,Tairos機器人展,2026
研華,4,16,-18,-6,2026-07-24,2026-08-11,12,13.77,2026-08-19,Tairos機器人展,2026
研華,4,17,-18,-5,2026-07-24,2026-08-12,13,18.07,2026-08-19,Tairos機器人展,2026
研華,4,18,-18,-4,2026-07-24,2026-08-13,14,20.14,2026-08-19,Tairos機器人展,2026
研華,4,19,-18,-3,2026-07-24,2026-08-14,15,17.56,2026-08-19,Tairos機器人展,2026
研華,4,20,-18,-2,2026-07-24,2026-08-17,16,16.01,2026-08-19,Tairos機器人展,2026
研華,4,21,-18,-1,2026-07-24,2026-08-18,17,16.87,2026-08-19,Tairos機器人展,2026
研華,4,22,-18,0,2026-07-24,2026-08-19,18,19.45,2026-08-19,Tairos機器人展,2026
研華,4,23,-18,1,2026-07-24,2026-08-20,19,15.83,2026-08-19,Tairos機器人展,2026
研華,4,24,-18,2,2026-07-24,2026-08-21,20,11.7,2026-08-19,Tairos機器人展,2026
研華,4,25,-18,3,2026-07-24,2026-08-24,21,13.25,2026-08-19,Tairos機器人展,2026
研華,4,26,-18,4,2026-07-24,2026-08-25,22,15.32,2026-08-19,Tairos機器人展,2026
研華,4,27,-18,5,2026-07-24,2026-08-26,23,18.42,2026-08-19,Tairos機器人展,2026
研華,4,28,-18,6,2026-07-24,2026-08-27,24,16.18,2026-08-19,Tairos機器人展,2026
研華,5,6,-17,-16,2026-07-27,2026-07-28,1,-3.64,2026-08-19,Tairos機器人展,2026
研華,5,7,-17,-15,2026-07-27,2026-07-29,2,-4.68,2026-08-19,Tairos機器人展,2026
研華,5,8,-17,-14,2026-07-27,2026-07-30,3,-5.2,2026-08-19,Tairos機器人展,2026
研華,5,9,-17,-13,2026-07-27,2026-07-31,4,-2.43,2026-08-19,Tairos機器人展,2026
研華,5,10,-17,-12,2026-07-27,2026-08-03,5,-0.17,2026-08-19,Tairos機器人展,2026
研華,5,11,-17,-11,2026-07-27,2026-08-04,6,-0.17,2026-08-19,Tairos機器人展,2026
研華,5,12,-17,-10,2026-07-27,2026-08-05,7,9.71,2026-08-19,Tairos機器人展,2026
研華,5,13,-17,-9,2026-07-27,2026-08-06,8,7.8,2026-08-19,Tairos機器人展,2026
研華,5,14,-17,-8,2026-07-27,2026-08-07,9,9.88,2026-08-19,Tairos機器人展,2026
研華,5,15,-17,-7,2026-07-27,2026-08-10,10,15.6,2026-08-19,Tairos機器人展,2026
研華,5,16,-17,-6,2026-07-27,2026-08-11,11,14.56,2026-08-19,Tairos機器人展,2026
研華,5,17,-17,-5,2026-07-27,2026-08-12,12,18.89,2026-08-19,Tairos機器人展,2026
研華,5,18,-17,-4,2026-07-27,2026-08-13,13,20.97,2026-08-19,Tairos機器人展,2026
研華,5,19,-17,-3,2026-07-27,2026-08-14,14,18.37,2026-08-19,Tairos機器人展,2026
研華,5,20,-17,-2,2026-07-27,2026-08-17,15,16.81,2026-08-19,Tairos機器人展,2026
研華,5,21,-17,-1,2026-07-27,2026-08-18,16,17.68,2026-08-19,Tairos機器人展,2026
研華,5,22,-17,0,2026-07-27,2026-08-19,17,20.28,2026-08-19,Tairos機器人展,2026
研華,5,23,-17,1,2026-07-27,2026-08-20,18,16.64,2026-08-19,Tairos機器人展,2026
研華,5,24,-17,2,2026-07-27,2026-08-21,19,12.48,2026-08-19,Tairos機器人展,2026
研華,5,25,-17,3,2026-07-27,2026-08-24,20,14.04,2026-08-19,Tairos機器人展,2026
研華,5,26,-17,4,2026-07-27,2026-08-25,21,16.12,2026-08-19,Tairos機器人展,2026
研華,5,27,-17,5,2026-07-27,2026-08-26,22,19.24,2026-08-19,Tairos機器人展,2026
研華,5,28,-17,6,2026-07-27,2026-08-27,23,16.98,2026-08-19,Tairos機器人展,2026
研華,6,7,-16,-15,2026-07-28,2026-07-29,1,-1.08,2026-08-19,Tairos機器人展,2026
研華,6,8,-16,-14,2026-07-28,2026-07-30,2,-1.62,2026-08-19,Tairos機器人展,2026
研華,6,9,-16,-13,2026-07-28,2026-07-31,3,1.26,2026-08-19,Tairos機器人展,2026
研華,6,10,-16,-12,2026-07-28,2026-08-03,4,3.6,2026-08-19,Tairos機器人展,2026
研華,6,11,-16,-11,2026-07-28,2026-08-04,5,3.6,2026-08-19,Tairos機器人展,2026
研華,6,12,-16,-10,2026-07-28,2026-08-05,6,13.85,2026-08-19,Tairos機器人展,2026
研華,6,13,-16,-9,2026-07-28,2026-08-06,7,11.87,2026-08-19,Tairos機器人展,2026
研華,6,14,-16,-8,2026-07-28,2026-08-07,8,14.03,2026-08-19,Tairos機器人展,2026
研華,6,15,-16,-7,2026-07-28,2026-08-10,9,19.96,2026-08-19,Tairos機器人展,2026
研華,6,16,-16,-6,2026-07-28,2026-08-11,10,18.88,2026-08-19,Tairos機器人展,2026
研華,6,17,-16,-5,2026-07-28,2026-08-12,11,23.38,2026-08-19,Tairos機器人展,2026
研華,6,18,-16,-4,2026-07-28,2026-08-13,12,25.54,2026-08-19,Tairos機器人展,2026
研華,6,19,-16,-3,2026-07-28,2026-08-14,13,22.84,2026-08-19,Tairos機器人展,2026
研華,6,20,-16,-2,2026-07-28,2026-08-17,14,21.22,2026-08-19,Tairos機器人展,2026
研華,6,21,-16,-1,2026-07-28,2026-08-18,15,22.12,2026-08-19,Tairos機器人展,2026
研華,6,22,-16,0,2026-07-28,2026-08-19,16,24.82,2026-08-19,Tairos機器人展,2026
研華,6,23,-16,1,2026-07-28,2026-08-20,17,21.04,2026-08-19,Tairos機器人展,2026
研華,6,24,-16,2,2026-07-28,2026-08-21,18,16.73,2026-08-19,Tairos機器人展,2026
研華,6,25,-16,3,2026-07-28,2026-08-24,19,18.35,2026-08-19,Tairos機器人展,2026
研華,6,26,-16,4,2026-07-28,2026-08-25,20,20.5,2026-08-19,Tairos機器人展,2026
研華,6,27,-16,5,2026-07-28,2026-08-26,21,23.74,2026-08-19,Tairos機器人展,2026
研華,6,28,-16,6,2026-07-28,2026-08-27,22,21.4,2026-08-19,Tairos機器人展,2026
研華,7,8,-15,-14,2026-07-29,2026-07-30,1,-0.55,2026-08-19,Tairos機器人展,2026
研華,7,9,-15,-13,2026-07-29,2026-07-31,2,2.36,2026-08-19,Tairos機器人展,2026
研華,7,10,-15,-12,2026-07-29,2026-08-03,3,4.73,2026-08-19,Tairos機器人展,2026
研華,7,11,-15,-11,2026-07-29,2026-08-04,4,4.73,2026-08-19,Tairos機器人展,2026
研華,7,12,-15,-10,2026-07-29,2026-08-05,5,15.09,2026-08-19,Tairos機器人展,2026
研華,7,13,-15,-9,2026-07-29,2026-08-06,6,13.09,2026-08-19,Tairos機器人展,2026
研華,7,14,-15,-8,2026-07-29,2026-08-07,7,15.27,2026-08-19,Tairos機器人展,2026
研華,7,15,-15,-7,2026-07-29,2026-08-10,8,21.27,2026-08-19,Tairos機器人展,2026
研華,7,16,-15,-6,2026-07-29,2026-08-11,9,20.18,2026-08-19,Tairos機器人展,2026
研華,7,17,-15,-5,2026-07-29,2026-08-12,10,24.73,2026-08-19,Tairos機器人展,2026
研華,7,18,-15,-4,2026-07-29,2026-08-13,11,26.91,2026-08-19,Tairos機器人展,2026
研華,7,19,-15,-3,2026-07-29,2026-08-14,12,24.18,2026-08-19,Tairos機器人展,2026
研華,7,20,-15,-2,2026-07-29,2026-08-17,13,22.55,2026-08-19,Tairos機器人展,2026
研華,7,21,-15,-1,2026-07-29,2026-08-18,14,23.45,2026-08-19,Tairos機器人展,2026
研華,7,22,-15,0,2026-07-29,2026-08-19,15,26.18,2026-08-19,Tairos機器人展,2026
研華,7,23,-15,1,2026-07-29,2026-08-20,16,22.36,2026-08-19,Tairos機器人展,2026
研華,7,24,-15,2,2026-07-29,2026-08-21,17,18.0,2026-08-19,Tairos機器人展,2026
研華,7,25,-15,3,2026-07-29,2026-08-24,18,19.64,2026-08-19,Tairos機器人展,2026
研華,7,26,-15,4,2026-07-29,2026-08-25,19,21.82,2026-08-19,Tairos機器人展,2026
研華,7,27,-15,5,2026-07-29,2026-08-26,20,25.09,2026-08-19,Tairos機器人展,2026
研華,7,28,-15,6,2026-07-29,2026-08-27,21,22.73,2026-08-19,Tairos機器人展,2026
研華,8,9,-14,-13,2026-07-30,2026-07-31,1,2.93,2026-08-19,Tairos機器人展,2026
研華,8,10,-14,-12,2026-07-30,2026-08-03,2,5.3,2026-08-19,Tairos機器人展,2026
研華,8,11,-14,-11,2026-07-30,2026-08-04,3,5.3,2026-08-19,Tairos機器人展,2026
研華,8,12,-14,-10,2026-07-30,2026-08-05,4,15.72,2026-08-19,Tairos機器人展,2026
研華,8,13,-14,-9,2026-07-30,2026-08-06,5,13.71,2026-08-19,Tairos機器人展,2026
研華,8,14,-14,-8,2026-07-30,2026-08-07,6,15.9,2026-08-19,Tairos機器人展,2026
研華,8,15,-14,-7,2026-07-30,2026-08-10,7,21.94,2026-08-19,Tairos機器人展,2026
研華,8,16,-14,-6,2026-07-30,2026-08-11,8,20.84,2026-08-19,Tairos機器人展,2026
研華,8,17,-14,-5,2026-07-30,2026-08-12,9,25.41,2026-08-19,Tairos機器人展,2026
研華,8,18,-14,-4,2026-07-30,2026-08-13,10,27.61,2026-08-19,Tairos機器人展,2026
研華,8,19,-14,-3,2026-07-30,2026-08-14,11,24.86,2026-08-19,Tairos機器人展,2026
研華,8,20,-14,-2,2026-07-30,2026-08-17,12,23.22,2026-08-19,Tairos機器人展,2026
研華,8,21,-14,-1,2026-07-30,2026-08-18,13,24.13,2026-08-19,Tairos機器人展,2026
研華,8,22,-14,0,2026-07-30,2026-08-19,14,26.87,2026-08-19,Tairos機器人展,2026
研華,8,23,-14,1,2026-07-30,2026-08-20,15,23.03,2026-08-19,Tairos機器人展,2026
研華,8,24,-14,2,2026-07-30,2026-08-21,16,18.65,2026-08-19,Tairos機器人展,2026
研華,8,25,-14,3,2026-07-30,2026-08-24,17,20.29,2026-08-19,Tairos機器人展,2026
研華,8,26,-14,4,2026-07-30,2026-08-25,18,22.49,2026-08-19,Tairos機器人展,2026
研華,8,27,-14,5,2026-07-30,2026-08-26,19,25.78,2026-08-19,Tairos機器人展,2026
研華,8,28,-14,6,2026-07-30,2026-08-27,20,23.4,2026-08-19,Tairos機器人展,2026
研華,9,10,-13,-12,2026-07-31,2026-08-03,1,2.31,2026-08-19,Tairos機器人展,2026
研華,9,11,-13,-11,2026-07-31,2026-08-04,2,2.31,2026-08-19,Tairos機器人展,2026
研華,9,12,-13,-10,2026-07-31,2026-08-05,3,12.43,2026-08-19,Tairos機器人展,2026
研華,9,13,-13,-9,2026-07-31,2026-08-06,4,10.48,2026-08-19,Tairos機器人展,2026
研華,9,14,-13,-8,2026-07-31,2026-08-07,5,12.61,2026-08-19,Tairos機器人展,2026
研華,9,15,-13,-7,2026-07-31,2026-08-10,6,18.47,2026-08-19,Tairos機器人展,2026
研華,9,16,-13,-6,2026-07-31,2026-08-11,7,17.41,2026-08-19,Tairos機器人展,2026
研華,9,17,-13,-5,2026-07-31,2026-08-12,8,21.85,2026-08-19,Tairos機器人展,2026
研華,9,18,-13,-4,2026-07-31,2026-08-13,9,23.98,2026-08-19,Tairos機器人展,2026
研華,9,19,-13,-3,2026-07-31,2026-08-14,10,21.31,2026-08-19,Tairos機器人展,2026
研華,9,20,-13,-2,2026-07-31,2026-08-17,11,19.72,2026-08-19,Tairos機器人展,2026
研華,9,21,-13,-1,2026-07-31,2026-08-18,12,20.6,2026-08-19,Tairos機器人展,2026
研華,9,22,-13,0,2026-07-31,2026-08-19,13,23.27,2026-08-19,Tairos機器人展,2026
研華,9,23,-13,1,2026-07-31,2026-08-20,14,19.54,2026-08-19,Tairos機器人展,2026
研華,9,24,-13,2,2026-07-31,2026-08-21,15,15.28,2026-08-19,Tairos機器人展,2026
研華,9,25,-13,3,2026-07-31,2026-08-24,16,16.87,2026-08-19,Tairos機器人展,2026
研華,9,26,-13,4,2026-07-31,2026-08-25,17,19.01,2026-08-19,Tairos機器人展,2026
研華,9,27,-13,5,2026-07-31,2026-08-26,18,22.2,2026-08-19,Tairos機器人展,2026
研華,9,28,-13,6,2026-07-31,2026-08-27,19,19.89,2026-08-19,Tairos機器人展,2026
研華,10,11,-12,-11,2026-08-03,2026-08-04,1,0.0,2026-08-19,Tairos機器人展,2026
研華,10,12,-12,-10,2026-08-03,2026-08-05,2,9.9,2026-08-19,Tairos機器人展,2026
研華,10,13,-12,-9,2026-08-03,2026-08-06,3,7.99,2026-08-19,Tairos機器人展,2026
研華,10,14,-12,-8,2026-08-03,2026-08-07,4,10.07,2026-08-19,Tairos機器人展,2026
研華,10,15,-12,-7,2026-08-03,2026-08-10,5,15.8,2026-08-19,Tairos機器人展,2026
研華,10,16,-12,-6,2026-08-03,2026-08-11,6,14.76,2026-08-19,Tairos機器人展,2026
研華,10,17,-12,-5,2026-08-03,2026-08-12,7,19.1,2026-08-19,Tairos機器人展,2026
研華,10,18,-12,-4,2026-08-03,2026-08-13,8,21.18,2026-08-19,Tairos機器人展,2026
研華,10,19,-12,-3,2026-08-03,2026-08-14,9,18.58,2026-08-19,Tairos機器人展,2026
研華,10,20,-12,-2,2026-08-03,2026-08-17,10,17.01,2026-08-19,Tairos機器人展,2026
研華,10,21,-12,-1,2026-08-03,2026-08-18,11,17.88,2026-08-19,Tairos機器人展,2026
研華,10,22,-12,0,2026-08-03,2026-08-19,12,20.49,2026-08-19,Tairos機器人展,2026
研華,10,23,-12,1,2026-08-03,2026-08-20,13,16.84,2026-08-19,Tairos機器人展,2026
研華,10,24,-12,2,2026-08-03,2026-08-21,14,12.67,2026-08-19,Tairos機器人展,2026
研華,10,25,-12,3,2026-08-03,2026-08-24,15,14.24,2026-08-19,Tairos機器人展,2026
研華,10,26,-12,4,2026-08-03,2026-08-25,16,16.32,2026-08-19,Tairos機器人展,2026
研華,10,27,-12,5,2026-08-03,2026-08-26,17,19.44,2026-08-19,Tairos機器人展,2026
研華,10,28,-12,6,2026-08-03,2026-08-27,18,17.19,2026-08-19,Tairos機器人展,2026
研華,11,12,-11,-10,2026-08-04,2026-08-05,1,9.9,2026-08-19,Tairos機器人展,2026
研華,11,13,-11,-9,2026-08-04,2026-08-06,2,7.99,2026-08-19,Tairos機器人展,2026
研華,11,14,-11,-8,2026-08-04,2026-08-07,3,10.07,2026-08-19,Tairos機器人展,2026
研華,11,15,-11,-7,2026-08-04,2026-08-10,4,15.8,2026-08-19,Tairos機器人展,2026
研華,11,16,-11,-6,2026-08-04,2026-08-11,5,14.76,2026-08-19,Tairos機器人展,2026
研華,11,17,-11,-5,2026-08-04,2026-08-12,6,19.1,2026-08-19,Tairos機器人展,2026
研華,11,18,-11,-4,2026-08-04,2026-08-13,7,21.18,2026-08-19,Tairos機器人展,2026
研華,11,19,-11,-3,2026-08-04,2026-08-14,8,18.58,2026-08-19,Tairos機器人展,2026
研華,11,20,-11,-2,2026-08-04,2026-08-17,9,17.01,2026-08-19,Tairos機器人展,2026
研華,11,21,-11,-1,2026-08-04,2026-08-18,10,17.88,2026-08-19,Tairos機器人展,2026
研華,11,22,-11,0,2026-08-04,2026-08-19,11,20.49,2026-08-19,Tairos機器人展,2026
研華,11,23,-11,1,2026-08-04,2026-08-20,12,16.84,2026-08-19,Tairos機器人展,2026
研華,11,24,-11,2,2026-08-04,2026-08-21,13,12.67,2026-08-19,Tairos機器人展,2026
研華,11,25,-11,3,2026-08-04,2026-08-24,14,14.24,2026-08-19,Tairos機器人展,2026
研華,11,26,-11,4,2026-08-04,2026-08-25,15,16.32,2026-08-19,Tairos機器人展,2026
研華,11,27,-11,5,2026-08-04,2026-08-26,16,19.44,2026-08-19,Tairos機器人展,2026
研華,11,28,-11,6,2026-08-04,2026-08-27,17,17.19,2026-08-19,Tairos機器人展,2026
研華,12,13,-10,-9,2026-08-05,2026-08-06,1,-1.74,2026-08-19,Tairos機器人展,2026
研華,12,14,-10,-8,2026-08-05,2026-08-07,2,0.16,2026-08-19,Tairos機器人展,2026
研華,12,15,-10,-7,2026-08-05,2026-08-10,3,5.37,2026-08-19,Tairos機器人展,2026
研華,12,16,-10,-6,2026-08-05,2026-08-11,4,4.42,2026-08-19,Tairos機器人展,2026
研華,12,17,-10,-5,2026-08-05,2026-08-12,5,8.37,2026-08-19,Tairos機器人展,2026
研華,12,18,-10,-4,2026-08-05,2026-08-13,6,10.27,2026-08-19,Tairos機器人展,2026
研華,12,19,-10,-3,2026-08-05,2026-08-14,7,7.9,2026-08-19,Tairos機器人展,2026
研華,12,20,-10,-2,2026-08-05,2026-08-17,8,6.48,2026-08-19,Tairos機器人展,2026
研華,12,21,-10,-1,2026-08-05,2026-08-18,9,7.27,2026-08-19,Tairos機器人展,2026
研華,12,22,-10,0,2026-08-05,2026-08-19,10,9.64,2026-08-19,Tairos機器人展,2026
研華,12,23,-10,1,2026-08-05,2026-08-20,11,6.32,2026-08-19,Tairos機器人展,2026
研華,12,24,-10,2,2026-08-05,2026-08-21,12,2.53,2026-08-19,Tairos機器人展,2026
研華,12,25,-10,3,2026-08-05,2026-08-24,13,3.95,2026-08-19,Tairos機器人展,2026
研華,12,26,-10,4,2026-08-05,2026-08-25,14,5.85,2026-08-19,Tairos機器人展,2026
研華,12,27,-10,5,2026-08-05,2026-08-26,15,8.69,2026-08-19,Tairos機器人展,2026
研華,12,28,-10,6,2026-08-05,2026-08-27,16,6.64,2026-08-19,Tairos機器人展,2026
研華,13,14,-9,-8,2026-08-06,2026-08-07,1,1.93,2026-08-19,Tairos機器人展,2026
研華,13,15,-9,-7,2026-08-06,2026-08-10,2,7.23,2026-08-19,Tairos機器人展,2026
研華,13,16,-9,-6,2026-08-06,2026-08-11,3,6.27,2026-08-19,Tairos機器人展,2026
研華,13,17,-9,-5,2026-08-06,2026-08-12,4,10.29,2026-08-19,Tairos機器人展,2026
研華,13,18,-9,-4,2026-08-06,2026-08-13,5,12.22,2026-08-19,Tairos機器人展,2026
研華,13,19,-9,-3,2026-08-06,2026-08-14,6,9.81,2026-08-19,Tairos機器人展,2026
研華,13,20,-9,-2,2026-08-06,2026-08-17,7,8.36,2026-08-19,Tairos機器人展,2026
研華,13,21,-9,-1,2026-08-06,2026-08-18,8,9.16,2026-08-19,Tairos機器人展,2026
研華,13,22,-9,0,2026-08-06,2026-08-19,9,11.58,2026-08-19,Tairos機器人展,2026
研華,13,23,-9,1,2026-08-06,2026-08-20,10,8.2,2026-08-19,Tairos機器人展,2026
研華,13,24,-9,2,2026-08-06,2026-08-21,11,4.34,2026-08-19,Tairos機器人展,2026
研華,13,25,-9,3,2026-08-06,2026-08-24,12,5.79,2026-08-19,Tairos機器人展,2026
研華,13,26,-9,4,2026-08-06,2026-08-25,13,7.72,2026-08-19,Tairos機器人展,2026
研華,13,27,-9,5,2026-08-06,2026-08-26,14,10.61,2026-08-19,Tairos機器人展,2026
研華,13,28,-9,6,2026-08-06,2026-08-27,15,8.52,2026-08-19,Tairos機器人展,2026
研華,14,15,-8,-7,2026-08-07,2026-08-10,1,5.21,2026-08-19,Tairos機器人展,2026
研華,14,16,-8,-6,2026-08-07,2026-08-11,2,4.26,2026-08-19,Tairos機器人展,2026
研華,14,17,-8,-5,2026-08-07,2026-08-12,3,8.2,2026-08-19,Tairos機器人展,2026
研華,14,18,-8,-4,2026-08-07,2026-08-13,4,10.09,2026-08-19,Tairos機器人展,2026
研華,14,19,-8,-3,2026-08-07,2026-08-14,5,7.73,2026-08-19,Tairos機器人展,2026
研華,14,20,-8,-2,2026-08-07,2026-08-17,6,6.31,2026-08-19,Tairos機器人展,2026
研華,14,21,-8,-1,2026-08-07,2026-08-18,7,7.1,2026-08-19,Tairos機器人展,2026
研華,14,22,-8,0,2026-08-07,2026-08-19,8,9.46,2026-08-19,Tairos機器人展,2026
研華,14,23,-8,1,2026-08-07,2026-08-20,9,6.15,2026-08-19,Tairos機器人展,2026
研華,14,24,-8,2,2026-08-07,2026-08-21,10,2.37,2026-08-19,Tairos機器人展,2026
研華,14,25,-8,3,2026-08-07,2026-08-24,11,3.79,2026-08-19,Tairos機器人展,2026
研華,14,26,-8,4,2026-08-07,2026-08-25,12,5.68,2026-08-19,Tairos機器人展,2026
研華,14,27,-8,5,2026-08-07,2026-08-26,13,8.52,2026-08-19,Tairos機器人展,2026
研華,14,28,-8,6,2026-08-07,2026-08-27,14,6.47,2026-08-19,Tairos機器人展,2026
研華,15,16,-7,-6,2026-08-10,2026-08-11,1,-0.9,2026-08-19,Tairos機器人展,2026
研華,15,17,-7,-5,2026-08-10,2026-08-12,2,2.85,2026-08-19,Tairos機器人展,2026
研華,15,18,-7,-4,2026-08-10,2026-08-13,3,4.65,2026-08-19,Tairos機器人展,2026
研華,15,19,-7,-3,2026-08-10,2026-08-14,4,2.4,2026-08-19,Tairos機器人展,2026
研華,15,20,-7,-2,2026-08-10,2026-08-17,5,1.05,2026-08-19,Tairos機器人展,2026
研華,15,21,-7,-1,2026-08-10,2026-08-18,6,1.8,2026-08-19,Tairos機器人展,2026
研華,15,22,-7,0,2026-08-10,2026-08-19,7,4.05,2026-08-19,Tairos機器人展,2026
研華,15,23,-7,1,2026-08-10,2026-08-20,8,0.9,2026-08-19,Tairos機器人展,2026
研華,15,24,-7,2,2026-08-10,2026-08-21,9,-2.7,2026-08-19,Tairos機器人展,2026
研華,15,25,-7,3,2026-08-10,2026-08-24,10,-1.35,2026-08-19,Tairos機器人展,2026
研華,15,26,-7,4,2026-08-10,2026-08-25,11,0.45,2026-08-19,Tairos機器人展,2026
研華,15,27,-7,5,2026-08-10,2026-08-26,12,3.15,2026-08-19,Tairos機器人展,2026
研華,15,28,-7,6,2026-08-10,2026-08-27,13,1.2,2026-08-19,Tairos機器人展,2026
研華,16,17,-6,-5,2026-08-11,2026-08-12,1,3.78,2026-08-19,Tairos機器人展,2026
研華,16,18,-6,-4,2026-08-11,2026-08-13,2,5.6,2026-08-19,Tairos機器人展,2026
研華,16,19,-6,-3,2026-08-11,2026-08-14,3,3.33,2026-08-19,Tairos機器人展,2026
研華,16,20,-6,-2,2026-08-11,2026-08-17,4,1.97,2026-08-19,Tairos機器人展,2026
研華,16,21,-6,-1,2026-08-11,2026-08-18,5,2.72,2026-08-19,Tairos機器人展,2026
研華,16,22,-6,0,2026-08-11,2026-08-19,6,4.99,2026-08-19,Tairos機器人展,2026
研華,16,23,-6,1,2026-08-11,2026-08-20,7,1.82,2026-08-19,Tairos機器人展,2026
研華,16,24,-6,2,2026-08-11,2026-08-21,8,-1.82,2026-08-19,Tairos機器人展,2026
研華,16,25,-6,3,2026-08-11,2026-08-24,9,-0.45,2026-08-19,Tairos機器人展,2026
研華,16,26,-6,4,2026-08-11,2026-08-25,10,1.36,2026-08-19,Tairos機器人展,2026
研華,16,27,-6,5,2026-08-11,2026-08-26,11,4.08,2026-08-19,Tairos機器人展,2026
研華,16,28,-6,6,2026-08-11,2026-08-27,12,2.12,2026-08-19,Tairos機器人展,2026
研華,17,18,-5,-4,2026-08-12,2026-08-13,1,1.75,2026-08-19,Tairos機器人展,2026
研華,17,19,-5,-3,2026-08-12,2026-08-14,2,-0.44,2026-08-19,Tairos機器人展,2026
研華,17,20,-5,-2,2026-08-12,2026-08-17,3,-1.75,2026-08-19,Tairos機器人展,2026
研華,17,21,-5,-1,2026-08-12,2026-08-18,4,-1.02,2026-08-19,Tairos機器人展,2026
研華,17,22,-5,0,2026-08-12,2026-08-19,5,1.17,2026-08-19,Tairos機器人展,2026
研華,17,23,-5,1,2026-08-12,2026-08-20,6,-1.9,2026-08-19,Tairos機器人展,2026
研華,17,24,-5,2,2026-08-12,2026-08-21,7,-5.39,2026-08-19,Tairos機器人展,2026
研華,17,25,-5,3,2026-08-12,2026-08-24,8,-4.08,2026-08-19,Tairos機器人展,2026
研華,17,26,-5,4,2026-08-12,2026-08-25,9,-2.33,2026-08-19,Tairos機器人展,2026
研華,17,27,-5,5,2026-08-12,2026-08-26,10,0.29,2026-08-19,Tairos機器人展,2026
研華,17,28,-5,6,2026-08-12,2026-08-27,11,-1.6,2026-08-19,Tairos機器人展,2026
研華,18,19,-4,-3,2026-08-13,2026-08-14,1,-2.15,2026-08-19,Tairos機器人展,2026
研華,18,20,-4,-2,2026-08-13,2026-08-17,2,-3.44,2026-08-19,Tairos機器人展,2026
研華,18,21,-4,-1,2026-08-13,2026-08-18,3,-2.72,2026-08-19,Tairos機器人展,2026
研華,18,22,-4,0,2026-08-13,2026-08-19,4,-0.57,2026-08-19,Tairos機器人展,2026
研華,18,23,-4,1,2026-08-13,2026-08-20,5,-3.58,2026-08-19,Tairos機器人展,2026
研華,18,24,-4,2,2026-08-13,2026-08-21,6,-7.02,2026-08-19,Tairos機器人展,2026
研華,18,25,-4,3,2026-08-13,2026-08-24,7,-5.73,2026-08-19,Tairos機器人展,2026
研華,18,26,-4,4,2026-08-13,2026-08-25,8,-4.01,2026-08-19,Tairos機器人展,2026
研華,18,27,-4,5,2026-08-13,2026-08-26,9,-1.43,2026-08-19,Tairos機器人展,2026
研華,18,28,-4,6,2026-08-13,2026-08-27,10,-3.3,2026-08-19,Tairos機器人展,2026
研華,19,20,-3,-2,2026-08-14,2026-08-17,1,-1.32,2026-08-19,Tairos機器人展,2026
研華,19,21,-3,-1,2026-08-14,2026-08-18,2,-0.59,2026-08-19,Tairos機器人展,2026
研華,19,22,-3,0,2026-08-14,2026-08-19,3,1.61,2026-08-19,Tairos機器人展,2026
研華,19,23,-3,1,2026-08-14,2026-08-20,4,-1.46,2026-08-19,Tairos機器人展,2026
研華,19,24,-3,2,2026-08-14,2026-08-21,5,-4.98,2026-08-19,Tairos機器人展,2026
研華,19,25,-3,3,2026-08-14,2026-08-24,6,-3.66,2026-08-19,Tairos機器人展,2026
研華,19,26,-3,4,2026-08-14,2026-08-25,7,-1.9,2026-08-19,Tairos機器人展,2026
研華,19,27,-3,5,2026-08-14,2026-08-26,8,0.73,2026-08-19,Tairos機器人展,2026
研華,19,28,-3,6,2026-08-14,2026-08-27,9,-1.17,2026-08-19,Tairos機器人展,2026
研華,20,21,-2,-1,2026-08-17,2026-08-18,1,0.74,2026-08-19,Tairos機器人展,2026
研華,20,22,-2,0,2026-08-17,2026-08-19,2,2.97,2026-08-19,Tairos機器人展,2026
研華,20,23,-2,1,2026-08-17,2026-08-20,3,-0.15,2026-08-19,Tairos機器人展,2026
研華,20,24,-2,2,2026-08-17,2026-08-21,4,-3.71,2026-08-19,Tairos機器人展,2026
研華,20,25,-2,3,2026-08-17,2026-08-24,5,-2.37,2026-08-19,Tairos機器人展,2026
研華,20,26,-2,4,2026-08-17,2026-08-25,6,-0.59,2026-08-19,Tairos機器人展,2026
研華,20,27,-2,5,2026-08-17,2026-08-26,7,2.08,2026-08-19,Tairos機器人展,2026
研華,20,28,-2,6,2026-08-17,2026-08-27,8,0.15,2026-08-19,Tairos機器人展,2026
研華,21,22,-1,0,2026-08-18,2026-08-19,1,2.21,2026-08-19,Tairos機器人展,2026
研華,21,23,-1,1,2026-08-18,2026-08-20,2,-0.88,2026-08-19,Tairos機器人展,2026
研華,21,24,-1,2,2026-08-18,2026-08-21,3,-4.42,2026-08-19,Tairos機器人展,2026
研華,21,25,-1,3,2026-08-18,2026-08-24,4,-3.09,2026-08-19,Tairos機器人展,2026
研華,21,26,-1,4,2026-08-18,2026-08-25,5,-1.33,2026-08-19,Tairos機器人展,2026
研華,21,27,-1,5,2026-08-18,2026-08-26,6,1.33,2026-08-19,Tairos機器人展,2026
研華,21,28,-1,6,2026-08-18,2026-08-27,7,-0.59,2026-08-19,Tairos機器人展,2026
研華,22,23,0,1,2026-08-19,2026-08-20,1,-3.03,2026-08-19,Tairos機器人展,2026
研華,22,24,0,2,2026-08-19,2026-08-21,2,-6.48,2026-08-19,Tairos機器人展,2026
研華,22,25,0,3,2026-08-19,2026-08-24,3,-5.19,2026-08-19,Tairos機器人展,2026
研華,22,26,0,4,2026-08-19,2026-08-25,4,-3.46,2026-08-19,Tairos機器人展,2026
研華,22,27,0,5,2026-08-19,2026-08-26,5,-0.86,2026-08-19,Tairos機器人展,2026
研華,22,28,0,6,2026-08-19,2026-08-27,6,-2.74,2026-08-19,Tairos機器人展,2026
研華,23,24,1,2,2026-08-20,2026-08-21,1,-3.57,2026-08-19,Tairos機器人展,2026
研華,23,25,1,3,2026-08-20,2026-08-24,2,-2.23,2026-08-19,Tairos機器人展,2026
研華,23,26,1,4,2026-08-20,2026-08-25,3,-0.45,2026-08-19,Tairos機器人展,2026
研華,23,27,1,5,2026-08-20,2026-08-26,4,2.23,2026-08-19,Tairos機器人展,2026
研華,23,28,1,6,2026-08-20,2026-08-27,5,0.3,2026-08-19,Tairos機器人展,2026
研華,24,25,2,3,2026-08-21,2026-08-24,1,1.39,2026-08-19,Tairos機器人展,2026
研華,24,26,2,4,2026-08-21,2026-08-25,2,3.24,2026-08-19,Tairos機器人展,2026
研華,24,27,2,5,2026-08-21,2026-08-26,3,6.01,2026-08-19,Tairos機器人展,2026
研華,24,28,2,6,2026-08-21,2026-08-27,4,4.01,2026-08-19,Tairos機器人展,2026
研華,25,26,3,4,2026-08-24,2026-08-25,1,1.82,2026-08-19,Tairos機器人展,2026
研華,25,27,3,5,2026-08-24,2026-08-26,2,4.56,2026-08-19,Tairos機器人展,2026
研華,25,28,3,6,2026-08-24,2026-08-27,3,2.58,2026-08-19,Tairos機器人展,2026
研華,26,27,4,5,2026-08-25,2026-08-26,1,2.69,2026-08-19,Tairos機器人展,2026
研華,26,28,4,6,2026-08-25,2026-08-27,2,0.75,2026-08-19,Tairos機器人展,2026
研華,27,28,5,6,2026-08-26,2026-08-27,1,-1.89,2026-08-19,Tairos機器人展,2026
所羅門,0,1,-22,-21,2026-07-20,2026-07-21,1,2.97,2026-08-19,Tairos機器人展,2026
所羅門,0,2,-22,-20,2026-07-20,2026-07-22,2,3.35,2026-08-19,Tairos機器人展,2026
所羅門,0,3,-22,-19,2026-07-20,2026-07-23,3,5.58,2026-08-19,Tairos機器人展,2026
所羅門,0,4,-22,-18,2026-07-20,2026-07-24,4,7.81,2026-08-19,Tairos機器人展,2026
所羅門,0,5,-22,-17,2026-07-20,2026-07-27,5,7.43,2026-08-19,Tairos機器人展,2026
所羅門,0,6,-22,-16,2026-07-20,2026-07-28,6,-0.37,2026-08-19,Tairos機器人展,2026
所羅門,0,7,-22,-15,2026-07-20,2026-07-29,7,1.86,2026-08-19,Tairos機器人展,2026
所羅門,0,8,-22,-14,2026-07-20,2026-07-30,8,-8.18,2026-08-19,Tairos機器人展,2026
所羅門,0,9,-22,-13,2026-07-20,2026-07-31,9,-10.04,2026-08-19,Tairos機器人展,2026
所羅門,0,10,-22,-12,2026-07-20,2026-08-03,10,-1.49,2026-08-19,Tairos機器人展,2026
所羅門,0,11,-22,-11,2026-07-20,2026-08-04,11,-1.86,2026-08-19,Tairos機器人展,2026
所羅門,0,12,-22,-10,2026-07-20,2026-08-05,12,7.81,2026-08-19,Tairos機器人展,2026
所羅門,0,13,-22,-9,2026-07-20,2026-08-06,13,7.43,2026-08-19,Tairos機器人展,2026
所羅門,0,14,-22,-8,2026-07-20,2026-08-07,14,6.69,2026-08-19,Tairos機器人展,2026
所羅門,0,15,-22,-7,2026-07-20,2026-08-10,15,14.13,2026-08-19,Tairos機器人展,2026
所羅門,0,16,-22,-6,2026-07-20,2026-08-11,16,4.46,2026-08-19,Tairos機器人展,2026
所羅門,0,17,-22,-5,2026-07-20,2026-08-12,17,6.32,2026-08-19,Tairos機器人展,2026
所羅門,0,18,-22,-4,2026-07-20,2026-08-13,18,16.73,2026-08-19,Tairos機器人展,2026
所羅門,0,19,-22,-3,2026-07-20,2026-08-14,19,18.59,2026-08-19,Tairos機器人展,2026
所羅門,0,20,-22,-2,2026-07-20,2026-08-17,20,30.11,2026-08-19,Tairos機器人展,2026
所羅門,0,21,-22,-1,2026-07-20,2026-08-18,21,31.97,2026-08-19,Tairos機器人展,2026
所羅門,0,22,-22,0,2026-07-20,2026-08-19,22,19.7,2026-08-19,Tairos機器人展,2026
所羅門,0,23,-22,1,2026-07-20,2026-08-20,23,17.47,2026-08-19,Tairos機器人展,2026
所羅門,0,24,-22,2,2026-07-20,2026-08-21,24,11.52,2026-08-19,Tairos機器人展,2026
所羅門,0,25,-22,3,2026-07-20,2026-08-24,25,8.18,2026-08-19,Tairos機器人展,2026
所羅門,0,26,-22,4,2026-07-20,2026-08-25,26,7.81,2026-08-19,Tairos機器人展,2026
所羅門,0,27,-22,5,2026-07-20,2026-08-26,27,8.92,2026-08-19,Tairos機器人展,2026
所羅門,0,28,-22,6,2026-07-20,2026-08-27,28,9.67,2026-08-19,Tairos機器人展,2026
所羅門,1,2,-21,-20,2026-07-21,2026-07-22,1,0.36,2026-08-19,Tairos機器人展,2026
所羅門,1,3,-21,-19,2026-07-21,2026-07-23,2,2.53,2026-08-19,Tairos機器人展,2026
所羅門,1,4,-21,-18,2026-07-21,2026-07-24,3,4.69,2026-08-19,Tairos機器人展,2026
所羅門,1,5,-21,-17,2026-07-21,2026-07-27,4,4.33,2026-08-19,Tairos機器人展,2026
所羅門,1,6,-21,-16,2026-07-21,2026-07-28,5,-3.25,2026-08-19,Tairos機器人展,2026
所羅門,1,7,-21,-15,2026-07-21,2026-07-29,6,-1.08,2026-08-19,Tairos機器人展,2026
所羅門,1,8,-21,-14,2026-07-21,2026-07-30,7,-10.83,2026-08-19,Tairos機器人展,2026
所羅門,1,9,-21,-13,2026-07-21,2026-07-31,8,-12.64,2026-08-19,Tairos機器人展,2026
所羅門,1,10,-21,-12,2026-07-21,2026-08-03,9,-4.33,2026-08-19,Tairos機器人展,2026
所羅門,1,11,-21,-11,2026-07-21,2026-08-04,10,-4.69,2026-08-19,Tairos機器人展,2026
所羅門,1,12,-21,-10,2026-07-21,2026-08-05,11,4.69,2026-08-19,Tairos機器人展,2026
所羅門,1,13,-21,-9,2026-07-21,2026-08-06,12,4.33,2026-08-19,Tairos機器人展,2026
所羅門,1,14,-21,-8,2026-07-21,2026-08-07,13,3.61,2026-08-19,Tairos機器人展,2026
所羅門,1,15,-21,-7,2026-07-21,2026-08-10,14,10.83,2026-08-19,Tairos機器人展,2026
所羅門,1,16,-21,-6,2026-07-21,2026-08-11,15,1.44,2026-08-19,Tairos機器人展,2026
所羅門,1,17,-21,-5,2026-07-21,2026-08-12,16,3.25,2026-08-19,Tairos機器人展,2026
所羅門,1,18,-21,-4,2026-07-21,2026-08-13,17,13.36,2026-08-19,Tairos機器人展,2026
所羅門,1,19,-21,-3,2026-07-21,2026-08-14,18,15.16,2026-08-19,Tairos機器人展,2026
所羅門,1,20,-21,-2,2026-07-21,2026-08-17,19,26.35,2026-08-19,Tairos機器人展,2026
所羅門,1,21,-21,-1,2026-07-21,2026-08-18,20,28.16,2026-08-19,Tairos機器人展,2026
所羅門,1,22,-21,0,2026-07-21,2026-08-19,21,16.25,2026-08-19,Tairos機器人展,2026
所羅門,1,23,-21,1,2026-07-21,2026-08-20,22,14.08,2026-08-19,Tairos機器人展,2026
所羅門,1,24,-21,2,2026-07-21,2026-08-21,23,8.3,2026-08-19,Tairos機器人展,2026
所羅門,1,25,-21,3,2026-07-21,2026-08-24,24,5.05,2026-08-19,Tairos機器人展,2026
所羅門,1,26,-21,4,2026-07-21,2026-08-25,25,4.69,2026-08-19,Tairos機器人展,2026
所羅門,1,27,-21,5,2026-07-21,2026-08-26,26,5.78,2026-08-19,Tairos機器人展,2026
所羅門,1,28,-21,6,2026-07-21,2026-08-27,27,6.5,2026-08-19,Tairos機器人展,2026
所羅門,2,3,-20,-19,2026-07-22,2026-07-23,1,2.16,2026-08-19,Tairos機器人展,2026
所羅門,2,4,-20,-18,2026-07-22,2026-07-24,2,4.32,2026-08-19,Tairos機器人展,2026
所羅門,2,5,-20,-17,2026-07-22,2026-07-27,3,3.96,2026-08-19,Tairos機器人展,2026
所羅門,2,6,-20,-16,2026-07-22,2026-07-28,4,-3.6,2026-08-19,Tairos機器人展,2026
所羅門,2,7,-20,-15,2026-07-22,2026-07-29,5,-1.44,2026-08-19,Tairos機器人展,2026
所羅門,2,8,-20,-14,2026-07-22,2026-07-30,6,-11.15,2026-08-19,Tairos機器人展,2026
所羅門,2,9,-20,-13,2026-07-22,2026-07-31,7,-12.95,2026-08-19,Tairos機器人展,2026
所羅門,2,10,-20,-12,2026-07-22,2026-08-03,8,-4.68,2026-08-19,Tairos機器人展,2026
所羅門,2,11,-20,-11,2026-07-22,2026-08-04,9,-5.04,2026-08-19,Tairos機器人展,2026
所羅門,2,12,-20,-10,2026-07-22,2026-08-05,10,4.32,2026-08-19,Tairos機器人展,2026
所羅門,2,13,-20,-9,2026-07-22,2026-08-06,11,3.96,2026-08-19,Tairos機器人展,2026
所羅門,2,14,-20,-8,2026-07-22,2026-08-07,12,3.24,2026-08-19,Tairos機器人展,2026
所羅門,2,15,-20,-7,2026-07-22,2026-08-10,13,10.43,2026-08-19,Tairos機器人展,2026
所羅門,2,16,-20,-6,2026-07-22,2026-08-11,14,1.08,2026-08-19,Tairos機器人展,2026
所羅門,2,17,-20,-5,2026-07-22,2026-08-12,15,2.88,2026-08-19,Tairos機器人展,2026
所羅門,2,18,-20,-4,2026-07-22,2026-08-13,16,12.95,2026-08-19,Tairos機器人展,2026
所羅門,2,19,-20,-3,2026-07-22,2026-08-14,17,14.75,2026-08-19,Tairos機器人展,2026
所羅門,2,20,-20,-2,2026-07-22,2026-08-17,18,25.9,2026-08-19,Tairos機器人展,2026
所羅門,2,21,-20,-1,2026-07-22,2026-08-18,19,27.7,2026-08-19,Tairos機器人展,2026
所羅門,2,22,-20,0,2026-07-22,2026-08-19,20,15.83,2026-08-19,Tairos機器人展,2026
所羅門,2,23,-20,1,2026-07-22,2026-08-20,21,13.67,2026-08-19,Tairos機器人展,2026
所羅門,2,24,-20,2,2026-07-22,2026-08-21,22,7.91,2026-08-19,Tairos機器人展,2026
所羅門,2,25,-20,3,2026-07-22,2026-08-24,23,4.68,2026-08-19,Tairos機器人展,2026
所羅門,2,26,-20,4,2026-07-22,2026-08-25,24,4.32,2026-08-19,Tairos機器人展,2026
所羅門,2,27,-20,5,2026-07-22,2026-08-26,25,5.4,2026-08-19,Tairos機器人展,2026
所羅門,2,28,-20,6,2026-07-22,2026-08-27,26,6.12,2026-08-19,Tairos機器人展,2026
所羅門,3,4,-19,-18,2026-07-23,2026-07-24,1,2.11,2026-08-19,Tairos機器人展,2026
所羅門,3,5,-19,-17,2026-07-23,2026-07-27,2,1.76,2026-08-19,Tairos機器人展,2026
所羅門,3,6,-19,-16,2026-07-23,2026-07-28,3,-5.63,2026-08-19,Tairos機器人展,2026
所羅門,3,7,-19,-15,2026-07-23,2026-07-29,4,-3.52,2026-08-19,Tairos機器人展,2026
所羅門,3,8,-19,-14,2026-07-23,2026-07-30,5,-13.03,2026-08-19,Tairos機器人展,2026
所羅門,3,9,-19,-13,2026-07-23,2026-07-31,6,-14.79,2026-08-19,Tairos機器人展,2026
所羅門,3,10,-19,-12,2026-07-23,2026-08-03,7,-6.69,2026-08-19,Tairos機器人展,2026
所羅門,3,11,-19,-11,2026-07-23,2026-08-04,8,-7.04,2026-08-19,Tairos機器人展,2026
所羅門,3,12,-19,-10,2026-07-23,2026-08-05,9,2.11,2026-08-19,Tairos機器人展,2026
所羅門,3,13,-19,-9,2026-07-23,2026-08-06,10,1.76,2026-08-19,Tairos機器人展,2026
所羅門,3,14,-19,-8,2026-07-23,2026-08-07,11,1.06,2026-08-19,Tairos機器人展,2026
所羅門,3,15,-19,-7,2026-07-23,2026-08-10,12,8.1,2026-08-19,Tairos機器人展,2026
所羅門,3,16,-19,-6,2026-07-23,2026-08-11,13,-1.06,2026-08-19,Tairos機器人展,2026
所羅門,3,17,-19,-5,2026-07-23,2026-08-12,14,0.7,2026-08-19,Tairos機器人展,2026
所羅門,3,18,-19,-4,2026-07-23,2026-08-13,15,10.56,2026-08-19,Tairos機器人展,2026
所羅門,3,19,-19,-3,2026-07-23,2026-08-14,16,12.32,2026-08-19,Tairos機器人展,2026
所羅門,3,20,-19,-2,2026-07-23,2026-08-17,17,23.24,2026-08-19,Tairos機器人展,2026
所羅門,3,21,-19,-1,2026-07-23,2026-08-18,18,25.0,2026-08-19,Tairos機器人展,2026
所羅門,3,22,-19,0,2026-07-23,2026-08-19,19,13.38,2026-08-19,Tairos機器人展,2026
所羅門,3,23,-19,1,2026-07-23,2026-08-20,20,11.27,2026-08-19,Tairos機器人展,2026
所羅門,3,24,-19,2,2026-07-23,2026-08-21,21,5.63,2026-08-19,Tairos機器人展,2026
所羅門,3,25,-19,3,2026-07-23,2026-08-24,22,2.46,2026-08-19,Tairos機器人展,2026
所羅門,3,26,-19,4,2026-07-23,2026-08-25,23,2.11,2026-08-19,Tairos機器人展,2026
所羅門,3,27,-19,5,2026-07-23,2026-08-26,24,3.17,2026-08-19,Tairos機器人展,2026
所羅門,3,28,-19,6,2026-07-23,2026-08-27,25,3.87,2026-08-19,Tairos機器人展,2026
所羅門,4,5,-18,-17,2026-07-24,2026-07-27,1,-0.34,2026-08-19,Tairos機器人展,2026
所羅門,4,6,-18,-16,2026-07-24,2026-07-28,2,-7.59,2026-08-19,Tairos機器人展,2026
所羅門,4,7,-18,-15,2026-07-24,2026-07-29,3,-5.52,2026-08-19,Tairos機器人展,2026
所羅門,4,8,-18,-14,2026-07-24,2026-07-30,4,-14.83,2026-08-19,Tairos機器人展,2026
所羅門,4,9,-18,-13,2026-07-24,2026-07-31,5,-16.55,2026-08-19,Tairos機器人展,2026
所羅門,4,10,-18,-12,2026-07-24,2026-08-03,6,-8.62,2026-08-19,Tairos機器人展,2026
所羅門,4,11,-18,-11,2026-07-24,2026-08-04,7,-8.97,2026-08-19,Tairos機器人展,2026
所羅門,4,12,-18,-10,2026-07-24,2026-08-05,8,0.0,2026-08-19,Tairos機器人展,2026
所羅門,4,13,-18,-9,2026-07-24,2026-08-06,9,-0.34,2026-08-19,Tairos機器人展,2026
所羅門,4,14,-18,-8,2026-07-24,2026-08-07,10,-1.03,2026-08-19,Tairos機器人展,2026
所羅門,4,15,-18,-7,2026-07-24,2026-08-10,11,5.86,2026-08-19,Tairos機器人展,2026
所羅門,4,16,-18,-6,2026-07-24,2026-08-11,12,-3.1,2026-08-19,Tairos機器人展,2026
所羅門,4,17,-18,-5,2026-07-24,2026-08-12,13,-1.38,2026-08-19,Tairos機器人展,2026
所羅門,4,18,-18,-4,2026-07-24,2026-08-13,14,8.28,2026-08-19,Tairos機器人展,2026
所羅門,4,19,-18,-3,2026-07-24,2026-08-14,15,10.0,2026-08-19,Tairos機器人展,2026
所羅門,4,20,-18,-2,2026-07-24,2026-08-17,16,20.69,2026-08-19,Tairos機器人展,2026
所羅門,4,21,-18,-1,2026-07-24,2026-08-18,17,22.41,2026-08-19,Tairos機器人展,2026
所羅門,4,22,-18,0,2026-07-24,2026-08-19,18,11.03,2026-08-19,Tairos機器人展,2026
所羅門,4,23,-18,1,2026-07-24,2026-08-20,19,8.97,2026-08-19,Tairos機器人展,2026
所羅門,4,24,-18,2,2026-07-24,2026-08-21,20,3.45,2026-08-19,Tairos機器人展,2026
所羅門,4,25,-18,3,2026-07-24,2026-08-24,21,0.34,2026-08-19,Tairos機器人展,2026
所羅門,4,26,-18,4,2026-07-24,2026-08-25,22,0.0,2026-08-19,Tairos機器人展,2026
所羅門,4,27,-18,5,2026-07-24,2026-08-26,23,1.03,2026-08-19,Tairos機器人展,2026
所羅門,4,28,-18,6,2026-07-24,2026-08-27,24,1.72,2026-08-19,Tairos機器人展,2026
所羅門,5,6,-17,-16,2026-07-27,2026-07-28,1,-7.27,2026-08-19,Tairos機器人展,2026
所羅門,5,7,-17,-15,2026-07-27,2026-07-29,2,-5.19,2026-08-19,Tairos機器人展,2026
所羅門,5,8,-17,-14,2026-07-27,2026-07-30,3,-14.53,2026-08-19,Tairos機器人展,2026
所羅門,5,9,-17,-13,2026-07-27,2026-07-31,4,-16.26,2026-08-19,Tairos機器人展,2026
所羅門,5,10,-17,-12,2026-07-27,2026-08-03,5,-8.3,2026-08-19,Tairos機器人展,2026
所羅門,5,11,-17,-11,2026-07-27,2026-08-04,6,-8.65,2026-08-19,Tairos機器人展,2026
所羅門,5,12,-17,-10,2026-07-27,2026-08-05,7,0.35,2026-08-19,Tairos機器人展,2026
所羅門,5,13,-17,-9,2026-07-27,2026-08-06,8,0.0,2026-08-19,Tairos機器人展,2026
所羅門,5,14,-17,-8,2026-07-27,2026-08-07,9,-0.69,2026-08-19,Tairos機器人展,2026
所羅門,5,15,-17,-7,2026-07-27,2026-08-10,10,6.23,2026-08-19,Tairos機器人展,2026
所羅門,5,16,-17,-6,2026-07-27,2026-08-11,11,-2.77,2026-08-19,Tairos機器人展,2026
所羅門,5,17,-17,-5,2026-07-27,2026-08-12,12,-1.04,2026-08-19,Tairos機器人展,2026
所羅門,5,18,-17,-4,2026-07-27,2026-08-13,13,8.65,2026-08-19,Tairos機器人展,2026
所羅門,5,19,-17,-3,2026-07-27,2026-08-14,14,10.38,2026-08-19,Tairos機器人展,2026
所羅門,5,20,-17,-2,2026-07-27,2026-08-17,15,21.11,2026-08-19,Tairos機器人展,2026
所羅門,5,21,-17,-1,2026-07-27,2026-08-18,16,22.84,2026-08-19,Tairos機器人展,2026
所羅門,5,22,-17,0,2026-07-27,2026-08-19,17,11.42,2026-08-19,Tairos機器人展,2026
所羅門,5,23,-17,1,2026-07-27,2026-08-20,18,9.34,2026-08-19,Tairos機器人展,2026
所羅門,5,24,-17,2,2026-07-27,2026-08-21,19,3.81,2026-08-19,Tairos機器人展,2026
所羅門,5,25,-17,3,2026-07-27,2026-08-24,20,0.69,2026-08-19,Tairos機器人展,2026
所羅門,5,26,-17,4,2026-07-27,2026-08-25,21,0.35,2026-08-19,Tairos機器人展,2026
所羅門,5,27,-17,5,2026-07-27,2026-08-26,22,1.38,2026-08-19,Tairos機器人展,2026
所羅門,5,28,-17,6,2026-07-27,2026-08-27,23,2.08,2026-08-19,Tairos機器人展,2026
所羅門,6,7,-16,-15,2026-07-28,2026-07-29,1,2.24,2026-08-19,Tairos機器人展,2026
所羅門,6,8,-16,-14,2026-07-28,2026-07-30,2,-7.84,2026-08-19,Tairos機器人展,2026
所羅門,6,9,-16,-13,2026-07-28,2026-07-31,3,-9.7,2026-08-19,Tairos機器人展,2026
所羅門,6,10,-16,-12,2026-07-28,2026-08-03,4,-1.12,2026-08-19,Tairos機器人展,2026
所羅門,6,11,-16,-11,2026-07-28,2026-08-04,5,-1.49,2026-08-19,Tairos機器人展,2026
所羅門,6,12,-16,-10,2026-07-28,2026-08-05,6,8.21,2026-08-19,Tairos機器人展,2026
所羅門,6,13,-16,-9,2026-07-28,2026-08-06,7,7.84,2026-08-19,Tairos機器人展,2026
所羅門,6,14,-16,-8,2026-07-28,2026-08-07,8,7.09,2026-08-19,Tairos機器人展,2026
所羅門,6,15,-16,-7,2026-07-28,2026-08-10,9,14.55,2026-08-19,Tairos機器人展,2026
所羅門,6,16,-16,-6,2026-07-28,2026-08-11,10,4.85,2026-08-19,Tairos機器人展,2026
所羅門,6,17,-16,-5,2026-07-28,2026-08-12,11,6.72,2026-08-19,Tairos機器人展,2026
所羅門,6,18,-16,-4,2026-07-28,2026-08-13,12,17.16,2026-08-19,Tairos機器人展,2026
所羅門,6,19,-16,-3,2026-07-28,2026-08-14,13,19.03,2026-08-19,Tairos機器人展,2026
所羅門,6,20,-16,-2,2026-07-28,2026-08-17,14,30.6,2026-08-19,Tairos機器人展,2026
所羅門,6,21,-16,-1,2026-07-28,2026-08-18,15,32.46,2026-08-19,Tairos機器人展,2026
所羅門,6,22,-16,0,2026-07-28,2026-08-19,16,20.15,2026-08-19,Tairos機器人展,2026
所羅門,6,23,-16,1,2026-07-28,2026-08-20,17,17.91,2026-08-19,Tairos機器人展,2026
所羅門,6,24,-16,2,2026-07-28,2026-08-21,18,11.94,2026-08-19,Tairos機器人展,2026
所羅門,6,25,-16,3,2026-07-28,2026-08-24,19,8.58,2026-08-19,Tairos機器人展,2026
所羅門,6,26,-16,4,2026-07-28,2026-08-25,20,8.21,2026-08-19,Tairos機器人展,2026
所羅門,6,27,-16,5,2026-07-28,2026-08-26,21,9.33,2026-08-19,Tairos機器人展,2026
所羅門,6,28,-16,6,2026-07-28,2026-08-27,22,10.07,2026-08-19,Tairos機器人展,2026
所羅門,7,8,-15,-14,2026-07-29,2026-07-30,1,-9.85,2026-08-19,Tairos機器人展,2026
所羅門,7,9,-15,-13,2026-07-29,2026-07-31,2,-11.68,2026-08-19,Tairos機器人展,2026
所羅門,7,10,-15,-12,2026-07-29,2026-08-03,3,-3.28,2026-08-19,Tairos機器人展,2026
所羅門,7,11,-15,-11,2026-07-29,2026-08-04,4,-3.65,2026-08-19,Tairos機器人展,2026
所羅門,7,12,-15,-10,2026-07-29,2026-08-05,5,5.84,2026-08-19,Tairos機器人展,2026
所羅門,7,13,-15,-9,2026-07-29,2026-08-06,6,5.47,2026-08-19,Tairos機器人展,2026
所羅門,7,14,-15,-8,2026-07-29,2026-08-07,7,4.74,2026-08-19,Tairos機器人展,2026
所羅門,7,15,-15,-7,2026-07-29,2026-08-10,8,12.04,2026-08-19,Tairos機器人展,2026
所羅門,7,16,-15,-6,2026-07-29,2026-08-11,9,2.55,2026-08-19,Tairos機器人展,2026
所羅門,7,17,-15,-5,2026-07-29,2026-08-12,10,4.38,2026-08-19,Tairos機器人展,2026
所羅門,7,18,-15,-4,2026-07-29,2026-08-13,11,14.6,2026-08-19,Tairos機器人展,2026
所羅門,7,19,-15,-3,2026-07-29,2026-08-14,12,16.42,2026-08-19,Tairos機器人展,2026
所羅門,7,20,-15,-2,2026-07-29,2026-08-17,13,27.74,2026-08-19,Tairos機器人展,2026
所羅門,7,21,-15,-1,2026-07-29,2026-08-18,14,29.56,2026-08-19,Tairos機器人展,2026
所羅門,7,22,-15,0,2026-07-29,2026-08-19,15,17.52,2026-08-19,Tairos機器人展,2026
所羅門,7,23,-15,1,2026-07-29,2026-08-20,16,15.33,2026-08-19,Tairos機器人展,2026
所羅門,7,24,-15,2,2026-07-29,2026-08-21,17,9.49,2026-08-19,Tairos機器人展,2026
所羅門,7,25,-15,3,2026-07-29,2026-08-24,18,6.2,2026-08-19,Tairos機器人展,2026
所羅門,7,26,-15,4,2026-07-29,2026-08-25,19,5.84,2026-08-19,Tairos機器人展,2026
所羅門,7,27,-15,5,2026-07-29,2026-08-26,20,6.93,2026-08-19,Tairos機器人展,2026
所羅門,7,28,-15,6,2026-07-29,2026-08-27,21,7.66,2026-08-19,Tairos機器人展,2026
所羅門,8,9,-14,-13,2026-07-30,2026-07-31,1,-2.02,2026-08-19,Tairos機器人展,2026
所羅門,8,10,-14,-12,2026-07-30,2026-08-03,2,7.29,2026-08-19,Tairos機器人展,2026
所羅門,8,11,-14,-11,2026-07-30,2026-08-04,3,6.88,2026-08-19,Tairos機器人展,2026
所羅門,8,12,-14,-10,2026-07-30,2026-08-05,4,17.41,2026-08-19,Tairos機器人展,2026
所羅門,8,13,-14,-9,2026-07-30,2026-08-06,5,17.0,2026-08-19,Tairos機器人展,2026
所羅門,8,14,-14,-8,2026-07-30,2026-08-07,6,16.19,2026-08-19,Tairos機器人展,2026
所羅門,8,15,-14,-7,2026-07-30,2026-08-10,7,24.29,2026-08-19,Tairos機器人展,2026
所羅門,8,16,-14,-6,2026-07-30,2026-08-11,8,13.77,2026-08-19,Tairos機器人展,2026
所羅門,8,17,-14,-5,2026-07-30,2026-08-12,9,15.79,2026-08-19,Tairos機器人展,2026
所羅門,8,18,-14,-4,2026-07-30,2026-08-13,10,27.13,2026-08-19,Tairos機器人展,2026
所羅門,8,19,-14,-3,2026-07-30,2026-08-14,11,29.15,2026-08-19,Tairos機器人展,2026
所羅門,8,20,-14,-2,2026-07-30,2026-08-17,12,41.7,2026-08-19,Tairos機器人展,2026
所羅門,8,21,-14,-1,2026-07-30,2026-08-18,13,43.72,2026-08-19,Tairos機器人展,2026
所羅門,8,22,-14,0,2026-07-30,2026-08-19,14,30.36,2026-08-19,Tairos機器人展,2026
所羅門,8,23,-14,1,2026-07-30,2026-08-20,15,27.94,2026-08-19,Tairos機器人展,2026
所羅門,8,24,-14,2,2026-07-30,2026-08-21,16,21.46,2026-08-19,Tairos機器人展,2026
所羅門,8,25,-14,3,2026-07-30,2026-08-24,17,17.81,2026-08-19,Tairos機器人展,2026
所羅門,8,26,-14,4,2026-07-30,2026-08-25,18,17.41,2026-08-19,Tairos機器人展,2026
所羅門,8,27,-14,5,2026-07-30,2026-08-26,19,18.62,2026-08-19,Tairos機器人展,2026
所羅門,8,28,-14,6,2026-07-30,2026-08-27,20,19.43,2026-08-19,Tairos機器人展,2026
所羅門,9,10,-13,-12,2026-07-31,2026-08-03,1,9.5,2026-08-19,Tairos機器人展,2026
所羅門,9,11,-13,-11,2026-07-31,2026-08-04,2,9.09,2026-08-19,Tairos機器人展,2026
所羅門,9,12,-13,-10,2026-07-31,2026-08-05,3,19.83,2026-08-19,Tairos機器人展,2026
所羅門,9,13,-13,-9,2026-07-31,2026-08-06,4,19.42,2026-08-19,Tairos機器人展,2026
所羅門,9,14,-13,-8,2026-07-31,2026-08-07,5,18.6,2026-08-19,Tairos機器人展,2026
所羅門,9,15,-13,-7,2026-07-31,2026-08-10,6,26.86,2026-08-19,Tairos機器人展,2026
所羅門,9,16,-13,-6,2026-07-31,2026-08-11,7,16.12,2026-08-19,Tairos機器人展,2026
所羅門,9,17,-13,-5,2026-07-31,2026-08-12,8,18.18,2026-08-19,Tairos機器人展,2026
所羅門,9,18,-13,-4,2026-07-31,2026-08-13,9,29.75,2026-08-19,Tairos機器人展,2026
所羅門,9,19,-13,-3,2026-07-31,2026-08-14,10,31.82,2026-08-19,Tairos機器人展,2026
所羅門,9,20,-13,-2,2026-07-31,2026-08-17,11,44.63,2026-08-19,Tairos機器人展,2026
所羅門,9,21,-13,-1,2026-07-31,2026-08-18,12,46.69,2026-08-19,Tairos機器人展,2026
所羅門,9,22,-13,0,2026-07-31,2026-08-19,13,33.06,2026-08-19,Tairos機器人展,2026
所羅門,9,23,-13,1,2026-07-31,2026-08-20,14,30.58,2026-08-19,Tairos機器人展,2026
所羅門,9,24,-13,2,2026-07-31,2026-08-21,15,23.97,2026-08-19,Tairos機器人展,2026
所羅門,9,25,-13,3,2026-07-31,2026-08-24,16,20.25,2026-08-19,Tairos機器人展,2026
所羅門,9,26,-13,4,2026-07-31,2026-08-25,17,19.83,2026-08-19,Tairos機器人展,2026
所羅門,9,27,-13,5,2026-07-31,2026-08-26,18,21.07,2026-08-19,Tairos機器人展,2026
所羅門,9,28,-13,6,2026-07-31,2026-08-27,19,21.9,2026-08-19,Tairos機器人展,2026
所羅門,10,11,-12,-11,2026-08-03,2026-08-04,1,-0.38,2026-08-19,Tairos機器人展,2026
所羅門,10,12,-12,-10,2026-08-03,2026-08-05,2,9.43,2026-08-19,Tairos機器人展,2026
所羅門,10,13,-12,-9,2026-08-03,2026-08-06,3,9.06,2026-08-19,Tairos機器人展,2026
所羅門,10,14,-12,-8,2026-08-03,2026-08-07,4,8.3,2026-08-19,Tairos機器人展,2026
所羅門,10,15,-12,-7,2026-08-03,2026-08-10,5,15.85,2026-08-19,Tairos機器人展,2026
所羅門,10,16,-12,-6,2026-08-03,2026-08-11,6,6.04,2026-08-19,Tairos機器人展,2026
所羅門,10,17,-12,-5,2026-08-03,2026-08-12,7,7.92,2026-08-19,Tairos機器人展,2026
所羅門,10,18,-12,-4,2026-08-03,2026-08-13,8,18.49,2026-08-19,Tairos機器人展,2026
所羅門,10,19,-12,-3,2026-08-03,2026-08-14,9,20.38,2026-08-19,Tairos機器人展,2026
所羅門,10,20,-12,-2,2026-08-03,2026-08-17,10,32.08,2026-08-19,Tairos機器人展,2026
所羅門,10,21,-12,-1,2026-08-03,2026-08-18,11,33.96,2026-08-19,Tairos機器人展,2026
所羅門,10,22,-12,0,2026-08-03,2026-08-19,12,21.51,2026-08-19,Tairos機器人展,2026
所羅門,10,23,-12,1,2026-08-03,2026-08-20,13,19.25,2026-08-19,Tairos機器人展,2026
所羅門,10,24,-12,2,2026-08-03,2026-08-21,14,13.21,2026-08-19,Tairos機器人展,2026
所羅門,10,25,-12,3,2026-08-03,2026-08-24,15,9.81,2026-08-19,Tairos機器人展,2026
所羅門,10,26,-12,4,2026-08-03,2026-08-25,16,9.43,2026-08-19,Tairos機器人展,2026
所羅門,10,27,-12,5,2026-08-03,2026-08-26,17,10.57,2026-08-19,Tairos機器人展,2026
所羅門,10,28,-12,6,2026-08-03,2026-08-27,18,11.32,2026-08-19,Tairos機器人展,2026
所羅門,11,12,-11,-10,2026-08-04,2026-08-05,1,9.85,2026-08-19,Tairos機器人展,2026
所羅門,11,13,-11,-9,2026-08-04,2026-08-06,2,9.47,2026-08-19,Tairos機器人展,2026
所羅門,11,14,-11,-8,2026-08-04,2026-08-07,3,8.71,2026-08-19,Tairos機器人展,2026
所羅門,11,15,-11,-7,2026-08-04,2026-08-10,4,16.29,2026-08-19,Tairos機器人展,2026
所羅門,11,16,-11,-6,2026-08-04,2026-08-11,5,6.44,2026-08-19,Tairos機器人展,2026
所羅門,11,17,-11,-5,2026-08-04,2026-08-12,6,8.33,2026-08-19,Tairos機器人展,2026
所羅門,11,18,-11,-4,2026-08-04,2026-08-13,7,18.94,2026-08-19,Tairos機器人展,2026
所羅門,11,19,-11,-3,2026-08-04,2026-08-14,8,20.83,2026-08-19,Tairos機器人展,2026
所羅門,11,20,-11,-2,2026-08-04,2026-08-17,9,32.58,2026-08-19,Tairos機器人展,2026
所羅門,11,21,-11,-1,2026-08-04,2026-08-18,10,34.47,2026-08-19,Tairos機器人展,2026
所羅門,11,22,-11,0,2026-08-04,2026-08-19,11,21.97,2026-08-19,Tairos機器人展,2026
所羅門,11,23,-11,1,2026-08-04,2026-08-20,12,19.7,2026-08-19,Tairos機器人展,2026
所羅門,11,24,-11,2,2026-08-04,2026-08-21,13,13.64,2026-08-19,Tairos機器人展,2026
所羅門,11,25,-11,3,2026-08-04,2026-08-24,14,10.23,2026-08-19,Tairos機器人展,2026
所羅門,11,26,-11,4,2026-08-04,2026-08-25,15,9.85,2026-08-19,Tairos機器人展,2026
所羅門,11,27,-11,5,2026-08-04,2026-08-26,16,10.98,2026-08-19,Tairos機器人展,2026
所羅門,11,28,-11,6,2026-08-04,2026-08-27,17,11.74,2026-08-19,Tairos機器人展,2026
所羅門,12,13,-10,-9,2026-08-05,2026-08-06,1,-0.34,2026-08-19,Tairos機器人展,2026
所羅門,12,14,-10,-8,2026-08-05,2026-08-07,2,-1.03,2026-08-19,Tairos機器人展,2026
所羅門,12,15,-10,-7,2026-08-05,2026-08-10,3,5.86,2026-08-19,Tairos機器人展,2026
所羅門,12,16,-10,-6,2026-08-05,2026-08-11,4,-3.1,2026-08-19,Tairos機器人展,2026
所羅門,12,17,-10,-5,2026-08-05,2026-08-12,5,-1.38,2026-08-19,Tairos機器人展,2026
所羅門,12,18,-10,-4,2026-08-05,2026-08-13,6,8.28,2026-08-19,Tairos機器人展,2026
所羅門,12,19,-10,-3,2026-08-05,2026-08-14,7,10.0,2026-08-19,Tairos機器人展,2026
所羅門,12,20,-10,-2,2026-08-05,2026-08-17,8,20.69,2026-08-19,Tairos機器人展,2026
所羅門,12,21,-10,-1,2026-08-05,2026-08-18,9,22.41,2026-08-19,Tairos機器人展,2026
所羅門,12,22,-10,0,2026-08-05,2026-08-19,10,11.03,2026-08-19,Tairos機器人展,2026
所羅門,12,23,-10,1,2026-08-05,2026-08-20,11,8.97,2026-08-19,Tairos機器人展,2026
所羅門,12,24,-10,2,2026-08-05,2026-08-21,12,3.45,2026-08-19,Tairos機器人展,2026
所羅門,12,25,-10,3,2026-08-05,2026-08-24,13,0.34,2026-08-19,Tairos機器人展,2026
所羅門,12,26,-10,4,2026-08-05,2026-08-25,14,0.0,2026-08-19,Tairos機器人展,2026
所羅門,12,27,-10,5,2026-08-05,2026-08-26,15,1.03,2026-08-19,Tairos機器人展,2026
所羅門,12,28,-10,6,2026-08-05,2026-08-27,16,1.72,2026-08-19,Tairos機器人展,2026
所羅門,13,14,-9,-8,2026-08-06,2026-08-07,1,-0.69,2026-08-19,Tairos機器人展,2026
所羅門,13,15,-9,-7,2026-08-06,2026-08-10,2,6.23,2026-08-19,Tairos機器人展,2026
所羅門,13,16,-9,-6,2026-08-06,2026-08-11,3,-2.77,2026-08-19,Tairos機器人展,2026
所羅門,13,17,-9,-5,2026-08-06,2026-08-12,4,-1.04,2026-08-19,Tairos機器人展,2026
所羅門,13,18,-9,-4,2026-08-06,2026-08-13,5,8.65,2026-08-19,Tairos機器人展,2026
所羅門,13,19,-9,-3,2026-08-06,2026-08-14,6,10.38,2026-08-19,Tairos機器人展,2026
所羅門,13,20,-9,-2,2026-08-06,2026-08-17,7,21.11,2026-08-19,Tairos機器人展,2026
所羅門,13,21,-9,-1,2026-08-06,2026-08-18,8,22.84,2026-08-19,Tairos機器人展,2026
所羅門,13,22,-9,0,2026-08-06,2026-08-19,9,11.42,2026-08-19,Tairos機器人展,2026
所羅門,13,23,-9,1,2026-08-06,2026-08-20,10,9.34,2026-08-19,Tairos機器人展,2026
所羅門,13,24,-9,2,2026-08-06,2026-08-21,11,3.81,2026-08-19,Tairos機器人展,2026
所羅門,13,25,-9,3,2026-08-06,2026-08-24,12,0.69,2026-08-19,Tairos機器人展,2026
所羅門,13,26,-9,4,2026-08-06,2026-08-25,13,0.35,2026-08-19,Tairos機器人展,2026
所羅門,13,27,-9,5,2026-08-06,2026-08-26,14,1.38,2026-08-19,Tairos機器人展,2026
所羅門,13,28,-9,6,2026-08-06,2026-08-27,15,2.08,2026-08-19,Tairos機器人展,2026
所羅門,14,15,-8,-7,2026-08-07,2026-08-10,1,6.97,2026-08-19,Tairos機器人展,2026
所羅門,14,16,-8,-6,2026-08-07,2026-08-11,2,-2.09,2026-08-19,Tairos機器人展,2026
所羅門,14,17,-8,-5,2026-08-07,2026-08-12,3,-0.35,2026-08-19,Tairos機器人展,2026
所羅門,14,18,-8,-4,2026-08-07,2026-08-13,4,9.41,2026-08-19,Tairos機器人展,2026
所羅門,14,19,-8,-3,2026-08-07,2026-08-14,5,11.15,2026-08-19,Tairos機器人展,2026
所羅門,14,20,-8,-2,2026-08-07,2026-08-17,6,21.95,2026-08-19,Tairos機器人展,2026
所羅門,14,21,-8,-1,2026-08-07,2026-08-18,7,23.69,2026-08-19,Tairos機器人展,2026
所羅門,14,22,-8,0,2026-08-07,2026-08-19,8,12.2,2026-08-19,Tairos機器人展,2026
所羅門,14,23,-8,1,2026-08-07,2026-08-20,9,10.1,2026-08-19,Tairos機器人展,2026
所羅門,14,24,-8,2,2026-08-07,2026-08-21,10,4.53,2026-08-19,Tairos機器人展,2026
所羅門,14,25,-8,3,2026-08-07,2026-08-24,11,1.39,2026-08-19,Tairos機器人展,2026
所羅門,14,26,-8,4,2026-08-07,2026-08-25,12,1.05,2026-08-19,Tairos機器人展,2026
所羅門,14,27,-8,5,2026-08-07,2026-08-26,13,2.09,2026-08-19,Tairos機器人展,2026
所羅門,14,28,-8,6,2026-08-07,2026-08-27,14,2.79,2026-08-19,Tairos機器人展,2026
所羅門,15,16,-7,-6,2026-08-10,2026-08-11,1,-8.47,2026-08-19,Tairos機器人展,2026
所羅門,15,17,-7,-5,2026-08-10,2026-08-12,2,-6.84,2026-08-19,Tairos機器人展,2026
所羅門,15,18,-7,-4,2026-08-10,2026-08-13,3,2.28,2026-08-19,Tairos機器人展,2026
所羅門,15,19,-7,-3,2026-08-10,2026-08-14,4,3.91,2026-08-19,Tairos機器人展,2026
所羅門,15,20,-7,-2,2026-08-10,2026-08-17,5,14.01,2026-08-19,Tairos機器人展,2026
所羅門,15,21,-7,-1,2026-08-10,2026-08-18,6,15.64,2026-08-19,Tairos機器人展,2026
所羅門,15,22,-7,0,2026-08-10,2026-08-19,7,4.89,2026-08-19,Tairos機器人展,2026
所羅門,15,23,-7,1,2026-08-10,2026-08-20,8,2.93,2026-08-19,Tairos機器人展,2026
所羅門,15,24,-7,2,2026-08-10,2026-08-21,9,-2.28,2026-08-19,Tairos機器人展,2026
所羅門,15,25,-7,3,2026-08-10,2026-08-24,10,-5.21,2026-08-19,Tairos機器人展,2026
所羅門,15,26,-7,4,2026-08-10,2026-08-25,11,-5.54,2026-08-19,Tairos機器人展,2026
所羅門,15,27,-7,5,2026-08-10,2026-08-26,12,-4.56,2026-08-19,Tairos機器人展,2026
所羅門,15,28,-7,6,2026-08-10,2026-08-27,13,-3.91,2026-08-19,Tairos機器人展,2026
所羅門,16,17,-6,-5,2026-08-11,2026-08-12,1,1.78,2026-08-19,Tairos機器人展,2026
所羅門,16,18,-6,-4,2026-08-11,2026-08-13,2,11.74,2026-08-19,Tairos機器人展,2026
所羅門,16,19,-6,-3,2026-08-11,2026-08-14,3,13.52,2026-08-19,Tairos機器人展,2026
所羅門,16,20,-6,-2,2026-08-11,2026-08-17,4,24.56,2026-08-19,Tairos機器人展,2026
所羅門,16,21,-6,-1,2026-08-11,2026-08-18,5,26.33,2026-08-19,Tairos機器人展,2026
所羅門,16,22,-6,0,2026-08-11,2026-08-19,6,14.59,2026-08-19,Tairos機器人展,2026
所羅門,16,23,-6,1,2026-08-11,2026-08-20,7,12.46,2026-08-19,Tairos機器人展,2026
所羅門,16,24,-6,2,2026-08-11,2026-08-21,8,6.76,2026-08-19,Tairos機器人展,2026
所羅門,16,25,-6,3,2026-08-11,2026-08-24,9,3.56,2026-08-19,Tairos機器人展,2026
所羅門,16,26,-6,4,2026-08-11,2026-08-25,10,3.2,2026-08-19,Tairos機器人展,2026
所羅門,16,27,-6,5,2026-08-11,2026-08-26,11,4.27,2026-08-19,Tairos機器人展,2026
所羅門,16,28,-6,6,2026-08-11,2026-08-27,12,4.98,2026-08-19,Tairos機器人展,2026
所羅門,17,18,-5,-4,2026-08-12,2026-08-13,1,9.79,2026-08-19,Tairos機器人展,2026
所羅門,17,19,-5,-3,2026-08-12,2026-08-14,2,11.54,2026-08-19,Tairos機器人展,2026
所羅門,17,20,-5,-2,2026-08-12,2026-08-17,3,22.38,2026-08-19,Tairos機器人展,2026
所羅門,17,21,-5,-1,2026-08-12,2026-08-18,4,24.13,2026-08-19,Tairos機器人展,2026
所羅門,17,22,-5,0,2026-08-12,2026-08-19,5,12.59,2026-08-19,Tairos機器人展,2026
所羅門,17,23,-5,1,2026-08-12,2026-08-20,6,10.49,2026-08-19,Tairos機器人展,2026
所羅門,17,24,-5,2,2026-08-12,2026-08-21,7,4.9,2026-08-19,Tairos機器人展,2026
所羅門,17,25,-5,3,2026-08-12,2026-08-24,8,1.75,2026-08-19,Tairos機器人展,2026
所羅門,17,26,-5,4,2026-08-12,2026-08-25,9,1.4,2026-08-19,Tairos機器人展,2026
所羅門,17,27,-5,5,2026-08-12,2026-08-26,10,2.45,2026-08-19,Tairos機器人展,2026
所羅門,17,28,-5,6,2026-08-12,2026-08-27,11,3.15,2026-08-19,Tairos機器人展,2026
所羅門,18,19,-4,-3,2026-08-13,2026-08-14,1,1.59,2026-08-19,Tairos機器人展,2026
所羅門,18,20,-4,-2,2026-08-13,2026-08-17,2,11.46,2026-08-19,Tairos機器人展,2026
所羅門,18,21,-4,-1,2026-08-13,2026-08-18,3,13.06,2026-08-19,Tairos機器人展,2026
所羅門,18,22,-4,0,2026-08-13,2026-08-19,4,2.55,2026-08-19,Tairos機器人展,2026
所羅門,18,23,-4,1,2026-08-13,2026-08-20,5,0.64,2026-08-19,Tairos機器人展,2026
所羅門,18,24,-4,2,2026-08-13,2026-08-21,6,-4.46,2026-08-19,Tairos機器人展,2026
所羅門,18,25,-4,3,2026-08-13,2026-08-24,7,-7.32,2026-08-19,Tairos機器人展,2026
所羅門,18,26,-4,4,2026-08-13,2026-08-25,8,-7.64,2026-08-19,Tairos機器人展,2026
所羅門,18,27,-4,5,2026-08-13,2026-08-26,9,-6.69,2026-08-19,Tairos機器人展,2026
所羅門,18,28,-4,6,2026-08-13,2026-08-27,10,-6.05,2026-08-19,Tairos機器人展,2026
所羅門,19,20,-3,-2,2026-08-14,2026-08-17,1,9.72,2026-08-19,Tairos機器人展,2026
所羅門,19,21,-3,-1,2026-08-14,2026-08-18,2,11.29,2026-08-19,Tairos機器人展,2026
所羅門,19,22,-3,0,2026-08-14,2026-08-19,3,0.94,2026-08-19,Tairos機器人展,2026
所羅門,19,23,-3,1,2026-08-14,2026-08-20,4,-0.94,2026-08-19,Tairos機器人展,2026
所羅門,19,24,-3,2,2026-08-14,2026-08-21,5,-5.96,2026-08-19,Tairos機器人展,2026
所羅門,19,25,-3,3,2026-08-14,2026-08-24,6,-8.78,2026-08-19,Tairos機器人展,2026
所羅門,19,26,-3,4,2026-08-14,2026-08-25,7,-9.09,2026-08-19,Tairos機器人展,2026
所羅門,19,27,-3,5,2026-08-14,2026-08-26,8,-8.15,2026-08-19,Tairos機器人展,2026
所羅門,19,28,-3,6,2026-08-14,2026-08-27,9,-7.52,2026-08-19,Tairos機器人展,2026
所羅門,20,21,-2,-1,2026-08-17,2026-08-18,1,1.43,2026-08-19,Tairos機器人展,2026
所羅門,20,22,-2,0,2026-08-17,2026-08-19,2,-8.0,2026-08-19,Tairos機器人展,2026
所羅門,20,23,-2,1,2026-08-17,2026-08-20,3,-9.71,2026-08-19,Tairos機器人展,2026
所羅門,20,24,-2,2,2026-08-17,2026-08-21,4,-14.29,2026-08-19,Tairos機器人展,2026
所羅門,20,25,-2,3,2026-08-17,2026-08-24,5,-16.86,2026-08-19,Tairos機器人展,2026
所羅門,20,26,-2,4,2026-08-17,2026-08-25,6,-17.14,2026-08-19,Tairos機器人展,2026
所羅門,20,27,-2,5,2026-08-17,2026-08-26,7,-16.29,2026-08-19,Tairos機器人展,2026
所羅門,20,28,-2,6,2026-08-17,2026-08-27,8,-15.71,2026-08-19,Tairos機器人展,2026
所羅門,21,22,-1,0,2026-08-18,2026-08-19,1,-9.3,2026-08-19,Tairos機器人展,2026
所羅門,21,23,-1,1,2026-08-18,2026-08-20,2,-10.99,2026-08-19,Tairos機器人展,2026
所羅門,21,24,-1,2,2026-08-18,2026-08-21,3,-15.49,2026-08-19,Tairos機器人展,2026
所羅門,21,25,-1,3,2026-08-18,2026-08-24,4,-18.03,2026-08-19,Tairos機器人展,2026
所羅門,21,26,-1,4,2026-08-18,2026-08-25,5,-18.31,2026-08-19,Tairos機器人展,2026
所羅門,21,27,-1,5,2026-08-18,2026-08-26,6,-17.46,2026-08-19,Tairos機器人展,2026
所羅門,21,28,-1,6,2026-08-18,2026-08-27,7,-16.9,2026-08-19,Tairos機器人展,2026
所羅門,22,23,0,1,2026-08-19,2026-08-20,1,-1.86,2026-08-19,Tairos機器人展,2026
所羅門,22,24,0,2,2026-08-19,2026-08-21,2,-6.83,2026-08-19,Tairos機器人展,2026
所羅門,22,25,0,3,2026-08-19,2026-08-24,3,-9.63,2026-08-19,Tairos機器人展,2026
所羅門,22,26,0,4,2026-08-19,2026-08-25,4,-9.94,2026-08-19,Tairos機器人展,2026
所羅門,22,27,0,5,2026-08-19,2026-08-26,5,-9.01,2026-08-19,Tairos機器人展,2026
所羅門,22,28,0,6,2026-08-19,2026-08-27,6,-8.39,2026-08-19,Tairos機器人展,2026
所羅門,23,24,1,2,2026-08-20,2026-08-21,1,-5.06,2026-08-19,Tairos機器人展,2026
所羅門,23,25,1,3,2026-08-20,2026-08-24,2,-7.91,2026-08-19,Tairos機器人展,2026
所羅門,23,26,1,4,2026-08-20,2026-08-25,3,-8.23,2026-08-19,Tairos機器人展,2026
所羅門,23,27,1,5,2026-08-20,2026-08-26,4,-7.28,2026-08-19,Tairos機器人展,2026
所羅門,23,28,1,6,2026-08-20,2026-08-27,5,-6.65,2026-08-19,Tairos機器人展,2026
所羅門,24,25,2,3,2026-08-21,2026-08-24,1,-3.0,2026-08-19,Tairos機器人展,2026
所羅門,24,26,2,4,2026-08-21,2026-08-25,2,-3.33,2026-08-19,Tairos機器人展,2026
所羅門,24,27,2,5,2026-08-21,2026-08-26,3,-2.33,2026-08-19,Tairos機器人展,2026
所羅門,24,28,2,6,2026-08-21,2026-08-27,4,-1.67,2026-08-19,Tairos機器人展,2026
所羅門,25,26,3,4,2026-08-24,2026-08-25,1,-0.34,2026-08-19,Tairos機器人展,2026
所羅門,25,27,3,5,2026-08-24,2026-08-26,2,0.69,2026-08-19,Tairos機器人展,2026
所羅門,25,28,3,6,2026-08-24,2026-08-27,3,1.37,2026-08-19,Tairos機器人展,2026
所羅門,26,27,4,5,2026-08-25,2026-08-26,1,1.03,2026-08-19,Tairos機器人展,2026
所羅門,26,28,4,6,2026-08-25,2026-08-27,2,1.72,2026-08-19,Tairos機器人展,2026
所羅門,27,28,5,6,2026-08-26,2026-08-27,1,0.68,2026-08-19,Tairos機器人展,2026
直得,0,1,-22,-21,2026-07-20,2026-07-21,1,2.46,2026-08-19,Tairos機器人展,2026
直得,0,2,-22,-20,2026-07-20,2026-07-22,2,5.74,2026-08-19,Tairos機器人展,2026
直得,0,3,-22,-19,2026-07-20,2026-07-23,3,10.25,2026-08-19,Tairos機器人展,2026
直得,0,4,-22,-18,2026-07-20,2026-07-24,4,3.28,2026-08-19,Tairos機器人展,2026
直得,0,5,-22,-17,2026-07-20,2026-07-27,5,5.33,2026-08-19,Tairos機器人展,2026
直得,0,6,-22,-16,2026-07-20,2026-07-28,6,-3.69,2026-08-19,Tairos機器人展,2026
直得,0,7,-22,-15,2026-07-20,2026-07-29,7,-10.25,2026-08-19,Tairos機器人展,2026
直得,0,8,-22,-14,2026-07-20,2026-07-30,8,-14.75,2026-08-19,Tairos機器人展,2026
直得,0,9,-22,-13,2026-07-20,2026-07-31,9,-6.56,2026-08-19,Tairos機器人展,2026
直得,0,10,-22,-12,2026-07-20,2026-08-03,10,2.46,2026-08-19,Tairos機器人展,2026
直得,0,11,-22,-11,2026-07-20,2026-08-04,11,7.38,2026-08-19,Tairos機器人展,2026
直得,0,12,-22,-10,2026-07-20,2026-08-05,12,12.7,2026-08-19,Tairos機器人展,2026
直得,0,13,-22,-9,2026-07-20,2026-08-06,13,17.21,2026-08-19,Tairos機器人展,2026
直得,0,14,-22,-8,2026-07-20,2026-08-07,14,15.57,2026-08-19,Tairos機器人展,2026
直得,0,15,-22,-7,2026-07-20,2026-08-10,15,22.13,2026-08-19,Tairos機器人展,2026
直得,0,16,-22,-6,2026-07-20,2026-08-11,16,21.31,2026-08-19,Tairos機器人展,2026
直得,0,17,-22,-5,2026-07-20,2026-08-12,17,22.13,2026-08-19,Tairos機器人展,2026
直得,0,18,-22,-4,2026-07-20,2026-08-13,18,22.95,2026-08-19,Tairos機器人展,2026
直得,0,19,-22,-3,2026-07-20,2026-08-14,19,17.62,2026-08-19,Tairos機器人展,2026
直得,0,20,-22,-2,2026-07-20,2026-08-17,20,18.85,2026-08-19,Tairos機器人展,2026
直得,0,21,-22,-1,2026-07-20,2026-08-18,21,14.34,2026-08-19,Tairos機器人展,2026
直得,0,22,-22,0,2026-07-20,2026-08-19,22,10.66,2026-08-19,Tairos機器人展,2026
直得,0,23,-22,1,2026-07-20,2026-08-20,23,11.23,2026-08-19,Tairos機器人展,2026
直得,0,24,-22,2,2026-07-20,2026-08-21,24,9.58,2026-08-19,Tairos機器人展,2026
直得,0,25,-22,3,2026-07-20,2026-08-24,25,8.35,2026-08-19,Tairos機器人展,2026
直得,0,26,-22,4,2026-07-20,2026-08-25,26,7.11,2026-08-19,Tairos機器人展,2026
直得,0,27,-22,5,2026-07-20,2026-08-26,27,10.82,2026-08-19,Tairos機器人展,2026
直得,0,28,-22,6,2026-07-20,2026-08-27,28,21.53,2026-08-19,Tairos機器人展,2026
直得,1,2,-21,-20,2026-07-21,2026-07-22,1,3.2,2026-08-19,Tairos機器人展,2026
直得,1,3,-21,-19,2026-07-21,2026-07-23,2,7.6,2026-08-19,Tairos機器人展,2026
直得,1,4,-21,-18,2026-07-21,2026-07-24,3,0.8,2026-08-19,Tairos機器人展,2026
直得,1,5,-21,-17,2026-07-21,2026-07-27,4,2.8,2026-08-19,Tairos機器人展,2026
直得,1,6,-21,-16,2026-07-21,2026-07-28,5,-6.0,2026-08-19,Tairos機器人展,2026
直得,1,7,-21,-15,2026-07-21,2026-07-29,6,-12.4,2026-08-19,Tairos機器人展,2026
直得,1,8,-21,-14,2026-07-21,2026-07-30,7,-16.8,2026-08-19,Tairos機器人展,2026
直得,1,9,-21,-13,2026-07-21,2026-07-31,8,-8.8,2026-08-19,Tairos機器人展,2026
直得,1,10,-21,-12,2026-07-21,2026-08-03,9,0.0,2026-08-19,Tairos機器人展,2026
直得,1,11,-21,-11,2026-07-21,2026-08-04,10,4.8,2026-08-19,Tairos機器人展,2026
直得,1,12,-21,-10,2026-07-21,2026-08-05,11,10.0,2026-08-19,Tairos機器人展,2026
直得,1,13,-21,-9,2026-07-21,2026-08-06,12,14.4,2026-08-19,Tairos機器人展,2026
直得,1,14,-21,-8,2026-07-21,2026-08-07,13,12.8,2026-08-19,Tairos機器人展,2026
直得,1,15,-21,-7,2026-07-21,2026-08-10,14,19.2,2026-08-19,Tairos機器人展,2026
直得,1,16,-21,-6,2026-07-21,2026-08-11,15,18.4,2026-08-19,Tairos機器人展,2026
直得,1,17,-21,-5,2026-07-21,2026-08-12,16,19.2,2026-08-19,Tairos機器人展,2026
直得,1,18,-21,-4,2026-07-21,2026-08-13,17,20.0,2026-08-19,Tairos機器人展,2026
直得,1,19,-21,-3,2026-07-21,2026-08-14,18,14.8,2026-08-19,Tairos機器人展,2026
直得,1,20,-21,-2,2026-07-21,2026-08-17,19,16.0,2026-08-19,Tairos機器人展,2026
直得,1,21,-21,-1,2026-07-21,2026-08-18,20,11.6,2026-08-19,Tairos機器人展,2026
直得,1,22,-21,0,2026-07-21,2026-08-19,21,8.0,2026-08-19,Tairos機器人展,2026
直得,1,23,-21,1,2026-07-21,2026-08-20,22,8.56,2026-08-19,Tairos機器人展,2026
直得,1,24,-21,2,2026-07-21,2026-08-21,23,6.95,2026-08-19,Tairos機器人展,2026
直得,1,25,-21,3,2026-07-21,2026-08-24,24,5.75,2026-08-19,Tairos機器人展,2026
直得,1,26,-21,4,2026-07-21,2026-08-25,25,4.54,2026-08-19,Tairos機器人展,2026
直得,1,27,-21,5,2026-07-21,2026-08-26,26,8.16,2026-08-19,Tairos機器人展,2026
直得,1,28,-21,6,2026-07-21,2026-08-27,27,18.62,2026-08-19,Tairos機器人展,2026
直得,2,3,-20,-19,2026-07-22,2026-07-23,1,4.26,2026-08-19,Tairos機器人展,2026
直得,2,4,-20,-18,2026-07-22,2026-07-24,2,-2.33,2026-08-19,Tairos機器人展,2026
直得,2,5,-20,-17,2026-07-22,2026-07-27,3,-0.39,2026-08-19,Tairos機器人展,2026
直得,2,6,-20,-16,2026-07-22,2026-07-28,4,-8.91,2026-08-19,Tairos機器人展,2026
直得,2,7,-20,-15,2026-07-22,2026-07-29,5,-15.12,2026-08-19,Tairos機器人展,2026
直得,2,8,-20,-14,2026-07-22,2026-07-30,6,-19.38,2026-08-19,Tairos機器人展,2026
直得,2,9,-20,-13,2026-07-22,2026-07-31,7,-11.63,2026-08-19,Tairos機器人展,2026
直得,2,10,-20,-12,2026-07-22,2026-08-03,8,-3.1,2026-08-19,Tairos機器人展,2026
直得,2,11,-20,-11,2026-07-22,2026-08-04,9,1.55,2026-08-19,Tairos機器人展,2026
直得,2,12,-20,-10,2026-07-22,2026-08-05,10,6.59,2026-08-19,Tairos機器人展,2026
直得,2,13,-20,-9,2026-07-22,2026-08-06,11,10.85,2026-08-19,Tairos機器人展,2026
直得,2,14,-20,-8,2026-07-22,2026-08-07,12,9.3,2026-08-19,Tairos機器人展,2026
直得,2,15,-20,-7,2026-07-22,2026-08-10,13,15.5,2026-08-19,Tairos機器人展,2026
直得,2,16,-20,-6,2026-07-22,2026-08-11,14,14.73,2026-08-19,Tairos機器人展,2026
直得,2,17,-20,-5,2026-07-22,2026-08-12,15,15.5,2026-08-19,Tairos機器人展,2026
直得,2,18,-20,-4,2026-07-22,2026-08-13,16,16.28,2026-08-19,Tairos機器人展,2026
直得,2,19,-20,-3,2026-07-22,2026-08-14,17,11.24,2026-08-19,Tairos機器人展,2026
直得,2,20,-20,-2,2026-07-22,2026-08-17,18,12.4,2026-08-19,Tairos機器人展,2026
直得,2,21,-20,-1,2026-07-22,2026-08-18,19,8.14,2026-08-19,Tairos機器人展,2026
直得,2,22,-20,0,2026-07-22,2026-08-19,20,4.65,2026-08-19,Tairos機器人展,2026
直得,2,23,-20,1,2026-07-22,2026-08-20,21,5.2,2026-08-19,Tairos機器人展,2026
直得,2,24,-20,2,2026-07-22,2026-08-21,22,3.64,2026-08-19,Tairos機器人展,2026
直得,2,25,-20,3,2026-07-22,2026-08-24,23,2.47,2026-08-19,Tairos機器人展,2026
直得,2,26,-20,4,2026-07-22,2026-08-25,24,1.3,2026-08-19,Tairos機器人展,2026
直得,2,27,-20,5,2026-07-22,2026-08-26,25,4.81,2026-08-19,Tairos機器人展,2026
直得,2,28,-20,6,2026-07-22,2026-08-27,26,14.94,2026-08-19,Tairos機器人展,2026
直得,3,4,-19,-18,2026-07-23,2026-07-24,1,-6.32,2026-08-19,Tairos機器人展,2026
直得,3,5,-19,-17,2026-07-23,2026-07-27,2,-4.46,2026-08-19,Tairos機器人展,2026
直得,3,6,-19,-16,2026-07-23,2026-07-28,3,-12.64,2026-08-19,Tairos機器人展,2026
直得,3,7,-19,-15,2026-07-23,2026-07-29,4,-18.59,2026-08-19,Tairos機器人展,2026
直得,3,8,-19,-14,2026-07-23,2026-07-30,5,-22.68,2026-08-19,Tairos機器人展,2026
直得,3,9,-19,-13,2026-07-23,2026-07-31,6,-15.24,2026-08-19,Tairos機器人展,2026
直得,3,10,-19,-12,2026-07-23,2026-08-03,7,-7.06,2026-08-19,Tairos機器人展,2026
直得,3,11,-19,-11,2026-07-23,2026-08-04,8,-2.6,2026-08-19,Tairos機器人展,2026
直得,3,12,-19,-10,2026-07-23,2026-08-05,9,2.23,2026-08-19,Tairos機器人展,2026
直得,3,13,-19,-9,2026-07-23,2026-08-06,10,6.32,2026-08-19,Tairos機器人展,2026
直得,3,14,-19,-8,2026-07-23,2026-08-07,11,4.83,2026-08-19,Tairos機器人展,2026
直得,3,15,-19,-7,2026-07-23,2026-08-10,12,10.78,2026-08-19,Tairos機器人展,2026
直得,3,16,-19,-6,2026-07-23,2026-08-11,13,10.04,2026-08-19,Tairos機器人展,2026
直得,3,17,-19,-5,2026-07-23,2026-08-12,14,10.78,2026-08-19,Tairos機器人展,2026
直得,3,18,-19,-4,2026-07-23,2026-08-13,15,11.52,2026-08-19,Tairos機器人展,2026
直得,3,19,-19,-3,2026-07-23,2026-08-14,16,6.69,2026-08-19,Tairos機器人展,2026
直得,3,20,-19,-2,2026-07-23,2026-08-17,17,7.81,2026-08-19,Tairos機器人展,2026
直得,3,21,-19,-1,2026-07-23,2026-08-18,18,3.72,2026-08-19,Tairos機器人展,2026
直得,3,22,-19,0,2026-07-23,2026-08-19,19,0.37,2026-08-19,Tairos機器人展,2026
直得,3,23,-19,1,2026-07-23,2026-08-20,20,0.89,2026-08-19,Tairos機器人展,2026
直得,3,24,-19,2,2026-07-23,2026-08-21,21,-0.6,2026-08-19,Tairos機器人展,2026
直得,3,25,-19,3,2026-07-23,2026-08-24,22,-1.72,2026-08-19,Tairos機器人展,2026
直得,3,26,-19,4,2026-07-23,2026-08-25,23,-2.84,2026-08-19,Tairos機器人展,2026
直得,3,27,-19,5,2026-07-23,2026-08-26,24,0.52,2026-08-19,Tairos機器人展,2026
直得,3,28,-19,6,2026-07-23,2026-08-27,25,10.24,2026-08-19,Tairos機器人展,2026
直得,4,5,-18,-17,2026-07-24,2026-07-27,1,1.98,2026-08-19,Tairos機器人展,2026
直得,4,6,-18,-16,2026-07-24,2026-07-28,2,-6.75,2026-08-19,Tairos機器人展,2026
直得,4,7,-18,-15,2026-07-24,2026-07-29,3,-13.1,2026-08-19,Tairos機器人展,2026
直得,4,8,-18,-14,2026-07-24,2026-07-30,4,-17.46,2026-08-19,Tairos機器人展,2026
直得,4,9,-18,-13,2026-07-24,2026-07-31,5,-9.52,2026-08-19,Tairos機器人展,2026
直得,4,10,-18,-12,2026-07-24,2026-08-03,6,-0.79,2026-08-19,Tairos機器人展,2026
直得,4,11,-18,-11,2026-07-24,2026-08-04,7,3.97,2026-08-19,Tairos機器人展,2026
直得,4,12,-18,-10,2026-07-24,2026-08-05,8,9.13,2026-08-19,Tairos機器人展,2026
直得,4,13,-18,-9,2026-07-24,2026-08-06,9,13.49,2026-08-19,Tairos機器人展,2026
直得,4,14,-18,-8,2026-07-24,2026-08-07,10,11.9,2026-08-19,Tairos機器人展,2026
直得,4,15,-18,-7,2026-07-24,2026-08-10,11,18.25,2026-08-19,Tairos機器人展,2026
直得,4,16,-18,-6,2026-07-24,2026-08-11,12,17.46,2026-08-19,Tairos機器人展,2026
直得,4,17,-18,-5,2026-07-24,2026-08-12,13,18.25,2026-08-19,Tairos機器人展,2026
直得,4,18,-18,-4,2026-07-24,2026-08-13,14,19.05,2026-08-19,Tairos機器人展,2026
直得,4,19,-18,-3,2026-07-24,2026-08-14,15,13.89,2026-08-19,Tairos機器人展,2026
直得,4,20,-18,-2,2026-07-24,2026-08-17,16,15.08,2026-08-19,Tairos機器人展,2026
直得,4,21,-18,-1,2026-07-24,2026-08-18,17,10.71,2026-08-19,Tairos機器人展,2026
直得,4,22,-18,0,2026-07-24,2026-08-19,18,7.14,2026-08-19,Tairos機器人展,2026
直得,4,23,-18,1,2026-07-24,2026-08-20,19,7.7,2026-08-19,Tairos機器人展,2026
直得,4,24,-18,2,2026-07-24,2026-08-21,20,6.11,2026-08-19,Tairos機器人展,2026
直得,4,25,-18,3,2026-07-24,2026-08-24,21,4.91,2026-08-19,Tairos機器人展,2026
直得,4,26,-18,4,2026-07-24,2026-08-25,22,3.71,2026-08-19,Tairos機器人展,2026
直得,4,27,-18,5,2026-07-24,2026-08-26,23,7.3,2026-08-19,Tairos機器人展,2026
直得,4,28,-18,6,2026-07-24,2026-08-27,24,17.67,2026-08-19,Tairos機器人展,2026
直得,5,6,-17,-16,2026-07-27,2026-07-28,1,-8.56,2026-08-19,Tairos機器人展,2026
直得,5,7,-17,-15,2026-07-27,2026-07-29,2,-14.79,2026-08-19,Tairos機器人展,2026
直得,5,8,-17,-14,2026-07-27,2026-07-30,3,-19.07,2026-08-19,Tairos機器人展,2026
直得,5,9,-17,-13,2026-07-27,2026-07-31,4,-11.28,2026-08-19,Tairos機器人展,2026
直得,5,10,-17,-12,2026-07-27,2026-08-03,5,-2.72,2026-08-19,Tairos機器人展,2026
直得,5,11,-17,-11,2026-07-27,2026-08-04,6,1.95,2026-08-19,Tairos機器人展,2026
直得,5,12,-17,-10,2026-07-27,2026-08-05,7,7.0,2026-08-19,Tairos機器人展,2026
直得,5,13,-17,-9,2026-07-27,2026-08-06,8,11.28,2026-08-19,Tairos機器人展,2026
直得,5,14,-17,-8,2026-07-27,2026-08-07,9,9.73,2026-08-19,Tairos機器人展,2026
直得,5,15,-17,-7,2026-07-27,2026-08-10,10,15.95,2026-08-19,Tairos機器人展,2026
直得,5,16,-17,-6,2026-07-27,2026-08-11,11,15.18,2026-08-19,Tairos機器人展,2026
直得,5,17,-17,-5,2026-07-27,2026-08-12,12,15.95,2026-08-19,Tairos機器人展,2026
直得,5,18,-17,-4,2026-07-27,2026-08-13,13,16.73,2026-08-19,Tairos機器人展,2026
直得,5,19,-17,-3,2026-07-27,2026-08-14,14,11.67,2026-08-19,Tairos機器人展,2026
直得,5,20,-17,-2,2026-07-27,2026-08-17,15,12.84,2026-08-19,Tairos機器人展,2026
直得,5,21,-17,-1,2026-07-27,2026-08-18,16,8.56,2026-08-19,Tairos機器人展,2026
直得,5,22,-17,0,2026-07-27,2026-08-19,17,5.06,2026-08-19,Tairos機器人展,2026
直得,5,23,-17,1,2026-07-27,2026-08-20,18,5.61,2026-08-19,Tairos機器人展,2026
直得,5,24,-17,2,2026-07-27,2026-08-21,19,4.04,2026-08-19,Tairos機器人展,2026
直得,5,25,-17,3,2026-07-27,2026-08-24,20,2.87,2026-08-19,Tairos機器人展,2026
直得,5,26,-17,4,2026-07-27,2026-08-25,21,1.69,2026-08-19,Tairos機器人展,2026
直得,5,27,-17,5,2026-07-27,2026-08-26,22,5.21,2026-08-19,Tairos機器人展,2026
直得,5,28,-17,6,2026-07-27,2026-08-27,23,15.38,2026-08-19,Tairos機器人展,2026
直得,6,7,-16,-15,2026-07-28,2026-07-29,1,-6.81,2026-08-19,Tairos機器人展,2026
直得,6,8,-16,-14,2026-07-28,2026-07-30,2,-11.49,2026-08-19,Tairos機器人展,2026
直得,6,9,-16,-13,2026-07-28,2026-07-31,3,-2.98,2026-08-19,Tairos機器人展,2026
直得,6,10,-16,-12,2026-07-28,2026-08-03,4,6.38,2026-08-19,Tairos機器人展,2026
直得,6,11,-16,-11,2026-07-28,2026-08-04,5,11.49,2026-08-19,Tairos機器人展,2026
直得,6,12,-16,-10,2026-07-28,2026-08-05,6,17.02,2026-08-19,Tairos機器人展,2026
直得,6,13,-16,-9,2026-07-28,2026-08-06,7,21.7,2026-08-19,Tairos機器人展,2026
直得,6,14,-16,-8,2026-07-28,2026-08-07,8,20.0,2026-08-19,Tairos機器人展,2026
直得,6,15,-16,-7,2026-07-28,2026-08-10,9,26.81,2026-08-19,Tairos機器人展,2026
直得,6,16,-16,-6,2026-07-28,2026-08-11,10,25.96,2026-08-19,Tairos機器人展,2026
直得,6,17,-16,-5,2026-07-28,2026-08-12,11,26.81,2026-08-19,Tairos機器人展,2026
直得,6,18,-16,-4,2026-07-28,2026-08-13,12,27.66,2026-08-19,Tairos機器人展,2026
直得,6,19,-16,-3,2026-07-28,2026-08-14,13,22.13,2026-08-19,Tairos機器人展,2026
直得,6,20,-16,-2,2026-07-28,2026-08-17,14,23.4,2026-08-19,Tairos機器人展,2026
直得,6,21,-16,-1,2026-07-28,2026-08-18,15,18.72,2026-08-19,Tairos機器人展,2026
直得,6,22,-16,0,2026-07-28,2026-08-19,16,14.89,2026-08-19,Tairos機器人展,2026
直得,6,23,-16,1,2026-07-28,2026-08-20,17,15.49,2026-08-19,Tairos機器人展,2026
直得,6,24,-16,2,2026-07-28,2026-08-21,18,13.78,2026-08-19,Tairos機器人展,2026
直得,6,25,-16,3,2026-07-28,2026-08-24,19,12.5,2026-08-19,Tairos機器人展,2026
直得,6,26,-16,4,2026-07-28,2026-08-25,20,11.21,2026-08-19,Tairos機器人展,2026
直得,6,27,-16,5,2026-07-28,2026-08-26,21,15.06,2026-08-19,Tairos機器人展,2026
直得,6,28,-16,6,2026-07-28,2026-08-27,22,26.19,2026-08-19,Tairos機器人展,2026
直得,7,8,-15,-14,2026-07-29,2026-07-30,1,-5.02,2026-08-19,Tairos機器人展,2026
直得,7,9,-15,-13,2026-07-29,2026-07-31,2,4.11,2026-08-19,Tairos機器人展,2026
直得,7,10,-15,-12,2026-07-29,2026-08-03,3,14.16,2026-08-19,Tairos機器人展,2026
直得,7,11,-15,-11,2026-07-29,2026-08-04,4,19.63,2026-08-19,Tairos機器人展,2026
直得,7,12,-15,-10,2026-07-29,2026-08-05,5,25.57,2026-08-19,Tairos機器人展,2026
直得,7,13,-15,-9,2026-07-29,2026-08-06,6,30.59,2026-08-19,Tairos機器人展,2026
直得,7,14,-15,-8,2026-07-29,2026-08-07,7,28.77,2026-08-19,Tairos機器人展,2026
直得,7,15,-15,-7,2026-07-29,2026-08-10,8,36.07,2026-08-19,Tairos機器人展,2026
直得,7,16,-15,-6,2026-07-29,2026-08-11,9,35.16,2026-08-19,Tairos機器人展,2026
直得,7,17,-15,-5,2026-07-29,2026-08-12,10,36.07,2026-08-19,Tairos機器人展,2026
直得,7,18,-15,-4,2026-07-29,2026-08-13,11,36.99,2026-08-19,Tairos機器人展,2026
直得,7,19,-15,-3,2026-07-29,2026-08-14,12,31.05,2026-08-19,Tairos機器人展,2026
直得,7,20,-15,-2,2026-07-29,2026-08-17,13,32.42,2026-08-19,Tairos機器人展,2026
直得,7,21,-15,-1,2026-07-29,2026-08-18,14,27.4,2026-08-19,Tairos機器人展,2026
直得,7,22,-15,0,2026-07-29,2026-08-19,15,23.29,2026-08-19,Tairos機器人展,2026
直得,7,23,-15,1,2026-07-29,2026-08-20,16,23.93,2026-08-19,Tairos機器人展,2026
直得,7,24,-15,2,2026-07-29,2026-08-21,17,22.09,2026-08-19,Tairos機器人展,2026
直得,7,25,-15,3,2026-07-29,2026-08-24,18,20.72,2026-08-19,Tairos機器人展,2026
直得,7,26,-15,4,2026-07-29,2026-08-25,19,19.34,2026-08-19,Tairos機器人展,2026
直得,7,27,-15,5,2026-07-29,2026-08-26,20,23.47,2026-08-19,Tairos機器人展,2026
直得,7,28,-15,6,2026-07-29,2026-08-27,21,35.41,2026-08-19,Tairos機器人展,2026
直得,8,9,-14,-13,2026-07-30,2026-07-31,1,9.62,2026-08-19,Tairos機器人展,2026
直得,8,10,-14,-12,2026-07-30,2026-08-03,2,20.19,2026-08-19,Tairos機器人展,2026
直得,8,11,-14,-11,2026-07-30,2026-08-04,3,25.96,2026-08-19,Tairos機器人展,2026
直得,8,12,-14,-10,2026-07-30,2026-08-05,4,32.21,2026-08-19,Tairos機器人展,2026
直得,8,13,-14,-9,2026-07-30,2026-08-06,5,37.5,2026-08-19,Tairos機器人展,2026
直得,8,14,-14,-8,2026-07-30,2026-08-07,6,35.58,2026-08-19,Tairos機器人展,2026
直得,8,15,-14,-7,2026-07-30,2026-08-10,7,43.27,2026-08-19,Tairos機器人展,2026
直得,8,16,-14,-6,2026-07-30,2026-08-11,8,42.31,2026-08-19,Tairos機器人展,2026
直得,8,17,-14,-5,2026-07-30,2026-08-12,9,43.27,2026-08-19,Tairos機器人展,2026
直得,8,18,-14,-4,2026-07-30,2026-08-13,10,44.23,2026-08-19,Tairos機器人展,2026
直得,8,19,-14,-3,2026-07-30,2026-08-14,11,37.98,2026-08-19,Tairos機器人展,2026
直得,8,20,-14,-2,2026-07-30,2026-08-17,12,39.42,2026-08-19,Tairos機器人展,2026
直得,8,21,-14,-1,2026-07-30,2026-08-18,13,34.13,2026-08-19,Tairos機器人展,2026
直得,8,22,-14,0,2026-07-30,2026-08-19,14,29.81,2026-08-19,Tairos機器人展,2026
直得,8,23,-14,1,2026-07-30,2026-08-20,15,30.48,2026-08-19,Tairos機器人展,2026
直得,8,24,-14,2,2026-07-30,2026-08-21,16,28.55,2026-08-19,Tairos機器人展,2026
直得,8,25,-14,3,2026-07-30,2026-08-24,17,27.1,2026-08-19,Tairos機器人展,2026
直得,8,26,-14,4,2026-07-30,2026-08-25,18,25.65,2026-08-19,Tairos機器人展,2026
直得,8,27,-14,5,2026-07-30,2026-08-26,19,30.0,2026-08-19,Tairos機器人展,2026
直得,8,28,-14,6,2026-07-30,2026-08-27,20,42.57,2026-08-19,Tairos機器人展,2026
直得,9,10,-13,-12,2026-07-31,2026-08-03,1,9.65,2026-08-19,Tairos機器人展,2026
直得,9,11,-13,-11,2026-07-31,2026-08-04,2,14.91,2026-08-19,Tairos機器人展,2026
直得,9,12,-13,-10,2026-07-31,2026-08-05,3,20.61,2026-08-19,Tairos機器人展,2026
直得,9,13,-13,-9,2026-07-31,2026-08-06,4,25.44,2026-08-19,Tairos機器人展,2026
直得,9,14,-13,-8,2026-07-31,2026-08-07,5,23.68,2026-08-19,Tairos機器人展,2026
直得,9,15,-13,-7,2026-07-31,2026-08-10,6,30.7,2026-08-19,Tairos機器人展,2026
直得,9,16,-13,-6,2026-07-31,2026-08-11,7,29.82,2026-08-19,Tairos機器人展,2026
直得,9,17,-13,-5,2026-07-31,2026-08-12,8,30.7,2026-08-19,Tairos機器人展,2026
直得,9,18,-13,-4,2026-07-31,2026-08-13,9,31.58,2026-08-19,Tairos機器人展,2026
直得,9,19,-13,-3,2026-07-31,2026-08-14,10,25.88,2026-08-19,Tairos機器人展,2026
直得,9,20,-13,-2,2026-07-31,2026-08-17,11,27.19,2026-08-19,Tairos機器人展,2026
直得,9,21,-13,-1,2026-07-31,2026-08-18,12,22.37,2026-08-19,Tairos機器人展,2026
直得,9,22,-13,0,2026-07-31,2026-08-19,13,18.42,2026-08-19,Tairos機器人展,2026
直得,9,23,-13,1,2026-07-31,2026-08-20,14,19.04,2026-08-19,Tairos機器人展,2026
直得,9,24,-13,2,2026-07-31,2026-08-21,15,17.27,2026-08-19,Tairos機器人展,2026
直得,9,25,-13,3,2026-07-31,2026-08-24,16,15.95,2026-08-19,Tairos機器人展,2026
直得,9,26,-13,4,2026-07-31,2026-08-25,17,14.63,2026-08-19,Tairos機器人展,2026
直得,9,27,-13,5,2026-07-31,2026-08-26,18,18.6,2026-08-19,Tairos機器人展,2026
直得,9,28,-13,6,2026-07-31,2026-08-27,19,30.06,2026-08-19,Tairos機器人展,2026
直得,10,11,-12,-11,2026-08-03,2026-08-04,1,4.8,2026-08-19,Tairos機器人展,2026
直得,10,12,-12,-10,2026-08-03,2026-08-05,2,10.0,2026-08-19,Tairos機器人展,2026
直得,10,13,-12,-9,2026-08-03,2026-08-06,3,14.4,2026-08-19,Tairos機器人展,2026
直得,10,14,-12,-8,2026-08-03,2026-08-07,4,12.8,2026-08-19,Tairos機器人展,2026
直得,10,15,-12,-7,2026-08-03,2026-08-10,5,19.2,2026-08-19,Tairos機器人展,2026
直得,10,16,-12,-6,2026-08-03,2026-08-11,6,18.4,2026-08-19,Tairos機器人展,2026
直得,10,17,-12,-5,2026-08-03,2026-08-12,7,19.2,2026-08-19,Tairos機器人展,2026
直得,10,18,-12,-4,2026-08-03,2026-08-13,8,20.0,2026-08-19,Tairos機器人展,2026
直得,10,19,-12,-3,2026-08-03,2026-08-14,9,14.8,2026-08-19,Tairos機器人展,2026
直得,10,20,-12,-2,2026-08-03,2026-08-17,10,16.0,2026-08-19,Tairos機器人展,2026
直得,10,21,-12,-1,2026-08-03,2026-08-18,11,11.6,2026-08-19,Tairos機器人展,2026
直得,10,22,-12,0,2026-08-03,2026-08-19,12,8.0,2026-08-19,Tairos機器人展,2026
直得,10,23,-12,1,2026-08-03,2026-08-20,13,8.56,2026-08-19,Tairos機器人展,2026
直得,10,24,-12,2,2026-08-03,2026-08-21,14,6.95,2026-08-19,Tairos機器人展,2026
直得,10,25,-12,3,2026-08-03,2026-08-24,15,5.75,2026-08-19,Tairos機器人展,2026
直得,10,26,-12,4,2026-08-03,2026-08-25,16,4.54,2026-08-19,Tairos機器人展,2026
直得,10,27,-12,5,2026-08-03,2026-08-26,17,8.16,2026-08-19,Tairos機器人展,2026
直得,10,28,-12,6,2026-08-03,2026-08-27,18,18.62,2026-08-19,Tairos機器人展,2026
直得,11,12,-11,-10,2026-08-04,2026-08-05,1,4.96,2026-08-19,Tairos機器人展,2026
直得,11,13,-11,-9,2026-08-04,2026-08-06,2,9.16,2026-08-19,Tairos機器人展,2026
直得,11,14,-11,-8,2026-08-04,2026-08-07,3,7.63,2026-08-19,Tairos機器人展,2026
直得,11,15,-11,-7,2026-08-04,2026-08-10,4,13.74,2026-08-19,Tairos機器人展,2026
直得,11,16,-11,-6,2026-08-04,2026-08-11,5,12.98,2026-08-19,Tairos機器人展,2026
直得,11,17,-11,-5,2026-08-04,2026-08-12,6,13.74,2026-08-19,Tairos機器人展,2026
直得,11,18,-11,-4,2026-08-04,2026-08-13,7,14.5,2026-08-19,Tairos機器人展,2026
直得,11,19,-11,-3,2026-08-04,2026-08-14,8,9.54,2026-08-19,Tairos機器人展,2026
直得,11,20,-11,-2,2026-08-04,2026-08-17,9,10.69,2026-08-19,Tairos機器人展,2026
直得,11,21,-11,-1,2026-08-04,2026-08-18,10,6.49,2026-08-19,Tairos機器人展,2026
直得,11,22,-11,0,2026-08-04,2026-08-19,11,3.05,2026-08-19,Tairos機器人展,2026
直得,11,23,-11,1,2026-08-04,2026-08-20,12,3.59,2026-08-19,Tairos機器人展,2026
直得,11,24,-11,2,2026-08-04,2026-08-21,13,2.06,2026-08-19,Tairos機器人展,2026
直得,11,25,-11,3,2026-08-04,2026-08-24,14,0.9,2026-08-19,Tairos機器人展,2026
直得,11,26,-11,4,2026-08-04,2026-08-25,15,-0.25,2026-08-19,Tairos機器人展,2026
直得,11,27,-11,5,2026-08-04,2026-08-26,16,3.21,2026-08-19,Tairos機器人展,2026
直得,11,28,-11,6,2026-08-04,2026-08-27,17,13.18,2026-08-19,Tairos機器人展,2026
直得,12,13,-10,-9,2026-08-05,2026-08-06,1,4.0,2026-08-19,Tairos機器人展,2026
直得,12,14,-10,-8,2026-08-05,2026-08-07,2,2.55,2026-08-19,Tairos機器人展,2026
直得,12,15,-10,-7,2026-08-05,2026-08-10,3,8.36,2026-08-19,Tairos機器人展,2026
直得,12,16,-10,-6,2026-08-05,2026-08-11,4,7.64,2026-08-19,Tairos機器人展,2026
直得,12,17,-10,-5,2026-08-05,2026-08-12,5,8.36,2026-08-19,Tairos機器人展,2026
直得,12,18,-10,-4,2026-08-05,2026-08-13,6,9.09,2026-08-19,Tairos機器人展,2026
直得,12,19,-10,-3,2026-08-05,2026-08-14,7,4.36,2026-08-19,Tairos機器人展,2026
直得,12,20,-10,-2,2026-08-05,2026-08-17,8,5.45,2026-08-19,Tairos機器人展,2026
直得,12,21,-10,-1,2026-08-05,2026-08-18,9,1.45,2026-08-19,Tairos機器人展,2026
直得,12,22,-10,0,2026-08-05,2026-08-19,10,-1.82,2026-08-19,Tairos機器人展,2026
直得,12,23,-10,1,2026-08-05,2026-08-20,11,-1.31,2026-08-19,Tairos機器人展,2026
直得,12,24,-10,2,2026-08-05,2026-08-21,12,-2.77,2026-08-19,Tairos機器人展,2026
直得,12,25,-10,3,2026-08-05,2026-08-24,13,-3.87,2026-08-19,Tairos機器人展,2026
直得,12,26,-10,4,2026-08-05,2026-08-25,14,-4.96,2026-08-19,Tairos機器人展,2026
直得,12,27,-10,5,2026-08-05,2026-08-26,15,-1.67,2026-08-19,Tairos機器人展,2026
直得,12,28,-10,6,2026-08-05,2026-08-27,16,7.83,2026-08-19,Tairos機器人展,2026
直得,13,14,-9,-8,2026-08-06,2026-08-07,1,-1.4,2026-08-19,Tairos機器人展,2026
直得,13,15,-9,-7,2026-08-06,2026-08-10,2,4.2,2026-08-19,Tairos機器人展,2026
直得,13,16,-9,-6,2026-08-06,2026-08-11,3,3.5,2026-08-19,Tairos機器人展,2026
直得,13,17,-9,-5,2026-08-06,2026-08-12,4,4.2,2026-08-19,Tairos機器人展,2026
直得,13,18,-9,-4,2026-08-06,2026-08-13,5,4.9,2026-08-19,Tairos機器人展,2026
直得,13,19,-9,-3,2026-08-06,2026-08-14,6,0.35,2026-08-19,Tairos機器人展,2026
直得,13,20,-9,-2,2026-08-06,2026-08-17,7,1.4,2026-08-19,Tairos機器人展,2026
直得,13,21,-9,-1,2026-08-06,2026-08-18,8,-2.45,2026-08-19,Tairos機器人展,2026
直得,13,22,-9,0,2026-08-06,2026-08-19,9,-5.59,2026-08-19,Tairos機器人展,2026
直得,13,23,-9,1,2026-08-06,2026-08-20,10,-5.1,2026-08-19,Tairos機器人展,2026
直得,13,24,-9,2,2026-08-06,2026-08-21,11,-6.51,2026-08-19,Tairos機器人展,2026
直得,13,25,-9,3,2026-08-06,2026-08-24,12,-7.56,2026-08-19,Tairos機器人展,2026
直得,13,26,-9,4,2026-08-06,2026-08-25,13,-8.62,2026-08-19,Tairos機器人展,2026
直得,13,27,-9,5,2026-08-06,2026-08-26,14,-5.45,2026-08-19,Tairos機器人展,2026
直得,13,28,-9,6,2026-08-06,2026-08-27,15,3.68,2026-08-19,Tairos機器人展,2026
直得,14,15,-8,-7,2026-08-07,2026-08-10,1,5.67,2026-08-19,Tairos機器人展,2026
直得,14,16,-8,-6,2026-08-07,2026-08-11,2,4.96,2026-08-19,Tairos機器人展,2026
直得,14,17,-8,-5,2026-08-07,2026-08-12,3,5.67,2026-08-19,Tairos機器人展,2026
直得,14,18,-8,-4,2026-08-07,2026-08-13,4,6.38,2026-08-19,Tairos機器人展,2026
直得,14,19,-8,-3,2026-08-07,2026-08-14,5,1.77,2026-08-19,Tairos機器人展,2026
直得,14,20,-8,-2,2026-08-07,2026-08-17,6,2.84,2026-08-19,Tairos機器人展,2026
直得,14,21,-8,-1,2026-08-07,2026-08-18,7,-1.06,2026-08-19,Tairos機器人展,2026
直得,14,22,-8,0,2026-08-07,2026-08-19,8,-4.26,2026-08-19,Tairos機器人展,2026
直得,14,23,-8,1,2026-08-07,2026-08-20,9,-3.76,2026-08-19,Tairos機器人展,2026
直得,14,24,-8,2,2026-08-07,2026-08-21,10,-5.18,2026-08-19,Tairos機器人展,2026
直得,14,25,-8,3,2026-08-07,2026-08-24,11,-6.25,2026-08-19,Tairos機器人展,2026
直得,14,26,-8,4,2026-08-07,2026-08-25,12,-7.32,2026-08-19,Tairos機器人展,2026
直得,14,27,-8,5,2026-08-07,2026-08-26,13,-4.11,2026-08-19,Tairos機器人展,2026
直得,14,28,-8,6,2026-08-07,2026-08-27,14,5.16,2026-08-19,Tairos機器人展,2026
直得,15,16,-7,-6,2026-08-10,2026-08-11,1,-0.67,2026-08-19,Tairos機器人展,2026
直得,15,17,-7,-5,2026-08-10,2026-08-12,2,0.0,2026-08-19,Tairos機器人展,2026
直得,15,18,-7,-4,2026-08-10,2026-08-13,3,0.67,2026-08-19,Tairos機器人展,2026
直得,15,19,-7,-3,2026-08-10,2026-08-14,4,-3.69,2026-08-19,Tairos機器人展,2026
直得,15,20,-7,-2,2026-08-10,2026-08-17,5,-2.68,2026-08-19,Tairos機器人展,2026
直得,15,21,-7,-1,2026-08-10,2026-08-18,6,-6.38,2026-08-19,Tairos機器人展,2026
直得,15,22,-7,0,2026-08-10,2026-08-19,7,-9.4,2026-08-19,Tairos機器人展,2026
直得,15,23,-7,1,2026-08-10,2026-08-20,8,-8.92,2026-08-19,Tairos機器人展,2026
直得,15,24,-7,2,2026-08-10,2026-08-21,9,-10.27,2026-08-19,Tairos機器人展,2026
直得,15,25,-7,3,2026-08-10,2026-08-24,10,-11.28,2026-08-19,Tairos機器人展,2026
直得,15,26,-7,4,2026-08-10,2026-08-25,11,-12.3,2026-08-19,Tairos機器人展,2026
直得,15,27,-7,5,2026-08-10,2026-08-26,12,-9.26,2026-08-19,Tairos機器人展,2026
直得,15,28,-7,6,2026-08-10,2026-08-27,13,-0.49,2026-08-19,Tairos機器人展,2026
直得,16,17,-6,-5,2026-08-11,2026-08-12,1,0.68,2026-08-19,Tairos機器人展,2026
直得,16,18,-6,-4,2026-08-11,2026-08-13,2,1.35,2026-08-19,Tairos機器人展,2026
直得,16,19,-6,-3,2026-08-11,2026-08-14,3,-3.04,2026-08-19,Tairos機器人展,2026
直得,16,20,-6,-2,2026-08-11,2026-08-17,4,-2.03,2026-08-19,Tairos機器人展,2026
直得,16,21,-6,-1,2026-08-11,2026-08-18,5,-5.74,2026-08-19,Tairos機器人展,2026
直得,16,22,-6,0,2026-08-11,2026-08-19,6,-8.78,2026-08-19,Tairos機器人展,2026
直得,16,23,-6,1,2026-08-11,2026-08-20,7,-8.31,2026-08-19,Tairos機器人展,2026
直得,16,24,-6,2,2026-08-11,2026-08-21,8,-9.67,2026-08-19,Tairos機器人展,2026
直得,16,25,-6,3,2026-08-11,2026-08-24,9,-10.69,2026-08-19,Tairos機器人展,2026
直得,16,26,-6,4,2026-08-11,2026-08-25,10,-11.7,2026-08-19,Tairos機器人展,2026
直得,16,27,-6,5,2026-08-11,2026-08-26,11,-8.65,2026-08-19,Tairos機器人展,2026
直得,16,28,-6,6,2026-08-11,2026-08-27,12,0.18,2026-08-19,Tairos機器人展,2026
直得,17,18,-5,-4,2026-08-12,2026-08-13,1,0.67,2026-08-19,Tairos機器人展,2026
直得,17,19,-5,-3,2026-08-12,2026-08-14,2,-3.69,2026-08-19,Tairos機器人展,2026
直得,17,20,-5,-2,2026-08-12,2026-08-17,3,-2.68,2026-08-19,Tairos機器人展,2026
直得,17,21,-5,-1,2026-08-12,2026-08-18,4,-6.38,2026-08-19,Tairos機器人展,2026
直得,17,22,-5,0,2026-08-12,2026-08-19,5,-9.4,2026-08-19,Tairos機器人展,2026
直得,17,23,-5,1,2026-08-12,2026-08-20,6,-8.92,2026-08-19,Tairos機器人展,2026
直得,17,24,-5,2,2026-08-12,2026-08-21,7,-10.27,2026-08-19,Tairos機器人展,2026
直得,17,25,-5,3,2026-08-12,2026-08-24,8,-11.28,2026-08-19,Tairos機器人展,2026
直得,17,26,-5,4,2026-08-12,2026-08-25,9,-12.3,2026-08-19,Tairos機器人展,2026
直得,17,27,-5,5,2026-08-12,2026-08-26,10,-9.26,2026-08-19,Tairos機器人展,2026
直得,17,28,-5,6,2026-08-12,2026-08-27,11,-0.49,2026-08-19,Tairos機器人展,2026
直得,18,19,-4,-3,2026-08-13,2026-08-14,1,-4.33,2026-08-19,Tairos機器人展,2026
直得,18,20,-4,-2,2026-08-13,2026-08-17,2,-3.33,2026-08-19,Tairos機器人展,2026
直得,18,21,-4,-1,2026-08-13,2026-08-18,3,-7.0,2026-08-19,Tairos機器人展,2026
直得,18,22,-4,0,2026-08-13,2026-08-19,4,-10.0,2026-08-19,Tairos機器人展,2026
直得,18,23,-4,1,2026-08-13,2026-08-20,5,-9.53,2026-08-19,Tairos機器人展,2026
直得,18,24,-4,2,2026-08-13,2026-08-21,6,-10.87,2026-08-19,Tairos機器人展,2026
直得,18,25,-4,3,2026-08-13,2026-08-24,7,-11.88,2026-08-19,Tairos機器人展,2026
直得,18,26,-4,4,2026-08-13,2026-08-25,8,-12.88,2026-08-19,Tairos機器人展,2026
直得,18,27,-4,5,2026-08-13,2026-08-26,9,-9.87,2026-08-19,Tairos機器人展,2026
直得,18,28,-4,6,2026-08-13,2026-08-27,10,-1.15,2026-08-19,Tairos機器人展,2026
直得,19,20,-3,-2,2026-08-14,2026-08-17,1,1.05,2026-08-19,Tairos機器人展,2026
直得,19,21,-3,-1,2026-08-14,2026-08-18,2,-2.79,2026-08-19,Tairos機器人展,2026
直得,19,22,-3,0,2026-08-14,2026-08-19,3,-5.92,2026-08-19,Tairos機器人展,2026
直得,19,23,-3,1,2026-08-14,2026-08-20,4,-5.43,2026-08-19,Tairos機器人展,2026
直得,19,24,-3,2,2026-08-14,2026-08-21,5,-6.83,2026-08-19,Tairos機器人展,2026
直得,19,25,-3,3,2026-08-14,2026-08-24,6,-7.88,2026-08-19,Tairos機器人展,2026
直得,19,26,-3,4,2026-08-14,2026-08-25,7,-8.94,2026-08-19,Tairos機器人展,2026
直得,19,27,-3,5,2026-08-14,2026-08-26,8,-5.78,2026-08-19,Tairos機器人展,2026
直得,19,28,-3,6,2026-08-14,2026-08-27,9,3.32,2026-08-19,Tairos機器人展,2026
直得,20,21,-2,-1,2026-08-17,2026-08-18,1,-3.79,2026-08-19,Tairos機器人展,2026
直得,20,22,-2,0,2026-08-17,2026-08-19,2,-6.9,2026-08-19,Tairos機器人展,2026
直得,20,23,-2,1,2026-08-17,2026-08-20,3,-6.41,2026-08-19,Tairos機器人展,2026
直得,20,24,-2,2,2026-08-17,2026-08-21,4,-7.8,2026-08-19,Tairos機器人展,2026
直得,20,25,-2,3,2026-08-17,2026-08-24,5,-8.84,2026-08-19,Tairos機器人展,2026
直得,20,26,-2,4,2026-08-17,2026-08-25,6,-9.88,2026-08-19,Tairos機器人展,2026
直得,20,27,-2,5,2026-08-17,2026-08-26,7,-6.76,2026-08-19,Tairos機器人展,2026
直得,20,28,-2,6,2026-08-17,2026-08-27,8,2.25,2026-08-19,Tairos機器人展,2026
直得,21,22,-1,0,2026-08-18,2026-08-19,1,-3.23,2026-08-19,Tairos機器人展,2026
直得,21,23,-1,1,2026-08-18,2026-08-20,2,-2.72,2026-08-19,Tairos機器人展,2026
直得,21,24,-1,2,2026-08-18,2026-08-21,3,-4.16,2026-08-19,Tairos機器人展,2026
直得,21,25,-1,3,2026-08-18,2026-08-24,4,-5.24,2026-08-19,Tairos機器人展,2026
直得,21,26,-1,4,2026-08-18,2026-08-25,5,-6.32,2026-08-19,Tairos機器人展,2026
直得,21,27,-1,5,2026-08-18,2026-08-26,6,-3.08,2026-08-19,Tairos機器人展,2026
直得,21,28,-1,6,2026-08-18,2026-08-27,7,6.29,2026-08-19,Tairos機器人展,2026
直得,22,23,0,1,2026-08-19,2026-08-20,1,0.52,2026-08-19,Tairos機器人展,2026
直得,22,24,0,2,2026-08-19,2026-08-21,2,-0.97,2026-08-19,Tairos機器人展,2026
直得,22,25,0,3,2026-08-19,2026-08-24,3,-2.08,2026-08-19,Tairos機器人展,2026
直得,22,26,0,4,2026-08-19,2026-08-25,4,-3.2,2026-08-19,Tairos機器人展,2026
直得,22,27,0,5,2026-08-19,2026-08-26,5,0.15,2026-08-19,Tairos機器人展,2026
直得,22,28,0,6,2026-08-19,2026-08-27,6,9.83,2026-08-19,Tairos機器人展,2026
直得,23,24,1,2,2026-08-20,2026-08-21,1,-1.48,2026-08-19,Tairos機器人展,2026
直得,23,25,1,3,2026-08-20,2026-08-24,2,-2.59,2026-08-19,Tairos機器人展,2026
直得,23,26,1,4,2026-08-20,2026-08-25,3,-3.7,2026-08-19,Tairos機器人展,2026
直得,23,27,1,5,2026-08-20,2026-08-26,4,-0.37,2026-08-19,Tairos機器人展,2026
直得,23,28,1,6,2026-08-20,2026-08-27,5,9.26,2026-08-19,Tairos機器人展,2026
直得,24,25,2,3,2026-08-21,2026-08-24,1,-1.13,2026-08-19,Tairos機器人展,2026
直得,24,26,2,4,2026-08-21,2026-08-25,2,-2.26,2026-08-19,Tairos機器人展,2026
直得,24,27,2,5,2026-08-21,2026-08-26,3,1.13,2026-08-19,Tairos機器人展,2026
直得,24,28,2,6,2026-08-21,2026-08-27,4,10.9,2026-08-19,Tairos機器人展,2026
直得,25,26,3,4,2026-08-24,2026-08-25,1,-1.14,2026-08-19,Tairos機器人展,2026
直得,25,27,3,5,2026-08-24,2026-08-26,2,2.28,2026-08-19,Tairos機器人展,2026
直得,25,28,3,6,2026-08-24,2026-08-27,3,12.17,2026-08-19,Tairos機器人展,2026
直得,26,27,4,5,2026-08-25,2026-08-26,1,3.46,2026-08-19,Tairos機器人展,2026
直得,26,28,4,6,2026-08-25,2026-08-27,2,13.46,2026-08-19,Tairos機器人展,2026
直得,27,28,5,6,2026-08-26,2026-08-27,1,9.67,2026-08-19,Tairos機器人展,2026
上銀,0,1,-21,-20,2025-07-21,2025-07-22,1,-2.79,2025-08-20,Tairos機器人展,2025
上銀,0,2,-21,-19,2025-07-21,2025-07-23,2,1.16,2025-08-20,Tairos機器人展,2025
上銀,0,3,-21,-18,2025-07-21,2025-07-24,3,0.93,2025-08-20,Tairos機器人展,2025
上銀,0,4,-21,-17,2025-07-21,2025-07-25,4,0.7,2025-08-20,Tairos機器人展,2025
上銀,0,5,-21,-16,2025-07-21,2025-07-28,5,-0.47,2025-08-20,Tairos機器人展,2025
上銀,0,6,-21,-15,2025-07-21,2025-07-29,6,-1.16,2025-08-20,Tairos機器人展,2025
上銀,0,7,-21,-14,2025-07-21,2025-07-30,7,-0.23,2025-08-20,Tairos機器人展,2025
上銀,0,8,-21,-13,2025-07-21,2025-07-31,8,-1.16,2025-08-20,Tairos機器人展,2025
上銀,0,9,-21,-12,2025-07-21,2025-08-04,9,-2.33,2025-08-20,Tairos機器人展,2025
上銀,0,10,-21,-11,2025-07-21,2025-08-05,10,-1.63,2025-08-20,Tairos機器人展,2025
上銀,0,11,-21,-10,2025-07-21,2025-08-06,11,-2.79,2025-08-20,Tairos機器人展,2025
上銀,0,12,-21,-9,2025-07-21,2025-08-07,12,-1.63,2025-08-20,Tairos機器人展,2025
上銀,0,13,-21,-8,2025-07-21,2025-08-08,13,0.47,2025-08-20,Tairos機器人展,2025
上銀,0,14,-21,-7,2025-07-21,2025-08-11,14,0.7,2025-08-20,Tairos機器人展,2025
上銀,0,15,-21,-6,2025-07-21,2025-08-12,15,-0.7,2025-08-20,Tairos機器人展,2025
上銀,0,16,-21,-5,2025-07-21,2025-08-13,16,-2.79,2025-08-20,Tairos機器人展,2025
上銀,0,17,-21,-4,2025-07-21,2025-08-14,17,-3.49,2025-08-20,Tairos機器人展,2025
上銀,0,18,-21,-3,2025-07-21,2025-08-15,18,-2.33,2025-08-20,Tairos機器人展,2025
上銀,0,19,-21,-2,2025-07-21,2025-08-18,19,1.63,2025-08-20,Tairos機器人展,2025
上銀,0,20,-21,-1,2025-07-21,2025-08-19,20,-1.63,2025-08-20,Tairos機器人展,2025
上銀,0,21,-21,0,2025-07-21,2025-08-20,21,-5.58,2025-08-20,Tairos機器人展,2025
上銀,0,22,-21,1,2025-07-21,2025-08-21,22,-4.19,2025-08-20,Tairos機器人展,2025
上銀,0,23,-21,2,2025-07-21,2025-08-22,23,-5.58,2025-08-20,Tairos機器人展,2025
上銀,0,24,-21,3,2025-07-21,2025-08-25,24,0.0,2025-08-20,Tairos機器人展,2025
上銀,0,25,-21,4,2025-07-21,2025-08-26,25,-0.47,2025-08-20,Tairos機器人展,2025
上銀,0,26,-21,5,2025-07-21,2025-08-27,26,0.0,2025-08-20,Tairos機器人展,2025
上銀,0,27,-21,6,2025-07-21,2025-08-28,27,0.23,2025-08-20,Tairos機器人展,2025
上銀,1,2,-20,-19,2025-07-22,2025-07-23,1,4.07,2025-08-20,Tairos機器人展,2025
上銀,1,3,-20,-18,2025-07-22,2025-07-24,2,3.83,2025-08-20,Tairos機器人展,2025
上銀,1,4,-20,-17,2025-07-22,2025-07-25,3,3.59,2025-08-20,Tairos機器人展,2025
上銀,1,5,-20,-16,2025-07-22,2025-07-28,4,2.39,2025-08-20,Tairos機器人展,2025
上銀,1,6,-20,-15,2025-07-22,2025-07-29,5,1.67,2025-08-20,Tairos機器人展,2025
上銀,1,7,-20,-14,2025-07-22,2025-07-30,6,2.63,2025-08-20,Tairos機器人展,2025
上銀,1,8,-20,-13,2025-07-22,2025-07-31,7,1.67,2025-08-20,Tairos機器人展,2025
上銀,1,9,-20,-12,2025-07-22,2025-08-04,8,0.48,2025-08-20,Tairos機器人展,2025
上銀,1,10,-20,-11,2025-07-22,2025-08-05,9,1.2,2025-08-20,Tairos機器人展,2025
上銀,1,11,-20,-10,2025-07-22,2025-08-06,10,0.0,2025-08-20,Tairos機器人展,2025
上銀,1,12,-20,-9,2025-07-22,2025-08-07,11,1.2,2025-08-20,Tairos機器人展,2025
上銀,1,13,-20,-8,2025-07-22,2025-08-08,12,3.35,2025-08-20,Tairos機器人展,2025
上銀,1,14,-20,-7,2025-07-22,2025-08-11,13,3.59,2025-08-20,Tairos機器人展,2025
上銀,1,15,-20,-6,2025-07-22,2025-08-12,14,2.15,2025-08-20,Tairos機器人展,2025
上銀,1,16,-20,-5,2025-07-22,2025-08-13,15,0.0,2025-08-20,Tairos機器人展,2025
上銀,1,17,-20,-4,2025-07-22,2025-08-14,16,-0.72,2025-08-20,Tairos機器人展,2025
上銀,1,18,-20,-3,2025-07-22,2025-08-15,17,0.48,2025-08-20,Tairos機器人展,2025
上銀,1,19,-20,-2,2025-07-22,2025-08-18,18,4.55,2025-08-20,Tairos機器人展,2025
上銀,1,20,-20,-1,2025-07-22,2025-08-19,19,1.2,2025-08-20,Tairos機器人展,2025
上銀,1,21,-20,0,2025-07-22,2025-08-20,20,-2.87,2025-08-20,Tairos機器人展,2025
上銀,1,22,-20,1,2025-07-22,2025-08-21,21,-1.44,2025-08-20,Tairos機器人展,2025
上銀,1,23,-20,2,2025-07-22,2025-08-22,22,-2.87,2025-08-20,Tairos機器人展,2025
上銀,1,24,-20,3,2025-07-22,2025-08-25,23,2.87,2025-08-20,Tairos機器人展,2025
上銀,1,25,-20,4,2025-07-22,2025-08-26,24,2.39,2025-08-20,Tairos機器人展,2025
上銀,1,26,-20,5,2025-07-22,2025-08-27,25,2.87,2025-08-20,Tairos機器人展,2025
上銀,1,27,-20,6,2025-07-22,2025-08-28,26,3.11,2025-08-20,Tairos機器人展,2025
上銀,2,3,-19,-18,2025-07-23,2025-07-24,1,-0.23,2025-08-20,Tairos機器人展,2025
上銀,2,4,-19,-17,2025-07-23,2025-07-25,2,-0.46,2025-08-20,Tairos機器人展,2025
上銀,2,5,-19,-16,2025-07-23,2025-07-28,3,-1.61,2025-08-20,Tairos機器人展,2025
上銀,2,6,-19,-15,2025-07-23,2025-07-29,4,-2.3,2025-08-20,Tairos機器人展,2025
上銀,2,7,-19,-14,2025-07-23,2025-07-30,5,-1.38,2025-08-20,Tairos機器人展,2025
上銀,2,8,-19,-13,2025-07-23,2025-07-31,6,-2.3,2025-08-20,Tairos機器人展,2025
上銀,2,9,-19,-12,2025-07-23,2025-08-04,7,-3.45,2025-08-20,Tairos機器人展,2025
上銀,2,10,-19,-11,2025-07-23,2025-08-05,8,-2.76,2025-08-20,Tairos機器人展,2025
上銀,2,11,-19,-10,2025-07-23,2025-08-06,9,-3.91,2025-08-20,Tairos機器人展,2025
上銀,2,12,-19,-9,2025-07-23,2025-08-07,10,-2.76,2025-08-20,Tairos機器人展,2025
上銀,2,13,-19,-8,2025-07-23,2025-08-08,11,-0.69,2025-08-20,Tairos機器人展,2025
上銀,2,14,-19,-7,2025-07-23,2025-08-11,12,-0.46,2025-08-20,Tairos機器人展,2025
上銀,2,15,-19,-6,2025-07-23,2025-08-12,13,-1.84,2025-08-20,Tairos機器人展,2025
上銀,2,16,-19,-5,2025-07-23,2025-08-13,14,-3.91,2025-08-20,Tairos機器人展,2025
上銀,2,17,-19,-4,2025-07-23,2025-08-14,15,-4.6,2025-08-20,Tairos機器人展,2025
上銀,2,18,-19,-3,2025-07-23,2025-08-15,16,-3.45,2025-08-20,Tairos機器人展,2025
上銀,2,19,-19,-2,2025-07-23,2025-08-18,17,0.46,2025-08-20,Tairos機器人展,2025
上銀,2,20,-19,-1,2025-07-23,2025-08-19,18,-2.76,2025-08-20,Tairos機器人展,2025
上銀,2,21,-19,0,2025-07-23,2025-08-20,19,-6.67,2025-08-20,Tairos機器人展,2025
上銀,2,22,-19,1,2025-07-23,2025-08-21,20,-5.29,2025-08-20,Tairos機器人展,2025
上銀,2,23,-19,2,2025-07-23,2025-08-22,21,-6.67,2025-08-20,Tairos機器人展,2025
上銀,2,24,-19,3,2025-07-23,2025-08-25,22,-1.15,2025-08-20,Tairos機器人展,2025
上銀,2,25,-19,4,2025-07-23,2025-08-26,23,-1.61,2025-08-20,Tairos機器人展,2025
上銀,2,26,-19,5,2025-07-23,2025-08-27,24,-1.15,2025-08-20,Tairos機器人展,2025
上銀,2,27,-19,6,2025-07-23,2025-08-28,25,-0.92,2025-08-20,Tairos機器人展,2025
上銀,3,4,-18,-17,2025-07-24,2025-07-25,1,-0.23,2025-08-20,Tairos機器人展,2025
上銀,3,5,-18,-16,2025-07-24,2025-07-28,2,-1.38,2025-08-20,Tairos機器人展,2025
上銀,3,6,-18,-15,2025-07-24,2025-07-29,3,-2.07,2025-08-20,Tairos機器人展,2025
上銀,3,7,-18,-14,2025-07-24,2025-07-30,4,-1.15,2025-08-20,Tairos機器人展,2025
上銀,3,8,-18,-13,2025-07-24,2025-07-31,5,-2.07,2025-08-20,Tairos機器人展,2025
上銀,3,9,-18,-12,2025-07-24,2025-08-04,6,-3.23,2025-08-20,Tairos機器人展,2025
上銀,3,10,-18,-11,2025-07-24,2025-08-05,7,-2.53,2025-08-20,Tairos機器人展,2025
上銀,3,11,-18,-10,2025-07-24,2025-08-06,8,-3.69,2025-08-20,Tairos機器人展,2025
上銀,3,12,-18,-9,2025-07-24,2025-08-07,9,-2.53,2025-08-20,Tairos機器人展,2025
上銀,3,13,-18,-8,2025-07-24,2025-08-08,10,-0.46,2025-08-20,Tairos機器人展,2025
上銀,3,14,-18,-7,2025-07-24,2025-08-11,11,-0.23,2025-08-20,Tairos機器人展,2025
上銀,3,15,-18,-6,2025-07-24,2025-08-12,12,-1.61,2025-08-20,Tairos機器人展,2025
上銀,3,16,-18,-5,2025-07-24,2025-08-13,13,-3.69,2025-08-20,Tairos機器人展,2025
上銀,3,17,-18,-4,2025-07-24,2025-08-14,14,-4.38,2025-08-20,Tairos機器人展,2025
上銀,3,18,-18,-3,2025-07-24,2025-08-15,15,-3.23,2025-08-20,Tairos機器人展,2025
上銀,3,19,-18,-2,2025-07-24,2025-08-18,16,0.69,2025-08-20,Tairos機器人展,2025
上銀,3,20,-18,-1,2025-07-24,2025-08-19,17,-2.53,2025-08-20,Tairos機器人展,2025
上銀,3,21,-18,0,2025-07-24,2025-08-20,18,-6.45,2025-08-20,Tairos機器人展,2025
上銀,3,22,-18,1,2025-07-24,2025-08-21,19,-5.07,2025-08-20,Tairos機器人展,2025
上銀,3,23,-18,2,2025-07-24,2025-08-22,20,-6.45,2025-08-20,Tairos機器人展,2025
上銀,3,24,-18,3,2025-07-24,2025-08-25,21,-0.92,2025-08-20,Tairos機器人展,2025
上銀,3,25,-18,4,2025-07-24,2025-08-26,22,-1.38,2025-08-20,Tairos機器人展,2025
上銀,3,26,-18,5,2025-07-24,2025-08-27,23,-0.92,2025-08-20,Tairos機器人展,2025
上銀,3,27,-18,6,2025-07-24,2025-08-28,24,-0.69,2025-08-20,Tairos機器人展,2025
上銀,4,5,-17,-16,2025-07-25,2025-07-28,1,-1.15,2025-08-20,Tairos機器人展,2025
上銀,4,6,-17,-15,2025-07-25,2025-07-29,2,-1.85,2025-08-20,Tairos機器人展,2025
上銀,4,7,-17,-14,2025-07-25,2025-07-30,3,-0.92,2025-08-20,Tairos機器人展,2025
上銀,4,8,-17,-13,2025-07-25,2025-07-31,4,-1.85,2025-08-20,Tairos機器人展,2025
上銀,4,9,-17,-12,2025-07-25,2025-08-04,5,-3.0,2025-08-20,Tairos機器人展,2025
上銀,4,10,-17,-11,2025-07-25,2025-08-05,6,-2.31,2025-08-20,Tairos機器人展,2025
上銀,4,11,-17,-10,2025-07-25,2025-08-06,7,-3.46,2025-08-20,Tairos機器人展,2025
上銀,4,12,-17,-9,2025-07-25,2025-08-07,8,-2.31,2025-08-20,Tairos機器人展,2025
上銀,4,13,-17,-8,2025-07-25,2025-08-08,9,-0.23,2025-08-20,Tairos機器人展,2025
上銀,4,14,-17,-7,2025-07-25,2025-08-11,10,0.0,2025-08-20,Tairos機器人展,2025
上銀,4,15,-17,-6,2025-07-25,2025-08-12,11,-1.39,2025-08-20,Tairos機器人展,2025
上銀,4,16,-17,-5,2025-07-25,2025-08-13,12,-3.46,2025-08-20,Tairos機器人展,2025
上銀,4,17,-17,-4,2025-07-25,2025-08-14,13,-4.16,2025-08-20,Tairos機器人展,2025
上銀,4,18,-17,-3,2025-07-25,2025-08-15,14,-3.0,2025-08-20,Tairos機器人展,2025
上銀,4,19,-17,-2,2025-07-25,2025-08-18,15,0.92,2025-08-20,Tairos機器人展,2025
上銀,4,20,-17,-1,2025-07-25,2025-08-19,16,-2.31,2025-08-20,Tairos機器人展,2025
上銀,4,21,-17,0,2025-07-25,2025-08-20,17,-6.24,2025-08-20,Tairos機器人展,2025
上銀,4,22,-17,1,2025-07-25,2025-08-21,18,-4.85,2025-08-20,Tairos機器人展,2025
上銀,4,23,-17,2,2025-07-25,2025-08-22,19,-6.24,2025-08-20,Tairos機器人展,2025
上銀,4,24,-17,3,2025-07-25,2025-08-25,20,-0.69,2025-08-20,Tairos機器人展,2025
上銀,4,25,-17,4,2025-07-25,2025-08-26,21,-1.15,2025-08-20,Tairos機器人展,2025
上銀,4,26,-17,5,2025-07-25,2025-08-27,22,-0.69,2025-08-20,Tairos機器人展,2025
上銀,4,27,-17,6,2025-07-25,2025-08-28,23,-0.46,2025-08-20,Tairos機器人展,2025
上銀,5,6,-16,-15,2025-07-28,2025-07-29,1,-0.7,2025-08-20,Tairos機器人展,2025
上銀,5,7,-16,-14,2025-07-28,2025-07-30,2,0.23,2025-08-20,Tairos機器人展,2025
上銀,5,8,-16,-13,2025-07-28,2025-07-31,3,-0.7,2025-08-20,Tairos機器人展,2025
上銀,5,9,-16,-12,2025-07-28,2025-08-04,4,-1.87,2025-08-20,Tairos機器人展,2025
上銀,5,10,-16,-11,2025-07-28,2025-08-05,5,-1.17,2025-08-20,Tairos機器人展,2025
上銀,5,11,-16,-10,2025-07-28,2025-08-06,6,-2.34,2025-08-20,Tairos機器人展,2025
上銀,5,12,-16,-9,2025-07-28,2025-08-07,7,-1.17,2025-08-20,Tairos機器人展,2025
上銀,5,13,-16,-8,2025-07-28,2025-08-08,8,0.93,2025-08-20,Tairos機器人展,2025
上銀,5,14,-16,-7,2025-07-28,2025-08-11,9,1.17,2025-08-20,Tairos機器人展,2025
上銀,5,15,-16,-6,2025-07-28,2025-08-12,10,-0.23,2025-08-20,Tairos機器人展,2025
上銀,5,16,-16,-5,2025-07-28,2025-08-13,11,-2.34,2025-08-20,Tairos機器人展,2025
上銀,5,17,-16,-4,2025-07-28,2025-08-14,12,-3.04,2025-08-20,Tairos機器人展,2025
上銀,5,18,-16,-3,2025-07-28,2025-08-15,13,-1.87,2025-08-20,Tairos機器人展,2025
上銀,5,19,-16,-2,2025-07-28,2025-08-18,14,2.1,2025-08-20,Tairos機器人展,2025
上銀,5,20,-16,-1,2025-07-28,2025-08-19,15,-1.17,2025-08-20,Tairos機器人展,2025
上銀,5,21,-16,0,2025-07-28,2025-08-20,16,-5.14,2025-08-20,Tairos機器人展,2025
上銀,5,22,-16,1,2025-07-28,2025-08-21,17,-3.74,2025-08-20,Tairos機器人展,2025
上銀,5,23,-16,2,2025-07-28,2025-08-22,18,-5.14,2025-08-20,Tairos機器人展,2025
上銀,5,24,-16,3,2025-07-28,2025-08-25,19,0.47,2025-08-20,Tairos機器人展,2025
上銀,5,25,-16,4,2025-07-28,2025-08-26,20,0.0,2025-08-20,Tairos機器人展,2025
上銀,5,26,-16,5,2025-07-28,2025-08-27,21,0.47,2025-08-20,Tairos機器人展,2025
上銀,5,27,-16,6,2025-07-28,2025-08-28,22,0.7,2025-08-20,Tairos機器人展,2025
上銀,6,7,-15,-14,2025-07-29,2025-07-30,1,0.94,2025-08-20,Tairos機器人展,2025
上銀,6,8,-15,-13,2025-07-29,2025-07-31,2,0.0,2025-08-20,Tairos機器人展,2025
上銀,6,9,-15,-12,2025-07-29,2025-08-04,3,-1.18,2025-08-20,Tairos機器人展,2025
上銀,6,10,-15,-11,2025-07-29,2025-08-05,4,-0.47,2025-08-20,Tairos機器人展,2025
上銀,6,11,-15,-10,2025-07-29,2025-08-06,5,-1.65,2025-08-20,Tairos機器人展,2025
上銀,6,12,-15,-9,2025-07-29,2025-08-07,6,-0.47,2025-08-20,Tairos機器人展,2025
上銀,6,13,-15,-8,2025-07-29,2025-08-08,7,1.65,2025-08-20,Tairos機器人展,2025
上銀,6,14,-15,-7,2025-07-29,2025-08-11,8,1.88,2025-08-20,Tairos機器人展,2025
上銀,6,15,-15,-6,2025-07-29,2025-08-12,9,0.47,2025-08-20,Tairos機器人展,2025
上銀,6,16,-15,-5,2025-07-29,2025-08-13,10,-1.65,2025-08-20,Tairos機器人展,2025
上銀,6,17,-15,-4,2025-07-29,2025-08-14,11,-2.35,2025-08-20,Tairos機器人展,2025
上銀,6,18,-15,-3,2025-07-29,2025-08-15,12,-1.18,2025-08-20,Tairos機器人展,2025
上銀,6,19,-15,-2,2025-07-29,2025-08-18,13,2.82,2025-08-20,Tairos機器人展,2025
上銀,6,20,-15,-1,2025-07-29,2025-08-19,14,-0.47,2025-08-20,Tairos機器人展,2025
上銀,6,21,-15,0,2025-07-29,2025-08-20,15,-4.47,2025-08-20,Tairos機器人展,2025
上銀,6,22,-15,1,2025-07-29,2025-08-21,16,-3.06,2025-08-20,Tairos機器人展,2025
上銀,6,23,-15,2,2025-07-29,2025-08-22,17,-4.47,2025-08-20,Tairos機器人展,2025
上銀,6,24,-15,3,2025-07-29,2025-08-25,18,1.18,2025-08-20,Tairos機器人展,2025
上銀,6,25,-15,4,2025-07-29,2025-08-26,19,0.71,2025-08-20,Tairos機器人展,2025
上銀,6,26,-15,5,2025-07-29,2025-08-27,20,1.18,2025-08-20,Tairos機器人展,2025
上銀,6,27,-15,6,2025-07-29,2025-08-28,21,1.41,2025-08-20,Tairos機器人展,2025
上銀,7,8,-14,-13,2025-07-30,2025-07-31,1,-0.93,2025-08-20,Tairos機器人展,2025
上銀,7,9,-14,-12,2025-07-30,2025-08-04,2,-2.1,2025-08-20,Tairos機器人展,2025
上銀,7,10,-14,-11,2025-07-30,2025-08-05,3,-1.4,2025-08-20,Tairos機器人展,2025
上銀,7,11,-14,-10,2025-07-30,2025-08-06,4,-2.56,2025-08-20,Tairos機器人展,2025
上銀,7,12,-14,-9,2025-07-30,2025-08-07,5,-1.4,2025-08-20,Tairos機器人展,2025
上銀,7,13,-14,-8,2025-07-30,2025-08-08,6,0.7,2025-08-20,Tairos機器人展,2025
上銀,7,14,-14,-7,2025-07-30,2025-08-11,7,0.93,2025-08-20,Tairos機器人展,2025
上銀,7,15,-14,-6,2025-07-30,2025-08-12,8,-0.47,2025-08-20,Tairos機器人展,2025
上銀,7,16,-14,-5,2025-07-30,2025-08-13,9,-2.56,2025-08-20,Tairos機器人展,2025
上銀,7,17,-14,-4,2025-07-30,2025-08-14,10,-3.26,2025-08-20,Tairos機器人展,2025
上銀,7,18,-14,-3,2025-07-30,2025-08-15,11,-2.1,2025-08-20,Tairos機器人展,2025
上銀,7,19,-14,-2,2025-07-30,2025-08-18,12,1.86,2025-08-20,Tairos機器人展,2025
上銀,7,20,-14,-1,2025-07-30,2025-08-19,13,-1.4,2025-08-20,Tairos機器人展,2025
上銀,7,21,-14,0,2025-07-30,2025-08-20,14,-5.36,2025-08-20,Tairos機器人展,2025
上銀,7,22,-14,1,2025-07-30,2025-08-21,15,-3.96,2025-08-20,Tairos機器人展,2025
上銀,7,23,-14,2,2025-07-30,2025-08-22,16,-5.36,2025-08-20,Tairos機器人展,2025
上銀,7,24,-14,3,2025-07-30,2025-08-25,17,0.23,2025-08-20,Tairos機器人展,2025
上銀,7,25,-14,4,2025-07-30,2025-08-26,18,-0.23,2025-08-20,Tairos機器人展,2025
上銀,7,26,-14,5,2025-07-30,2025-08-27,19,0.23,2025-08-20,Tairos機器人展,2025
上銀,7,27,-14,6,2025-07-30,2025-08-28,20,0.47,2025-08-20,Tairos機器人展,2025
上銀,8,9,-13,-12,2025-07-31,2025-08-04,1,-1.18,2025-08-20,Tairos機器人展,2025
上銀,8,10,-13,-11,2025-07-31,2025-08-05,2,-0.47,2025-08-20,Tairos機器人展,2025
上銀,8,11,-13,-10,2025-07-31,2025-08-06,3,-1.65,2025-08-20,Tairos機器人展,2025
上銀,8,12,-13,-9,2025-07-31,2025-08-07,4,-0.47,2025-08-20,Tairos機器人展,2025
上銀,8,13,-13,-8,2025-07-31,2025-08-08,5,1.65,2025-08-20,Tairos機器人展,2025
上銀,8,14,-13,-7,2025-07-31,2025-08-11,6,1.88,2025-08-20,Tairos機器人展,2025
上銀,8,15,-13,-6,2025-07-31,2025-08-12,7,0.47,2025-08-20,Tairos機器人展,2025
上銀,8,16,-13,-5,2025-07-31,2025-08-13,8,-1.65,2025-08-20,Tairos機器人展,2025
上銀,8,17,-13,-4,2025-07-31,2025-08-14,9,-2.35,2025-08-20,Tairos機器人展,2025
上銀,8,18,-13,-3,2025-07-31,2025-08-15,10,-1.18,2025-08-20,Tairos機器人展,2025
上銀,8,19,-13,-2,2025-07-31,2025-08-18,11,2.82,2025-08-20,Tairos機器人展,2025
上銀,8,20,-13,-1,2025-07-31,2025-08-19,12,-0.47,2025-08-20,Tairos機器人展,2025
上銀,8,21,-13,0,2025-07-31,2025-08-20,13,-4.47,2025-08-20,Tairos機器人展,2025
上銀,8,22,-13,1,2025-07-31,2025-08-21,14,-3.06,2025-08-20,Tairos機器人展,2025
上銀,8,23,-13,2,2025-07-31,2025-08-22,15,-4.47,2025-08-20,Tairos機器人展,2025
上銀,8,24,-13,3,2025-07-31,2025-08-25,16,1.18,2025-08-20,Tairos機器人展,2025
上銀,8,25,-13,4,2025-07-31,2025-08-26,17,0.71,2025-08-20,Tairos機器人展,2025
上銀,8,26,-13,5,2025-07-31,2025-08-27,18,1.18,2025-08-20,Tairos機器人展,2025
上銀,8,27,-13,6,2025-07-31,2025-08-28,19,1.41,2025-08-20,Tairos機器人展,2025
上銀,9,10,-12,-11,2025-08-04,2025-08-05,1,0.71,2025-08-20,Tairos機器人展,2025
上銀,9,11,-12,-10,2025-08-04,2025-08-06,2,-0.48,2025-08-20,Tairos機器人展,2025
上銀,9,12,-12,-9,2025-08-04,2025-08-07,3,0.71,2025-08-20,Tairos機器人展,2025
上銀,9,13,-12,-8,2025-08-04,2025-08-08,4,2.86,2025-08-20,Tairos機器人展,2025
上銀,9,14,-12,-7,2025-08-04,2025-08-11,5,3.1,2025-08-20,Tairos機器人展,2025
上銀,9,15,-12,-6,2025-08-04,2025-08-12,6,1.67,2025-08-20,Tairos機器人展,2025
上銀,9,16,-12,-5,2025-08-04,2025-08-13,7,-0.48,2025-08-20,Tairos機器人展,2025
上銀,9,17,-12,-4,2025-08-04,2025-08-14,8,-1.19,2025-08-20,Tairos機器人展,2025
上銀,9,18,-12,-3,2025-08-04,2025-08-15,9,0.0,2025-08-20,Tairos機器人展,2025
上銀,9,19,-12,-2,2025-08-04,2025-08-18,10,4.05,2025-08-20,Tairos機器人展,2025
上銀,9,20,-12,-1,2025-08-04,2025-08-19,11,0.71,2025-08-20,Tairos機器人展,2025
上銀,9,21,-12,0,2025-08-04,2025-08-20,12,-3.33,2025-08-20,Tairos機器人展,2025
上銀,9,22,-12,1,2025-08-04,2025-08-21,13,-1.9,2025-08-20,Tairos機器人展,2025
上銀,9,23,-12,2,2025-08-04,2025-08-22,14,-3.33,2025-08-20,Tairos機器人展,2025
上銀,9,24,-12,3,2025-08-04,2025-08-25,15,2.38,2025-08-20,Tairos機器人展,2025
上銀,9,25,-12,4,2025-08-04,2025-08-26,16,1.9,2025-08-20,Tairos機器人展,2025
上銀,9,26,-12,5,2025-08-04,2025-08-27,17,2.38,2025-08-20,Tairos機器人展,2025
上銀,9,27,-12,6,2025-08-04,2025-08-28,18,2.62,2025-08-20,Tairos機器人展,2025
上銀,10,11,-11,-10,2025-08-05,2025-08-06,1,-1.18,2025-08-20,Tairos機器人展,2025
上銀,10,12,-11,-9,2025-08-05,2025-08-07,2,0.0,2025-08-20,Tairos機器人展,2025
上銀,10,13,-11,-8,2025-08-05,2025-08-08,3,2.13,2025-08-20,Tairos機器人展,2025
上銀,10,14,-11,-7,2025-08-05,2025-08-11,4,2.36,2025-08-20,Tairos機器人展,2025
上銀,10,15,-11,-6,2025-08-05,2025-08-12,5,0.95,2025-08-20,Tairos機器人展,2025
上銀,10,16,-11,-5,2025-08-05,2025-08-13,6,-1.18,2025-08-20,Tairos機器人展,2025
上銀,10,17,-11,-4,2025-08-05,2025-08-14,7,-1.89,2025-08-20,Tairos機器人展,2025
上銀,10,18,-11,-3,2025-08-05,2025-08-15,8,-0.71,2025-08-20,Tairos機器人展,2025
上銀,10,19,-11,-2,2025-08-05,2025-08-18,9,3.31,2025-08-20,Tairos機器人展,2025
上銀,10,20,-11,-1,2025-08-05,2025-08-19,10,0.0,2025-08-20,Tairos機器人展,2025
上銀,10,21,-11,0,2025-08-05,2025-08-20,11,-4.02,2025-08-20,Tairos機器人展,2025
上銀,10,22,-11,1,2025-08-05,2025-08-21,12,-2.6,2025-08-20,Tairos機器人展,2025
上銀,10,23,-11,2,2025-08-05,2025-08-22,13,-4.02,2025-08-20,Tairos機器人展,2025
上銀,10,24,-11,3,2025-08-05,2025-08-25,14,1.65,2025-08-20,Tairos機器人展,2025
上銀,10,25,-11,4,2025-08-05,2025-08-26,15,1.18,2025-08-20,Tairos機器人展,2025
上銀,10,26,-11,5,2025-08-05,2025-08-27,16,1.65,2025-08-20,Tairos機器人展,2025
上銀,10,27,-11,6,2025-08-05,2025-08-28,17,1.89,2025-08-20,Tairos機器人展,2025
上銀,11,12,-10,-9,2025-08-06,2025-08-07,1,1.2,2025-08-20,Tairos機器人展,2025
上銀,11,13,-10,-8,2025-08-06,2025-08-08,2,3.35,2025-08-20,Tairos機器人展,2025
上銀,11,14,-10,-7,2025-08-06,2025-08-11,3,3.59,2025-08-20,Tairos機器人展,2025
上銀,11,15,-10,-6,2025-08-06,2025-08-12,4,2.15,2025-08-20,Tairos機器人展,2025
上銀,11,16,-10,-5,2025-08-06,2025-08-13,5,0.0,2025-08-20,Tairos機器人展,2025
上銀,11,17,-10,-4,2025-08-06,2025-08-14,6,-0.72,2025-08-20,Tairos機器人展,2025
上銀,11,18,-10,-3,2025-08-06,2025-08-15,7,0.48,2025-08-20,Tairos機器人展,2025
上銀,11,19,-10,-2,2025-08-06,2025-08-18,8,4.55,2025-08-20,Tairos機器人展,2025
上銀,11,20,-10,-1,2025-08-06,2025-08-19,9,1.2,2025-08-20,Tairos機器人展,2025
上銀,11,21,-10,0,2025-08-06,2025-08-20,10,-2.87,2025-08-20,Tairos機器人展,2025
上銀,11,22,-10,1,2025-08-06,2025-08-21,11,-1.44,2025-08-20,Tairos機器人展,2025
上銀,11,23,-10,2,2025-08-06,2025-08-22,12,-2.87,2025-08-20,Tairos機器人展,2025
上銀,11,24,-10,3,2025-08-06,2025-08-25,13,2.87,2025-08-20,Tairos機器人展,2025
上銀,11,25,-10,4,2025-08-06,2025-08-26,14,2.39,2025-08-20,Tairos機器人展,2025
上銀,11,26,-10,5,2025-08-06,2025-08-27,15,2.87,2025-08-20,Tairos機器人展,2025
上銀,11,27,-10,6,2025-08-06,2025-08-28,16,3.11,2025-08-20,Tairos機器人展,2025
上銀,12,13,-9,-8,2025-08-07,2025-08-08,1,2.13,2025-08-20,Tairos機器人展,2025
上銀,12,14,-9,-7,2025-08-07,2025-08-11,2,2.36,2025-08-20,Tairos機器人展,2025
上銀,12,15,-9,-6,2025-08-07,2025-08-12,3,0.95,2025-08-20,Tairos機器人展,2025
上銀,12,16,-9,-5,2025-08-07,2025-08-13,4,-1.18,2025-08-20,Tairos機器人展,2025
上銀,12,17,-9,-4,2025-08-07,2025-08-14,5,-1.89,2025-08-20,Tairos機器人展,2025
上銀,12,18,-9,-3,2025-08-07,2025-08-15,6,-0.71,2025-08-20,Tairos機器人展,2025
上銀,12,19,-9,-2,2025-08-07,2025-08-18,7,3.31,2025-08-20,Tairos機器人展,2025
上銀,12,20,-9,-1,2025-08-07,2025-08-19,8,0.0,2025-08-20,Tairos機器人展,2025
上銀,12,21,-9,0,2025-08-07,2025-08-20,9,-4.02,2025-08-20,Tairos機器人展,2025
上銀,12,22,-9,1,2025-08-07,2025-08-21,10,-2.6,2025-08-20,Tairos機器人展,2025
上銀,12,23,-9,2,2025-08-07,2025-08-22,11,-4.02,2025-08-20,Tairos機器人展,2025
上銀,12,24,-9,3,2025-08-07,2025-08-25,12,1.65,2025-08-20,Tairos機器人展,2025
上銀,12,25,-9,4,2025-08-07,2025-08-26,13,1.18,2025-08-20,Tairos機器人展,2025
上銀,12,26,-9,5,2025-08-07,2025-08-27,14,1.65,2025-08-20,Tairos機器人展,2025
上銀,12,27,-9,6,2025-08-07,2025-08-28,15,1.89,2025-08-20,Tairos機器人展,2025
上銀,13,14,-8,-7,2025-08-08,2025-08-11,1,0.23,2025-08-20,Tairos機器人展,2025
上銀,13,15,-8,-6,2025-08-08,2025-08-12,2,-1.16,2025-08-20,Tairos機器人展,2025
上銀,13,16,-8,-5,2025-08-08,2025-08-13,3,-3.24,2025-08-20,Tairos機器人展,2025
上銀,13,17,-8,-4,2025-08-08,2025-08-14,4,-3.94,2025-08-20,Tairos機器人展,2025
上銀,13,18,-8,-3,2025-08-08,2025-08-15,5,-2.78,2025-08-20,Tairos機器人展,2025
上銀,13,19,-8,-2,2025-08-08,2025-08-18,6,1.16,2025-08-20,Tairos機器人展,2025
上銀,13,20,-8,-1,2025-08-08,2025-08-19,7,-2.08,2025-08-20,Tairos機器人展,2025
上銀,13,21,-8,0,2025-08-08,2025-08-20,8,-6.02,2025-08-20,Tairos機器人展,2025
上銀,13,22,-8,1,2025-08-08,2025-08-21,9,-4.63,2025-08-20,Tairos機器人展,2025
上銀,13,23,-8,2,2025-08-08,2025-08-22,10,-6.02,2025-08-20,Tairos機器人展,2025
上銀,13,24,-8,3,2025-08-08,2025-08-25,11,-0.46,2025-08-20,Tairos機器人展,2025
上銀,13,25,-8,4,2025-08-08,2025-08-26,12,-0.93,2025-08-20,Tairos機器人展,2025
上銀,13,26,-8,5,2025-08-08,2025-08-27,13,-0.46,2025-08-20,Tairos機器人展,2025
上銀,13,27,-8,6,2025-08-08,2025-08-28,14,-0.23,2025-08-20,Tairos機器人展,2025
上銀,14,15,-7,-6,2025-08-11,2025-08-12,1,-1.39,2025-08-20,Tairos機器人展,2025
上銀,14,16,-7,-5,2025-08-11,2025-08-13,2,-3.46,2025-08-20,Tairos機器人展,2025
上銀,14,17,-7,-4,2025-08-11,2025-08-14,3,-4.16,2025-08-20,Tairos機器人展,2025
上銀,14,18,-7,-3,2025-08-11,2025-08-15,4,-3.0,2025-08-20,Tairos機器人展,2025
上銀,14,19,-7,-2,2025-08-11,2025-08-18,5,0.92,2025-08-20,Tairos機器人展,2025
上銀,14,20,-7,-1,2025-08-11,2025-08-19,6,-2.31,2025-08-20,Tairos機器人展,2025
上銀,14,21,-7,0,2025-08-11,2025-08-20,7,-6.24,2025-08-20,Tairos機器人展,2025
上銀,14,22,-7,1,2025-08-11,2025-08-21,8,-4.85,2025-08-20,Tairos機器人展,2025
上銀,14,23,-7,2,2025-08-11,2025-08-22,9,-6.24,2025-08-20,Tairos機器人展,2025
上銀,14,24,-7,3,2025-08-11,2025-08-25,10,-0.69,2025-08-20,Tairos機器人展,2025
上銀,14,25,-7,4,2025-08-11,2025-08-26,11,-1.15,2025-08-20,Tairos機器人展,2025
上銀,14,26,-7,5,2025-08-11,2025-08-27,12,-0.69,2025-08-20,Tairos機器人展,2025
上銀,14,27,-7,6,2025-08-11,2025-08-28,13,-0.46,2025-08-20,Tairos機器人展,2025
上銀,15,16,-6,-5,2025-08-12,2025-08-13,1,-2.11,2025-08-20,Tairos機器人展,2025
上銀,15,17,-6,-4,2025-08-12,2025-08-14,2,-2.81,2025-08-20,Tairos機器人展,2025
上銀,15,18,-6,-3,2025-08-12,2025-08-15,3,-1.64,2025-08-20,Tairos機器人展,2025
上銀,15,19,-6,-2,2025-08-12,2025-08-18,4,2.34,2025-08-20,Tairos機器人展,2025
上銀,15,20,-6,-1,2025-08-12,2025-08-19,5,-0.94,2025-08-20,Tairos機器人展,2025
上銀,15,21,-6,0,2025-08-12,2025-08-20,6,-4.92,2025-08-20,Tairos機器人展,2025
上銀,15,22,-6,1,2025-08-12,2025-08-21,7,-3.51,2025-08-20,Tairos機器人展,2025
上銀,15,23,-6,2,2025-08-12,2025-08-22,8,-4.92,2025-08-20,Tairos機器人展,2025
上銀,15,24,-6,3,2025-08-12,2025-08-25,9,0.7,2025-08-20,Tairos機器人展,2025
上銀,15,25,-6,4,2025-08-12,2025-08-26,10,0.23,2025-08-20,Tairos機器人展,2025
上銀,15,26,-6,5,2025-08-12,2025-08-27,11,0.7,2025-08-20,Tairos機器人展,2025
上銀,15,27,-6,6,2025-08-12,2025-08-28,12,0.94,2025-08-20,Tairos機器人展,2025
上銀,16,17,-5,-4,2025-08-13,2025-08-14,1,-0.72,2025-08-20,Tairos機器人展,2025
上銀,16,18,-5,-3,2025-08-13,2025-08-15,2,0.48,2025-08-20,Tairos機器人展,2025
上銀,16,19,-5,-2,2025-08-13,2025-08-18,3,4.55,2025-08-20,Tairos機器人展,2025
上銀,16,20,-5,-1,2025-08-13,2025-08-19,4,1.2,2025-08-20,Tairos機器人展,2025
上銀,16,21,-5,0,2025-08-13,2025-08-20,5,-2.87,2025-08-20,Tairos機器人展,2025
上銀,16,22,-5,1,2025-08-13,2025-08-21,6,-1.44,2025-08-20,Tairos機器人展,2025
上銀,16,23,-5,2,2025-08-13,2025-08-22,7,-2.87,2025-08-20,Tairos機器人展,2025
上銀,16,24,-5,3,2025-08-13,2025-08-25,8,2.87,2025-08-20,Tairos機器人展,2025
上銀,16,25,-5,4,2025-08-13,2025-08-26,9,2.39,2025-08-20,Tairos機器人展,2025
上銀,16,26,-5,5,2025-08-13,2025-08-27,10,2.87,2025-08-20,Tairos機器人展,2025
上銀,16,27,-5,6,2025-08-13,2025-08-28,11,3.11,2025-08-20,Tairos機器人展,2025
上銀,17,18,-4,-3,2025-08-14,2025-08-15,1,1.2,2025-08-20,Tairos機器人展,2025
上銀,17,19,-4,-2,2025-08-14,2025-08-18,2,5.3,2025-08-20,Tairos機器人展,2025
上銀,17,20,-4,-1,2025-08-14,2025-08-19,3,1.93,2025-08-20,Tairos機器人展,2025
上銀,17,21,-4,0,2025-08-14,2025-08-20,4,-2.17,2025-08-20,Tairos機器人展,2025
上銀,17,22,-4,1,2025-08-14,2025-08-21,5,-0.72,2025-08-20,Tairos機器人展,2025
上銀,17,23,-4,2,2025-08-14,2025-08-22,6,-2.17,2025-08-20,Tairos機器人展,2025
上銀,17,24,-4,3,2025-08-14,2025-08-25,7,3.61,2025-08-20,Tairos機器人展,2025
上銀,17,25,-4,4,2025-08-14,2025-08-26,8,3.13,2025-08-20,Tairos機器人展,2025
上銀,17,26,-4,5,2025-08-14,2025-08-27,9,3.61,2025-08-20,Tairos機器人展,2025
上銀,17,27,-4,6,2025-08-14,2025-08-28,10,3.86,2025-08-20,Tairos機器人展,2025
上銀,18,19,-3,-2,2025-08-15,2025-08-18,1,4.05,2025-08-20,Tairos機器人展,2025
上銀,18,20,-3,-1,2025-08-15,2025-08-19,2,0.71,2025-08-20,Tairos機器人展,2025
上銀,18,21,-3,0,2025-08-15,2025-08-20,3,-3.33,2025-08-20,Tairos機器人展,2025
上銀,18,22,-3,1,2025-08-15,2025-08-21,4,-1.9,2025-08-20,Tairos機器人展,2025
上銀,18,23,-3,2,2025-08-15,2025-08-22,5,-3.33,2025-08-20,Tairos機器人展,2025
上銀,18,24,-3,3,2025-08-15,2025-08-25,6,2.38,2025-08-20,Tairos機器人展,2025
上銀,18,25,-3,4,2025-08-15,2025-08-26,7,1.9,2025-08-20,Tairos機器人展,2025
上銀,18,26,-3,5,2025-08-15,2025-08-27,8,2.38,2025-08-20,Tairos機器人展,2025
上銀,18,27,-3,6,2025-08-15,2025-08-28,9,2.62,2025-08-20,Tairos機器人展,2025
上銀,19,20,-2,-1,2025-08-18,2025-08-19,1,-3.2,2025-08-20,Tairos機器人展,2025
上銀,19,21,-2,0,2025-08-18,2025-08-20,2,-7.09,2025-08-20,Tairos機器人展,2025
上銀,19,22,-2,1,2025-08-18,2025-08-21,3,-5.72,2025-08-20,Tairos機器人展,2025
上銀,19,23,-2,2,2025-08-18,2025-08-22,4,-7.09,2025-08-20,Tairos機器人展,2025
上銀,19,24,-2,3,2025-08-18,2025-08-25,5,-1.6,2025-08-20,Tairos機器人展,2025
上銀,19,25,-2,4,2025-08-18,2025-08-26,6,-2.06,2025-08-20,Tairos機器人展,2025
上銀,19,26,-2,5,2025-08-18,2025-08-27,7,-1.6,2025-08-20,Tairos機器人展,2025
上銀,19,27,-2,6,2025-08-18,2025-08-28,8,-1.37,2025-08-20,Tairos機器人展,2025
上銀,20,21,-1,0,2025-08-19,2025-08-20,1,-4.02,2025-08-20,Tairos機器人展,2025
上銀,20,22,-1,1,2025-08-19,2025-08-21,2,-2.6,2025-08-20,Tairos機器人展,2025
上銀,20,23,-1,2,2025-08-19,2025-08-22,3,-4.02,2025-08-20,Tairos機器人展,2025
上銀,20,24,-1,3,2025-08-19,2025-08-25,4,1.65,2025-08-20,Tairos機器人展,2025
上銀,20,25,-1,4,2025-08-19,2025-08-26,5,1.18,2025-08-20,Tairos機器人展,2025
上銀,20,26,-1,5,2025-08-19,2025-08-27,6,1.65,2025-08-20,Tairos機器人展,2025
上銀,20,27,-1,6,2025-08-19,2025-08-28,7,1.89,2025-08-20,Tairos機器人展,2025
上銀,21,22,0,1,2025-08-20,2025-08-21,1,1.48,2025-08-20,Tairos機器人展,2025
上銀,21,23,0,2,2025-08-20,2025-08-22,2,0.0,2025-08-20,Tairos機器人展,2025
上銀,21,24,0,3,2025-08-20,2025-08-25,3,5.91,2025-08-20,Tairos機器人展,2025
上銀,21,25,0,4,2025-08-20,2025-08-26,4,5.42,2025-08-20,Tairos機器人展,2025
上銀,21,26,0,5,2025-08-20,2025-08-27,5,5.91,2025-08-20,Tairos機器人展,2025
上銀,21,27,0,6,2025-08-20,2025-08-28,6,6.16,2025-08-20,Tairos機器人展,2025
上銀,22,23,1,2,2025-08-21,2025-08-22,1,-1.46,2025-08-20,Tairos機器人展,2025
上銀,22,24,1,3,2025-08-21,2025-08-25,2,4.37,2025-08-20,Tairos機器人展,2025
上銀,22,25,1,4,2025-08-21,2025-08-26,3,3.88,2025-08-20,Tairos機器人展,2025
上銀,22,26,1,5,2025-08-21,2025-08-27,4,4.37,2025-08-20,Tairos機器人展,2025
上銀,22,27,1,6,2025-08-21,2025-08-28,5,4.61,2025-08-20,Tairos機器人展,2025
上銀,23,24,2,3,2025-08-22,2025-08-25,1,5.91,2025-08-20,Tairos機器人展,2025
上銀,23,25,2,4,2025-08-22,2025-08-26,2,5.42,2025-08-20,Tairos機器人展,2025
上銀,23,26,2,5,2025-08-22,2025-08-27,3,5.91,2025-08-20,Tairos機器人展,2025
上銀,23,27,2,6,2025-08-22,2025-08-28,4,6.16,2025-08-20,Tairos機器人展,2025
上銀,24,25,3,4,2025-08-25,2025-08-26,1,-0.47,2025-08-20,Tairos機器人展,2025
上銀,24,26,3,5,2025-08-25,2025-08-27,2,0.0,2025-08-20,Tairos機器人展,2025
上銀,24,27,3,6,2025-08-25,2025-08-28,3,0.23,2025-08-20,Tairos機器人展,2025
上銀,25,26,4,5,2025-08-26,2025-08-27,1,0.47,2025-08-20,Tairos機器人展,2025
上銀,25,27,4,6,2025-08-26,2025-08-28,2,0.7,2025-08-20,Tairos機器人展,2025
上銀,26,27,5,6,2025-08-27,2025-08-28,1,0.23,2025-08-20,Tairos機器人展,2025
研華,0,1,-21,-20,2025-07-21,2025-07-22,1,-1.76,2025-08-20,Tairos機器人展,2025
研華,0,2,-21,-19,2025-07-21,2025-07-23,2,-0.44,2025-08-20,Tairos機器人展,2025
研華,0,3,-21,-18,2025-07-21,2025-07-24,3,-0.73,2025-08-20,Tairos機器人展,2025
研華,0,4,-21,-17,2025-07-21,2025-07-25,4,0.15,2025-08-20,Tairos機器人展,2025
研華,0,5,-21,-16,2025-07-21,2025-07-28,5,-0.15,2025-08-20,Tairos機器人展,2025
研華,0,6,-21,-15,2025-07-21,2025-07-29,6,-2.2,2025-08-20,Tairos機器人展,2025
研華,0,7,-21,-14,2025-07-21,2025-07-30,7,-0.44,2025-08-20,Tairos機器人展,2025
研華,0,8,-21,-13,2025-07-21,2025-07-31,8,-1.47,2025-08-20,Tairos機器人展,2025
研華,0,9,-21,-12,2025-07-21,2025-08-04,9,-5.14,2025-08-20,Tairos機器人展,2025
研華,0,10,-21,-11,2025-07-21,2025-08-05,10,-3.67,2025-08-20,Tairos機器人展,2025
研華,0,11,-21,-10,2025-07-21,2025-08-06,11,-4.41,2025-08-20,Tairos機器人展,2025
研華,0,12,-21,-9,2025-07-21,2025-08-07,12,-3.38,2025-08-20,Tairos機器人展,2025
研華,0,13,-21,-8,2025-07-21,2025-08-08,13,-5.43,2025-08-20,Tairos機器人展,2025
研華,0,14,-21,-7,2025-07-21,2025-08-11,14,-6.31,2025-08-20,Tairos機器人展,2025
研華,0,15,-21,-6,2025-07-21,2025-08-12,15,-6.31,2025-08-20,Tairos機器人展,2025
研華,0,16,-21,-5,2025-07-21,2025-08-13,16,-7.34,2025-08-20,Tairos機器人展,2025
研華,0,17,-21,-4,2025-07-21,2025-08-14,17,-7.49,2025-08-20,Tairos機器人展,2025
研華,0,18,-21,-3,2025-07-21,2025-08-15,18,-6.61,2025-08-20,Tairos機器人展,2025
研華,0,19,-21,-2,2025-07-21,2025-08-18,19,-7.49,2025-08-20,Tairos機器人展,2025
研華,0,20,-21,-1,2025-07-21,2025-08-19,20,-7.34,2025-08-20,Tairos機器人展,2025
研華,0,21,-21,0,2025-07-21,2025-08-20,21,-8.96,2025-08-20,Tairos機器人展,2025
研華,0,22,-21,1,2025-07-21,2025-08-21,22,-7.49,2025-08-20,Tairos機器人展,2025
研華,0,23,-21,2,2025-07-21,2025-08-22,23,-7.49,2025-08-20,Tairos機器人展,2025
研華,0,24,-21,3,2025-07-21,2025-08-25,24,-6.31,2025-08-20,Tairos機器人展,2025
研華,0,25,-21,4,2025-07-21,2025-08-26,25,-5.43,2025-08-20,Tairos機器人展,2025
研華,0,26,-21,5,2025-07-21,2025-08-27,26,3.96,2025-08-20,Tairos機器人展,2025
研華,0,27,-21,6,2025-07-21,2025-08-28,27,4.11,2025-08-20,Tairos機器人展,2025
研華,1,2,-20,-19,2025-07-22,2025-07-23,1,1.35,2025-08-20,Tairos機器人展,2025
研華,1,3,-20,-18,2025-07-22,2025-07-24,2,1.05,2025-08-20,Tairos機器人展,2025
研華,1,4,-20,-17,2025-07-22,2025-07-25,3,1.94,2025-08-20,Tairos機器人展,2025
研華,1,5,-20,-16,2025-07-22,2025-07-28,4,1.64,2025-08-20,Tairos機器人展,2025
研華,1,6,-20,-15,2025-07-22,2025-07-29,5,-0.45,2025-08-20,Tairos機器人展,2025
研華,1,7,-20,-14,2025-07-22,2025-07-30,6,1.35,2025-08-20,Tairos機器人展,2025
研華,1,8,-20,-13,2025-07-22,2025-07-31,7,0.3,2025-08-20,Tairos機器人展,2025
研華,1,9,-20,-12,2025-07-22,2025-08-04,8,-3.44,2025-08-20,Tairos機器人展,2025
研華,1,10,-20,-11,2025-07-22,2025-08-05,9,-1.94,2025-08-20,Tairos機器人展,2025
研華,1,11,-20,-10,2025-07-22,2025-08-06,10,-2.69,2025-08-20,Tairos機器人展,2025
研華,1,12,-20,-9,2025-07-22,2025-08-07,11,-1.64,2025-08-20,Tairos機器人展,2025
研華,1,13,-20,-8,2025-07-22,2025-08-08,12,-3.74,2025-08-20,Tairos機器人展,2025
研華,1,14,-20,-7,2025-07-22,2025-08-11,13,-4.63,2025-08-20,Tairos機器人展,2025
研華,1,15,-20,-6,2025-07-22,2025-08-12,14,-4.63,2025-08-20,Tairos機器人展,2025
研華,1,16,-20,-5,2025-07-22,2025-08-13,15,-5.68,2025-08-20,Tairos機器人展,2025
研華,1,17,-20,-4,2025-07-22,2025-08-14,16,-5.83,2025-08-20,Tairos機器人展,2025
研華,1,18,-20,-3,2025-07-22,2025-08-15,17,-4.93,2025-08-20,Tairos機器人展,2025
研華,1,19,-20,-2,2025-07-22,2025-08-18,18,-5.83,2025-08-20,Tairos機器人展,2025
研華,1,20,-20,-1,2025-07-22,2025-08-19,19,-5.68,2025-08-20,Tairos機器人展,2025
研華,1,21,-20,0,2025-07-22,2025-08-20,20,-7.32,2025-08-20,Tairos機器人展,2025
研華,1,22,-20,1,2025-07-22,2025-08-21,21,-5.83,2025-08-20,Tairos機器人展,2025
研華,1,23,-20,2,2025-07-22,2025-08-22,22,-5.83,2025-08-20,Tairos機器人展,2025
研華,1,24,-20,3,2025-07-22,2025-08-25,23,-4.63,2025-08-20,Tairos機器人展,2025
研華,1,25,-20,4,2025-07-22,2025-08-26,24,-3.74,2025-08-20,Tairos機器人展,2025
研華,1,26,-20,5,2025-07-22,2025-08-27,25,5.83,2025-08-20,Tairos機器人展,2025
研華,1,27,-20,6,2025-07-22,2025-08-28,26,5.98,2025-08-20,Tairos機器人展,2025
研華,2,3,-19,-18,2025-07-23,2025-07-24,1,-0.29,2025-08-20,Tairos機器人展,2025
研華,2,4,-19,-17,2025-07-23,2025-07-25,2,0.59,2025-08-20,Tairos機器人展,2025
研華,2,5,-19,-16,2025-07-23,2025-07-28,3,0.29,2025-08-20,Tairos機器人展,2025
研華,2,6,-19,-15,2025-07-23,2025-07-29,4,-1.77,2025-08-20,Tairos機器人展,2025
研華,2,7,-19,-14,2025-07-23,2025-07-30,5,0.0,2025-08-20,Tairos機器人展,2025
研華,2,8,-19,-13,2025-07-23,2025-07-31,6,-1.03,2025-08-20,Tairos機器人展,2025
研華,2,9,-19,-12,2025-07-23,2025-08-04,7,-4.72,2025-08-20,Tairos機器人展,2025
研華,2,10,-19,-11,2025-07-23,2025-08-05,8,-3.24,2025-08-20,Tairos機器人展,2025
研華,2,11,-19,-10,2025-07-23,2025-08-06,9,-3.98,2025-08-20,Tairos機器人展,2025
研華,2,12,-19,-9,2025-07-23,2025-08-07,10,-2.95,2025-08-20,Tairos機器人展,2025
研華,2,13,-19,-8,2025-07-23,2025-08-08,11,-5.01,2025-08-20,Tairos機器人展,2025
研華,2,14,-19,-7,2025-07-23,2025-08-11,12,-5.9,2025-08-20,Tairos機器人展,2025
研華,2,15,-19,-6,2025-07-23,2025-08-12,13,-5.9,2025-08-20,Tairos機器人展,2025
研華,2,16,-19,-5,2025-07-23,2025-08-13,14,-6.93,2025-08-20,Tairos機器人展,2025
研華,2,17,-19,-4,2025-07-23,2025-08-14,15,-7.08,2025-08-20,Tairos機器人展,2025
研華,2,18,-19,-3,2025-07-23,2025-08-15,16,-6.19,2025-08-20,Tairos機器人展,2025
研華,2,19,-19,-2,2025-07-23,2025-08-18,17,-7.08,2025-08-20,Tairos機器人展,2025
研華,2,20,-19,-1,2025-07-23,2025-08-19,18,-6.93,2025-08-20,Tairos機器人展,2025
研華,2,21,-19,0,2025-07-23,2025-08-20,19,-8.55,2025-08-20,Tairos機器人展,2025
研華,2,22,-19,1,2025-07-23,2025-08-21,20,-7.08,2025-08-20,Tairos機器人展,2025
研華,2,23,-19,2,2025-07-23,2025-08-22,21,-7.08,2025-08-20,Tairos機器人展,2025
研華,2,24,-19,3,2025-07-23,2025-08-25,22,-5.9,2025-08-20,Tairos機器人展,2025
研華,2,25,-19,4,2025-07-23,2025-08-26,23,-5.01,2025-08-20,Tairos機器人展,2025
研華,2,26,-19,5,2025-07-23,2025-08-27,24,4.42,2025-08-20,Tairos機器人展,2025
研華,2,27,-19,6,2025-07-23,2025-08-28,25,4.57,2025-08-20,Tairos機器人展,2025
研華,3,4,-18,-17,2025-07-24,2025-07-25,1,0.89,2025-08-20,Tairos機器人展,2025
研華,3,5,-18,-16,2025-07-24,2025-07-28,2,0.59,2025-08-20,Tairos機器人展,2025
研華,3,6,-18,-15,2025-07-24,2025-07-29,3,-1.48,2025-08-20,Tairos機器人展,2025
研華,3,7,-18,-14,2025-07-24,2025-07-30,4,0.3,2025-08-20,Tairos機器人展,2025
研華,3,8,-18,-13,2025-07-24,2025-07-31,5,-0.74,2025-08-20,Tairos機器人展,2025
研華,3,9,-18,-12,2025-07-24,2025-08-04,6,-4.44,2025-08-20,Tairos機器人展,2025
研華,3,10,-18,-11,2025-07-24,2025-08-05,7,-2.96,2025-08-20,Tairos機器人展,2025
研華,3,11,-18,-10,2025-07-24,2025-08-06,8,-3.7,2025-08-20,Tairos機器人展,2025
研華,3,12,-18,-9,2025-07-24,2025-08-07,9,-2.66,2025-08-20,Tairos機器人展,2025
研華,3,13,-18,-8,2025-07-24,2025-08-08,10,-4.73,2025-08-20,Tairos機器人展,2025
研華,3,14,-18,-7,2025-07-24,2025-08-11,11,-5.62,2025-08-20,Tairos機器人展,2025
研華,3,15,-18,-6,2025-07-24,2025-08-12,12,-5.62,2025-08-20,Tairos機器人展,2025
研華,3,16,-18,-5,2025-07-24,2025-08-13,13,-6.66,2025-08-20,Tairos機器人展,2025
研華,3,17,-18,-4,2025-07-24,2025-08-14,14,-6.8,2025-08-20,Tairos機器人展,2025
研華,3,18,-18,-3,2025-07-24,2025-08-15,15,-5.92,2025-08-20,Tairos機器人展,2025
研華,3,19,-18,-2,2025-07-24,2025-08-18,16,-6.8,2025-08-20,Tairos機器人展,2025
研華,3,20,-18,-1,2025-07-24,2025-08-19,17,-6.66,2025-08-20,Tairos機器人展,2025
研華,3,21,-18,0,2025-07-24,2025-08-20,18,-8.28,2025-08-20,Tairos機器人展,2025
研華,3,22,-18,1,2025-07-24,2025-08-21,19,-6.8,2025-08-20,Tairos機器人展,2025
研華,3,23,-18,2,2025-07-24,2025-08-22,20,-6.8,2025-08-20,Tairos機器人展,2025
研華,3,24,-18,3,2025-07-24,2025-08-25,21,-5.62,2025-08-20,Tairos機器人展,2025
研華,3,25,-18,4,2025-07-24,2025-08-26,22,-4.73,2025-08-20,Tairos機器人展,2025
研華,3,26,-18,5,2025-07-24,2025-08-27,23,4.73,2025-08-20,Tairos機器人展,2025
研華,3,27,-18,6,2025-07-24,2025-08-28,24,4.88,2025-08-20,Tairos機器人展,2025
研華,4,5,-17,-16,2025-07-25,2025-07-28,1,-0.29,2025-08-20,Tairos機器人展,2025
研華,4,6,-17,-15,2025-07-25,2025-07-29,2,-2.35,2025-08-20,Tairos機器人展,2025
研華,4,7,-17,-14,2025-07-25,2025-07-30,3,-0.59,2025-08-20,Tairos機器人展,2025
研華,4,8,-17,-13,2025-07-25,2025-07-31,4,-1.61,2025-08-20,Tairos機器人展,2025
研華,4,9,-17,-12,2025-07-25,2025-08-04,5,-5.28,2025-08-20,Tairos機器人展,2025
研華,4,10,-17,-11,2025-07-25,2025-08-05,6,-3.81,2025-08-20,Tairos機器人展,2025
研華,4,11,-17,-10,2025-07-25,2025-08-06,7,-4.55,2025-08-20,Tairos機器人展,2025
研華,4,12,-17,-9,2025-07-25,2025-08-07,8,-3.52,2025-08-20,Tairos機器人展,2025
研華,4,13,-17,-8,2025-07-25,2025-08-08,9,-5.57,2025-08-20,Tairos機器人展,2025
研華,4,14,-17,-7,2025-07-25,2025-08-11,10,-6.45,2025-08-20,Tairos機器人展,2025
研華,4,15,-17,-6,2025-07-25,2025-08-12,11,-6.45,2025-08-20,Tairos機器人展,2025
研華,4,16,-17,-5,2025-07-25,2025-08-13,12,-7.48,2025-08-20,Tairos機器人展,2025
研華,4,17,-17,-4,2025-07-25,2025-08-14,13,-7.62,2025-08-20,Tairos機器人展,2025
研華,4,18,-17,-3,2025-07-25,2025-08-15,14,-6.74,2025-08-20,Tairos機器人展,2025
研華,4,19,-17,-2,2025-07-25,2025-08-18,15,-7.62,2025-08-20,Tairos機器人展,2025
研華,4,20,-17,-1,2025-07-25,2025-08-19,16,-7.48,2025-08-20,Tairos機器人展,2025
研華,4,21,-17,0,2025-07-25,2025-08-20,17,-9.09,2025-08-20,Tairos機器人展,2025
研華,4,22,-17,1,2025-07-25,2025-08-21,18,-7.62,2025-08-20,Tairos機器人展,2025
研華,4,23,-17,2,2025-07-25,2025-08-22,19,-7.62,2025-08-20,Tairos機器人展,2025
研華,4,24,-17,3,2025-07-25,2025-08-25,20,-6.45,2025-08-20,Tairos機器人展,2025
研華,4,25,-17,4,2025-07-25,2025-08-26,21,-5.57,2025-08-20,Tairos機器人展,2025
研華,4,26,-17,5,2025-07-25,2025-08-27,22,3.81,2025-08-20,Tairos機器人展,2025
研華,4,27,-17,6,2025-07-25,2025-08-28,23,3.96,2025-08-20,Tairos機器人展,2025
研華,5,6,-16,-15,2025-07-28,2025-07-29,1,-2.06,2025-08-20,Tairos機器人展,2025
研華,5,7,-16,-14,2025-07-28,2025-07-30,2,-0.29,2025-08-20,Tairos機器人展,2025
研華,5,8,-16,-13,2025-07-28,2025-07-31,3,-1.32,2025-08-20,Tairos機器人展,2025
研華,5,9,-16,-12,2025-07-28,2025-08-04,4,-5.0,2025-08-20,Tairos機器人展,2025
研華,5,10,-16,-11,2025-07-28,2025-08-05,5,-3.53,2025-08-20,Tairos機器人展,2025
研華,5,11,-16,-10,2025-07-28,2025-08-06,6,-4.26,2025-08-20,Tairos機器人展,2025
研華,5,12,-16,-9,2025-07-28,2025-08-07,7,-3.24,2025-08-20,Tairos機器人展,2025
研華,5,13,-16,-8,2025-07-28,2025-08-08,8,-5.29,2025-08-20,Tairos機器人展,2025
研華,5,14,-16,-7,2025-07-28,2025-08-11,9,-6.18,2025-08-20,Tairos機器人展,2025
研華,5,15,-16,-6,2025-07-28,2025-08-12,10,-6.18,2025-08-20,Tairos機器人展,2025
研華,5,16,-16,-5,2025-07-28,2025-08-13,11,-7.21,2025-08-20,Tairos機器人展,2025
研華,5,17,-16,-4,2025-07-28,2025-08-14,12,-7.35,2025-08-20,Tairos機器人展,2025
研華,5,18,-16,-3,2025-07-28,2025-08-15,13,-6.47,2025-08-20,Tairos機器人展,2025
研華,5,19,-16,-2,2025-07-28,2025-08-18,14,-7.35,2025-08-20,Tairos機器人展,2025
研華,5,20,-16,-1,2025-07-28,2025-08-19,15,-7.21,2025-08-20,Tairos機器人展,2025
研華,5,21,-16,0,2025-07-28,2025-08-20,16,-8.82,2025-08-20,Tairos機器人展,2025
研華,5,22,-16,1,2025-07-28,2025-08-21,17,-7.35,2025-08-20,Tairos機器人展,2025
研華,5,23,-16,2,2025-07-28,2025-08-22,18,-7.35,2025-08-20,Tairos機器人展,2025
研華,5,24,-16,3,2025-07-28,2025-08-25,19,-6.18,2025-08-20,Tairos機器人展,2025
研華,5,25,-16,4,2025-07-28,2025-08-26,20,-5.29,2025-08-20,Tairos機器人展,2025
研華,5,26,-16,5,2025-07-28,2025-08-27,21,4.12,2025-08-20,Tairos機器人展,2025
研華,5,27,-16,6,2025-07-28,2025-08-28,22,4.26,2025-08-20,Tairos機器人展,2025
研華,6,7,-15,-14,2025-07-29,2025-07-30,1,1.8,2025-08-20,Tairos機器人展,2025
研華,6,8,-15,-13,2025-07-29,2025-07-31,2,0.75,2025-08-20,Tairos機器人展,2025
研華,6,9,-15,-12,2025-07-29,2025-08-04,3,-3.0,2025-08-20,Tairos機器人展,2025
研華,6,10,-15,-11,2025-07-29,2025-08-05,4,-1.5,2025-08-20,Tairos機器人展,2025
研華,6,11,-15,-10,2025-07-29,2025-08-06,5,-2.25,2025-08-20,Tairos機器人展,2025
研華,6,12,-15,-9,2025-07-29,2025-08-07,6,-1.2,2025-08-20,Tairos機器人展,2025
研華,6,13,-15,-8,2025-07-29,2025-08-08,7,-3.3,2025-08-20,Tairos機器人展,2025
研華,6,14,-15,-7,2025-07-29,2025-08-11,8,-4.2,2025-08-20,Tairos機器人展,2025
研華,6,15,-15,-6,2025-07-29,2025-08-12,9,-4.2,2025-08-20,Tairos機器人展,2025
研華,6,16,-15,-5,2025-07-29,2025-08-13,10,-5.26,2025-08-20,Tairos機器人展,2025
研華,6,17,-15,-4,2025-07-29,2025-08-14,11,-5.41,2025-08-20,Tairos機器人展,2025
研華,6,18,-15,-3,2025-07-29,2025-08-15,12,-4.5,2025-08-20,Tairos機器人展,2025
研華,6,19,-15,-2,2025-07-29,2025-08-18,13,-5.41,2025-08-20,Tairos機器人展,2025
研華,6,20,-15,-1,2025-07-29,2025-08-19,14,-5.26,2025-08-20,Tairos機器人展,2025
研華,6,21,-15,0,2025-07-29,2025-08-20,15,-6.91,2025-08-20,Tairos機器人展,2025
研華,6,22,-15,1,2025-07-29,2025-08-21,16,-5.41,2025-08-20,Tairos機器人展,2025
研華,6,23,-15,2,2025-07-29,2025-08-22,17,-5.41,2025-08-20,Tairos機器人展,2025
研華,6,24,-15,3,2025-07-29,2025-08-25,18,-4.2,2025-08-20,Tairos機器人展,2025
研華,6,25,-15,4,2025-07-29,2025-08-26,19,-3.3,2025-08-20,Tairos機器人展,2025
研華,6,26,-15,5,2025-07-29,2025-08-27,20,6.31,2025-08-20,Tairos機器人展,2025
研華,6,27,-15,6,2025-07-29,2025-08-28,21,6.46,2025-08-20,Tairos機器人展,2025
研華,7,8,-14,-13,2025-07-30,2025-07-31,1,-1.03,2025-08-20,Tairos機器人展,2025
研華,7,9,-14,-12,2025-07-30,2025-08-04,2,-4.72,2025-08-20,Tairos機器人展,2025
研華,7,10,-14,-11,2025-07-30,2025-08-05,3,-3.24,2025-08-20,Tairos機器人展,2025
研華,7,11,-14,-10,2025-07-30,2025-08-06,4,-3.98,2025-08-20,Tairos機器人展,2025
研華,7,12,-14,-9,2025-07-30,2025-08-07,5,-2.95,2025-08-20,Tairos機器人展,2025
研華,7,13,-14,-8,2025-07-30,2025-08-08,6,-5.01,2025-08-20,Tairos機器人展,2025
研華,7,14,-14,-7,2025-07-30,2025-08-11,7,-5.9,2025-08-20,Tairos機器人展,2025
研華,7,15,-14,-6,2025-07-30,2025-08-12,8,-5.9,2025-08-20,Tairos機器人展,2025
研華,7,16,-14,-5,2025-07-30,2025-08-13,9,-6.93,2025-08-20,Tairos機器人展,2025
研華,7,17,-14,-4,2025-07-30,2025-08-14,10,-7.08,2025-08-20,Tairos機器人展,2025
研華,7,18,-14,-3,2025-07-30,2025-08-15,11,-6.19,2025-08-20,Tairos機器人展,2025
研華,7,19,-14,-2,2025-07-30,2025-08-18,12,-7.08,2025-08-20,Tairos機器人展,2025
研華,7,20,-14,-1,2025-07-30,2025-08-19,13,-6.93,2025-08-20,Tairos機器人展,2025
研華,7,21,-14,0,2025-07-30,2025-08-20,14,-8.55,2025-08-20,Tairos機器人展,2025
研華,7,22,-14,1,2025-07-30,2025-08-21,15,-7.08,2025-08-20,Tairos機器人展,2025
研華,7,23,-14,2,2025-07-30,2025-08-22,16,-7.08,2025-08-20,Tairos機器人展,2025
研華,7,24,-14,3,2025-07-30,2025-08-25,17,-5.9,2025-08-20,Tairos機器人展,2025
研華,7,25,-14,4,2025-07-30,2025-08-26,18,-5.01,2025-08-20,Tairos機器人展,2025
研華,7,26,-14,5,2025-07-30,2025-08-27,19,4.42,2025-08-20,Tairos機器人展,2025
研華,7,27,-14,6,2025-07-30,2025-08-28,20,4.57,2025-08-20,Tairos機器人展,2025
研華,8,9,-13,-12,2025-07-31,2025-08-04,1,-3.73,2025-08-20,Tairos機器人展,2025
研華,8,10,-13,-11,2025-07-31,2025-08-05,2,-2.24,2025-08-20,Tairos機器人展,2025
研華,8,11,-13,-10,2025-07-31,2025-08-06,3,-2.98,2025-08-20,Tairos機器人展,2025
研華,8,12,-13,-9,2025-07-31,2025-08-07,4,-1.94,2025-08-20,Tairos機器人展,2025
研華,8,13,-13,-8,2025-07-31,2025-08-08,5,-4.02,2025-08-20,Tairos機器人展,2025
研華,8,14,-13,-7,2025-07-31,2025-08-11,6,-4.92,2025-08-20,Tairos機器人展,2025
研華,8,15,-13,-6,2025-07-31,2025-08-12,7,-4.92,2025-08-20,Tairos機器人展,2025
研華,8,16,-13,-5,2025-07-31,2025-08-13,8,-5.96,2025-08-20,Tairos機器人展,2025
研華,8,17,-13,-4,2025-07-31,2025-08-14,9,-6.11,2025-08-20,Tairos機器人展,2025
研華,8,18,-13,-3,2025-07-31,2025-08-15,10,-5.22,2025-08-20,Tairos機器人展,2025
研華,8,19,-13,-2,2025-07-31,2025-08-18,11,-6.11,2025-08-20,Tairos機器人展,2025
研華,8,20,-13,-1,2025-07-31,2025-08-19,12,-5.96,2025-08-20,Tairos機器人展,2025
研華,8,21,-13,0,2025-07-31,2025-08-20,13,-7.6,2025-08-20,Tairos機器人展,2025
研華,8,22,-13,1,2025-07-31,2025-08-21,14,-6.11,2025-08-20,Tairos機器人展,2025
研華,8,23,-13,2,2025-07-31,2025-08-22,15,-6.11,2025-08-20,Tairos機器人展,2025
研華,8,24,-13,3,2025-07-31,2025-08-25,16,-4.92,2025-08-20,Tairos機器人展,2025
研華,8,25,-13,4,2025-07-31,2025-08-26,17,-4.02,2025-08-20,Tairos機器人展,2025
研華,8,26,-13,5,2025-07-31,2025-08-27,18,5.51,2025-08-20,Tairos機器人展,2025
研華,8,27,-13,6,2025-07-31,2025-08-28,19,5.66,2025-08-20,Tairos機器人展,2025
研華,9,10,-12,-11,2025-08-04,2025-08-05,1,1.55,2025-08-20,Tairos機器人展,2025
研華,9,11,-12,-10,2025-08-04,2025-08-06,2,0.77,2025-08-20,Tairos機器人展,2025
研華,9,12,-12,-9,2025-08-04,2025-08-07,3,1.86,2025-08-20,Tairos機器人展,2025
研華,9,13,-12,-8,2025-08-04,2025-08-08,4,-0.31,2025-08-20,Tairos機器人展,2025
研華,9,14,-12,-7,2025-08-04,2025-08-11,5,-1.24,2025-08-20,Tairos機器人展,2025
研華,9,15,-12,-6,2025-08-04,2025-08-12,6,-1.24,2025-08-20,Tairos機器人展,2025
研華,9,16,-12,-5,2025-08-04,2025-08-13,7,-2.32,2025-08-20,Tairos機器人展,2025
研華,9,17,-12,-4,2025-08-04,2025-08-14,8,-2.48,2025-08-20,Tairos機器人展,2025
研華,9,18,-12,-3,2025-08-04,2025-08-15,9,-1.55,2025-08-20,Tairos機器人展,2025
研華,9,19,-12,-2,2025-08-04,2025-08-18,10,-2.48,2025-08-20,Tairos機器人展,2025
研華,9,20,-12,-1,2025-08-04,2025-08-19,11,-2.32,2025-08-20,Tairos機器人展,2025
研華,9,21,-12,0,2025-08-04,2025-08-20,12,-4.02,2025-08-20,Tairos機器人展,2025
研華,9,22,-12,1,2025-08-04,2025-08-21,13,-2.48,2025-08-20,Tairos機器人展,2025
研華,9,23,-12,2,2025-08-04,2025-08-22,14,-2.48,2025-08-20,Tairos機器人展,2025
研華,9,24,-12,3,2025-08-04,2025-08-25,15,-1.24,2025-08-20,Tairos機器人展,2025
研華,9,25,-12,4,2025-08-04,2025-08-26,16,-0.31,2025-08-20,Tairos機器人展,2025
研華,9,26,-12,5,2025-08-04,2025-08-27,17,9.6,2025-08-20,Tairos機器人展,2025
研華,9,27,-12,6,2025-08-04,2025-08-28,18,9.75,2025-08-20,Tairos機器人展,2025
研華,10,11,-11,-10,2025-08-05,2025-08-06,1,-0.76,2025-08-20,Tairos機器人展,2025
研華,10,12,-11,-9,2025-08-05,2025-08-07,2,0.3,2025-08-20,Tairos機器人展,2025
研華,10,13,-11,-8,2025-08-05,2025-08-08,3,-1.83,2025-08-20,Tairos機器人展,2025
研華,10,14,-11,-7,2025-08-05,2025-08-11,4,-2.74,2025-08-20,Tairos機器人展,2025
研華,10,15,-11,-6,2025-08-05,2025-08-12,5,-2.74,2025-08-20,Tairos機器人展,2025
研華,10,16,-11,-5,2025-08-05,2025-08-13,6,-3.81,2025-08-20,Tairos機器人展,2025
研華,10,17,-11,-4,2025-08-05,2025-08-14,7,-3.96,2025-08-20,Tairos機器人展,2025
研華,10,18,-11,-3,2025-08-05,2025-08-15,8,-3.05,2025-08-20,Tairos機器人展,2025
研華,10,19,-11,-2,2025-08-05,2025-08-18,9,-3.96,2025-08-20,Tairos機器人展,2025
研華,10,20,-11,-1,2025-08-05,2025-08-19,10,-3.81,2025-08-20,Tairos機器人展,2025
研華,10,21,-11,0,2025-08-05,2025-08-20,11,-5.49,2025-08-20,Tairos機器人展,2025
研華,10,22,-11,1,2025-08-05,2025-08-21,12,-3.96,2025-08-20,Tairos機器人展,2025
研華,10,23,-11,2,2025-08-05,2025-08-22,13,-3.96,2025-08-20,Tairos機器人展,2025
研華,10,24,-11,3,2025-08-05,2025-08-25,14,-2.74,2025-08-20,Tairos機器人展,2025
研華,10,25,-11,4,2025-08-05,2025-08-26,15,-1.83,2025-08-20,Tairos機器人展,2025
研華,10,26,-11,5,2025-08-05,2025-08-27,16,7.93,2025-08-20,Tairos機器人展,2025
研華,10,27,-11,6,2025-08-05,2025-08-28,17,8.08,2025-08-20,Tairos機器人展,2025
研華,11,12,-10,-9,2025-08-06,2025-08-07,1,1.08,2025-08-20,Tairos機器人展,2025
研華,11,13,-10,-8,2025-08-06,2025-08-08,2,-1.08,2025-08-20,Tairos機器人展,2025
研華,11,14,-10,-7,2025-08-06,2025-08-11,3,-2.0,2025-08-20,Tairos機器人展,2025
研華,11,15,-10,-6,2025-08-06,2025-08-12,4,-2.0,2025-08-20,Tairos機器人展,2025
研華,11,16,-10,-5,2025-08-06,2025-08-13,5,-3.07,2025-08-20,Tairos機器人展,2025
研華,11,17,-10,-4,2025-08-06,2025-08-14,6,-3.23,2025-08-20,Tairos機器人展,2025
研華,11,18,-10,-3,2025-08-06,2025-08-15,7,-2.3,2025-08-20,Tairos機器人展,2025
研華,11,19,-10,-2,2025-08-06,2025-08-18,8,-3.23,2025-08-20,Tairos機器人展,2025
研華,11,20,-10,-1,2025-08-06,2025-08-19,9,-3.07,2025-08-20,Tairos機器人展,2025
研華,11,21,-10,0,2025-08-06,2025-08-20,10,-4.76,2025-08-20,Tairos機器人展,2025
研華,11,22,-10,1,2025-08-06,2025-08-21,11,-3.23,2025-08-20,Tairos機器人展,2025
研華,11,23,-10,2,2025-08-06,2025-08-22,12,-3.23,2025-08-20,Tairos機器人展,2025
研華,11,24,-10,3,2025-08-06,2025-08-25,13,-2.0,2025-08-20,Tairos機器人展,2025
研華,11,25,-10,4,2025-08-06,2025-08-26,14,-1.08,2025-08-20,Tairos機器人展,2025
研華,11,26,-10,5,2025-08-06,2025-08-27,15,8.76,2025-08-20,Tairos機器人展,2025
研華,11,27,-10,6,2025-08-06,2025-08-28,16,8.91,2025-08-20,Tairos機器人展,2025
研華,12,13,-9,-8,2025-08-07,2025-08-08,1,-2.13,2025-08-20,Tairos機器人展,2025
研華,12,14,-9,-7,2025-08-07,2025-08-11,2,-3.04,2025-08-20,Tairos機器人展,2025
研華,12,15,-9,-6,2025-08-07,2025-08-12,3,-3.04,2025-08-20,Tairos機器人展,2025
研華,12,16,-9,-5,2025-08-07,2025-08-13,4,-4.1,2025-08-20,Tairos機器人展,2025
研華,12,17,-9,-4,2025-08-07,2025-08-14,5,-4.26,2025-08-20,Tairos機器人展,2025
研華,12,18,-9,-3,2025-08-07,2025-08-15,6,-3.34,2025-08-20,Tairos機器人展,2025
研華,12,19,-9,-2,2025-08-07,2025-08-18,7,-4.26,2025-08-20,Tairos機器人展,2025
研華,12,20,-9,-1,2025-08-07,2025-08-19,8,-4.1,2025-08-20,Tairos機器人展,2025
研華,12,21,-9,0,2025-08-07,2025-08-20,9,-5.78,2025-08-20,Tairos機器人展,2025
研華,12,22,-9,1,2025-08-07,2025-08-21,10,-4.26,2025-08-20,Tairos機器人展,2025
研華,12,23,-9,2,2025-08-07,2025-08-22,11,-4.26,2025-08-20,Tairos機器人展,2025
研華,12,24,-9,3,2025-08-07,2025-08-25,12,-3.04,2025-08-20,Tairos機器人展,2025
研華,12,25,-9,4,2025-08-07,2025-08-26,13,-2.13,2025-08-20,Tairos機器人展,2025
研華,12,26,-9,5,2025-08-07,2025-08-27,14,7.6,2025-08-20,Tairos機器人展,2025
研華,12,27,-9,6,2025-08-07,2025-08-28,15,7.75,2025-08-20,Tairos機器人展,2025
研華,13,14,-8,-7,2025-08-08,2025-08-11,1,-0.93,2025-08-20,Tairos機器人展,2025
研華,13,15,-8,-6,2025-08-08,2025-08-12,2,-0.93,2025-08-20,Tairos機器人展,2025
研華,13,16,-8,-5,2025-08-08,2025-08-13,3,-2.02,2025-08-20,Tairos機器人展,2025
研華,13,17,-8,-4,2025-08-08,2025-08-14,4,-2.17,2025-08-20,Tairos機器人展,2025
研華,13,18,-8,-3,2025-08-08,2025-08-15,5,-1.24,2025-08-20,Tairos機器人展,2025
研華,13,19,-8,-2,2025-08-08,2025-08-18,6,-2.17,2025-08-20,Tairos機器人展,2025
研華,13,20,-8,-1,2025-08-08,2025-08-19,7,-2.02,2025-08-20,Tairos機器人展,2025
研華,13,21,-8,0,2025-08-08,2025-08-20,8,-3.73,2025-08-20,Tairos機器人展,2025
研華,13,22,-8,1,2025-08-08,2025-08-21,9,-2.17,2025-08-20,Tairos機器人展,2025
研華,13,23,-8,2,2025-08-08,2025-08-22,10,-2.17,2025-08-20,Tairos機器人展,2025
研華,13,24,-8,3,2025-08-08,2025-08-25,11,-0.93,2025-08-20,Tairos機器人展,2025
研華,13,25,-8,4,2025-08-08,2025-08-26,12,0.0,2025-08-20,Tairos機器人展,2025
研華,13,26,-8,5,2025-08-08,2025-08-27,13,9.94,2025-08-20,Tairos機器人展,2025
研華,13,27,-8,6,2025-08-08,2025-08-28,14,10.09,2025-08-20,Tairos機器人展,2025
研華,14,15,-7,-6,2025-08-11,2025-08-12,1,0.0,2025-08-20,Tairos機器人展,2025
研華,14,16,-7,-5,2025-08-11,2025-08-13,2,-1.1,2025-08-20,Tairos機器人展,2025
研華,14,17,-7,-4,2025-08-11,2025-08-14,3,-1.25,2025-08-20,Tairos機器人展,2025
研華,14,18,-7,-3,2025-08-11,2025-08-15,4,-0.31,2025-08-20,Tairos機器人展,2025
研華,14,19,-7,-2,2025-08-11,2025-08-18,5,-1.25,2025-08-20,Tairos機器人展,2025
研華,14,20,-7,-1,2025-08-11,2025-08-19,6,-1.1,2025-08-20,Tairos機器人展,2025
研華,14,21,-7,0,2025-08-11,2025-08-20,7,-2.82,2025-08-20,Tairos機器人展,2025
研華,14,22,-7,1,2025-08-11,2025-08-21,8,-1.25,2025-08-20,Tairos機器人展,2025
研華,14,23,-7,2,2025-08-11,2025-08-22,9,-1.25,2025-08-20,Tairos機器人展,2025
研華,14,24,-7,3,2025-08-11,2025-08-25,10,0.0,2025-08-20,Tairos機器人展,2025
研華,14,25,-7,4,2025-08-11,2025-08-26,11,0.94,2025-08-20,Tairos機器人展,2025
研華,14,26,-7,5,2025-08-11,2025-08-27,12,10.97,2025-08-20,Tairos機器人展,2025
研華,14,27,-7,6,2025-08-11,2025-08-28,13,11.13,2025-08-20,Tairos機器人展,2025
研華,15,16,-6,-5,2025-08-12,2025-08-13,1,-1.1,2025-08-20,Tairos機器人展,2025
研華,15,17,-6,-4,2025-08-12,2025-08-14,2,-1.25,2025-08-20,Tairos機器人展,2025
研華,15,18,-6,-3,2025-08-12,2025-08-15,3,-0.31,2025-08-20,Tairos機器人展,2025
研華,15,19,-6,-2,2025-08-12,2025-08-18,4,-1.25,2025-08-20,Tairos機器人展,2025
研華,15,20,-6,-1,2025-08-12,2025-08-19,5,-1.1,2025-08-20,Tairos機器人展,2025
研華,15,21,-6,0,2025-08-12,2025-08-20,6,-2.82,2025-08-20,Tairos機器人展,2025
研華,15,22,-6,1,2025-08-12,2025-08-21,7,-1.25,2025-08-20,Tairos機器人展,2025
研華,15,23,-6,2,2025-08-12,2025-08-22,8,-1.25,2025-08-20,Tairos機器人展,2025
研華,15,24,-6,3,2025-08-12,2025-08-25,9,0.0,2025-08-20,Tairos機器人展,2025
研華,15,25,-6,4,2025-08-12,2025-08-26,10,0.94,2025-08-20,Tairos機器人展,2025
研華,15,26,-6,5,2025-08-12,2025-08-27,11,10.97,2025-08-20,Tairos機器人展,2025
研華,15,27,-6,6,2025-08-12,2025-08-28,12,11.13,2025-08-20,Tairos機器人展,2025
研華,16,17,-5,-4,2025-08-13,2025-08-14,1,-0.16,2025-08-20,Tairos機器人展,2025
研華,16,18,-5,-3,2025-08-13,2025-08-15,2,0.79,2025-08-20,Tairos機器人展,2025
研華,16,19,-5,-2,2025-08-13,2025-08-18,3,-0.16,2025-08-20,Tairos機器人展,2025
研華,16,20,-5,-1,2025-08-13,2025-08-19,4,0.0,2025-08-20,Tairos機器人展,2025
研華,16,21,-5,0,2025-08-13,2025-08-20,5,-1.74,2025-08-20,Tairos機器人展,2025
研華,16,22,-5,1,2025-08-13,2025-08-21,6,-0.16,2025-08-20,Tairos機器人展,2025
研華,16,23,-5,2,2025-08-13,2025-08-22,7,-0.16,2025-08-20,Tairos機器人展,2025
研華,16,24,-5,3,2025-08-13,2025-08-25,8,1.11,2025-08-20,Tairos機器人展,2025
研華,16,25,-5,4,2025-08-13,2025-08-26,9,2.06,2025-08-20,Tairos機器人展,2025
研華,16,26,-5,5,2025-08-13,2025-08-27,10,12.2,2025-08-20,Tairos機器人展,2025
研華,16,27,-5,6,2025-08-13,2025-08-28,11,12.36,2025-08-20,Tairos機器人展,2025
研華,17,18,-4,-3,2025-08-14,2025-08-15,1,0.95,2025-08-20,Tairos機器人展,2025
研華,17,19,-4,-2,2025-08-14,2025-08-18,2,0.0,2025-08-20,Tairos機器人展,2025
研華,17,20,-4,-1,2025-08-14,2025-08-19,3,0.16,2025-08-20,Tairos機器人展,2025
研華,17,21,-4,0,2025-08-14,2025-08-20,4,-1.59,2025-08-20,Tairos機器人展,2025
研華,17,22,-4,1,2025-08-14,2025-08-21,5,0.0,2025-08-20,Tairos機器人展,2025
研華,17,23,-4,2,2025-08-14,2025-08-22,6,0.0,2025-08-20,Tairos機器人展,2025
研華,17,24,-4,3,2025-08-14,2025-08-25,7,1.27,2025-08-20,Tairos機器人展,2025
研華,17,25,-4,4,2025-08-14,2025-08-26,8,2.22,2025-08-20,Tairos機器人展,2025
研華,17,26,-4,5,2025-08-14,2025-08-27,9,12.38,2025-08-20,Tairos機器人展,2025
研華,17,27,-4,6,2025-08-14,2025-08-28,10,12.54,2025-08-20,Tairos機器人展,2025
研華,18,19,-3,-2,2025-08-15,2025-08-18,1,-0.94,2025-08-20,Tairos機器人展,2025
研華,18,20,-3,-1,2025-08-15,2025-08-19,2,-0.79,2025-08-20,Tairos機器人展,2025
研華,18,21,-3,0,2025-08-15,2025-08-20,3,-2.52,2025-08-20,Tairos機器人展,2025
研華,18,22,-3,1,2025-08-15,2025-08-21,4,-0.94,2025-08-20,Tairos機器人展,2025
研華,18,23,-3,2,2025-08-15,2025-08-22,5,-0.94,2025-08-20,Tairos機器人展,2025
研華,18,24,-3,3,2025-08-15,2025-08-25,6,0.31,2025-08-20,Tairos機器人展,2025
研華,18,25,-3,4,2025-08-15,2025-08-26,7,1.26,2025-08-20,Tairos機器人展,2025
研華,18,26,-3,5,2025-08-15,2025-08-27,8,11.32,2025-08-20,Tairos機器人展,2025
研華,18,27,-3,6,2025-08-15,2025-08-28,9,11.48,2025-08-20,Tairos機器人展,2025
研華,19,20,-2,-1,2025-08-18,2025-08-19,1,0.16,2025-08-20,Tairos機器人展,2025
研華,19,21,-2,0,2025-08-18,2025-08-20,2,-1.59,2025-08-20,Tairos機器人展,2025
研華,19,22,-2,1,2025-08-18,2025-08-21,3,0.0,2025-08-20,Tairos機器人展,2025
研華,19,23,-2,2,2025-08-18,2025-08-22,4,0.0,2025-08-20,Tairos機器人展,2025
研華,19,24,-2,3,2025-08-18,2025-08-25,5,1.27,2025-08-20,Tairos機器人展,2025
研華,19,25,-2,4,2025-08-18,2025-08-26,6,2.22,2025-08-20,Tairos機器人展,2025
研華,19,26,-2,5,2025-08-18,2025-08-27,7,12.38,2025-08-20,Tairos機器人展,2025
研華,19,27,-2,6,2025-08-18,2025-08-28,8,12.54,2025-08-20,Tairos機器人展,2025
研華,20,21,-1,0,2025-08-19,2025-08-20,1,-1.74,2025-08-20,Tairos機器人展,2025
研華,20,22,-1,1,2025-08-19,2025-08-21,2,-0.16,2025-08-20,Tairos機器人展,2025
研華,20,23,-1,2,2025-08-19,2025-08-22,3,-0.16,2025-08-20,Tairos機器人展,2025
研華,20,24,-1,3,2025-08-19,2025-08-25,4,1.11,2025-08-20,Tairos機器人展,2025
研華,20,25,-1,4,2025-08-19,2025-08-26,5,2.06,2025-08-20,Tairos機器人展,2025
研華,20,26,-1,5,2025-08-19,2025-08-27,6,12.2,2025-08-20,Tairos機器人展,2025
研華,20,27,-1,6,2025-08-19,2025-08-28,7,12.36,2025-08-20,Tairos機器人展,2025
研華,21,22,0,1,2025-08-20,2025-08-21,1,1.61,2025-08-20,Tairos機器人展,2025
研華,21,23,0,2,2025-08-20,2025-08-22,2,1.61,2025-08-20,Tairos機器人展,2025
研華,21,24,0,3,2025-08-20,2025-08-25,3,2.9,2025-08-20,Tairos機器人展,2025
研華,21,25,0,4,2025-08-20,2025-08-26,4,3.87,2025-08-20,Tairos機器人展,2025
研華,21,26,0,5,2025-08-20,2025-08-27,5,14.19,2025-08-20,Tairos機器人展,2025
研華,21,27,0,6,2025-08-20,2025-08-28,6,14.35,2025-08-20,Tairos機器人展,2025
研華,22,23,1,2,2025-08-21,2025-08-22,1,0.0,2025-08-20,Tairos機器人展,2025
研華,22,24,1,3,2025-08-21,2025-08-25,2,1.27,2025-08-20,Tairos機器人展,2025
研華,22,25,1,4,2025-08-21,2025-08-26,3,2.22,2025-08-20,Tairos機器人展,2025
研華,22,26,1,5,2025-08-21,2025-08-27,4,12.38,2025-08-20,Tairos機器人展,2025
研華,22,27,1,6,2025-08-21,2025-08-28,5,12.54,2025-08-20,Tairos機器人展,2025
研華,23,24,2,3,2025-08-22,2025-08-25,1,1.27,2025-08-20,Tairos機器人展,2025
研華,23,25,2,4,2025-08-22,2025-08-26,2,2.22,2025-08-20,Tairos機器人展,2025
研華,23,26,2,5,2025-08-22,2025-08-27,3,12.38,2025-08-20,Tairos機器人展,2025
研華,23,27,2,6,2025-08-22,2025-08-28,4,12.54,2025-08-20,Tairos機器人展,2025
研華,24,25,3,4,2025-08-25,2025-08-26,1,0.94,2025-08-20,Tairos機器人展,2025
研華,24,26,3,5,2025-08-25,2025-08-27,2,10.97,2025-08-20,Tairos機器人展,2025
研華,24,27,3,6,2025-08-25,2025-08-28,3,11.13,2025-08-20,Tairos機器人展,2025
研華,25,26,4,5,2025-08-26,2025-08-27,1,9.94,2025-08-20,Tairos機器人展,2025
研華,25,27,4,6,2025-08-26,2025-08-28,2,10.09,2025-08-20,Tairos機器人展,2025
研華,26,27,5,6,2025-08-27,2025-08-28,1,0.14,2025-08-20,Tairos機器人展,2025
所羅門,0,1,-21,-20,2025-07-21,2025-07-22,1,-4.2,2025-08-20,Tairos機器人展,2025
所羅門,0,2,-21,-19,2025-07-21,2025-07-23,2,0.7,2025-08-20,Tairos機器人展,2025
所羅門,0,3,-21,-18,2025-07-21,2025-07-24,3,1.4,2025-08-20,Tairos機器人展,2025
所羅門,0,4,-21,-17,2025-07-21,2025-07-25,4,-1.05,2025-08-20,Tairos機器人展,2025
所羅門,0,5,-21,-16,2025-07-21,2025-07-28,5,-1.4,2025-08-20,Tairos機器人展,2025
所羅門,0,6,-21,-15,2025-07-21,2025-07-29,6,-2.8,2025-08-20,Tairos機器人展,2025
所羅門,0,7,-21,-14,2025-07-21,2025-07-30,7,-2.45,2025-08-20,Tairos機器人展,2025
所羅門,0,8,-21,-13,2025-07-21,2025-07-31,8,-3.85,2025-08-20,Tairos機器人展,2025
所羅門,0,9,-21,-12,2025-07-21,2025-08-04,9,0.35,2025-08-20,Tairos機器人展,2025
所羅門,0,10,-21,-11,2025-07-21,2025-08-05,10,1.75,2025-08-20,Tairos機器人展,2025
所羅門,0,11,-21,-10,2025-07-21,2025-08-06,11,0.35,2025-08-20,Tairos機器人展,2025
所羅門,0,12,-21,-9,2025-07-21,2025-08-07,12,-0.35,2025-08-20,Tairos機器人展,2025
所羅門,0,13,-21,-8,2025-07-21,2025-08-08,13,1.05,2025-08-20,Tairos機器人展,2025
所羅門,0,14,-21,-7,2025-07-21,2025-08-11,14,-0.35,2025-08-20,Tairos機器人展,2025
所羅門,0,15,-21,-6,2025-07-21,2025-08-12,15,1.4,2025-08-20,Tairos機器人展,2025
所羅門,0,16,-21,-5,2025-07-21,2025-08-13,16,0.35,2025-08-20,Tairos機器人展,2025
所羅門,0,17,-21,-4,2025-07-21,2025-08-14,17,-1.05,2025-08-20,Tairos機器人展,2025
所羅門,0,18,-21,-3,2025-07-21,2025-08-15,18,3.5,2025-08-20,Tairos機器人展,2025
所羅門,0,19,-21,-2,2025-07-21,2025-08-18,19,5.94,2025-08-20,Tairos機器人展,2025
所羅門,0,20,-21,-1,2025-07-21,2025-08-19,20,1.75,2025-08-20,Tairos機器人展,2025
所羅門,0,21,-21,0,2025-07-21,2025-08-20,21,-2.1,2025-08-20,Tairos機器人展,2025
所羅門,0,22,-21,1,2025-07-21,2025-08-21,22,-1.4,2025-08-20,Tairos機器人展,2025
所羅門,0,23,-21,2,2025-07-21,2025-08-22,23,-3.5,2025-08-20,Tairos機器人展,2025
所羅門,0,24,-21,3,2025-07-21,2025-08-25,24,5.94,2025-08-20,Tairos機器人展,2025
所羅門,0,25,-21,4,2025-07-21,2025-08-26,25,16.43,2025-08-20,Tairos機器人展,2025
所羅門,0,26,-21,5,2025-07-21,2025-08-27,26,16.43,2025-08-20,Tairos機器人展,2025
所羅門,0,27,-21,6,2025-07-21,2025-08-28,27,13.29,2025-08-20,Tairos機器人展,2025
所羅門,1,2,-20,-19,2025-07-22,2025-07-23,1,5.11,2025-08-20,Tairos機器人展,2025
所羅門,1,3,-20,-18,2025-07-22,2025-07-24,2,5.84,2025-08-20,Tairos機器人展,2025
所羅門,1,4,-20,-17,2025-07-22,2025-07-25,3,3.28,2025-08-20,Tairos機器人展,2025
所羅門,1,5,-20,-16,2025-07-22,2025-07-28,4,2.92,2025-08-20,Tairos機器人展,2025
所羅門,1,6,-20,-15,2025-07-22,2025-07-29,5,1.46,2025-08-20,Tairos機器人展,2025
所羅門,1,7,-20,-14,2025-07-22,2025-07-30,6,1.82,2025-08-20,Tairos機器人展,2025
所羅門,1,8,-20,-13,2025-07-22,2025-07-31,7,0.36,2025-08-20,Tairos機器人展,2025
所羅門,1,9,-20,-12,2025-07-22,2025-08-04,8,4.74,2025-08-20,Tairos機器人展,2025
所羅門,1,10,-20,-11,2025-07-22,2025-08-05,9,6.2,2025-08-20,Tairos機器人展,2025
所羅門,1,11,-20,-10,2025-07-22,2025-08-06,10,4.74,2025-08-20,Tairos機器人展,2025
所羅門,1,12,-20,-9,2025-07-22,2025-08-07,11,4.01,2025-08-20,Tairos機器人展,2025
所羅門,1,13,-20,-8,2025-07-22,2025-08-08,12,5.47,2025-08-20,Tairos機器人展,2025
所羅門,1,14,-20,-7,2025-07-22,2025-08-11,13,4.01,2025-08-20,Tairos機器人展,2025
所羅門,1,15,-20,-6,2025-07-22,2025-08-12,14,5.84,2025-08-20,Tairos機器人展,2025
所羅門,1,16,-20,-5,2025-07-22,2025-08-13,15,4.74,2025-08-20,Tairos機器人展,2025
所羅門,1,17,-20,-4,2025-07-22,2025-08-14,16,3.28,2025-08-20,Tairos機器人展,2025
所羅門,1,18,-20,-3,2025-07-22,2025-08-15,17,8.03,2025-08-20,Tairos機器人展,2025
所羅門,1,19,-20,-2,2025-07-22,2025-08-18,18,10.58,2025-08-20,Tairos機器人展,2025
所羅門,1,20,-20,-1,2025-07-22,2025-08-19,19,6.2,2025-08-20,Tairos機器人展,2025
所羅門,1,21,-20,0,2025-07-22,2025-08-20,20,2.19,2025-08-20,Tairos機器人展,2025
所羅門,1,22,-20,1,2025-07-22,2025-08-21,21,2.92,2025-08-20,Tairos機器人展,2025
所羅門,1,23,-20,2,2025-07-22,2025-08-22,22,0.73,2025-08-20,Tairos機器人展,2025
所羅門,1,24,-20,3,2025-07-22,2025-08-25,23,10.58,2025-08-20,Tairos機器人展,2025
所羅門,1,25,-20,4,2025-07-22,2025-08-26,24,21.53,2025-08-20,Tairos機器人展,2025
所羅門,1,26,-20,5,2025-07-22,2025-08-27,25,21.53,2025-08-20,Tairos機器人展,2025
所羅門,1,27,-20,6,2025-07-22,2025-08-28,26,18.25,2025-08-20,Tairos機器人展,2025
所羅門,2,3,-19,-18,2025-07-23,2025-07-24,1,0.69,2025-08-20,Tairos機器人展,2025
所羅門,2,4,-19,-17,2025-07-23,2025-07-25,2,-1.74,2025-08-20,Tairos機器人展,2025
所羅門,2,5,-19,-16,2025-07-23,2025-07-28,3,-2.08,2025-08-20,Tairos機器人展,2025
所羅門,2,6,-19,-15,2025-07-23,2025-07-29,4,-3.47,2025-08-20,Tairos機器人展,2025
所羅門,2,7,-19,-14,2025-07-23,2025-07-30,5,-3.13,2025-08-20,Tairos機器人展,2025
所羅門,2,8,-19,-13,2025-07-23,2025-07-31,6,-4.51,2025-08-20,Tairos機器人展,2025
所羅門,2,9,-19,-12,2025-07-23,2025-08-04,7,-0.35,2025-08-20,Tairos機器人展,2025
所羅門,2,10,-19,-11,2025-07-23,2025-08-05,8,1.04,2025-08-20,Tairos機器人展,2025
所羅門,2,11,-19,-10,2025-07-23,2025-08-06,9,-0.35,2025-08-20,Tairos機器人展,2025
所羅門,2,12,-19,-9,2025-07-23,2025-08-07,10,-1.04,2025-08-20,Tairos機器人展,2025
所羅門,2,13,-19,-8,2025-07-23,2025-08-08,11,0.35,2025-08-20,Tairos機器人展,2025
所羅門,2,14,-19,-7,2025-07-23,2025-08-11,12,-1.04,2025-08-20,Tairos機器人展,2025
所羅門,2,15,-19,-6,2025-07-23,2025-08-12,13,0.69,2025-08-20,Tairos機器人展,2025
所羅門,2,16,-19,-5,2025-07-23,2025-08-13,14,-0.35,2025-08-20,Tairos機器人展,2025
所羅門,2,17,-19,-4,2025-07-23,2025-08-14,15,-1.74,2025-08-20,Tairos機器人展,2025
所羅門,2,18,-19,-3,2025-07-23,2025-08-15,16,2.78,2025-08-20,Tairos機器人展,2025
所羅門,2,19,-19,-2,2025-07-23,2025-08-18,17,5.21,2025-08-20,Tairos機器人展,2025
所羅門,2,20,-19,-1,2025-07-23,2025-08-19,18,1.04,2025-08-20,Tairos機器人展,2025
所羅門,2,21,-19,0,2025-07-23,2025-08-20,19,-2.78,2025-08-20,Tairos機器人展,2025
所羅門,2,22,-19,1,2025-07-23,2025-08-21,20,-2.08,2025-08-20,Tairos機器人展,2025
所羅門,2,23,-19,2,2025-07-23,2025-08-22,21,-4.17,2025-08-20,Tairos機器人展,2025
所羅門,2,24,-19,3,2025-07-23,2025-08-25,22,5.21,2025-08-20,Tairos機器人展,2025
所羅門,2,25,-19,4,2025-07-23,2025-08-26,23,15.63,2025-08-20,Tairos機器人展,2025
所羅門,2,26,-19,5,2025-07-23,2025-08-27,24,15.63,2025-08-20,Tairos機器人展,2025
所羅門,2,27,-19,6,2025-07-23,2025-08-28,25,12.5,2025-08-20,Tairos機器人展,2025
所羅門,3,4,-18,-17,2025-07-24,2025-07-25,1,-2.41,2025-08-20,Tairos機器人展,2025
所羅門,3,5,-18,-16,2025-07-24,2025-07-28,2,-2.76,2025-08-20,Tairos機器人展,2025
所羅門,3,6,-18,-15,2025-07-24,2025-07-29,3,-4.14,2025-08-20,Tairos機器人展,2025
所羅門,3,7,-18,-14,2025-07-24,2025-07-30,4,-3.79,2025-08-20,Tairos機器人展,2025
所羅門,3,8,-18,-13,2025-07-24,2025-07-31,5,-5.17,2025-08-20,Tairos機器人展,2025
所羅門,3,9,-18,-12,2025-07-24,2025-08-04,6,-1.03,2025-08-20,Tairos機器人展,2025
所羅門,3,10,-18,-11,2025-07-24,2025-08-05,7,0.34,2025-08-20,Tairos機器人展,2025
所羅門,3,11,-18,-10,2025-07-24,2025-08-06,8,-1.03,2025-08-20,Tairos機器人展,2025
所羅門,3,12,-18,-9,2025-07-24,2025-08-07,9,-1.72,2025-08-20,Tairos機器人展,2025
所羅門,3,13,-18,-8,2025-07-24,2025-08-08,10,-0.34,2025-08-20,Tairos機器人展,2025
所羅門,3,14,-18,-7,2025-07-24,2025-08-11,11,-1.72,2025-08-20,Tairos機器人展,2025
所羅門,3,15,-18,-6,2025-07-24,2025-08-12,12,0.0,2025-08-20,Tairos機器人展,2025
所羅門,3,16,-18,-5,2025-07-24,2025-08-13,13,-1.03,2025-08-20,Tairos機器人展,2025
所羅門,3,17,-18,-4,2025-07-24,2025-08-14,14,-2.41,2025-08-20,Tairos機器人展,2025
所羅門,3,18,-18,-3,2025-07-24,2025-08-15,15,2.07,2025-08-20,Tairos機器人展,2025
所羅門,3,19,-18,-2,2025-07-24,2025-08-18,16,4.48,2025-08-20,Tairos機器人展,2025
所羅門,3,20,-18,-1,2025-07-24,2025-08-19,17,0.34,2025-08-20,Tairos機器人展,2025
所羅門,3,21,-18,0,2025-07-24,2025-08-20,18,-3.45,2025-08-20,Tairos機器人展,2025
所羅門,3,22,-18,1,2025-07-24,2025-08-21,19,-2.76,2025-08-20,Tairos機器人展,2025
所羅門,3,23,-18,2,2025-07-24,2025-08-22,20,-4.83,2025-08-20,Tairos機器人展,2025
所羅門,3,24,-18,3,2025-07-24,2025-08-25,21,4.48,2025-08-20,Tairos機器人展,2025
所羅門,3,25,-18,4,2025-07-24,2025-08-26,22,14.83,2025-08-20,Tairos機器人展,2025
所羅門,3,26,-18,5,2025-07-24,2025-08-27,23,14.83,2025-08-20,Tairos機器人展,2025
所羅門,3,27,-18,6,2025-07-24,2025-08-28,24,11.72,2025-08-20,Tairos機器人展,2025
所羅門,4,5,-17,-16,2025-07-25,2025-07-28,1,-0.35,2025-08-20,Tairos機器人展,2025
所羅門,4,6,-17,-15,2025-07-25,2025-07-29,2,-1.77,2025-08-20,Tairos機器人展,2025
所羅門,4,7,-17,-14,2025-07-25,2025-07-30,3,-1.41,2025-08-20,Tairos機器人展,2025
所羅門,4,8,-17,-13,2025-07-25,2025-07-31,4,-2.83,2025-08-20,Tairos機器人展,2025
所羅門,4,9,-17,-12,2025-07-25,2025-08-04,5,1.41,2025-08-20,Tairos機器人展,2025
所羅門,4,10,-17,-11,2025-07-25,2025-08-05,6,2.83,2025-08-20,Tairos機器人展,2025
所羅門,4,11,-17,-10,2025-07-25,2025-08-06,7,1.41,2025-08-20,Tairos機器人展,2025
所羅門,4,12,-17,-9,2025-07-25,2025-08-07,8,0.71,2025-08-20,Tairos機器人展,2025
所羅門,4,13,-17,-8,2025-07-25,2025-08-08,9,2.12,2025-08-20,Tairos機器人展,2025
所羅門,4,14,-17,-7,2025-07-25,2025-08-11,10,0.71,2025-08-20,Tairos機器人展,2025
所羅門,4,15,-17,-6,2025-07-25,2025-08-12,11,2.47,2025-08-20,Tairos機器人展,2025
所羅門,4,16,-17,-5,2025-07-25,2025-08-13,12,1.41,2025-08-20,Tairos機器人展,2025
所羅門,4,17,-17,-4,2025-07-25,2025-08-14,13,0.0,2025-08-20,Tairos機器人展,2025
所羅門,4,18,-17,-3,2025-07-25,2025-08-15,14,4.59,2025-08-20,Tairos機器人展,2025
所羅門,4,19,-17,-2,2025-07-25,2025-08-18,15,7.07,2025-08-20,Tairos機器人展,2025
所羅門,4,20,-17,-1,2025-07-25,2025-08-19,16,2.83,2025-08-20,Tairos機器人展,2025
所羅門,4,21,-17,0,2025-07-25,2025-08-20,17,-1.06,2025-08-20,Tairos機器人展,2025
所羅門,4,22,-17,1,2025-07-25,2025-08-21,18,-0.35,2025-08-20,Tairos機器人展,2025
所羅門,4,23,-17,2,2025-07-25,2025-08-22,19,-2.47,2025-08-20,Tairos機器人展,2025
所羅門,4,24,-17,3,2025-07-25,2025-08-25,20,7.07,2025-08-20,Tairos機器人展,2025
所羅門,4,25,-17,4,2025-07-25,2025-08-26,21,17.67,2025-08-20,Tairos機器人展,2025
所羅門,4,26,-17,5,2025-07-25,2025-08-27,22,17.67,2025-08-20,Tairos機器人展,2025
所羅門,4,27,-17,6,2025-07-25,2025-08-28,23,14.49,2025-08-20,Tairos機器人展,2025
所羅門,5,6,-16,-15,2025-07-28,2025-07-29,1,-1.42,2025-08-20,Tairos機器人展,2025
所羅門,5,7,-16,-14,2025-07-28,2025-07-30,2,-1.06,2025-08-20,Tairos機器人展,2025
所羅門,5,8,-16,-13,2025-07-28,2025-07-31,3,-2.48,2025-08-20,Tairos機器人展,2025
所羅門,5,9,-16,-12,2025-07-28,2025-08-04,4,1.77,2025-08-20,Tairos機器人展,2025
所羅門,5,10,-16,-11,2025-07-28,2025-08-05,5,3.19,2025-08-20,Tairos機器人展,2025
所羅門,5,11,-16,-10,2025-07-28,2025-08-06,6,1.77,2025-08-20,Tairos機器人展,2025
所羅門,5,12,-16,-9,2025-07-28,2025-08-07,7,1.06,2025-08-20,Tairos機器人展,2025
所羅門,5,13,-16,-8,2025-07-28,2025-08-08,8,2.48,2025-08-20,Tairos機器人展,2025
所羅門,5,14,-16,-7,2025-07-28,2025-08-11,9,1.06,2025-08-20,Tairos機器人展,2025
所羅門,5,15,-16,-6,2025-07-28,2025-08-12,10,2.84,2025-08-20,Tairos機器人展,2025
所羅門,5,16,-16,-5,2025-07-28,2025-08-13,11,1.77,2025-08-20,Tairos機器人展,2025
所羅門,5,17,-16,-4,2025-07-28,2025-08-14,12,0.35,2025-08-20,Tairos機器人展,2025
所羅門,5,18,-16,-3,2025-07-28,2025-08-15,13,4.96,2025-08-20,Tairos機器人展,2025
所羅門,5,19,-16,-2,2025-07-28,2025-08-18,14,7.45,2025-08-20,Tairos機器人展,2025
所羅門,5,20,-16,-1,2025-07-28,2025-08-19,15,3.19,2025-08-20,Tairos機器人展,2025
所羅門,5,21,-16,0,2025-07-28,2025-08-20,16,-0.71,2025-08-20,Tairos機器人展,2025
所羅門,5,22,-16,1,2025-07-28,2025-08-21,17,0.0,2025-08-20,Tairos機器人展,2025
所羅門,5,23,-16,2,2025-07-28,2025-08-22,18,-2.13,2025-08-20,Tairos機器人展,2025
所羅門,5,24,-16,3,2025-07-28,2025-08-25,19,7.45,2025-08-20,Tairos機器人展,2025
所羅門,5,25,-16,4,2025-07-28,2025-08-26,20,18.09,2025-08-20,Tairos機器人展,2025
所羅門,5,26,-16,5,2025-07-28,2025-08-27,21,18.09,2025-08-20,Tairos機器人展,2025
所羅門,5,27,-16,6,2025-07-28,2025-08-28,22,14.89,2025-08-20,Tairos機器人展,2025
所羅門,6,7,-15,-14,2025-07-29,2025-07-30,1,0.36,2025-08-20,Tairos機器人展,2025
所羅門,6,8,-15,-13,2025-07-29,2025-07-31,2,-1.08,2025-08-20,Tairos機器人展,2025
所羅門,6,9,-15,-12,2025-07-29,2025-08-04,3,3.24,2025-08-20,Tairos機器人展,2025
所羅門,6,10,-15,-11,2025-07-29,2025-08-05,4,4.68,2025-08-20,Tairos機器人展,2025
所羅門,6,11,-15,-10,2025-07-29,2025-08-06,5,3.24,2025-08-20,Tairos機器人展,2025
所羅門,6,12,-15,-9,2025-07-29,2025-08-07,6,2.52,2025-08-20,Tairos機器人展,2025
所羅門,6,13,-15,-8,2025-07-29,2025-08-08,7,3.96,2025-08-20,Tairos機器人展,2025
所羅門,6,14,-15,-7,2025-07-29,2025-08-11,8,2.52,2025-08-20,Tairos機器人展,2025
所羅門,6,15,-15,-6,2025-07-29,2025-08-12,9,4.32,2025-08-20,Tairos機器人展,2025
所羅門,6,16,-15,-5,2025-07-29,2025-08-13,10,3.24,2025-08-20,Tairos機器人展,2025
所羅門,6,17,-15,-4,2025-07-29,2025-08-14,11,1.8,2025-08-20,Tairos機器人展,2025
所羅門,6,18,-15,-3,2025-07-29,2025-08-15,12,6.47,2025-08-20,Tairos機器人展,2025
所羅門,6,19,-15,-2,2025-07-29,2025-08-18,13,8.99,2025-08-20,Tairos機器人展,2025
所羅門,6,20,-15,-1,2025-07-29,2025-08-19,14,4.68,2025-08-20,Tairos機器人展,2025
所羅門,6,21,-15,0,2025-07-29,2025-08-20,15,0.72,2025-08-20,Tairos機器人展,2025
所羅門,6,22,-15,1,2025-07-29,2025-08-21,16,1.44,2025-08-20,Tairos機器人展,2025
所羅門,6,23,-15,2,2025-07-29,2025-08-22,17,-0.72,2025-08-20,Tairos機器人展,2025
所羅門,6,24,-15,3,2025-07-29,2025-08-25,18,8.99,2025-08-20,Tairos機器人展,2025
所羅門,6,25,-15,4,2025-07-29,2025-08-26,19,19.78,2025-08-20,Tairos機器人展,2025
所羅門,6,26,-15,5,2025-07-29,2025-08-27,20,19.78,2025-08-20,Tairos機器人展,2025
所羅門,6,27,-15,6,2025-07-29,2025-08-28,21,16.55,2025-08-20,Tairos機器人展,2025
所羅門,7,8,-14,-13,2025-07-30,2025-07-31,1,-1.43,2025-08-20,Tairos機器人展,2025
所羅門,7,9,-14,-12,2025-07-30,2025-08-04,2,2.87,2025-08-20,Tairos機器人展,2025
所羅門,7,10,-14,-11,2025-07-30,2025-08-05,3,4.3,2025-08-20,Tairos機器人展,2025
所羅門,7,11,-14,-10,2025-07-30,2025-08-06,4,2.87,2025-08-20,Tairos機器人展,2025
所羅門,7,12,-14,-9,2025-07-30,2025-08-07,5,2.15,2025-08-20,Tairos機器人展,2025
所羅門,7,13,-14,-8,2025-07-30,2025-08-08,6,3.58,2025-08-20,Tairos機器人展,2025
所羅門,7,14,-14,-7,2025-07-30,2025-08-11,7,2.15,2025-08-20,Tairos機器人展,2025
所羅門,7,15,-14,-6,2025-07-30,2025-08-12,8,3.94,2025-08-20,Tairos機器人展,2025
所羅門,7,16,-14,-5,2025-07-30,2025-08-13,9,2.87,2025-08-20,Tairos機器人展,2025
所羅門,7,17,-14,-4,2025-07-30,2025-08-14,10,1.43,2025-08-20,Tairos機器人展,2025
所羅門,7,18,-14,-3,2025-07-30,2025-08-15,11,6.09,2025-08-20,Tairos機器人展,2025
所羅門,7,19,-14,-2,2025-07-30,2025-08-18,12,8.6,2025-08-20,Tairos機器人展,2025
所羅門,7,20,-14,-1,2025-07-30,2025-08-19,13,4.3,2025-08-20,Tairos機器人展,2025
所羅門,7,21,-14,0,2025-07-30,2025-08-20,14,0.36,2025-08-20,Tairos機器人展,2025
所羅門,7,22,-14,1,2025-07-30,2025-08-21,15,1.08,2025-08-20,Tairos機器人展,2025
所羅門,7,23,-14,2,2025-07-30,2025-08-22,16,-1.08,2025-08-20,Tairos機器人展,2025
所羅門,7,24,-14,3,2025-07-30,2025-08-25,17,8.6,2025-08-20,Tairos機器人展,2025
所羅門,7,25,-14,4,2025-07-30,2025-08-26,18,19.35,2025-08-20,Tairos機器人展,2025
所羅門,7,26,-14,5,2025-07-30,2025-08-27,19,19.35,2025-08-20,Tairos機器人展,2025
所羅門,7,27,-14,6,2025-07-30,2025-08-28,20,16.13,2025-08-20,Tairos機器人展,2025
所羅門,8,9,-13,-12,2025-07-31,2025-08-04,1,4.36,2025-08-20,Tairos機器人展,2025
所羅門,8,10,-13,-11,2025-07-31,2025-08-05,2,5.82,2025-08-20,Tairos機器人展,2025
所羅門,8,11,-13,-10,2025-07-31,2025-08-06,3,4.36,2025-08-20,Tairos機器人展,2025
所羅門,8,12,-13,-9,2025-07-31,2025-08-07,4,3.64,2025-08-20,Tairos機器人展,2025
所羅門,8,13,-13,-8,2025-07-31,2025-08-08,5,5.09,2025-08-20,Tairos機器人展,2025
所羅門,8,14,-13,-7,2025-07-31,2025-08-11,6,3.64,2025-08-20,Tairos機器人展,2025
所羅門,8,15,-13,-6,2025-07-31,2025-08-12,7,5.45,2025-08-20,Tairos機器人展,2025
所羅門,8,16,-13,-5,2025-07-31,2025-08-13,8,4.36,2025-08-20,Tairos機器人展,2025
所羅門,8,17,-13,-4,2025-07-31,2025-08-14,9,2.91,2025-08-20,Tairos機器人展,2025
所羅門,8,18,-13,-3,2025-07-31,2025-08-15,10,7.64,2025-08-20,Tairos機器人展,2025
所羅門,8,19,-13,-2,2025-07-31,2025-08-18,11,10.18,2025-08-20,Tairos機器人展,2025
所羅門,8,20,-13,-1,2025-07-31,2025-08-19,12,5.82,2025-08-20,Tairos機器人展,2025
所羅門,8,21,-13,0,2025-07-31,2025-08-20,13,1.82,2025-08-20,Tairos機器人展,2025
所羅門,8,22,-13,1,2025-07-31,2025-08-21,14,2.55,2025-08-20,Tairos機器人展,2025
所羅門,8,23,-13,2,2025-07-31,2025-08-22,15,0.36,2025-08-20,Tairos機器人展,2025
所羅門,8,24,-13,3,2025-07-31,2025-08-25,16,10.18,2025-08-20,Tairos機器人展,2025
所羅門,8,25,-13,4,2025-07-31,2025-08-26,17,21.09,2025-08-20,Tairos機器人展,2025
所羅門,8,26,-13,5,2025-07-31,2025-08-27,18,21.09,2025-08-20,Tairos機器人展,2025
所羅門,8,27,-13,6,2025-07-31,2025-08-28,19,17.82,2025-08-20,Tairos機器人展,2025
所羅門,9,10,-12,-11,2025-08-04,2025-08-05,1,1.39,2025-08-20,Tairos機器人展,2025
所羅門,9,11,-12,-10,2025-08-04,2025-08-06,2,0.0,2025-08-20,Tairos機器人展,2025
所羅門,9,12,-12,-9,2025-08-04,2025-08-07,3,-0.7,2025-08-20,Tairos機器人展,2025
所羅門,9,13,-12,-8,2025-08-04,2025-08-08,4,0.7,2025-08-20,Tairos機器人展,2025
所羅門,9,14,-12,-7,2025-08-04,2025-08-11,5,-0.7,2025-08-20,Tairos機器人展,2025
所羅門,9,15,-12,-6,2025-08-04,2025-08-12,6,1.05,2025-08-20,Tairos機器人展,2025
所羅門,9,16,-12,-5,2025-08-04,2025-08-13,7,0.0,2025-08-20,Tairos機器人展,2025
所羅門,9,17,-12,-4,2025-08-04,2025-08-14,8,-1.39,2025-08-20,Tairos機器人展,2025
所羅門,9,18,-12,-3,2025-08-04,2025-08-15,9,3.14,2025-08-20,Tairos機器人展,2025
所羅門,9,19,-12,-2,2025-08-04,2025-08-18,10,5.57,2025-08-20,Tairos機器人展,2025
所羅門,9,20,-12,-1,2025-08-04,2025-08-19,11,1.39,2025-08-20,Tairos機器人展,2025
所羅門,9,21,-12,0,2025-08-04,2025-08-20,12,-2.44,2025-08-20,Tairos機器人展,2025
所羅門,9,22,-12,1,2025-08-04,2025-08-21,13,-1.74,2025-08-20,Tairos機器人展,2025
所羅門,9,23,-12,2,2025-08-04,2025-08-22,14,-3.83,2025-08-20,Tairos機器人展,2025
所羅門,9,24,-12,3,2025-08-04,2025-08-25,15,5.57,2025-08-20,Tairos機器人展,2025
所羅門,9,25,-12,4,2025-08-04,2025-08-26,16,16.03,2025-08-20,Tairos機器人展,2025
所羅門,9,26,-12,5,2025-08-04,2025-08-27,17,16.03,2025-08-20,Tairos機器人展,2025
所羅門,9,27,-12,6,2025-08-04,2025-08-28,18,12.89,2025-08-20,Tairos機器人展,2025
所羅門,10,11,-11,-10,2025-08-05,2025-08-06,1,-1.37,2025-08-20,Tairos機器人展,2025
所羅門,10,12,-11,-9,2025-08-05,2025-08-07,2,-2.06,2025-08-20,Tairos機器人展,2025
所羅門,10,13,-11,-8,2025-08-05,2025-08-08,3,-0.69,2025-08-20,Tairos機器人展,2025
所羅門,10,14,-11,-7,2025-08-05,2025-08-11,4,-2.06,2025-08-20,Tairos機器人展,2025
所羅門,10,15,-11,-6,2025-08-05,2025-08-12,5,-0.34,2025-08-20,Tairos機器人展,2025
所羅門,10,16,-11,-5,2025-08-05,2025-08-13,6,-1.37,2025-08-20,Tairos機器人展,2025
所羅門,10,17,-11,-4,2025-08-05,2025-08-14,7,-2.75,2025-08-20,Tairos機器人展,2025
所羅門,10,18,-11,-3,2025-08-05,2025-08-15,8,1.72,2025-08-20,Tairos機器人展,2025
所羅門,10,19,-11,-2,2025-08-05,2025-08-18,9,4.12,2025-08-20,Tairos機器人展,2025
所羅門,10,20,-11,-1,2025-08-05,2025-08-19,10,0.0,2025-08-20,Tairos機器人展,2025
所羅門,10,21,-11,0,2025-08-05,2025-08-20,11,-3.78,2025-08-20,Tairos機器人展,2025
所羅門,10,22,-11,1,2025-08-05,2025-08-21,12,-3.09,2025-08-20,Tairos機器人展,2025
所羅門,10,23,-11,2,2025-08-05,2025-08-22,13,-5.15,2025-08-20,Tairos機器人展,2025
所羅門,10,24,-11,3,2025-08-05,2025-08-25,14,4.12,2025-08-20,Tairos機器人展,2025
所羅門,10,25,-11,4,2025-08-05,2025-08-26,15,14.43,2025-08-20,Tairos機器人展,2025
所羅門,10,26,-11,5,2025-08-05,2025-08-27,16,14.43,2025-08-20,Tairos機器人展,2025
所羅門,10,27,-11,6,2025-08-05,2025-08-28,17,11.34,2025-08-20,Tairos機器人展,2025
所羅門,11,12,-10,-9,2025-08-06,2025-08-07,1,-0.7,2025-08-20,Tairos機器人展,2025
所羅門,11,13,-10,-8,2025-08-06,2025-08-08,2,0.7,2025-08-20,Tairos機器人展,2025
所羅門,11,14,-10,-7,2025-08-06,2025-08-11,3,-0.7,2025-08-20,Tairos機器人展,2025
所羅門,11,15,-10,-6,2025-08-06,2025-08-12,4,1.05,2025-08-20,Tairos機器人展,2025
所羅門,11,16,-10,-5,2025-08-06,2025-08-13,5,0.0,2025-08-20,Tairos機器人展,2025
所羅門,11,17,-10,-4,2025-08-06,2025-08-14,6,-1.39,2025-08-20,Tairos機器人展,2025
所羅門,11,18,-10,-3,2025-08-06,2025-08-15,7,3.14,2025-08-20,Tairos機器人展,2025
所羅門,11,19,-10,-2,2025-08-06,2025-08-18,8,5.57,2025-08-20,Tairos機器人展,2025
所羅門,11,20,-10,-1,2025-08-06,2025-08-19,9,1.39,2025-08-20,Tairos機器人展,2025
所羅門,11,21,-10,0,2025-08-06,2025-08-20,10,-2.44,2025-08-20,Tairos機器人展,2025
所羅門,11,22,-10,1,2025-08-06,2025-08-21,11,-1.74,2025-08-20,Tairos機器人展,2025
所羅門,11,23,-10,2,2025-08-06,2025-08-22,12,-3.83,2025-08-20,Tairos機器人展,2025
所羅門,11,24,-10,3,2025-08-06,2025-08-25,13,5.57,2025-08-20,Tairos機器人展,2025
所羅門,11,25,-10,4,2025-08-06,2025-08-26,14,16.03,2025-08-20,Tairos機器人展,2025
所羅門,11,26,-10,5,2025-08-06,2025-08-27,15,16.03,2025-08-20,Tairos機器人展,2025
所羅門,11,27,-10,6,2025-08-06,2025-08-28,16,12.89,2025-08-20,Tairos機器人展,2025
所羅門,12,13,-9,-8,2025-08-07,2025-08-08,1,1.4,2025-08-20,Tairos機器人展,2025
所羅門,12,14,-9,-7,2025-08-07,2025-08-11,2,0.0,2025-08-20,Tairos機器人展,2025
所羅門,12,15,-9,-6,2025-08-07,2025-08-12,3,1.75,2025-08-20,Tairos機器人展,2025
所羅門,12,16,-9,-5,2025-08-07,2025-08-13,4,0.7,2025-08-20,Tairos機器人展,2025
所羅門,12,17,-9,-4,2025-08-07,2025-08-14,5,-0.7,2025-08-20,Tairos機器人展,2025
所羅門,12,18,-9,-3,2025-08-07,2025-08-15,6,3.86,2025-08-20,Tairos機器人展,2025
所羅門,12,19,-9,-2,2025-08-07,2025-08-18,7,6.32,2025-08-20,Tairos機器人展,2025
所羅門,12,20,-9,-1,2025-08-07,2025-08-19,8,2.11,2025-08-20,Tairos機器人展,2025
所羅門,12,21,-9,0,2025-08-07,2025-08-20,9,-1.75,2025-08-20,Tairos機器人展,2025
所羅門,12,22,-9,1,2025-08-07,2025-08-21,10,-1.05,2025-08-20,Tairos機器人展,2025
所羅門,12,23,-9,2,2025-08-07,2025-08-22,11,-3.16,2025-08-20,Tairos機器人展,2025
所羅門,12,24,-9,3,2025-08-07,2025-08-25,12,6.32,2025-08-20,Tairos機器人展,2025
所羅門,12,25,-9,4,2025-08-07,2025-08-26,13,16.84,2025-08-20,Tairos機器人展,2025
所羅門,12,26,-9,5,2025-08-07,2025-08-27,14,16.84,2025-08-20,Tairos機器人展,2025
所羅門,12,27,-9,6,2025-08-07,2025-08-28,15,13.68,2025-08-20,Tairos機器人展,2025
所羅門,13,14,-8,-7,2025-08-08,2025-08-11,1,-1.38,2025-08-20,Tairos機器人展,2025
所羅門,13,15,-8,-6,2025-08-08,2025-08-12,2,0.35,2025-08-20,Tairos機器人展,2025
所羅門,13,16,-8,-5,2025-08-08,2025-08-13,3,-0.69,2025-08-20,Tairos機器人展,2025
所羅門,13,17,-8,-4,2025-08-08,2025-08-14,4,-2.08,2025-08-20,Tairos機器人展,2025
所羅門,13,18,-8,-3,2025-08-08,2025-08-15,5,2.42,2025-08-20,Tairos機器人展,2025
所羅門,13,19,-8,-2,2025-08-08,2025-08-18,6,4.84,2025-08-20,Tairos機器人展,2025
所羅門,13,20,-8,-1,2025-08-08,2025-08-19,7,0.69,2025-08-20,Tairos機器人展,2025
所羅門,13,21,-8,0,2025-08-08,2025-08-20,8,-3.11,2025-08-20,Tairos機器人展,2025
所羅門,13,22,-8,1,2025-08-08,2025-08-21,9,-2.42,2025-08-20,Tairos機器人展,2025
所羅門,13,23,-8,2,2025-08-08,2025-08-22,10,-4.5,2025-08-20,Tairos機器人展,2025
所羅門,13,24,-8,3,2025-08-08,2025-08-25,11,4.84,2025-08-20,Tairos機器人展,2025
所羅門,13,25,-8,4,2025-08-08,2025-08-26,12,15.22,2025-08-20,Tairos機器人展,2025
所羅門,13,26,-8,5,2025-08-08,2025-08-27,13,15.22,2025-08-20,Tairos機器人展,2025
所羅門,13,27,-8,6,2025-08-08,2025-08-28,14,12.11,2025-08-20,Tairos機器人展,2025
所羅門,14,15,-7,-6,2025-08-11,2025-08-12,1,1.75,2025-08-20,Tairos機器人展,2025
所羅門,14,16,-7,-5,2025-08-11,2025-08-13,2,0.7,2025-08-20,Tairos機器人展,2025
所羅門,14,17,-7,-4,2025-08-11,2025-08-14,3,-0.7,2025-08-20,Tairos機器人展,2025
所羅門,14,18,-7,-3,2025-08-11,2025-08-15,4,3.86,2025-08-20,Tairos機器人展,2025
所羅門,14,19,-7,-2,2025-08-11,2025-08-18,5,6.32,2025-08-20,Tairos機器人展,2025
所羅門,14,20,-7,-1,2025-08-11,2025-08-19,6,2.11,2025-08-20,Tairos機器人展,2025
所羅門,14,21,-7,0,2025-08-11,2025-08-20,7,-1.75,2025-08-20,Tairos機器人展,2025
所羅門,14,22,-7,1,2025-08-11,2025-08-21,8,-1.05,2025-08-20,Tairos機器人展,2025
所羅門,14,23,-7,2,2025-08-11,2025-08-22,9,-3.16,2025-08-20,Tairos機器人展,2025
所羅門,14,24,-7,3,2025-08-11,2025-08-25,10,6.32,2025-08-20,Tairos機器人展,2025
所羅門,14,25,-7,4,2025-08-11,2025-08-26,11,16.84,2025-08-20,Tairos機器人展,2025
所羅門,14,26,-7,5,2025-08-11,2025-08-27,12,16.84,2025-08-20,Tairos機器人展,2025
所羅門,14,27,-7,6,2025-08-11,2025-08-28,13,13.68,2025-08-20,Tairos機器人展,2025
所羅門,15,16,-6,-5,2025-08-12,2025-08-13,1,-1.03,2025-08-20,Tairos機器人展,2025
所羅門,15,17,-6,-4,2025-08-12,2025-08-14,2,-2.41,2025-08-20,Tairos機器人展,2025
所羅門,15,18,-6,-3,2025-08-12,2025-08-15,3,2.07,2025-08-20,Tairos機器人展,2025
所羅門,15,19,-6,-2,2025-08-12,2025-08-18,4,4.48,2025-08-20,Tairos機器人展,2025
所羅門,15,20,-6,-1,2025-08-12,2025-08-19,5,0.34,2025-08-20,Tairos機器人展,2025
所羅門,15,21,-6,0,2025-08-12,2025-08-20,6,-3.45,2025-08-20,Tairos機器人展,2025
所羅門,15,22,-6,1,2025-08-12,2025-08-21,7,-2.76,2025-08-20,Tairos機器人展,2025
所羅門,15,23,-6,2,2025-08-12,2025-08-22,8,-4.83,2025-08-20,Tairos機器人展,2025
所羅門,15,24,-6,3,2025-08-12,2025-08-25,9,4.48,2025-08-20,Tairos機器人展,2025
所羅門,15,25,-6,4,2025-08-12,2025-08-26,10,14.83,2025-08-20,Tairos機器人展,2025
所羅門,15,26,-6,5,2025-08-12,2025-08-27,11,14.83,2025-08-20,Tairos機器人展,2025
所羅門,15,27,-6,6,2025-08-12,2025-08-28,12,11.72,2025-08-20,Tairos機器人展,2025
所羅門,16,17,-5,-4,2025-08-13,2025-08-14,1,-1.39,2025-08-20,Tairos機器人展,2025
所羅門,16,18,-5,-3,2025-08-13,2025-08-15,2,3.14,2025-08-20,Tairos機器人展,2025
所羅門,16,19,-5,-2,2025-08-13,2025-08-18,3,5.57,2025-08-20,Tairos機器人展,2025
所羅門,16,20,-5,-1,2025-08-13,2025-08-19,4,1.39,2025-08-20,Tairos機器人展,2025
所羅門,16,21,-5,0,2025-08-13,2025-08-20,5,-2.44,2025-08-20,Tairos機器人展,2025
所羅門,16,22,-5,1,2025-08-13,2025-08-21,6,-1.74,2025-08-20,Tairos機器人展,2025
所羅門,16,23,-5,2,2025-08-13,2025-08-22,7,-3.83,2025-08-20,Tairos機器人展,2025
所羅門,16,24,-5,3,2025-08-13,2025-08-25,8,5.57,2025-08-20,Tairos機器人展,2025
所羅門,16,25,-5,4,2025-08-13,2025-08-26,9,16.03,2025-08-20,Tairos機器人展,2025
所羅門,16,26,-5,5,2025-08-13,2025-08-27,10,16.03,2025-08-20,Tairos機器人展,2025
所羅門,16,27,-5,6,2025-08-13,2025-08-28,11,12.89,2025-08-20,Tairos機器人展,2025
所羅門,17,18,-4,-3,2025-08-14,2025-08-15,1,4.59,2025-08-20,Tairos機器人展,2025
所羅門,17,19,-4,-2,2025-08-14,2025-08-18,2,7.07,2025-08-20,Tairos機器人展,2025
所羅門,17,20,-4,-1,2025-08-14,2025-08-19,3,2.83,2025-08-20,Tairos機器人展,2025
所羅門,17,21,-4,0,2025-08-14,2025-08-20,4,-1.06,2025-08-20,Tairos機器人展,2025
所羅門,17,22,-4,1,2025-08-14,2025-08-21,5,-0.35,2025-08-20,Tairos機器人展,2025
所羅門,17,23,-4,2,2025-08-14,2025-08-22,6,-2.47,2025-08-20,Tairos機器人展,2025
所羅門,17,24,-4,3,2025-08-14,2025-08-25,7,7.07,2025-08-20,Tairos機器人展,2025
所羅門,17,25,-4,4,2025-08-14,2025-08-26,8,17.67,2025-08-20,Tairos機器人展,2025
所羅門,17,26,-4,5,2025-08-14,2025-08-27,9,17.67,2025-08-20,Tairos機器人展,2025
所羅門,17,27,-4,6,2025-08-14,2025-08-28,10,14.49,2025-08-20,Tairos機器人展,2025
所羅門,18,19,-3,-2,2025-08-15,2025-08-18,1,2.36,2025-08-20,Tairos機器人展,2025
所羅門,18,20,-3,-1,2025-08-15,2025-08-19,2,-1.69,2025-08-20,Tairos機器人展,2025
所羅門,18,21,-3,0,2025-08-15,2025-08-20,3,-5.41,2025-08-20,Tairos機器人展,2025
所羅門,18,22,-3,1,2025-08-15,2025-08-21,4,-4.73,2025-08-20,Tairos機器人展,2025
所羅門,18,23,-3,2,2025-08-15,2025-08-22,5,-6.76,2025-08-20,Tairos機器人展,2025
所羅門,18,24,-3,3,2025-08-15,2025-08-25,6,2.36,2025-08-20,Tairos機器人展,2025
所羅門,18,25,-3,4,2025-08-15,2025-08-26,7,12.5,2025-08-20,Tairos機器人展,2025
所羅門,18,26,-3,5,2025-08-15,2025-08-27,8,12.5,2025-08-20,Tairos機器人展,2025
所羅門,18,27,-3,6,2025-08-15,2025-08-28,9,9.46,2025-08-20,Tairos機器人展,2025
所羅門,19,20,-2,-1,2025-08-18,2025-08-19,1,-3.96,2025-08-20,Tairos機器人展,2025
所羅門,19,21,-2,0,2025-08-18,2025-08-20,2,-7.59,2025-08-20,Tairos機器人展,2025
所羅門,19,22,-2,1,2025-08-18,2025-08-21,3,-6.93,2025-08-20,Tairos機器人展,2025
所羅門,19,23,-2,2,2025-08-18,2025-08-22,4,-8.91,2025-08-20,Tairos機器人展,2025
所羅門,19,24,-2,3,2025-08-18,2025-08-25,5,0.0,2025-08-20,Tairos機器人展,2025
所羅門,19,25,-2,4,2025-08-18,2025-08-26,6,9.9,2025-08-20,Tairos機器人展,2025
所羅門,19,26,-2,5,2025-08-18,2025-08-27,7,9.9,2025-08-20,Tairos機器人展,2025
所羅門,19,27,-2,6,2025-08-18,2025-08-28,8,6.93,2025-08-20,Tairos機器人展,2025
所羅門,20,21,-1,0,2025-08-19,2025-08-20,1,-3.78,2025-08-20,Tairos機器人展,2025
所羅門,20,22,-1,1,2025-08-19,2025-08-21,2,-3.09,2025-08-20,Tairos機器人展,2025
所羅門,20,23,-1,2,2025-08-19,2025-08-22,3,-5.15,2025-08-20,Tairos機器人展,2025
所羅門,20,24,-1,3,2025-08-19,2025-08-25,4,4.12,2025-08-20,Tairos機器人展,2025
所羅門,20,25,-1,4,2025-08-19,2025-08-26,5,14.43,2025-08-20,Tairos機器人展,2025
所羅門,20,26,-1,5,2025-08-19,2025-08-27,6,14.43,2025-08-20,Tairos機器人展,2025
所羅門,20,27,-1,6,2025-08-19,2025-08-28,7,11.34,2025-08-20,Tairos機器人展,2025
所羅門,21,22,0,1,2025-08-20,2025-08-21,1,0.71,2025-08-20,Tairos機器人展,2025
所羅門,21,23,0,2,2025-08-20,2025-08-22,2,-1.43,2025-08-20,Tairos機器人展,2025
所羅門,21,24,0,3,2025-08-20,2025-08-25,3,8.21,2025-08-20,Tairos機器人展,2025
所羅門,21,25,0,4,2025-08-20,2025-08-26,4,18.93,2025-08-20,Tairos機器人展,2025
所羅門,21,26,0,5,2025-08-20,2025-08-27,5,18.93,2025-08-20,Tairos機器人展,2025
所羅門,21,27,0,6,2025-08-20,2025-08-28,6,15.71,2025-08-20,Tairos機器人展,2025
所羅門,22,23,1,2,2025-08-21,2025-08-22,1,-2.13,2025-08-20,Tairos機器人展,2025
所羅門,22,24,1,3,2025-08-21,2025-08-25,2,7.45,2025-08-20,Tairos機器人展,2025
所羅門,22,25,1,4,2025-08-21,2025-08-26,3,18.09,2025-08-20,Tairos機器人展,2025
所羅門,22,26,1,5,2025-08-21,2025-08-27,4,18.09,2025-08-20,Tairos機器人展,2025
所羅門,22,27,1,6,2025-08-21,2025-08-28,5,14.89,2025-08-20,Tairos機器人展,2025
所羅門,23,24,2,3,2025-08-22,2025-08-25,1,9.78,2025-08-20,Tairos機器人展,2025
所羅門,23,25,2,4,2025-08-22,2025-08-26,2,20.65,2025-08-20,Tairos機器人展,2025
所羅門,23,26,2,5,2025-08-22,2025-08-27,3,20.65,2025-08-20,Tairos機器人展,2025
所羅門,23,27,2,6,2025-08-22,2025-08-28,4,17.39,2025-08-20,Tairos機器人展,2025
所羅門,24,25,3,4,2025-08-25,2025-08-26,1,9.9,2025-08-20,Tairos機器人展,2025
所羅門,24,26,3,5,2025-08-25,2025-08-27,2,9.9,2025-08-20,Tairos機器人展,2025
所羅門,24,27,3,6,2025-08-25,2025-08-28,3,6.93,2025-08-20,Tairos機器人展,2025
所羅門,25,26,4,5,2025-08-26,2025-08-27,1,0.0,2025-08-20,Tairos機器人展,2025
所羅門,25,27,4,6,2025-08-26,2025-08-28,2,-2.7,2025-08-20,Tairos機器人展,2025
所羅門,26,27,5,6,2025-08-27,2025-08-28,1,-2.7,2025-08-20,Tairos機器人展,2025
直得,0,1,-21,-20,2025-07-21,2025-07-22,1,-2.84,2025-08-20,Tairos機器人展,2025
直得,0,2,-21,-19,2025-07-21,2025-07-23,2,0.59,2025-08-20,Tairos機器人展,2025
直得,0,3,-21,-18,2025-07-21,2025-07-24,3,0.71,2025-08-20,Tairos機器人展,2025
直得,0,4,-21,-17,2025-07-21,2025-07-25,4,0.95,2025-08-20,Tairos機器人展,2025
直得,0,5,-21,-16,2025-07-21,2025-07-28,5,-0.24,2025-08-20,Tairos機器人展,2025
直得,0,6,-21,-15,2025-07-21,2025-07-29,6,-1.54,2025-08-20,Tairos機器人展,2025
直得,0,7,-21,-14,2025-07-21,2025-07-30,7,2.37,2025-08-20,Tairos機器人展,2025
直得,0,8,-21,-13,2025-07-21,2025-07-31,8,1.18,2025-08-20,Tairos機器人展,2025
直得,0,9,-21,-12,2025-07-21,2025-08-04,9,2.96,2025-08-20,Tairos機器人展,2025
直得,0,10,-21,-11,2025-07-21,2025-08-05,10,2.96,2025-08-20,Tairos機器人展,2025
直得,0,11,-21,-10,2025-07-21,2025-08-06,11,2.49,2025-08-20,Tairos機器人展,2025
直得,0,12,-21,-9,2025-07-21,2025-08-07,12,0.95,2025-08-20,Tairos機器人展,2025
直得,0,13,-21,-8,2025-07-21,2025-08-08,13,4.15,2025-08-20,Tairos機器人展,2025
直得,0,14,-21,-7,2025-07-21,2025-08-11,14,8.65,2025-08-20,Tairos機器人展,2025
直得,0,15,-21,-6,2025-07-21,2025-08-12,15,6.64,2025-08-20,Tairos機器人展,2025
直得,0,16,-21,-5,2025-07-21,2025-08-13,16,7.58,2025-08-20,Tairos機器人展,2025
直得,0,17,-21,-4,2025-07-21,2025-08-14,17,4.38,2025-08-20,Tairos機器人展,2025
直得,0,18,-21,-3,2025-07-21,2025-08-15,18,7.23,2025-08-20,Tairos機器人展,2025
直得,0,19,-21,-2,2025-07-21,2025-08-18,19,8.53,2025-08-20,Tairos機器人展,2025
直得,0,20,-21,-1,2025-07-21,2025-08-19,20,5.69,2025-08-20,Tairos機器人展,2025
直得,0,21,-21,0,2025-07-21,2025-08-20,21,0.71,2025-08-20,Tairos機器人展,2025
直得,0,22,-21,1,2025-07-21,2025-08-21,22,1.91,2025-08-20,Tairos機器人展,2025
直得,0,23,-21,2,2025-07-21,2025-08-22,23,1.55,2025-08-20,Tairos機器人展,2025
直得,0,24,-21,3,2025-07-21,2025-08-25,24,5.25,2025-08-20,Tairos機器人展,2025
直得,0,25,-21,4,2025-07-21,2025-08-26,25,6.09,2025-08-20,Tairos機器人展,2025
直得,0,26,-21,5,2025-07-21,2025-08-27,26,5.37,2025-08-20,Tairos機器人展,2025
直得,0,27,-21,6,2025-07-21,2025-08-28,27,6.56,2025-08-20,Tairos機器人展,2025
直得,1,2,-20,-19,2025-07-22,2025-07-23,1,3.54,2025-08-20,Tairos機器人展,2025
直得,1,3,-20,-18,2025-07-22,2025-07-24,2,3.66,2025-08-20,Tairos機器人展,2025
直得,1,4,-20,-17,2025-07-22,2025-07-25,3,3.9,2025-08-20,Tairos機器人展,2025
直得,1,5,-20,-16,2025-07-22,2025-07-28,4,2.68,2025-08-20,Tairos機器人展,2025
直得,1,6,-20,-15,2025-07-22,2025-07-29,5,1.34,2025-08-20,Tairos機器人展,2025
直得,1,7,-20,-14,2025-07-22,2025-07-30,6,5.37,2025-08-20,Tairos機器人展,2025
直得,1,8,-20,-13,2025-07-22,2025-07-31,7,4.15,2025-08-20,Tairos機器人展,2025
直得,1,9,-20,-12,2025-07-22,2025-08-04,8,5.98,2025-08-20,Tairos機器人展,2025
直得,1,10,-20,-11,2025-07-22,2025-08-05,9,5.98,2025-08-20,Tairos機器人展,2025
直得,1,11,-20,-10,2025-07-22,2025-08-06,10,5.49,2025-08-20,Tairos機器人展,2025
直得,1,12,-20,-9,2025-07-22,2025-08-07,11,3.9,2025-08-20,Tairos機器人展,2025
直得,1,13,-20,-8,2025-07-22,2025-08-08,12,7.2,2025-08-20,Tairos機器人展,2025
直得,1,14,-20,-7,2025-07-22,2025-08-11,13,11.83,2025-08-20,Tairos機器人展,2025
直得,1,15,-20,-6,2025-07-22,2025-08-12,14,9.76,2025-08-20,Tairos機器人展,2025
直得,1,16,-20,-5,2025-07-22,2025-08-13,15,10.73,2025-08-20,Tairos機器人展,2025
直得,1,17,-20,-4,2025-07-22,2025-08-14,16,7.44,2025-08-20,Tairos機器人展,2025
直得,1,18,-20,-3,2025-07-22,2025-08-15,17,10.37,2025-08-20,Tairos機器人展,2025
直得,1,19,-20,-2,2025-07-22,2025-08-18,18,11.71,2025-08-20,Tairos機器人展,2025
直得,1,20,-20,-1,2025-07-22,2025-08-19,19,8.78,2025-08-20,Tairos機器人展,2025
直得,1,21,-20,0,2025-07-22,2025-08-20,20,3.66,2025-08-20,Tairos機器人展,2025
直得,1,22,-20,1,2025-07-22,2025-08-21,21,4.89,2025-08-20,Tairos機器人展,2025
直得,1,23,-20,2,2025-07-22,2025-08-22,22,4.52,2025-08-20,Tairos機器人展,2025
直得,1,24,-20,3,2025-07-22,2025-08-25,23,8.33,2025-08-20,Tairos機器人展,2025
直得,1,25,-20,4,2025-07-22,2025-08-26,24,9.19,2025-08-20,Tairos機器人展,2025
直得,1,26,-20,5,2025-07-22,2025-08-27,25,8.45,2025-08-20,Tairos機器人展,2025
直得,1,27,-20,6,2025-07-22,2025-08-28,26,9.68,2025-08-20,Tairos機器人展,2025
直得,2,3,-19,-18,2025-07-23,2025-07-24,1,0.12,2025-08-20,Tairos機器人展,2025
直得,2,4,-19,-17,2025-07-23,2025-07-25,2,0.35,2025-08-20,Tairos機器人展,2025
直得,2,5,-19,-16,2025-07-23,2025-07-28,3,-0.82,2025-08-20,Tairos機器人展,2025
直得,2,6,-19,-15,2025-07-23,2025-07-29,4,-2.12,2025-08-20,Tairos機器人展,2025
直得,2,7,-19,-14,2025-07-23,2025-07-30,5,1.77,2025-08-20,Tairos機器人展,2025
直得,2,8,-19,-13,2025-07-23,2025-07-31,6,0.59,2025-08-20,Tairos機器人展,2025
直得,2,9,-19,-12,2025-07-23,2025-08-04,7,2.36,2025-08-20,Tairos機器人展,2025
直得,2,10,-19,-11,2025-07-23,2025-08-05,8,2.36,2025-08-20,Tairos機器人展,2025
直得,2,11,-19,-10,2025-07-23,2025-08-06,9,1.88,2025-08-20,Tairos機器人展,2025
直得,2,12,-19,-9,2025-07-23,2025-08-07,10,0.35,2025-08-20,Tairos機器人展,2025
直得,2,13,-19,-8,2025-07-23,2025-08-08,11,3.53,2025-08-20,Tairos機器人展,2025
直得,2,14,-19,-7,2025-07-23,2025-08-11,12,8.01,2025-08-20,Tairos機器人展,2025
直得,2,15,-19,-6,2025-07-23,2025-08-12,13,6.01,2025-08-20,Tairos機器人展,2025
直得,2,16,-19,-5,2025-07-23,2025-08-13,14,6.95,2025-08-20,Tairos機器人展,2025
直得,2,17,-19,-4,2025-07-23,2025-08-14,15,3.77,2025-08-20,Tairos機器人展,2025
直得,2,18,-19,-3,2025-07-23,2025-08-15,16,6.6,2025-08-20,Tairos機器人展,2025
直得,2,19,-19,-2,2025-07-23,2025-08-18,17,7.89,2025-08-20,Tairos機器人展,2025
直得,2,20,-19,-1,2025-07-23,2025-08-19,18,5.06,2025-08-20,Tairos機器人展,2025
直得,2,21,-19,0,2025-07-23,2025-08-20,19,0.12,2025-08-20,Tairos機器人展,2025
直得,2,22,-19,1,2025-07-23,2025-08-21,20,1.31,2025-08-20,Tairos機器人展,2025
直得,2,23,-19,2,2025-07-23,2025-08-22,21,0.95,2025-08-20,Tairos機器人展,2025
直得,2,24,-19,3,2025-07-23,2025-08-25,22,4.63,2025-08-20,Tairos機器人展,2025
直得,2,25,-19,4,2025-07-23,2025-08-26,23,5.46,2025-08-20,Tairos機器人展,2025
直得,2,26,-19,5,2025-07-23,2025-08-27,24,4.75,2025-08-20,Tairos機器人展,2025
直得,2,27,-19,6,2025-07-23,2025-08-28,25,5.94,2025-08-20,Tairos機器人展,2025
直得,3,4,-18,-17,2025-07-24,2025-07-25,1,0.24,2025-08-20,Tairos機器人展,2025
直得,3,5,-18,-16,2025-07-24,2025-07-28,2,-0.94,2025-08-20,Tairos機器人展,2025
直得,3,6,-18,-15,2025-07-24,2025-07-29,3,-2.24,2025-08-20,Tairos機器人展,2025
直得,3,7,-18,-14,2025-07-24,2025-07-30,4,1.65,2025-08-20,Tairos機器人展,2025
直得,3,8,-18,-13,2025-07-24,2025-07-31,5,0.47,2025-08-20,Tairos機器人展,2025
直得,3,9,-18,-12,2025-07-24,2025-08-04,6,2.24,2025-08-20,Tairos機器人展,2025
直得,3,10,-18,-11,2025-07-24,2025-08-05,7,2.24,2025-08-20,Tairos機器人展,2025
直得,3,11,-18,-10,2025-07-24,2025-08-06,8,1.76,2025-08-20,Tairos機器人展,2025
直得,3,12,-18,-9,2025-07-24,2025-08-07,9,0.24,2025-08-20,Tairos機器人展,2025
直得,3,13,-18,-8,2025-07-24,2025-08-08,10,3.41,2025-08-20,Tairos機器人展,2025
直得,3,14,-18,-7,2025-07-24,2025-08-11,11,7.88,2025-08-20,Tairos機器人展,2025
直得,3,15,-18,-6,2025-07-24,2025-08-12,12,5.88,2025-08-20,Tairos機器人展,2025
直得,3,16,-18,-5,2025-07-24,2025-08-13,13,6.82,2025-08-20,Tairos機器人展,2025
直得,3,17,-18,-4,2025-07-24,2025-08-14,14,3.65,2025-08-20,Tairos機器人展,2025
直得,3,18,-18,-3,2025-07-24,2025-08-15,15,6.47,2025-08-20,Tairos機器人展,2025
直得,3,19,-18,-2,2025-07-24,2025-08-18,16,7.76,2025-08-20,Tairos機器人展,2025
直得,3,20,-18,-1,2025-07-24,2025-08-19,17,4.94,2025-08-20,Tairos機器人展,2025
直得,3,21,-18,0,2025-07-24,2025-08-20,18,0.0,2025-08-20,Tairos機器人展,2025
直得,3,22,-18,1,2025-07-24,2025-08-21,19,1.19,2025-08-20,Tairos機器人展,2025
直得,3,23,-18,2,2025-07-24,2025-08-22,20,0.83,2025-08-20,Tairos機器人展,2025
直得,3,24,-18,3,2025-07-24,2025-08-25,21,4.51,2025-08-20,Tairos機器人展,2025
直得,3,25,-18,4,2025-07-24,2025-08-26,22,5.34,2025-08-20,Tairos機器人展,2025
直得,3,26,-18,5,2025-07-24,2025-08-27,23,4.63,2025-08-20,Tairos機器人展,2025
直得,3,27,-18,6,2025-07-24,2025-08-28,24,5.81,2025-08-20,Tairos機器人展,2025
直得,4,5,-17,-16,2025-07-25,2025-07-28,1,-1.17,2025-08-20,Tairos機器人展,2025
直得,4,6,-17,-15,2025-07-25,2025-07-29,2,-2.46,2025-08-20,Tairos機器人展,2025
直得,4,7,-17,-14,2025-07-25,2025-07-30,3,1.41,2025-08-20,Tairos機器人展,2025
直得,4,8,-17,-13,2025-07-25,2025-07-31,4,0.23,2025-08-20,Tairos機器人展,2025
直得,4,9,-17,-12,2025-07-25,2025-08-04,5,2.0,2025-08-20,Tairos機器人展,2025
直得,4,10,-17,-11,2025-07-25,2025-08-05,6,2.0,2025-08-20,Tairos機器人展,2025
直得,4,11,-17,-10,2025-07-25,2025-08-06,7,1.53,2025-08-20,Tairos機器人展,2025
直得,4,12,-17,-9,2025-07-25,2025-08-07,8,0.0,2025-08-20,Tairos機器人展,2025
直得,4,13,-17,-8,2025-07-25,2025-08-08,9,3.17,2025-08-20,Tairos機器人展,2025
直得,4,14,-17,-7,2025-07-25,2025-08-11,10,7.63,2025-08-20,Tairos機器人展,2025
直得,4,15,-17,-6,2025-07-25,2025-08-12,11,5.63,2025-08-20,Tairos機器人展,2025
直得,4,16,-17,-5,2025-07-25,2025-08-13,12,6.57,2025-08-20,Tairos機器人展,2025
直得,4,17,-17,-4,2025-07-25,2025-08-14,13,3.4,2025-08-20,Tairos機器人展,2025
直得,4,18,-17,-3,2025-07-25,2025-08-15,14,6.22,2025-08-20,Tairos機器人展,2025
直得,4,19,-17,-2,2025-07-25,2025-08-18,15,7.51,2025-08-20,Tairos機器人展,2025
直得,4,20,-17,-1,2025-07-25,2025-08-19,16,4.69,2025-08-20,Tairos機器人展,2025
直得,4,21,-17,0,2025-07-25,2025-08-20,17,-0.23,2025-08-20,Tairos機器人展,2025
直得,4,22,-17,1,2025-07-25,2025-08-21,18,0.95,2025-08-20,Tairos機器人展,2025
直得,4,23,-17,2,2025-07-25,2025-08-22,19,0.59,2025-08-20,Tairos機器人展,2025
直得,4,24,-17,3,2025-07-25,2025-08-25,20,4.26,2025-08-20,Tairos機器人展,2025
直得,4,25,-17,4,2025-07-25,2025-08-26,21,5.09,2025-08-20,Tairos機器人展,2025
直得,4,26,-17,5,2025-07-25,2025-08-27,22,4.38,2025-08-20,Tairos機器人展,2025
直得,4,27,-17,6,2025-07-25,2025-08-28,23,5.56,2025-08-20,Tairos機器人展,2025
直得,5,6,-16,-15,2025-07-28,2025-07-29,1,-1.31,2025-08-20,Tairos機器人展,2025
直得,5,7,-16,-14,2025-07-28,2025-07-30,2,2.61,2025-08-20,Tairos機器人展,2025
直得,5,8,-16,-13,2025-07-28,2025-07-31,3,1.43,2025-08-20,Tairos機器人展,2025
直得,5,9,-16,-12,2025-07-28,2025-08-04,4,3.21,2025-08-20,Tairos機器人展,2025
直得,5,10,-16,-11,2025-07-28,2025-08-05,5,3.21,2025-08-20,Tairos機器人展,2025
直得,5,11,-16,-10,2025-07-28,2025-08-06,6,2.73,2025-08-20,Tairos機器人展,2025
直得,5,12,-16,-9,2025-07-28,2025-08-07,7,1.19,2025-08-20,Tairos機器人展,2025
直得,5,13,-16,-8,2025-07-28,2025-08-08,8,4.39,2025-08-20,Tairos機器人展,2025
直得,5,14,-16,-7,2025-07-28,2025-08-11,9,8.91,2025-08-20,Tairos機器人展,2025
直得,5,15,-16,-6,2025-07-28,2025-08-12,10,6.89,2025-08-20,Tairos機器人展,2025
直得,5,16,-16,-5,2025-07-28,2025-08-13,11,7.84,2025-08-20,Tairos機器人展,2025
直得,5,17,-16,-4,2025-07-28,2025-08-14,12,4.63,2025-08-20,Tairos機器人展,2025
直得,5,18,-16,-3,2025-07-28,2025-08-15,13,7.48,2025-08-20,Tairos機器人展,2025
直得,5,19,-16,-2,2025-07-28,2025-08-18,14,8.79,2025-08-20,Tairos機器人展,2025
直得,5,20,-16,-1,2025-07-28,2025-08-19,15,5.94,2025-08-20,Tairos機器人展,2025
直得,5,21,-16,0,2025-07-28,2025-08-20,16,0.95,2025-08-20,Tairos機器人展,2025
直得,5,22,-16,1,2025-07-28,2025-08-21,17,2.15,2025-08-20,Tairos機器人展,2025
直得,5,23,-16,2,2025-07-28,2025-08-22,18,1.79,2025-08-20,Tairos機器人展,2025
直得,5,24,-16,3,2025-07-28,2025-08-25,19,5.5,2025-08-20,Tairos機器人展,2025
直得,5,25,-16,4,2025-07-28,2025-08-26,20,6.34,2025-08-20,Tairos機器人展,2025
直得,5,26,-16,5,2025-07-28,2025-08-27,21,5.62,2025-08-20,Tairos機器人展,2025
直得,5,27,-16,6,2025-07-28,2025-08-28,22,6.82,2025-08-20,Tairos機器人展,2025
直得,6,7,-15,-14,2025-07-29,2025-07-30,1,3.97,2025-08-20,Tairos機器人展,2025
直得,6,8,-15,-13,2025-07-29,2025-07-31,2,2.77,2025-08-20,Tairos機器人展,2025
直得,6,9,-15,-12,2025-07-29,2025-08-04,3,4.57,2025-08-20,Tairos機器人展,2025
直得,6,10,-15,-11,2025-07-29,2025-08-05,4,4.57,2025-08-20,Tairos機器人展,2025
直得,6,11,-15,-10,2025-07-29,2025-08-06,5,4.09,2025-08-20,Tairos機器人展,2025
直得,6,12,-15,-9,2025-07-29,2025-08-07,6,2.53,2025-08-20,Tairos機器人展,2025
直得,6,13,-15,-8,2025-07-29,2025-08-08,7,5.78,2025-08-20,Tairos機器人展,2025
直得,6,14,-15,-7,2025-07-29,2025-08-11,8,10.35,2025-08-20,Tairos機器人展,2025
直得,6,15,-15,-6,2025-07-29,2025-08-12,9,8.3,2025-08-20,Tairos機器人展,2025
直得,6,16,-15,-5,2025-07-29,2025-08-13,10,9.27,2025-08-20,Tairos機器人展,2025
直得,6,17,-15,-4,2025-07-29,2025-08-14,11,6.02,2025-08-20,Tairos機器人展,2025
直得,6,18,-15,-3,2025-07-29,2025-08-15,12,8.9,2025-08-20,Tairos機器人展,2025
直得,6,19,-15,-2,2025-07-29,2025-08-18,13,10.23,2025-08-20,Tairos機器人展,2025
直得,6,20,-15,-1,2025-07-29,2025-08-19,14,7.34,2025-08-20,Tairos機器人展,2025
直得,6,21,-15,0,2025-07-29,2025-08-20,15,2.29,2025-08-20,Tairos機器人展,2025
直得,6,22,-15,1,2025-07-29,2025-08-21,16,3.5,2025-08-20,Tairos機器人展,2025
直得,6,23,-15,2,2025-07-29,2025-08-22,17,3.14,2025-08-20,Tairos機器人展,2025
直得,6,24,-15,3,2025-07-29,2025-08-25,18,6.9,2025-08-20,Tairos機器人展,2025
直得,6,25,-15,4,2025-07-29,2025-08-26,19,7.75,2025-08-20,Tairos機器人展,2025
直得,6,26,-15,5,2025-07-29,2025-08-27,20,7.02,2025-08-20,Tairos機器人展,2025
直得,6,27,-15,6,2025-07-29,2025-08-28,21,8.23,2025-08-20,Tairos機器人展,2025
直得,7,8,-14,-13,2025-07-30,2025-07-31,1,-1.16,2025-08-20,Tairos機器人展,2025
直得,7,9,-14,-12,2025-07-30,2025-08-04,2,0.58,2025-08-20,Tairos機器人展,2025
直得,7,10,-14,-11,2025-07-30,2025-08-05,3,0.58,2025-08-20,Tairos機器人展,2025
直得,7,11,-14,-10,2025-07-30,2025-08-06,4,0.12,2025-08-20,Tairos機器人展,2025
直得,7,12,-14,-9,2025-07-30,2025-08-07,5,-1.39,2025-08-20,Tairos機器人展,2025
直得,7,13,-14,-8,2025-07-30,2025-08-08,6,1.74,2025-08-20,Tairos機器人展,2025
直得,7,14,-14,-7,2025-07-30,2025-08-11,7,6.13,2025-08-20,Tairos機器人展,2025
直得,7,15,-14,-6,2025-07-30,2025-08-12,8,4.17,2025-08-20,Tairos機器人展,2025
直得,7,16,-14,-5,2025-07-30,2025-08-13,9,5.09,2025-08-20,Tairos機器人展,2025
直得,7,17,-14,-4,2025-07-30,2025-08-14,10,1.97,2025-08-20,Tairos機器人展,2025
直得,7,18,-14,-3,2025-07-30,2025-08-15,11,4.75,2025-08-20,Tairos機器人展,2025
直得,7,19,-14,-2,2025-07-30,2025-08-18,12,6.02,2025-08-20,Tairos機器人展,2025
直得,7,20,-14,-1,2025-07-30,2025-08-19,13,3.24,2025-08-20,Tairos機器人展,2025
直得,7,21,-14,0,2025-07-30,2025-08-20,14,-1.62,2025-08-20,Tairos機器人展,2025
直得,7,22,-14,1,2025-07-30,2025-08-21,15,-0.45,2025-08-20,Tairos機器人展,2025
直得,7,23,-14,2,2025-07-30,2025-08-22,16,-0.8,2025-08-20,Tairos機器人展,2025
直得,7,24,-14,3,2025-07-30,2025-08-25,17,2.81,2025-08-20,Tairos機器人展,2025
直得,7,25,-14,4,2025-07-30,2025-08-26,18,3.63,2025-08-20,Tairos機器人展,2025
直得,7,26,-14,5,2025-07-30,2025-08-27,19,2.93,2025-08-20,Tairos機器人展,2025
直得,7,27,-14,6,2025-07-30,2025-08-28,20,4.1,2025-08-20,Tairos機器人展,2025
直得,8,9,-13,-12,2025-07-31,2025-08-04,1,1.76,2025-08-20,Tairos機器人展,2025
直得,8,10,-13,-11,2025-07-31,2025-08-05,2,1.76,2025-08-20,Tairos機器人展,2025
直得,8,11,-13,-10,2025-07-31,2025-08-06,3,1.29,2025-08-20,Tairos機器人展,2025
直得,8,12,-13,-9,2025-07-31,2025-08-07,4,-0.23,2025-08-20,Tairos機器人展,2025
直得,8,13,-13,-8,2025-07-31,2025-08-08,5,2.93,2025-08-20,Tairos機器人展,2025
直得,8,14,-13,-7,2025-07-31,2025-08-11,6,7.38,2025-08-20,Tairos機器人展,2025
直得,8,15,-13,-6,2025-07-31,2025-08-12,7,5.39,2025-08-20,Tairos機器人展,2025
直得,8,16,-13,-5,2025-07-31,2025-08-13,8,6.32,2025-08-20,Tairos機器人展,2025
直得,8,17,-13,-4,2025-07-31,2025-08-14,9,3.16,2025-08-20,Tairos機器人展,2025
直得,8,18,-13,-3,2025-07-31,2025-08-15,10,5.97,2025-08-20,Tairos機器人展,2025
直得,8,19,-13,-2,2025-07-31,2025-08-18,11,7.26,2025-08-20,Tairos機器人展,2025
直得,8,20,-13,-1,2025-07-31,2025-08-19,12,4.45,2025-08-20,Tairos機器人展,2025
直得,8,21,-13,0,2025-07-31,2025-08-20,13,-0.47,2025-08-20,Tairos機器人展,2025
直得,8,22,-13,1,2025-07-31,2025-08-21,14,0.71,2025-08-20,Tairos機器人展,2025
直得,8,23,-13,2,2025-07-31,2025-08-22,15,0.36,2025-08-20,Tairos機器人展,2025
直得,8,24,-13,3,2025-07-31,2025-08-25,16,4.02,2025-08-20,Tairos機器人展,2025
直得,8,25,-13,4,2025-07-31,2025-08-26,17,4.84,2025-08-20,Tairos機器人展,2025
直得,8,26,-13,5,2025-07-31,2025-08-27,18,4.14,2025-08-20,Tairos機器人展,2025
直得,8,27,-13,6,2025-07-31,2025-08-28,19,5.32,2025-08-20,Tairos機器人展,2025
直得,9,10,-12,-11,2025-08-04,2025-08-05,1,0.0,2025-08-20,Tairos機器人展,2025
直得,9,11,-12,-10,2025-08-04,2025-08-06,2,-0.46,2025-08-20,Tairos機器人展,2025
直得,9,12,-12,-9,2025-08-04,2025-08-07,3,-1.96,2025-08-20,Tairos機器人展,2025
直得,9,13,-12,-8,2025-08-04,2025-08-08,4,1.15,2025-08-20,Tairos機器人展,2025
直得,9,14,-12,-7,2025-08-04,2025-08-11,5,5.52,2025-08-20,Tairos機器人展,2025
直得,9,15,-12,-6,2025-08-04,2025-08-12,6,3.57,2025-08-20,Tairos機器人展,2025
直得,9,16,-12,-5,2025-08-04,2025-08-13,7,4.49,2025-08-20,Tairos機器人展,2025
直得,9,17,-12,-4,2025-08-04,2025-08-14,8,1.38,2025-08-20,Tairos機器人展,2025
直得,9,18,-12,-3,2025-08-04,2025-08-15,9,4.14,2025-08-20,Tairos機器人展,2025
直得,9,19,-12,-2,2025-08-04,2025-08-18,10,5.41,2025-08-20,Tairos機器人展,2025
直得,9,20,-12,-1,2025-08-04,2025-08-19,11,2.65,2025-08-20,Tairos機器人展,2025
直得,9,21,-12,0,2025-08-04,2025-08-20,12,-2.19,2025-08-20,Tairos機器人展,2025
直得,9,22,-12,1,2025-08-04,2025-08-21,13,-1.03,2025-08-20,Tairos機器人展,2025
直得,9,23,-12,2,2025-08-04,2025-08-22,14,-1.37,2025-08-20,Tairos機器人展,2025
直得,9,24,-12,3,2025-08-04,2025-08-25,15,2.22,2025-08-20,Tairos機器人展,2025
直得,9,25,-12,4,2025-08-04,2025-08-26,16,3.03,2025-08-20,Tairos機器人展,2025
直得,9,26,-12,5,2025-08-04,2025-08-27,17,2.34,2025-08-20,Tairos機器人展,2025
直得,9,27,-12,6,2025-08-04,2025-08-28,18,3.5,2025-08-20,Tairos機器人展,2025
直得,10,11,-11,-10,2025-08-05,2025-08-06,1,-0.46,2025-08-20,Tairos機器人展,2025
直得,10,12,-11,-9,2025-08-05,2025-08-07,2,-1.96,2025-08-20,Tairos機器人展,2025
直得,10,13,-11,-8,2025-08-05,2025-08-08,3,1.15,2025-08-20,Tairos機器人展,2025
直得,10,14,-11,-7,2025-08-05,2025-08-11,4,5.52,2025-08-20,Tairos機器人展,2025
直得,10,15,-11,-6,2025-08-05,2025-08-12,5,3.57,2025-08-20,Tairos機器人展,2025
直得,10,16,-11,-5,2025-08-05,2025-08-13,6,4.49,2025-08-20,Tairos機器人展,2025
直得,10,17,-11,-4,2025-08-05,2025-08-14,7,1.38,2025-08-20,Tairos機器人展,2025
直得,10,18,-11,-3,2025-08-05,2025-08-15,8,4.14,2025-08-20,Tairos機器人展,2025
直得,10,19,-11,-2,2025-08-05,2025-08-18,9,5.41,2025-08-20,Tairos機器人展,2025
直得,10,20,-11,-1,2025-08-05,2025-08-19,10,2.65,2025-08-20,Tairos機器人展,2025
直得,10,21,-11,0,2025-08-05,2025-08-20,11,-2.19,2025-08-20,Tairos機器人展,2025
直得,10,22,-11,1,2025-08-05,2025-08-21,12,-1.03,2025-08-20,Tairos機器人展,2025
直得,10,23,-11,2,2025-08-05,2025-08-22,13,-1.37,2025-08-20,Tairos機器人展,2025
直得,10,24,-11,3,2025-08-05,2025-08-25,14,2.22,2025-08-20,Tairos機器人展,2025
直得,10,25,-11,4,2025-08-05,2025-08-26,15,3.03,2025-08-20,Tairos機器人展,2025
直得,10,26,-11,5,2025-08-05,2025-08-27,16,2.34,2025-08-20,Tairos機器人展,2025
直得,10,27,-11,6,2025-08-05,2025-08-28,17,3.5,2025-08-20,Tairos機器人展,2025
直得,11,12,-10,-9,2025-08-06,2025-08-07,1,-1.5,2025-08-20,Tairos機器人展,2025
直得,11,13,-10,-8,2025-08-06,2025-08-08,2,1.62,2025-08-20,Tairos機器人展,2025
直得,11,14,-10,-7,2025-08-06,2025-08-11,3,6.01,2025-08-20,Tairos機器人展,2025
直得,11,15,-10,-6,2025-08-06,2025-08-12,4,4.05,2025-08-20,Tairos機器人展,2025
直得,11,16,-10,-5,2025-08-06,2025-08-13,5,4.97,2025-08-20,Tairos機器人展,2025
直得,11,17,-10,-4,2025-08-06,2025-08-14,6,1.85,2025-08-20,Tairos機器人展,2025
直得,11,18,-10,-3,2025-08-06,2025-08-15,7,4.62,2025-08-20,Tairos機器人展,2025
直得,11,19,-10,-2,2025-08-06,2025-08-18,8,5.9,2025-08-20,Tairos機器人展,2025
直得,11,20,-10,-1,2025-08-06,2025-08-19,9,3.12,2025-08-20,Tairos機器人展,2025
直得,11,21,-10,0,2025-08-06,2025-08-20,10,-1.73,2025-08-20,Tairos機器人展,2025
直得,11,22,-10,1,2025-08-06,2025-08-21,11,-0.57,2025-08-20,Tairos機器人展,2025
直得,11,23,-10,2,2025-08-06,2025-08-22,12,-0.92,2025-08-20,Tairos機器人展,2025
直得,11,24,-10,3,2025-08-06,2025-08-25,13,2.7,2025-08-20,Tairos機器人展,2025
直得,11,25,-10,4,2025-08-06,2025-08-26,14,3.51,2025-08-20,Tairos機器人展,2025
直得,11,26,-10,5,2025-08-06,2025-08-27,15,2.81,2025-08-20,Tairos機器人展,2025
直得,11,27,-10,6,2025-08-06,2025-08-28,16,3.98,2025-08-20,Tairos機器人展,2025
直得,12,13,-9,-8,2025-08-07,2025-08-08,1,3.17,2025-08-20,Tairos機器人展,2025
直得,12,14,-9,-7,2025-08-07,2025-08-11,2,7.63,2025-08-20,Tairos機器人展,2025
直得,12,15,-9,-6,2025-08-07,2025-08-12,3,5.63,2025-08-20,Tairos機器人展,2025
直得,12,16,-9,-5,2025-08-07,2025-08-13,4,6.57,2025-08-20,Tairos機器人展,2025
直得,12,17,-9,-4,2025-08-07,2025-08-14,5,3.4,2025-08-20,Tairos機器人展,2025
直得,12,18,-9,-3,2025-08-07,2025-08-15,6,6.22,2025-08-20,Tairos機器人展,2025
直得,12,19,-9,-2,2025-08-07,2025-08-18,7,7.51,2025-08-20,Tairos機器人展,2025
直得,12,20,-9,-1,2025-08-07,2025-08-19,8,4.69,2025-08-20,Tairos機器人展,2025
直得,12,21,-9,0,2025-08-07,2025-08-20,9,-0.23,2025-08-20,Tairos機器人展,2025
直得,12,22,-9,1,2025-08-07,2025-08-21,10,0.95,2025-08-20,Tairos機器人展,2025
直得,12,23,-9,2,2025-08-07,2025-08-22,11,0.59,2025-08-20,Tairos機器人展,2025
直得,12,24,-9,3,2025-08-07,2025-08-25,12,4.26,2025-08-20,Tairos機器人展,2025
直得,12,25,-9,4,2025-08-07,2025-08-26,13,5.09,2025-08-20,Tairos機器人展,2025
直得,12,26,-9,5,2025-08-07,2025-08-27,14,4.38,2025-08-20,Tairos機器人展,2025
直得,12,27,-9,6,2025-08-07,2025-08-28,15,5.56,2025-08-20,Tairos機器人展,2025
直得,13,14,-8,-7,2025-08-08,2025-08-11,1,4.32,2025-08-20,Tairos機器人展,2025
直得,13,15,-8,-6,2025-08-08,2025-08-12,2,2.39,2025-08-20,Tairos機器人展,2025
直得,13,16,-8,-5,2025-08-08,2025-08-13,3,3.3,2025-08-20,Tairos機器人展,2025
直得,13,17,-8,-4,2025-08-08,2025-08-14,4,0.23,2025-08-20,Tairos機器人展,2025
直得,13,18,-8,-3,2025-08-08,2025-08-15,5,2.96,2025-08-20,Tairos機器人展,2025
直得,13,19,-8,-2,2025-08-08,2025-08-18,6,4.21,2025-08-20,Tairos機器人展,2025
直得,13,20,-8,-1,2025-08-08,2025-08-19,7,1.48,2025-08-20,Tairos機器人展,2025
直得,13,21,-8,0,2025-08-08,2025-08-20,8,-3.3,2025-08-20,Tairos機器人展,2025
直得,13,22,-8,1,2025-08-08,2025-08-21,9,-2.15,2025-08-20,Tairos機器人展,2025
直得,13,23,-8,2,2025-08-08,2025-08-22,10,-2.5,2025-08-20,Tairos機器人展,2025
直得,13,24,-8,3,2025-08-08,2025-08-25,11,1.06,2025-08-20,Tairos機器人展,2025
直得,13,25,-8,4,2025-08-08,2025-08-26,12,1.86,2025-08-20,Tairos機器人展,2025
直得,13,26,-8,5,2025-08-08,2025-08-27,13,1.17,2025-08-20,Tairos機器人展,2025
直得,13,27,-8,6,2025-08-08,2025-08-28,14,2.32,2025-08-20,Tairos機器人展,2025
直得,14,15,-7,-6,2025-08-11,2025-08-12,1,-1.85,2025-08-20,Tairos機器人展,2025
直得,14,16,-7,-5,2025-08-11,2025-08-13,2,-0.98,2025-08-20,Tairos機器人展,2025
直得,14,17,-7,-4,2025-08-11,2025-08-14,3,-3.93,2025-08-20,Tairos機器人展,2025
直得,14,18,-7,-3,2025-08-11,2025-08-15,4,-1.31,2025-08-20,Tairos機器人展,2025
直得,14,19,-7,-2,2025-08-11,2025-08-18,5,-0.11,2025-08-20,Tairos機器人展,2025
直得,14,20,-7,-1,2025-08-11,2025-08-19,6,-2.73,2025-08-20,Tairos機器人展,2025
直得,14,21,-7,0,2025-08-11,2025-08-20,7,-7.31,2025-08-20,Tairos機器人展,2025
直得,14,22,-7,1,2025-08-11,2025-08-21,8,-6.21,2025-08-20,Tairos機器人展,2025
直得,14,23,-7,2,2025-08-11,2025-08-22,9,-6.54,2025-08-20,Tairos機器人展,2025
直得,14,24,-7,3,2025-08-11,2025-08-25,10,-3.13,2025-08-20,Tairos機器人展,2025
直得,14,25,-7,4,2025-08-11,2025-08-26,11,-2.36,2025-08-20,Tairos機器人展,2025
直得,14,26,-7,5,2025-08-11,2025-08-27,12,-3.02,2025-08-20,Tairos機器人展,2025
直得,14,27,-7,6,2025-08-11,2025-08-28,13,-1.92,2025-08-20,Tairos機器人展,2025
直得,15,16,-6,-5,2025-08-12,2025-08-13,1,0.89,2025-08-20,Tairos機器人展,2025
直得,15,17,-6,-4,2025-08-12,2025-08-14,2,-2.11,2025-08-20,Tairos機器人展,2025
直得,15,18,-6,-3,2025-08-12,2025-08-15,3,0.56,2025-08-20,Tairos機器人展,2025
直得,15,19,-6,-2,2025-08-12,2025-08-18,4,1.78,2025-08-20,Tairos機器人展,2025
直得,15,20,-6,-1,2025-08-12,2025-08-19,5,-0.89,2025-08-20,Tairos機器人展,2025
直得,15,21,-6,0,2025-08-12,2025-08-20,6,-5.56,2025-08-20,Tairos機器人展,2025
直得,15,22,-6,1,2025-08-12,2025-08-21,7,-4.44,2025-08-20,Tairos機器人展,2025
直得,15,23,-6,2,2025-08-12,2025-08-22,8,-4.77,2025-08-20,Tairos機器人展,2025
直得,15,24,-6,3,2025-08-12,2025-08-25,9,-1.3,2025-08-20,Tairos機器人展,2025
直得,15,25,-6,4,2025-08-12,2025-08-26,10,-0.51,2025-08-20,Tairos機器人展,2025
直得,15,26,-6,5,2025-08-12,2025-08-27,11,-1.19,2025-08-20,Tairos機器人展,2025
直得,15,27,-6,6,2025-08-12,2025-08-28,12,-0.07,2025-08-20,Tairos機器人展,2025
直得,16,17,-5,-4,2025-08-13,2025-08-14,1,-2.97,2025-08-20,Tairos機器人展,2025
直得,16,18,-5,-3,2025-08-13,2025-08-15,2,-0.33,2025-08-20,Tairos機器人展,2025
直得,16,19,-5,-2,2025-08-13,2025-08-18,3,0.88,2025-08-20,Tairos機器人展,2025
直得,16,20,-5,-1,2025-08-13,2025-08-19,4,-1.76,2025-08-20,Tairos機器人展,2025
直得,16,21,-5,0,2025-08-13,2025-08-20,5,-6.39,2025-08-20,Tairos機器人展,2025
直得,16,22,-5,1,2025-08-13,2025-08-21,6,-5.28,2025-08-20,Tairos機器人展,2025
直得,16,23,-5,2,2025-08-13,2025-08-22,7,-5.61,2025-08-20,Tairos機器人展,2025
直得,16,24,-5,3,2025-08-13,2025-08-25,8,-2.17,2025-08-20,Tairos機器人展,2025
直得,16,25,-5,4,2025-08-13,2025-08-26,9,-1.39,2025-08-20,Tairos機器人展,2025
直得,16,26,-5,5,2025-08-13,2025-08-27,10,-2.06,2025-08-20,Tairos機器人展,2025
直得,16,27,-5,6,2025-08-13,2025-08-28,11,-0.95,2025-08-20,Tairos機器人展,2025
直得,17,18,-4,-3,2025-08-14,2025-08-15,1,2.72,2025-08-20,Tairos機器人展,2025
直得,17,19,-4,-2,2025-08-14,2025-08-18,2,3.97,2025-08-20,Tairos機器人展,2025
直得,17,20,-4,-1,2025-08-14,2025-08-19,3,1.25,2025-08-20,Tairos機器人展,2025
直得,17,21,-4,0,2025-08-14,2025-08-20,4,-3.52,2025-08-20,Tairos機器人展,2025
直得,17,22,-4,1,2025-08-14,2025-08-21,5,-2.37,2025-08-20,Tairos機器人展,2025
直得,17,23,-4,2,2025-08-14,2025-08-22,6,-2.72,2025-08-20,Tairos機器人展,2025
直得,17,24,-4,3,2025-08-14,2025-08-25,7,0.83,2025-08-20,Tairos機器人展,2025
直得,17,25,-4,4,2025-08-14,2025-08-26,8,1.63,2025-08-20,Tairos機器人展,2025
直得,17,26,-4,5,2025-08-14,2025-08-27,9,0.94,2025-08-20,Tairos機器人展,2025
直得,17,27,-4,6,2025-08-14,2025-08-28,10,2.09,2025-08-20,Tairos機器人展,2025
直得,18,19,-3,-2,2025-08-15,2025-08-18,1,1.22,2025-08-20,Tairos機器人展,2025
直得,18,20,-3,-1,2025-08-15,2025-08-19,2,-1.44,2025-08-20,Tairos機器人展,2025
直得,18,21,-3,0,2025-08-15,2025-08-20,3,-6.08,2025-08-20,Tairos機器人展,2025
直得,18,22,-3,1,2025-08-15,2025-08-21,4,-4.96,2025-08-20,Tairos機器人展,2025
直得,18,23,-3,2,2025-08-15,2025-08-22,5,-5.3,2025-08-20,Tairos機器人展,2025
直得,18,24,-3,3,2025-08-15,2025-08-25,6,-1.84,2025-08-20,Tairos機器人展,2025
直得,18,25,-3,4,2025-08-15,2025-08-26,7,-1.06,2025-08-20,Tairos機器人展,2025
直得,18,26,-3,5,2025-08-15,2025-08-27,8,-1.73,2025-08-20,Tairos機器人展,2025
直得,18,27,-3,6,2025-08-15,2025-08-28,9,-0.62,2025-08-20,Tairos機器人展,2025
直得,19,20,-2,-1,2025-08-18,2025-08-19,1,-2.62,2025-08-20,Tairos機器人展,2025
直得,19,21,-2,0,2025-08-18,2025-08-20,2,-7.21,2025-08-20,Tairos機器人展,2025
直得,19,22,-2,1,2025-08-18,2025-08-21,3,-6.1,2025-08-20,Tairos機器人展,2025
直得,19,23,-2,2,2025-08-18,2025-08-22,4,-6.43,2025-08-20,Tairos機器人展,2025
直得,19,24,-2,3,2025-08-18,2025-08-25,5,-3.02,2025-08-20,Tairos機器人展,2025
直得,19,25,-2,4,2025-08-18,2025-08-26,6,-2.25,2025-08-20,Tairos機器人展,2025
直得,19,26,-2,5,2025-08-18,2025-08-27,7,-2.91,2025-08-20,Tairos機器人展,2025
直得,19,27,-2,6,2025-08-18,2025-08-28,8,-1.81,2025-08-20,Tairos機器人展,2025
直得,20,21,-1,0,2025-08-19,2025-08-20,1,-4.71,2025-08-20,Tairos機器人展,2025
直得,20,22,-1,1,2025-08-19,2025-08-21,2,-3.58,2025-08-20,Tairos機器人展,2025
直得,20,23,-1,2,2025-08-19,2025-08-22,3,-3.92,2025-08-20,Tairos機器人展,2025
直得,20,24,-1,3,2025-08-19,2025-08-25,4,-0.41,2025-08-20,Tairos機器人展,2025
直得,20,25,-1,4,2025-08-19,2025-08-26,5,0.38,2025-08-20,Tairos機器人展,2025
直得,20,26,-1,5,2025-08-19,2025-08-27,6,-0.3,2025-08-20,Tairos機器人展,2025
直得,20,27,-1,6,2025-08-19,2025-08-28,7,0.83,2025-08-20,Tairos機器人展,2025
直得,21,22,0,1,2025-08-20,2025-08-21,1,1.19,2025-08-20,Tairos機器人展,2025
直得,21,23,0,2,2025-08-20,2025-08-22,2,0.83,2025-08-20,Tairos機器人展,2025
直得,21,24,0,3,2025-08-20,2025-08-25,3,4.51,2025-08-20,Tairos機器人展,2025
直得,21,25,0,4,2025-08-20,2025-08-26,4,5.34,2025-08-20,Tairos機器人展,2025
直得,21,26,0,5,2025-08-20,2025-08-27,5,4.63,2025-08-20,Tairos機器人展,2025
直得,21,27,0,6,2025-08-20,2025-08-28,6,5.81,2025-08-20,Tairos機器人展,2025
直得,22,23,1,2,2025-08-21,2025-08-22,1,-0.35,2025-08-20,Tairos機器人展,2025
直得,22,24,1,3,2025-08-21,2025-08-25,2,3.28,2025-08-20,Tairos機器人展,2025
直得,22,25,1,4,2025-08-21,2025-08-26,3,4.1,2025-08-20,Tairos機器人展,2025
直得,22,26,1,5,2025-08-21,2025-08-27,4,3.4,2025-08-20,Tairos機器人展,2025
直得,22,27,1,6,2025-08-21,2025-08-28,5,4.57,2025-08-20,Tairos機器人展,2025
直得,23,24,2,3,2025-08-22,2025-08-25,1,3.65,2025-08-20,Tairos機器人展,2025
直得,23,25,2,4,2025-08-22,2025-08-26,2,4.47,2025-08-20,Tairos機器人展,2025
直得,23,26,2,5,2025-08-22,2025-08-27,3,3.76,2025-08-20,Tairos機器人展,2025
直得,23,27,2,6,2025-08-22,2025-08-28,4,4.94,2025-08-20,Tairos機器人展,2025
直得,24,25,3,4,2025-08-25,2025-08-26,1,0.79,2025-08-20,Tairos機器人展,2025
直得,24,26,3,5,2025-08-25,2025-08-27,2,0.11,2025-08-20,Tairos機器人展,2025
直得,24,27,3,6,2025-08-25,2025-08-28,3,1.25,2025-08-20,Tairos機器人展,2025
直得,25,26,4,5,2025-08-26,2025-08-27,1,-0.68,2025-08-20,Tairos機器人展,2025
直得,25,27,4,6,2025-08-26,2025-08-28,2,0.45,2025-08-20,Tairos機器人展,2025
直得,26,27,5,6,2025-08-27,2025-08-28,1,1.13,2025-08-20,Tairos機器人展,2025
廣達,0,1,-39,-38,2026-04-07,2026-04-08,1,6.4,2026-06-02,Computex電腦展,2026
廣達,0,2,-39,-37,2026-04-07,2026-04-09,2,8.3,2026-06-02,Computex電腦展,2026
廣達,0,3,-39,-36,2026-04-07,2026-04-10,3,11.25,2026-06-02,Computex電腦展,2026
廣達,0,4,-39,-35,2026-04-07,2026-04-13,4,10.38,2026-06-02,Computex電腦展,2026
廣達,0,5,-39,-34,2026-04-07,2026-04-14,5,11.76,2026-06-02,Computex電腦展,2026
廣達,0,6,-39,-33,2026-04-07,2026-04-15,6,6.75,2026-06-02,Computex電腦展,2026
廣達,0,7,-39,-32,2026-04-07,2026-04-16,7,10.21,2026-06-02,Computex電腦展,2026
廣達,0,8,-39,-31,2026-04-07,2026-04-17,8,11.76,2026-06-02,Computex電腦展,2026
廣達,0,9,-39,-30,2026-04-07,2026-04-20,9,13.84,2026-06-02,Computex電腦展,2026
廣達,0,10,-39,-29,2026-04-07,2026-04-21,10,17.65,2026-06-02,Computex電腦展,2026
廣達,0,11,-39,-28,2026-04-07,2026-04-22,11,15.92,2026-06-02,Computex電腦展,2026
廣達,0,12,-39,-27,2026-04-07,2026-04-23,12,11.42,2026-06-02,Computex電腦展,2026
廣達,0,13,-39,-26,2026-04-07,2026-04-24,13,11.76,2026-06-02,Computex電腦展,2026
廣達,0,14,-39,-25,2026-04-07,2026-04-27,14,12.63,2026-06-02,Computex電腦展,2026
廣達,0,15,-39,-24,2026-04-07,2026-04-28,15,11.07,2026-06-02,Computex電腦展,2026
廣達,0,16,-39,-23,2026-04-07,2026-04-29,16,11.42,2026-06-02,Computex電腦展,2026
廣達,0,17,-39,-22,2026-04-07,2026-04-30,17,8.13,2026-06-02,Computex電腦展,2026
廣達,0,18,-39,-21,2026-04-07,2026-05-04,18,10.03,2026-06-02,Computex電腦展,2026
廣達,0,19,-39,-20,2026-04-07,2026-05-05,19,11.07,2026-06-02,Computex電腦展,2026
廣達,0,20,-39,-19,2026-04-07,2026-05-06,20,19.9,2026-06-02,Computex電腦展,2026
廣達,0,21,-39,-18,2026-04-07,2026-05-07,21,19.03,2026-06-02,Computex電腦展,2026
廣達,0,22,-39,-17,2026-04-07,2026-05-08,22,17.82,2026-06-02,Computex電腦展,2026
廣達,0,23,-39,-16,2026-04-07,2026-05-11,23,18.86,2026-06-02,Computex電腦展,2026
廣達,0,24,-39,-15,2026-04-07,2026-05-12,24,17.65,2026-06-02,Computex電腦展,2026
廣達,0,25,-39,-14,2026-04-07,2026-05-13,25,17.82,2026-06-02,Computex電腦展,2026
廣達,0,26,-39,-13,2026-04-07,2026-05-14,26,15.74,2026-06-02,Computex電腦展,2026
廣達,0,27,-39,-12,2026-04-07,2026-05-15,27,5.88,2026-06-02,Computex電腦展,2026
廣達,0,28,-39,-11,2026-04-07,2026-05-18,28,3.81,2026-06-02,Computex電腦展,2026
廣達,0,29,-39,-10,2026-04-07,2026-05-19,29,0.35,2026-06-02,Computex電腦展,2026
廣達,0,30,-39,-9,2026-04-07,2026-05-20,30,0.35,2026-06-02,Computex電腦展,2026
廣達,0,31,-39,-8,2026-04-07,2026-05-21,31,6.57,2026-06-02,Computex電腦展,2026
廣達,0,32,-39,-7,2026-04-07,2026-05-22,32,9.34,2026-06-02,Computex電腦展,2026
廣達,0,33,-39,-6,2026-04-07,2026-05-25,33,9.52,2026-06-02,Computex電腦展,2026
廣達,0,34,-39,-5,2026-04-07,2026-05-26,34,9.52,2026-06-02,Computex電腦展,2026
廣達,0,35,-39,-4,2026-04-07,2026-05-27,35,7.96,2026-06-02,Computex電腦展,2026
廣達,0,36,-39,-3,2026-04-07,2026-05-28,36,6.75,2026-06-02,Computex電腦展,2026
廣達,0,37,-39,-2,2026-04-07,2026-05-29,37,17.3,2026-06-02,Computex電腦展,2026
廣達,0,38,-39,-1,2026-04-07,2026-06-01,38,28.89,2026-06-02,Computex電腦展,2026
廣達,0,39,-39,0,2026-04-07,2026-06-02,39,38.58,2026-06-02,Computex電腦展,2026
廣達,0,40,-39,1,2026-04-07,2026-06-03,40,44.29,2026-06-02,Computex電腦展,2026
廣達,0,41,-39,2,2026-04-07,2026-06-04,41,39.79,2026-06-02,Computex電腦展,2026
廣達,0,42,-39,3,2026-04-07,2026-06-05,42,35.12,2026-06-02,Computex電腦展,2026
廣達,0,43,-39,4,2026-04-07,2026-06-08,43,30.28,2026-06-02,Computex電腦展,2026
廣達,0,44,-39,5,2026-04-07,2026-06-09,44,29.76,2026-06-02,Computex電腦展,2026
廣達,0,45,-39,6,2026-04-07,2026-06-10,45,31.66,2026-06-02,Computex電腦展,2026
廣達,0,46,-39,7,2026-04-07,2026-06-11,46,28.03,2026-06-02,Computex電腦展,2026
廣達,0,47,-39,8,2026-04-07,2026-06-12,47,28.72,2026-06-02,Computex電腦展,2026
廣達,1,2,-38,-37,2026-04-08,2026-04-09,1,1.79,2026-06-02,Computex電腦展,2026
廣達,1,3,-38,-36,2026-04-08,2026-04-10,2,4.55,2026-06-02,Computex電腦展,2026
廣達,1,4,-38,-35,2026-04-08,2026-04-13,3,3.74,2026-06-02,Computex電腦展,2026
廣達,1,5,-38,-34,2026-04-08,2026-04-14,4,5.04,2026-06-02,Computex電腦展,2026
廣達,1,6,-38,-33,2026-04-08,2026-04-15,5,0.33,2026-06-02,Computex電腦展,2026
廣達,1,7,-38,-32,2026-04-08,2026-04-16,6,3.58,2026-06-02,Computex電腦展,2026
廣達,1,8,-38,-31,2026-04-08,2026-04-17,7,5.04,2026-06-02,Computex電腦展,2026
廣達,1,9,-38,-30,2026-04-08,2026-04-20,8,6.99,2026-06-02,Computex電腦展,2026
廣達,1,10,-38,-29,2026-04-08,2026-04-21,9,10.57,2026-06-02,Computex電腦展,2026
廣達,1,11,-38,-28,2026-04-08,2026-04-22,10,8.94,2026-06-02,Computex電腦展,2026
廣達,1,12,-38,-27,2026-04-08,2026-04-23,11,4.72,2026-06-02,Computex電腦展,2026
廣達,1,13,-38,-26,2026-04-08,2026-04-24,12,5.04,2026-06-02,Computex電腦展,2026
廣達,1,14,-38,-25,2026-04-08,2026-04-27,13,5.85,2026-06-02,Computex電腦展,2026
廣達,1,15,-38,-24,2026-04-08,2026-04-28,14,4.39,2026-06-02,Computex電腦展,2026
廣達,1,16,-38,-23,2026-04-08,2026-04-29,15,4.72,2026-06-02,Computex電腦展,2026
廣達,1,17,-38,-22,2026-04-08,2026-04-30,16,1.63,2026-06-02,Computex電腦展,2026
廣達,1,18,-38,-21,2026-04-08,2026-05-04,17,3.41,2026-06-02,Computex電腦展,2026
廣達,1,19,-38,-20,2026-04-08,2026-05-05,18,4.39,2026-06-02,Computex電腦展,2026
廣達,1,20,-38,-19,2026-04-08,2026-05-06,19,12.68,2026-06-02,Computex電腦展,2026
廣達,1,21,-38,-18,2026-04-08,2026-05-07,20,11.87,2026-06-02,Computex電腦展,2026
廣達,1,22,-38,-17,2026-04-08,2026-05-08,21,10.73,2026-06-02,Computex電腦展,2026
廣達,1,23,-38,-16,2026-04-08,2026-05-11,22,11.71,2026-06-02,Computex電腦展,2026
廣達,1,24,-38,-15,2026-04-08,2026-05-12,23,10.57,2026-06-02,Computex電腦展,2026
廣達,1,25,-38,-14,2026-04-08,2026-05-13,24,10.73,2026-06-02,Computex電腦展,2026
廣達,1,26,-38,-13,2026-04-08,2026-05-14,25,8.78,2026-06-02,Computex電腦展,2026
廣達,1,27,-38,-12,2026-04-08,2026-05-15,26,-0.49,2026-06-02,Computex電腦展,2026
廣達,1,28,-38,-11,2026-04-08,2026-05-18,27,-2.44,2026-06-02,Computex電腦展,2026
廣達,1,29,-38,-10,2026-04-08,2026-05-19,28,-5.69,2026-06-02,Computex電腦展,2026
廣達,1,30,-38,-9,2026-04-08,2026-05-20,29,-5.69,2026-06-02,Computex電腦展,2026
廣達,1,31,-38,-8,2026-04-08,2026-05-21,30,0.16,2026-06-02,Computex電腦展,2026
廣達,1,32,-38,-7,2026-04-08,2026-05-22,31,2.76,2026-06-02,Computex電腦展,2026
廣達,1,33,-38,-6,2026-04-08,2026-05-25,32,2.93,2026-06-02,Computex電腦展,2026
廣達,1,34,-38,-5,2026-04-08,2026-05-26,33,2.93,2026-06-02,Computex電腦展,2026
廣達,1,35,-38,-4,2026-04-08,2026-05-27,34,1.46,2026-06-02,Computex電腦展,2026
廣達,1,36,-38,-3,2026-04-08,2026-05-28,35,0.33,2026-06-02,Computex電腦展,2026
廣達,1,37,-38,-2,2026-04-08,2026-05-29,36,10.24,2026-06-02,Computex電腦展,2026
廣達,1,38,-38,-1,2026-04-08,2026-06-01,37,21.14,2026-06-02,Computex電腦展,2026
廣達,1,39,-38,0,2026-04-08,2026-06-02,38,30.24,2026-06-02,Computex電腦展,2026
廣達,1,40,-38,1,2026-04-08,2026-06-03,39,35.61,2026-06-02,Computex電腦展,2026
廣達,1,41,-38,2,2026-04-08,2026-06-04,40,31.38,2026-06-02,Computex電腦展,2026
廣達,1,42,-38,3,2026-04-08,2026-06-05,41,26.99,2026-06-02,Computex電腦展,2026
廣達,1,43,-38,4,2026-04-08,2026-06-08,42,22.44,2026-06-02,Computex電腦展,2026
廣達,1,44,-38,5,2026-04-08,2026-06-09,43,21.95,2026-06-02,Computex電腦展,2026
廣達,1,45,-38,6,2026-04-08,2026-06-10,44,23.74,2026-06-02,Computex電腦展,2026
廣達,1,46,-38,7,2026-04-08,2026-06-11,45,20.33,2026-06-02,Computex電腦展,2026
廣達,1,47,-38,8,2026-04-08,2026-06-12,46,20.98,2026-06-02,Computex電腦展,2026
廣達,2,3,-37,-36,2026-04-09,2026-04-10,1,2.72,2026-06-02,Computex電腦展,2026
廣達,2,4,-37,-35,2026-04-09,2026-04-13,2,1.92,2026-06-02,Computex電腦展,2026
廣達,2,5,-37,-34,2026-04-09,2026-04-14,3,3.19,2026-06-02,Computex電腦展,2026
廣達,2,6,-37,-33,2026-04-09,2026-04-15,4,-1.44,2026-06-02,Computex電腦展,2026
廣達,2,7,-37,-32,2026-04-09,2026-04-16,5,1.76,2026-06-02,Computex電腦展,2026
廣達,2,8,-37,-31,2026-04-09,2026-04-17,6,3.19,2026-06-02,Computex電腦展,2026
廣達,2,9,-37,-30,2026-04-09,2026-04-20,7,5.11,2026-06-02,Computex電腦展,2026
廣達,2,10,-37,-29,2026-04-09,2026-04-21,8,8.63,2026-06-02,Computex電腦展,2026
廣達,2,11,-37,-28,2026-04-09,2026-04-22,9,7.03,2026-06-02,Computex電腦展,2026
廣達,2,12,-37,-27,2026-04-09,2026-04-23,10,2.88,2026-06-02,Computex電腦展,2026
廣達,2,13,-37,-26,2026-04-09,2026-04-24,11,3.19,2026-06-02,Computex電腦展,2026
廣達,2,14,-37,-25,2026-04-09,2026-04-27,12,3.99,2026-06-02,Computex電腦展,2026
廣達,2,15,-37,-24,2026-04-09,2026-04-28,13,2.56,2026-06-02,Computex電腦展,2026
廣達,2,16,-37,-23,2026-04-09,2026-04-29,14,2.88,2026-06-02,Computex電腦展,2026
廣達,2,17,-37,-22,2026-04-09,2026-04-30,15,-0.16,2026-06-02,Computex電腦展,2026
廣達,2,18,-37,-21,2026-04-09,2026-05-04,16,1.6,2026-06-02,Computex電腦展,2026
廣達,2,19,-37,-20,2026-04-09,2026-05-05,17,2.56,2026-06-02,Computex電腦展,2026
廣達,2,20,-37,-19,2026-04-09,2026-05-06,18,10.7,2026-06-02,Computex電腦展,2026
廣達,2,21,-37,-18,2026-04-09,2026-05-07,19,9.9,2026-06-02,Computex電腦展,2026
廣達,2,22,-37,-17,2026-04-09,2026-05-08,20,8.79,2026-06-02,Computex電腦展,2026
廣達,2,23,-37,-16,2026-04-09,2026-05-11,21,9.74,2026-06-02,Computex電腦展,2026
廣達,2,24,-37,-15,2026-04-09,2026-05-12,22,8.63,2026-06-02,Computex電腦展,2026
廣達,2,25,-37,-14,2026-04-09,2026-05-13,23,8.79,2026-06-02,Computex電腦展,2026
廣達,2,26,-37,-13,2026-04-09,2026-05-14,24,6.87,2026-06-02,Computex電腦展,2026
廣達,2,27,-37,-12,2026-04-09,2026-05-15,25,-2.24,2026-06-02,Computex電腦展,2026
廣達,2,28,-37,-11,2026-04-09,2026-05-18,26,-4.15,2026-06-02,Computex電腦展,2026
廣達,2,29,-37,-10,2026-04-09,2026-05-19,27,-7.35,2026-06-02,Computex電腦展,2026
廣達,2,30,-37,-9,2026-04-09,2026-05-20,28,-7.35,2026-06-02,Computex電腦展,2026
廣達,2,31,-37,-8,2026-04-09,2026-05-21,29,-1.6,2026-06-02,Computex電腦展,2026
廣達,2,32,-37,-7,2026-04-09,2026-05-22,30,0.96,2026-06-02,Computex電腦展,2026
廣達,2,33,-37,-6,2026-04-09,2026-05-25,31,1.12,2026-06-02,Computex電腦展,2026
廣達,2,34,-37,-5,2026-04-09,2026-05-26,32,1.12,2026-06-02,Computex電腦展,2026
廣達,2,35,-37,-4,2026-04-09,2026-05-27,33,-0.32,2026-06-02,Computex電腦展,2026
廣達,2,36,-37,-3,2026-04-09,2026-05-28,34,-1.44,2026-06-02,Computex電腦展,2026
廣達,2,37,-37,-2,2026-04-09,2026-05-29,35,8.31,2026-06-02,Computex電腦展,2026
廣達,2,38,-37,-1,2026-04-09,2026-06-01,36,19.01,2026-06-02,Computex電腦展,2026
廣達,2,39,-37,0,2026-04-09,2026-06-02,37,27.96,2026-06-02,Computex電腦展,2026
廣達,2,40,-37,1,2026-04-09,2026-06-03,38,33.23,2026-06-02,Computex電腦展,2026
廣達,2,41,-37,2,2026-04-09,2026-06-04,39,29.07,2026-06-02,Computex電腦展,2026
廣達,2,42,-37,3,2026-04-09,2026-06-05,40,24.76,2026-06-02,Computex電腦展,2026
廣達,2,43,-37,4,2026-04-09,2026-06-08,41,20.29,2026-06-02,Computex電腦展,2026
廣達,2,44,-37,5,2026-04-09,2026-06-09,42,19.81,2026-06-02,Computex電腦展,2026
廣達,2,45,-37,6,2026-04-09,2026-06-10,43,21.57,2026-06-02,Computex電腦展,2026
廣達,2,46,-37,7,2026-04-09,2026-06-11,44,18.21,2026-06-02,Computex電腦展,2026
廣達,2,47,-37,8,2026-04-09,2026-06-12,45,18.85,2026-06-02,Computex電腦展,2026
廣達,3,4,-36,-35,2026-04-10,2026-04-13,1,-0.78,2026-06-02,Computex電腦展,2026
廣達,3,5,-36,-34,2026-04-10,2026-04-14,2,0.47,2026-06-02,Computex電腦展,2026
廣達,3,6,-36,-33,2026-04-10,2026-04-15,3,-4.04,2026-06-02,Computex電腦展,2026
廣達,3,7,-36,-32,2026-04-10,2026-04-16,4,-0.93,2026-06-02,Computex電腦展,2026
廣達,3,8,-36,-31,2026-04-10,2026-04-17,5,0.47,2026-06-02,Computex電腦展,2026
廣達,3,9,-36,-30,2026-04-10,2026-04-20,6,2.33,2026-06-02,Computex電腦展,2026
廣達,3,10,-36,-29,2026-04-10,2026-04-21,7,5.75,2026-06-02,Computex電腦展,2026
廣達,3,11,-36,-28,2026-04-10,2026-04-22,8,4.2,2026-06-02,Computex電腦展,2026
廣達,3,12,-36,-27,2026-04-10,2026-04-23,9,0.16,2026-06-02,Computex電腦展,2026
廣達,3,13,-36,-26,2026-04-10,2026-04-24,10,0.47,2026-06-02,Computex電腦展,2026
廣達,3,14,-36,-25,2026-04-10,2026-04-27,11,1.24,2026-06-02,Computex電腦展,2026
廣達,3,15,-36,-24,2026-04-10,2026-04-28,12,-0.16,2026-06-02,Computex電腦展,2026
廣達,3,16,-36,-23,2026-04-10,2026-04-29,13,0.16,2026-06-02,Computex電腦展,2026
廣達,3,17,-36,-22,2026-04-10,2026-04-30,14,-2.8,2026-06-02,Computex電腦展,2026
廣達,3,18,-36,-21,2026-04-10,2026-05-04,15,-1.09,2026-06-02,Computex電腦展,2026
廣達,3,19,-36,-20,2026-04-10,2026-05-05,16,-0.16,2026-06-02,Computex電腦展,2026
廣達,3,20,-36,-19,2026-04-10,2026-05-06,17,7.78,2026-06-02,Computex電腦展,2026
廣達,3,21,-36,-18,2026-04-10,2026-05-07,18,7.0,2026-06-02,Computex電腦展,2026
廣達,3,22,-36,-17,2026-04-10,2026-05-08,19,5.91,2026-06-02,Computex電腦展,2026
廣達,3,23,-36,-16,2026-04-10,2026-05-11,20,6.84,2026-06-02,Computex電腦展,2026
廣達,3,24,-36,-15,2026-04-10,2026-05-12,21,5.75,2026-06-02,Computex電腦展,2026
廣達,3,25,-36,-14,2026-04-10,2026-05-13,22,5.91,2026-06-02,Computex電腦展,2026
廣達,3,26,-36,-13,2026-04-10,2026-05-14,23,4.04,2026-06-02,Computex電腦展,2026
廣達,3,27,-36,-12,2026-04-10,2026-05-15,24,-4.82,2026-06-02,Computex電腦展,2026
廣達,3,28,-36,-11,2026-04-10,2026-05-18,25,-6.69,2026-06-02,Computex電腦展,2026
廣達,3,29,-36,-10,2026-04-10,2026-05-19,26,-9.8,2026-06-02,Computex電腦展,2026
廣達,3,30,-36,-9,2026-04-10,2026-05-20,27,-9.8,2026-06-02,Computex電腦展,2026
廣達,3,31,-36,-8,2026-04-10,2026-05-21,28,-4.2,2026-06-02,Computex電腦展,2026
廣達,3,32,-36,-7,2026-04-10,2026-05-22,29,-1.71,2026-06-02,Computex電腦展,2026
廣達,3,33,-36,-6,2026-04-10,2026-05-25,30,-1.56,2026-06-02,Computex電腦展,2026
廣達,3,34,-36,-5,2026-04-10,2026-05-26,31,-1.56,2026-06-02,Computex電腦展,2026
廣達,3,35,-36,-4,2026-04-10,2026-05-27,32,-2.95,2026-06-02,Computex電腦展,2026
廣達,3,36,-36,-3,2026-04-10,2026-05-28,33,-4.04,2026-06-02,Computex電腦展,2026
廣達,3,37,-36,-2,2026-04-10,2026-05-29,34,5.44,2026-06-02,Computex電腦展,2026
廣達,3,38,-36,-1,2026-04-10,2026-06-01,35,15.86,2026-06-02,Computex電腦展,2026
廣達,3,39,-36,0,2026-04-10,2026-06-02,36,24.57,2026-06-02,Computex電腦展,2026
廣達,3,40,-36,1,2026-04-10,2026-06-03,37,29.7,2026-06-02,Computex電腦展,2026
廣達,3,41,-36,2,2026-04-10,2026-06-04,38,25.66,2026-06-02,Computex電腦展,2026
廣達,3,42,-36,3,2026-04-10,2026-06-05,39,21.46,2026-06-02,Computex電腦展,2026
廣達,3,43,-36,4,2026-04-10,2026-06-08,40,17.11,2026-06-02,Computex電腦展,2026
廣達,3,44,-36,5,2026-04-10,2026-06-09,41,16.64,2026-06-02,Computex電腦展,2026
廣達,3,45,-36,6,2026-04-10,2026-06-10,42,18.35,2026-06-02,Computex電腦展,2026
廣達,3,46,-36,7,2026-04-10,2026-06-11,43,15.09,2026-06-02,Computex電腦展,2026
廣達,3,47,-36,8,2026-04-10,2026-06-12,44,15.71,2026-06-02,Computex電腦展,2026
廣達,4,5,-35,-34,2026-04-13,2026-04-14,1,1.25,2026-06-02,Computex電腦展,2026
廣達,4,6,-35,-33,2026-04-13,2026-04-15,2,-3.29,2026-06-02,Computex電腦展,2026
廣達,4,7,-35,-32,2026-04-13,2026-04-16,3,-0.16,2026-06-02,Computex電腦展,2026
廣達,4,8,-35,-31,2026-04-13,2026-04-17,4,1.25,2026-06-02,Computex電腦展,2026
廣達,4,9,-35,-30,2026-04-13,2026-04-20,5,3.13,2026-06-02,Computex電腦展,2026
廣達,4,10,-35,-29,2026-04-13,2026-04-21,6,6.58,2026-06-02,Computex電腦展,2026
廣達,4,11,-35,-28,2026-04-13,2026-04-22,7,5.02,2026-06-02,Computex電腦展,2026
廣達,4,12,-35,-27,2026-04-13,2026-04-23,8,0.94,2026-06-02,Computex電腦展,2026
廣達,4,13,-35,-26,2026-04-13,2026-04-24,9,1.25,2026-06-02,Computex電腦展,2026
廣達,4,14,-35,-25,2026-04-13,2026-04-27,10,2.04,2026-06-02,Computex電腦展,2026
廣達,4,15,-35,-24,2026-04-13,2026-04-28,11,0.63,2026-06-02,Computex電腦展,2026
廣達,4,16,-35,-23,2026-04-13,2026-04-29,12,0.94,2026-06-02,Computex電腦展,2026
廣達,4,17,-35,-22,2026-04-13,2026-04-30,13,-2.04,2026-06-02,Computex電腦展,2026
廣達,4,18,-35,-21,2026-04-13,2026-05-04,14,-0.31,2026-06-02,Computex電腦展,2026
廣達,4,19,-35,-20,2026-04-13,2026-05-05,15,0.63,2026-06-02,Computex電腦展,2026
廣達,4,20,-35,-19,2026-04-13,2026-05-06,16,8.62,2026-06-02,Computex電腦展,2026
廣達,4,21,-35,-18,2026-04-13,2026-05-07,17,7.84,2026-06-02,Computex電腦展,2026
廣達,4,22,-35,-17,2026-04-13,2026-05-08,18,6.74,2026-06-02,Computex電腦展,2026
廣達,4,23,-35,-16,2026-04-13,2026-05-11,19,7.68,2026-06-02,Computex電腦展,2026
廣達,4,24,-35,-15,2026-04-13,2026-05-12,20,6.58,2026-06-02,Computex電腦展,2026
廣達,4,25,-35,-14,2026-04-13,2026-05-13,21,6.74,2026-06-02,Computex電腦展,2026
廣達,4,26,-35,-13,2026-04-13,2026-05-14,22,4.86,2026-06-02,Computex電腦展,2026
廣達,4,27,-35,-12,2026-04-13,2026-05-15,23,-4.08,2026-06-02,Computex電腦展,2026
廣達,4,28,-35,-11,2026-04-13,2026-05-18,24,-5.96,2026-06-02,Computex電腦展,2026
廣達,4,29,-35,-10,2026-04-13,2026-05-19,25,-9.09,2026-06-02,Computex電腦展,2026
廣達,4,30,-35,-9,2026-04-13,2026-05-20,26,-9.09,2026-06-02,Computex電腦展,2026
廣達,4,31,-35,-8,2026-04-13,2026-05-21,27,-3.45,2026-06-02,Computex電腦展,2026
廣達,4,32,-35,-7,2026-04-13,2026-05-22,28,-0.94,2026-06-02,Computex電腦展,2026
廣達,4,33,-35,-6,2026-04-13,2026-05-25,29,-0.78,2026-06-02,Computex電腦展,2026
廣達,4,34,-35,-5,2026-04-13,2026-05-26,30,-0.78,2026-06-02,Computex電腦展,2026
廣達,4,35,-35,-4,2026-04-13,2026-05-27,31,-2.19,2026-06-02,Computex電腦展,2026
廣達,4,36,-35,-3,2026-04-13,2026-05-28,32,-3.29,2026-06-02,Computex電腦展,2026
廣達,4,37,-35,-2,2026-04-13,2026-05-29,33,6.27,2026-06-02,Computex電腦展,2026
廣達,4,38,-35,-1,2026-04-13,2026-06-01,34,16.77,2026-06-02,Computex電腦展,2026
廣達,4,39,-35,0,2026-04-13,2026-06-02,35,25.55,2026-06-02,Computex電腦展,2026
廣達,4,40,-35,1,2026-04-13,2026-06-03,36,30.72,2026-06-02,Computex電腦展,2026
廣達,4,41,-35,2,2026-04-13,2026-06-04,37,26.65,2026-06-02,Computex電腦展,2026
廣達,4,42,-35,3,2026-04-13,2026-06-05,38,22.41,2026-06-02,Computex電腦展,2026
廣達,4,43,-35,4,2026-04-13,2026-06-08,39,18.03,2026-06-02,Computex電腦展,2026
廣達,4,44,-35,5,2026-04-13,2026-06-09,40,17.55,2026-06-02,Computex電腦展,2026
廣達,4,45,-35,6,2026-04-13,2026-06-10,41,19.28,2026-06-02,Computex電腦展,2026
廣達,4,46,-35,7,2026-04-13,2026-06-11,42,15.99,2026-06-02,Computex電腦展,2026
廣達,4,47,-35,8,2026-04-13,2026-06-12,43,16.61,2026-06-02,Computex電腦展,2026
廣達,5,6,-34,-33,2026-04-14,2026-04-15,1,-4.49,2026-06-02,Computex電腦展,2026
廣達,5,7,-34,-32,2026-04-14,2026-04-16,2,-1.39,2026-06-02,Computex電腦展,2026
廣達,5,8,-34,-31,2026-04-14,2026-04-17,3,0.0,2026-06-02,Computex電腦展,2026
廣達,5,9,-34,-30,2026-04-14,2026-04-20,4,1.86,2026-06-02,Computex電腦展,2026
廣達,5,10,-34,-29,2026-04-14,2026-04-21,5,5.26,2026-06-02,Computex電腦展,2026
廣達,5,11,-34,-28,2026-04-14,2026-04-22,6,3.72,2026-06-02,Computex電腦展,2026
廣達,5,12,-34,-27,2026-04-14,2026-04-23,7,-0.31,2026-06-02,Computex電腦展,2026
廣達,5,13,-34,-26,2026-04-14,2026-04-24,8,0.0,2026-06-02,Computex電腦展,2026
廣達,5,14,-34,-25,2026-04-14,2026-04-27,9,0.77,2026-06-02,Computex電腦展,2026
廣達,5,15,-34,-24,2026-04-14,2026-04-28,10,-0.62,2026-06-02,Computex電腦展,2026
廣達,5,16,-34,-23,2026-04-14,2026-04-29,11,-0.31,2026-06-02,Computex電腦展,2026
廣達,5,17,-34,-22,2026-04-14,2026-04-30,12,-3.25,2026-06-02,Computex電腦展,2026
廣達,5,18,-34,-21,2026-04-14,2026-05-04,13,-1.55,2026-06-02,Computex電腦展,2026
廣達,5,19,-34,-20,2026-04-14,2026-05-05,14,-0.62,2026-06-02,Computex電腦展,2026
廣達,5,20,-34,-19,2026-04-14,2026-05-06,15,7.28,2026-06-02,Computex電腦展,2026
廣達,5,21,-34,-18,2026-04-14,2026-05-07,16,6.5,2026-06-02,Computex電腦展,2026
廣達,5,22,-34,-17,2026-04-14,2026-05-08,17,5.42,2026-06-02,Computex電腦展,2026
廣達,5,23,-34,-16,2026-04-14,2026-05-11,18,6.35,2026-06-02,Computex電腦展,2026
廣達,5,24,-34,-15,2026-04-14,2026-05-12,19,5.26,2026-06-02,Computex電腦展,2026
廣達,5,25,-34,-14,2026-04-14,2026-05-13,20,5.42,2026-06-02,Computex電腦展,2026
廣達,5,26,-34,-13,2026-04-14,2026-05-14,21,3.56,2026-06-02,Computex電腦展,2026
廣達,5,27,-34,-12,2026-04-14,2026-05-15,22,-5.26,2026-06-02,Computex電腦展,2026
廣達,5,28,-34,-11,2026-04-14,2026-05-18,23,-7.12,2026-06-02,Computex電腦展,2026
廣達,5,29,-34,-10,2026-04-14,2026-05-19,24,-10.22,2026-06-02,Computex電腦展,2026
廣達,5,30,-34,-9,2026-04-14,2026-05-20,25,-10.22,2026-06-02,Computex電腦展,2026
廣達,5,31,-34,-8,2026-04-14,2026-05-21,26,-4.64,2026-06-02,Computex電腦展,2026
廣達,5,32,-34,-7,2026-04-14,2026-05-22,27,-2.17,2026-06-02,Computex電腦展,2026
廣達,5,33,-34,-6,2026-04-14,2026-05-25,28,-2.01,2026-06-02,Computex電腦展,2026
廣達,5,34,-34,-5,2026-04-14,2026-05-26,29,-2.01,2026-06-02,Computex電腦展,2026
廣達,5,35,-34,-4,2026-04-14,2026-05-27,30,-3.41,2026-06-02,Computex電腦展,2026
廣達,5,36,-34,-3,2026-04-14,2026-05-28,31,-4.49,2026-06-02,Computex電腦展,2026
廣達,5,37,-34,-2,2026-04-14,2026-05-29,32,4.95,2026-06-02,Computex電腦展,2026
廣達,5,38,-34,-1,2026-04-14,2026-06-01,33,15.33,2026-06-02,Computex電腦展,2026
廣達,5,39,-34,0,2026-04-14,2026-06-02,34,23.99,2026-06-02,Computex電腦展,2026
廣達,5,40,-34,1,2026-04-14,2026-06-03,35,29.1,2026-06-02,Computex電腦展,2026
廣達,5,41,-34,2,2026-04-14,2026-06-04,36,25.08,2026-06-02,Computex電腦展,2026
廣達,5,42,-34,3,2026-04-14,2026-06-05,37,20.9,2026-06-02,Computex電腦展,2026
廣達,5,43,-34,4,2026-04-14,2026-06-08,38,16.56,2026-06-02,Computex電腦展,2026
廣達,5,44,-34,5,2026-04-14,2026-06-09,39,16.1,2026-06-02,Computex電腦展,2026
廣達,5,45,-34,6,2026-04-14,2026-06-10,40,17.8,2026-06-02,Computex電腦展,2026
廣達,5,46,-34,7,2026-04-14,2026-06-11,41,14.55,2026-06-02,Computex電腦展,2026
廣達,5,47,-34,8,2026-04-14,2026-06-12,42,15.17,2026-06-02,Computex電腦展,2026
廣達,6,7,-33,-32,2026-04-15,2026-04-16,1,3.24,2026-06-02,Computex電腦展,2026
廣達,6,8,-33,-31,2026-04-15,2026-04-17,2,4.7,2026-06-02,Computex電腦展,2026
廣達,6,9,-33,-30,2026-04-15,2026-04-20,3,6.65,2026-06-02,Computex電腦展,2026
廣達,6,10,-33,-29,2026-04-15,2026-04-21,4,10.21,2026-06-02,Computex電腦展,2026
廣達,6,11,-33,-28,2026-04-15,2026-04-22,5,8.59,2026-06-02,Computex電腦展,2026
廣達,6,12,-33,-27,2026-04-15,2026-04-23,6,4.38,2026-06-02,Computex電腦展,2026
廣達,6,13,-33,-26,2026-04-15,2026-04-24,7,4.7,2026-06-02,Computex電腦展,2026
廣達,6,14,-33,-25,2026-04-15,2026-04-27,8,5.51,2026-06-02,Computex電腦展,2026
廣達,6,15,-33,-24,2026-04-15,2026-04-28,9,4.05,2026-06-02,Computex電腦展,2026
廣達,6,16,-33,-23,2026-04-15,2026-04-29,10,4.38,2026-06-02,Computex電腦展,2026
廣達,6,17,-33,-22,2026-04-15,2026-04-30,11,1.3,2026-06-02,Computex電腦展,2026
廣達,6,18,-33,-21,2026-04-15,2026-05-04,12,3.08,2026-06-02,Computex電腦展,2026
廣達,6,19,-33,-20,2026-04-15,2026-05-05,13,4.05,2026-06-02,Computex電腦展,2026
廣達,6,20,-33,-19,2026-04-15,2026-05-06,14,12.32,2026-06-02,Computex電腦展,2026
廣達,6,21,-33,-18,2026-04-15,2026-05-07,15,11.51,2026-06-02,Computex電腦展,2026
廣達,6,22,-33,-17,2026-04-15,2026-05-08,16,10.37,2026-06-02,Computex電腦展,2026
廣達,6,23,-33,-16,2026-04-15,2026-05-11,17,11.35,2026-06-02,Computex電腦展,2026
廣達,6,24,-33,-15,2026-04-15,2026-05-12,18,10.21,2026-06-02,Computex電腦展,2026
廣達,6,25,-33,-14,2026-04-15,2026-05-13,19,10.37,2026-06-02,Computex電腦展,2026
廣達,6,26,-33,-13,2026-04-15,2026-05-14,20,8.43,2026-06-02,Computex電腦展,2026
廣達,6,27,-33,-12,2026-04-15,2026-05-15,21,-0.81,2026-06-02,Computex電腦展,2026
廣達,6,28,-33,-11,2026-04-15,2026-05-18,22,-2.76,2026-06-02,Computex電腦展,2026
廣達,6,29,-33,-10,2026-04-15,2026-05-19,23,-6.0,2026-06-02,Computex電腦展,2026
廣達,6,30,-33,-9,2026-04-15,2026-05-20,24,-6.0,2026-06-02,Computex電腦展,2026
廣達,6,31,-33,-8,2026-04-15,2026-05-21,25,-0.16,2026-06-02,Computex電腦展,2026
廣達,6,32,-33,-7,2026-04-15,2026-05-22,26,2.43,2026-06-02,Computex電腦展,2026
廣達,6,33,-33,-6,2026-04-15,2026-05-25,27,2.59,2026-06-02,Computex電腦展,2026
廣達,6,34,-33,-5,2026-04-15,2026-05-26,28,2.59,2026-06-02,Computex電腦展,2026
廣達,6,35,-33,-4,2026-04-15,2026-05-27,29,1.13,2026-06-02,Computex電腦展,2026
廣達,6,36,-33,-3,2026-04-15,2026-05-28,30,0.0,2026-06-02,Computex電腦展,2026
廣達,6,37,-33,-2,2026-04-15,2026-05-29,31,9.89,2026-06-02,Computex電腦展,2026
廣達,6,38,-33,-1,2026-04-15,2026-06-01,32,20.75,2026-06-02,Computex電腦展,2026
廣達,6,39,-33,0,2026-04-15,2026-06-02,33,29.82,2026-06-02,Computex電腦展,2026
廣達,6,40,-33,1,2026-04-15,2026-06-03,34,35.17,2026-06-02,Computex電腦展,2026
廣達,6,41,-33,2,2026-04-15,2026-06-04,35,30.96,2026-06-02,Computex電腦展,2026
廣達,6,42,-33,3,2026-04-15,2026-06-05,36,26.58,2026-06-02,Computex電腦展,2026
廣達,6,43,-33,4,2026-04-15,2026-06-08,37,22.04,2026-06-02,Computex電腦展,2026
廣達,6,44,-33,5,2026-04-15,2026-06-09,38,21.56,2026-06-02,Computex電腦展,2026
廣達,6,45,-33,6,2026-04-15,2026-06-10,39,23.34,2026-06-02,Computex電腦展,2026
廣達,6,46,-33,7,2026-04-15,2026-06-11,40,19.94,2026-06-02,Computex電腦展,2026
廣達,6,47,-33,8,2026-04-15,2026-06-12,41,20.58,2026-06-02,Computex電腦展,2026
廣達,7,8,-32,-31,2026-04-16,2026-04-17,1,1.41,2026-06-02,Computex電腦展,2026
廣達,7,9,-32,-30,2026-04-16,2026-04-20,2,3.3,2026-06-02,Computex電腦展,2026
廣達,7,10,-32,-29,2026-04-16,2026-04-21,3,6.75,2026-06-02,Computex電腦展,2026
廣達,7,11,-32,-28,2026-04-16,2026-04-22,4,5.18,2026-06-02,Computex電腦展,2026
廣達,7,12,-32,-27,2026-04-16,2026-04-23,5,1.1,2026-06-02,Computex電腦展,2026
廣達,7,13,-32,-26,2026-04-16,2026-04-24,6,1.41,2026-06-02,Computex電腦展,2026
廣達,7,14,-32,-25,2026-04-16,2026-04-27,7,2.2,2026-06-02,Computex電腦展,2026
廣達,7,15,-32,-24,2026-04-16,2026-04-28,8,0.78,2026-06-02,Computex電腦展,2026
廣達,7,16,-32,-23,2026-04-16,2026-04-29,9,1.1,2026-06-02,Computex電腦展,2026
廣達,7,17,-32,-22,2026-04-16,2026-04-30,10,-1.88,2026-06-02,Computex電腦展,2026
廣達,7,18,-32,-21,2026-04-16,2026-05-04,11,-0.16,2026-06-02,Computex電腦展,2026
廣達,7,19,-32,-20,2026-04-16,2026-05-05,12,0.78,2026-06-02,Computex電腦展,2026
廣達,7,20,-32,-19,2026-04-16,2026-05-06,13,8.79,2026-06-02,Computex電腦展,2026
廣達,7,21,-32,-18,2026-04-16,2026-05-07,14,8.01,2026-06-02,Computex電腦展,2026
廣達,7,22,-32,-17,2026-04-16,2026-05-08,15,6.91,2026-06-02,Computex電腦展,2026
廣達,7,23,-32,-16,2026-04-16,2026-05-11,16,7.85,2026-06-02,Computex電腦展,2026
廣達,7,24,-32,-15,2026-04-16,2026-05-12,17,6.75,2026-06-02,Computex電腦展,2026
廣達,7,25,-32,-14,2026-04-16,2026-05-13,18,6.91,2026-06-02,Computex電腦展,2026
廣達,7,26,-32,-13,2026-04-16,2026-05-14,19,5.02,2026-06-02,Computex電腦展,2026
廣達,7,27,-32,-12,2026-04-16,2026-05-15,20,-3.92,2026-06-02,Computex電腦展,2026
廣達,7,28,-32,-11,2026-04-16,2026-05-18,21,-5.81,2026-06-02,Computex電腦展,2026
廣達,7,29,-32,-10,2026-04-16,2026-05-19,22,-8.95,2026-06-02,Computex電腦展,2026
廣達,7,30,-32,-9,2026-04-16,2026-05-20,23,-8.95,2026-06-02,Computex電腦展,2026
廣達,7,31,-32,-8,2026-04-16,2026-05-21,24,-3.3,2026-06-02,Computex電腦展,2026
廣達,7,32,-32,-7,2026-04-16,2026-05-22,25,-0.78,2026-06-02,Computex電腦展,2026
廣達,7,33,-32,-6,2026-04-16,2026-05-25,26,-0.63,2026-06-02,Computex電腦展,2026
廣達,7,34,-32,-5,2026-04-16,2026-05-26,27,-0.63,2026-06-02,Computex電腦展,2026
廣達,7,35,-32,-4,2026-04-16,2026-05-27,28,-2.04,2026-06-02,Computex電腦展,2026
廣達,7,36,-32,-3,2026-04-16,2026-05-28,29,-3.14,2026-06-02,Computex電腦展,2026
廣達,7,37,-32,-2,2026-04-16,2026-05-29,30,6.44,2026-06-02,Computex電腦展,2026
廣達,7,38,-32,-1,2026-04-16,2026-06-01,31,16.95,2026-06-02,Computex電腦展,2026
廣達,7,39,-32,0,2026-04-16,2026-06-02,32,25.75,2026-06-02,Computex電腦展,2026
廣達,7,40,-32,1,2026-04-16,2026-06-03,33,30.93,2026-06-02,Computex電腦展,2026
廣達,7,41,-32,2,2026-04-16,2026-06-04,34,26.84,2026-06-02,Computex電腦展,2026
廣達,7,42,-32,3,2026-04-16,2026-06-05,35,22.61,2026-06-02,Computex電腦展,2026
廣達,7,43,-32,4,2026-04-16,2026-06-08,36,18.21,2026-06-02,Computex電腦展,2026
廣達,7,44,-32,5,2026-04-16,2026-06-09,37,17.74,2026-06-02,Computex電腦展,2026
廣達,7,45,-32,6,2026-04-16,2026-06-10,38,19.47,2026-06-02,Computex電腦展,2026
廣達,7,46,-32,7,2026-04-16,2026-06-11,39,16.17,2026-06-02,Computex電腦展,2026
廣達,7,47,-32,8,2026-04-16,2026-06-12,40,16.8,2026-06-02,Computex電腦展,2026
廣達,8,9,-31,-30,2026-04-17,2026-04-20,1,1.86,2026-06-02,Computex電腦展,2026
廣達,8,10,-31,-29,2026-04-17,2026-04-21,2,5.26,2026-06-02,Computex電腦展,2026
廣達,8,11,-31,-28,2026-04-17,2026-04-22,3,3.72,2026-06-02,Computex電腦展,2026
廣達,8,12,-31,-27,2026-04-17,2026-04-23,4,-0.31,2026-06-02,Computex電腦展,2026
廣達,8,13,-31,-26,2026-04-17,2026-04-24,5,0.0,2026-06-02,Computex電腦展,2026
廣達,8,14,-31,-25,2026-04-17,2026-04-27,6,0.77,2026-06-02,Computex電腦展,2026
廣達,8,15,-31,-24,2026-04-17,2026-04-28,7,-0.62,2026-06-02,Computex電腦展,2026
廣達,8,16,-31,-23,2026-04-17,2026-04-29,8,-0.31,2026-06-02,Computex電腦展,2026
廣達,8,17,-31,-22,2026-04-17,2026-04-30,9,-3.25,2026-06-02,Computex電腦展,2026
廣達,8,18,-31,-21,2026-04-17,2026-05-04,10,-1.55,2026-06-02,Computex電腦展,2026
廣達,8,19,-31,-20,2026-04-17,2026-05-05,11,-0.62,2026-06-02,Computex電腦展,2026
廣達,8,20,-31,-19,2026-04-17,2026-05-06,12,7.28,2026-06-02,Computex電腦展,2026
廣達,8,21,-31,-18,2026-04-17,2026-05-07,13,6.5,2026-06-02,Computex電腦展,2026
廣達,8,22,-31,-17,2026-04-17,2026-05-08,14,5.42,2026-06-02,Computex電腦展,2026
廣達,8,23,-31,-16,2026-04-17,2026-05-11,15,6.35,2026-06-02,Computex電腦展,2026
廣達,8,24,-31,-15,2026-04-17,2026-05-12,16,5.26,2026-06-02,Computex電腦展,2026
廣達,8,25,-31,-14,2026-04-17,2026-05-13,17,5.42,2026-06-02,Computex電腦展,2026
廣達,8,26,-31,-13,2026-04-17,2026-05-14,18,3.56,2026-06-02,Computex電腦展,2026
廣達,8,27,-31,-12,2026-04-17,2026-05-15,19,-5.26,2026-06-02,Computex電腦展,2026
廣達,8,28,-31,-11,2026-04-17,2026-05-18,20,-7.12,2026-06-02,Computex電腦展,2026
廣達,8,29,-31,-10,2026-04-17,2026-05-19,21,-10.22,2026-06-02,Computex電腦展,2026
廣達,8,30,-31,-9,2026-04-17,2026-05-20,22,-10.22,2026-06-02,Computex電腦展,2026
廣達,8,31,-31,-8,2026-04-17,2026-05-21,23,-4.64,2026-06-02,Computex電腦展,2026
廣達,8,32,-31,-7,2026-04-17,2026-05-22,24,-2.17,2026-06-02,Computex電腦展,2026
廣達,8,33,-31,-6,2026-04-17,2026-05-25,25,-2.01,2026-06-02,Computex電腦展,2026
廣達,8,34,-31,-5,2026-04-17,2026-05-26,26,-2.01,2026-06-02,Computex電腦展,2026
廣達,8,35,-31,-4,2026-04-17,2026-05-27,27,-3.41,2026-06-02,Computex電腦展,2026
廣達,8,36,-31,-3,2026-04-17,2026-05-28,28,-4.49,2026-06-02,Computex電腦展,2026
廣達,8,37,-31,-2,2026-04-17,2026-05-29,29,4.95,2026-06-02,Computex電腦展,2026
廣達,8,38,-31,-1,2026-04-17,2026-06-01,30,15.33,2026-06-02,Computex電腦展,2026
廣達,8,39,-31,0,2026-04-17,2026-06-02,31,23.99,2026-06-02,Computex電腦展,2026
廣達,8,40,-31,1,2026-04-17,2026-06-03,32,29.1,2026-06-02,Computex電腦展,2026
廣達,8,41,-31,2,2026-04-17,2026-06-04,33,25.08,2026-06-02,Computex電腦展,2026
廣達,8,42,-31,3,2026-04-17,2026-06-05,34,20.9,2026-06-02,Computex電腦展,2026
廣達,8,43,-31,4,2026-04-17,2026-06-08,35,16.56,2026-06-02,Computex電腦展,2026
廣達,8,44,-31,5,2026-04-17,2026-06-09,36,16.1,2026-06-02,Computex電腦展,2026
廣達,8,45,-31,6,2026-04-17,2026-06-10,37,17.8,2026-06-02,Computex電腦展,2026
廣達,8,46,-31,7,2026-04-17,2026-06-11,38,14.55,2026-06-02,Computex電腦展,2026
廣達,8,47,-31,8,2026-04-17,2026-06-12,39,15.17,2026-06-02,Computex電腦展,2026
廣達,9,10,-30,-29,2026-04-20,2026-04-21,1,3.34,2026-06-02,Computex電腦展,2026
廣達,9,11,-30,-28,2026-04-20,2026-04-22,2,1.82,2026-06-02,Computex電腦展,2026
廣達,9,12,-30,-27,2026-04-20,2026-04-23,3,-2.13,2026-06-02,Computex電腦展,2026
廣達,9,13,-30,-26,2026-04-20,2026-04-24,4,-1.82,2026-06-02,Computex電腦展,2026
廣達,9,14,-30,-25,2026-04-20,2026-04-27,5,-1.06,2026-06-02,Computex電腦展,2026
廣達,9,15,-30,-24,2026-04-20,2026-04-28,6,-2.43,2026-06-02,Computex電腦展,2026
廣達,9,16,-30,-23,2026-04-20,2026-04-29,7,-2.13,2026-06-02,Computex電腦展,2026
廣達,9,17,-30,-22,2026-04-20,2026-04-30,8,-5.02,2026-06-02,Computex電腦展,2026
廣達,9,18,-30,-21,2026-04-20,2026-05-04,9,-3.34,2026-06-02,Computex電腦展,2026
廣達,9,19,-30,-20,2026-04-20,2026-05-05,10,-2.43,2026-06-02,Computex電腦展,2026
廣達,9,20,-30,-19,2026-04-20,2026-05-06,11,5.32,2026-06-02,Computex電腦展,2026
廣達,9,21,-30,-18,2026-04-20,2026-05-07,12,4.56,2026-06-02,Computex電腦展,2026
廣達,9,22,-30,-17,2026-04-20,2026-05-08,13,3.5,2026-06-02,Computex電腦展,2026
廣達,9,23,-30,-16,2026-04-20,2026-05-11,14,4.41,2026-06-02,Computex電腦展,2026
廣達,9,24,-30,-15,2026-04-20,2026-05-12,15,3.34,2026-06-02,Computex電腦展,2026
廣達,9,25,-30,-14,2026-04-20,2026-05-13,16,3.5,2026-06-02,Computex電腦展,2026
廣達,9,26,-30,-13,2026-04-20,2026-05-14,17,1.67,2026-06-02,Computex電腦展,2026
廣達,9,27,-30,-12,2026-04-20,2026-05-15,18,-6.99,2026-06-02,Computex電腦展,2026
廣達,9,28,-30,-11,2026-04-20,2026-05-18,19,-8.81,2026-06-02,Computex電腦展,2026
廣達,9,29,-30,-10,2026-04-20,2026-05-19,20,-11.85,2026-06-02,Computex電腦展,2026
廣達,9,30,-30,-9,2026-04-20,2026-05-20,21,-11.85,2026-06-02,Computex電腦展,2026
廣達,9,31,-30,-8,2026-04-20,2026-05-21,22,-6.38,2026-06-02,Computex電腦展,2026
廣達,9,32,-30,-7,2026-04-20,2026-05-22,23,-3.95,2026-06-02,Computex電腦展,2026
廣達,9,33,-30,-6,2026-04-20,2026-05-25,24,-3.8,2026-06-02,Computex電腦展,2026
廣達,9,34,-30,-5,2026-04-20,2026-05-26,25,-3.8,2026-06-02,Computex電腦展,2026
廣達,9,35,-30,-4,2026-04-20,2026-05-27,26,-5.17,2026-06-02,Computex電腦展,2026
廣達,9,36,-30,-3,2026-04-20,2026-05-28,27,-6.23,2026-06-02,Computex電腦展,2026
廣達,9,37,-30,-2,2026-04-20,2026-05-29,28,3.04,2026-06-02,Computex電腦展,2026
廣達,9,38,-30,-1,2026-04-20,2026-06-01,29,13.22,2026-06-02,Computex電腦展,2026
廣達,9,39,-30,0,2026-04-20,2026-06-02,30,21.73,2026-06-02,Computex電腦展,2026
廣達,9,40,-30,1,2026-04-20,2026-06-03,31,26.75,2026-06-02,Computex電腦展,2026
廣達,9,41,-30,2,2026-04-20,2026-06-04,32,22.8,2026-06-02,Computex電腦展,2026
廣達,9,42,-30,3,2026-04-20,2026-06-05,33,18.69,2026-06-02,Computex電腦展,2026
廣達,9,43,-30,4,2026-04-20,2026-06-08,34,14.44,2026-06-02,Computex電腦展,2026
廣達,9,44,-30,5,2026-04-20,2026-06-09,35,13.98,2026-06-02,Computex電腦展,2026
廣達,9,45,-30,6,2026-04-20,2026-06-10,36,15.65,2026-06-02,Computex電腦展,2026
廣達,9,46,-30,7,2026-04-20,2026-06-11,37,12.46,2026-06-02,Computex電腦展,2026
廣達,9,47,-30,8,2026-04-20,2026-06-12,38,13.07,2026-06-02,Computex電腦展,2026
廣達,10,11,-29,-28,2026-04-21,2026-04-22,1,-1.47,2026-06-02,Computex電腦展,2026
廣達,10,12,-29,-27,2026-04-21,2026-04-23,2,-5.29,2026-06-02,Computex電腦展,2026
廣達,10,13,-29,-26,2026-04-21,2026-04-24,3,-5.0,2026-06-02,Computex電腦展,2026
廣達,10,14,-29,-25,2026-04-21,2026-04-27,4,-4.26,2026-06-02,Computex電腦展,2026
廣達,10,15,-29,-24,2026-04-21,2026-04-28,5,-5.59,2026-06-02,Computex電腦展,2026
廣達,10,16,-29,-23,2026-04-21,2026-04-29,6,-5.29,2026-06-02,Computex電腦展,2026
廣達,10,17,-29,-22,2026-04-21,2026-04-30,7,-8.09,2026-06-02,Computex電腦展,2026
廣達,10,18,-29,-21,2026-04-21,2026-05-04,8,-6.47,2026-06-02,Computex電腦展,2026
廣達,10,19,-29,-20,2026-04-21,2026-05-05,9,-5.59,2026-06-02,Computex電腦展,2026
廣達,10,20,-29,-19,2026-04-21,2026-05-06,10,1.91,2026-06-02,Computex電腦展,2026
廣達,10,21,-29,-18,2026-04-21,2026-05-07,11,1.18,2026-06-02,Computex電腦展,2026
廣達,10,22,-29,-17,2026-04-21,2026-05-08,12,0.15,2026-06-02,Computex電腦展,2026
廣達,10,23,-29,-16,2026-04-21,2026-05-11,13,1.03,2026-06-02,Computex電腦展,2026
廣達,10,24,-29,-15,2026-04-21,2026-05-12,14,0.0,2026-06-02,Computex電腦展,2026
廣達,10,25,-29,-14,2026-04-21,2026-05-13,15,0.15,2026-06-02,Computex電腦展,2026
廣達,10,26,-29,-13,2026-04-21,2026-05-14,16,-1.62,2026-06-02,Computex電腦展,2026
廣達,10,27,-29,-12,2026-04-21,2026-05-15,17,-10.0,2026-06-02,Computex電腦展,2026
廣達,10,28,-29,-11,2026-04-21,2026-05-18,18,-11.76,2026-06-02,Computex電腦展,2026
廣達,10,29,-29,-10,2026-04-21,2026-05-19,19,-14.71,2026-06-02,Computex電腦展,2026
廣達,10,30,-29,-9,2026-04-21,2026-05-20,20,-14.71,2026-06-02,Computex電腦展,2026
廣達,10,31,-29,-8,2026-04-21,2026-05-21,21,-9.41,2026-06-02,Computex電腦展,2026
廣達,10,32,-29,-7,2026-04-21,2026-05-22,22,-7.06,2026-06-02,Computex電腦展,2026
廣達,10,33,-29,-6,2026-04-21,2026-05-25,23,-6.91,2026-06-02,Computex電腦展,2026
廣達,10,34,-29,-5,2026-04-21,2026-05-26,24,-6.91,2026-06-02,Computex電腦展,2026
廣達,10,35,-29,-4,2026-04-21,2026-05-27,25,-8.24,2026-06-02,Computex電腦展,2026
廣達,10,36,-29,-3,2026-04-21,2026-05-28,26,-9.26,2026-06-02,Computex電腦展,2026
廣達,10,37,-29,-2,2026-04-21,2026-05-29,27,-0.29,2026-06-02,Computex電腦展,2026
廣達,10,38,-29,-1,2026-04-21,2026-06-01,28,9.56,2026-06-02,Computex電腦展,2026
廣達,10,39,-29,0,2026-04-21,2026-06-02,29,17.79,2026-06-02,Computex電腦展,2026
廣達,10,40,-29,1,2026-04-21,2026-06-03,30,22.65,2026-06-02,Computex電腦展,2026
廣達,10,41,-29,2,2026-04-21,2026-06-04,31,18.82,2026-06-02,Computex電腦展,2026
廣達,10,42,-29,3,2026-04-21,2026-06-05,32,14.85,2026-06-02,Computex電腦展,2026
廣達,10,43,-29,4,2026-04-21,2026-06-08,33,10.74,2026-06-02,Computex電腦展,2026
廣達,10,44,-29,5,2026-04-21,2026-06-09,34,10.29,2026-06-02,Computex電腦展,2026
廣達,10,45,-29,6,2026-04-21,2026-06-10,35,11.91,2026-06-02,Computex電腦展,2026
廣達,10,46,-29,7,2026-04-21,2026-06-11,36,8.82,2026-06-02,Computex電腦展,2026
廣達,10,47,-29,8,2026-04-21,2026-06-12,37,9.41,2026-06-02,Computex電腦展,2026
廣達,11,12,-28,-27,2026-04-22,2026-04-23,1,-3.88,2026-06-02,Computex電腦展,2026
廣達,11,13,-28,-26,2026-04-22,2026-04-24,2,-3.58,2026-06-02,Computex電腦展,2026
廣達,11,14,-28,-25,2026-04-22,2026-04-27,3,-2.84,2026-06-02,Computex電腦展,2026
廣達,11,15,-28,-24,2026-04-22,2026-04-28,4,-4.18,2026-06-02,Computex電腦展,2026
廣達,11,16,-28,-23,2026-04-22,2026-04-29,5,-3.88,2026-06-02,Computex電腦展,2026
廣達,11,17,-28,-22,2026-04-22,2026-04-30,6,-6.72,2026-06-02,Computex電腦展,2026
廣達,11,18,-28,-21,2026-04-22,2026-05-04,7,-5.07,2026-06-02,Computex電腦展,2026
廣達,11,19,-28,-20,2026-04-22,2026-05-05,8,-4.18,2026-06-02,Computex電腦展,2026
廣達,11,20,-28,-19,2026-04-22,2026-05-06,9,3.43,2026-06-02,Computex電腦展,2026
廣達,11,21,-28,-18,2026-04-22,2026-05-07,10,2.69,2026-06-02,Computex電腦展,2026
廣達,11,22,-28,-17,2026-04-22,2026-05-08,11,1.64,2026-06-02,Computex電腦展,2026
廣達,11,23,-28,-16,2026-04-22,2026-05-11,12,2.54,2026-06-02,Computex電腦展,2026
廣達,11,24,-28,-15,2026-04-22,2026-05-12,13,1.49,2026-06-02,Computex電腦展,2026
廣達,11,25,-28,-14,2026-04-22,2026-05-13,14,1.64,2026-06-02,Computex電腦展,2026
廣達,11,26,-28,-13,2026-04-22,2026-05-14,15,-0.15,2026-06-02,Computex電腦展,2026
廣達,11,27,-28,-12,2026-04-22,2026-05-15,16,-8.66,2026-06-02,Computex電腦展,2026
廣達,11,28,-28,-11,2026-04-22,2026-05-18,17,-10.45,2026-06-02,Computex電腦展,2026
廣達,11,29,-28,-10,2026-04-22,2026-05-19,18,-13.43,2026-06-02,Computex電腦展,2026
廣達,11,30,-28,-9,2026-04-22,2026-05-20,19,-13.43,2026-06-02,Computex電腦展,2026
廣達,11,31,-28,-8,2026-04-22,2026-05-21,20,-8.06,2026-06-02,Computex電腦展,2026
廣達,11,32,-28,-7,2026-04-22,2026-05-22,21,-5.67,2026-06-02,Computex電腦展,2026
廣達,11,33,-28,-6,2026-04-22,2026-05-25,22,-5.52,2026-06-02,Computex電腦展,2026
廣達,11,34,-28,-5,2026-04-22,2026-05-26,23,-5.52,2026-06-02,Computex電腦展,2026
廣達,11,35,-28,-4,2026-04-22,2026-05-27,24,-6.87,2026-06-02,Computex電腦展,2026
廣達,11,36,-28,-3,2026-04-22,2026-05-28,25,-7.91,2026-06-02,Computex電腦展,2026
廣達,11,37,-28,-2,2026-04-22,2026-05-29,26,1.19,2026-06-02,Computex電腦展,2026
廣達,11,38,-28,-1,2026-04-22,2026-06-01,27,11.19,2026-06-02,Computex電腦展,2026
廣達,11,39,-28,0,2026-04-22,2026-06-02,28,19.55,2026-06-02,Computex電腦展,2026
廣達,11,40,-28,1,2026-04-22,2026-06-03,29,24.48,2026-06-02,Computex電腦展,2026
廣達,11,41,-28,2,2026-04-22,2026-06-04,30,20.6,2026-06-02,Computex電腦展,2026
廣達,11,42,-28,3,2026-04-22,2026-06-05,31,16.57,2026-06-02,Computex電腦展,2026
廣達,11,43,-28,4,2026-04-22,2026-06-08,32,12.39,2026-06-02,Computex電腦展,2026
廣達,11,44,-28,5,2026-04-22,2026-06-09,33,11.94,2026-06-02,Computex電腦展,2026
廣達,11,45,-28,6,2026-04-22,2026-06-10,34,13.58,2026-06-02,Computex電腦展,2026
廣達,11,46,-28,7,2026-04-22,2026-06-11,35,10.45,2026-06-02,Computex電腦展,2026
廣達,11,47,-28,8,2026-04-22,2026-06-12,36,11.04,2026-06-02,Computex電腦展,2026
廣達,12,13,-27,-26,2026-04-23,2026-04-24,1,0.31,2026-06-02,Computex電腦展,2026
廣達,12,14,-27,-25,2026-04-23,2026-04-27,2,1.09,2026-06-02,Computex電腦展,2026
廣達,12,15,-27,-24,2026-04-23,2026-04-28,3,-0.31,2026-06-02,Computex電腦展,2026
廣達,12,16,-27,-23,2026-04-23,2026-04-29,4,0.0,2026-06-02,Computex電腦展,2026
廣達,12,17,-27,-22,2026-04-23,2026-04-30,5,-2.95,2026-06-02,Computex電腦展,2026
廣達,12,18,-27,-21,2026-04-23,2026-05-04,6,-1.24,2026-06-02,Computex電腦展,2026
廣達,12,19,-27,-20,2026-04-23,2026-05-05,7,-0.31,2026-06-02,Computex電腦展,2026
廣達,12,20,-27,-19,2026-04-23,2026-05-06,8,7.61,2026-06-02,Computex電腦展,2026
廣達,12,21,-27,-18,2026-04-23,2026-05-07,9,6.83,2026-06-02,Computex電腦展,2026
廣達,12,22,-27,-17,2026-04-23,2026-05-08,10,5.75,2026-06-02,Computex電腦展,2026
廣達,12,23,-27,-16,2026-04-23,2026-05-11,11,6.68,2026-06-02,Computex電腦展,2026
廣達,12,24,-27,-15,2026-04-23,2026-05-12,12,5.59,2026-06-02,Computex電腦展,2026
廣達,12,25,-27,-14,2026-04-23,2026-05-13,13,5.75,2026-06-02,Computex電腦展,2026
廣達,12,26,-27,-13,2026-04-23,2026-05-14,14,3.88,2026-06-02,Computex電腦展,2026
廣達,12,27,-27,-12,2026-04-23,2026-05-15,15,-4.97,2026-06-02,Computex電腦展,2026
廣達,12,28,-27,-11,2026-04-23,2026-05-18,16,-6.83,2026-06-02,Computex電腦展,2026
廣達,12,29,-27,-10,2026-04-23,2026-05-19,17,-9.94,2026-06-02,Computex電腦展,2026
廣達,12,30,-27,-9,2026-04-23,2026-05-20,18,-9.94,2026-06-02,Computex電腦展,2026
廣達,12,31,-27,-8,2026-04-23,2026-05-21,19,-4.35,2026-06-02,Computex電腦展,2026
廣達,12,32,-27,-7,2026-04-23,2026-05-22,20,-1.86,2026-06-02,Computex電腦展,2026
廣達,12,33,-27,-6,2026-04-23,2026-05-25,21,-1.71,2026-06-02,Computex電腦展,2026
廣達,12,34,-27,-5,2026-04-23,2026-05-26,22,-1.71,2026-06-02,Computex電腦展,2026
廣達,12,35,-27,-4,2026-04-23,2026-05-27,23,-3.11,2026-06-02,Computex電腦展,2026
廣達,12,36,-27,-3,2026-04-23,2026-05-28,24,-4.19,2026-06-02,Computex電腦展,2026
廣達,12,37,-27,-2,2026-04-23,2026-05-29,25,5.28,2026-06-02,Computex電腦展,2026
廣達,12,38,-27,-1,2026-04-23,2026-06-01,26,15.68,2026-06-02,Computex電腦展,2026
廣達,12,39,-27,0,2026-04-23,2026-06-02,27,24.38,2026-06-02,Computex電腦展,2026
廣達,12,40,-27,1,2026-04-23,2026-06-03,28,29.5,2026-06-02,Computex電腦展,2026
廣達,12,41,-27,2,2026-04-23,2026-06-04,29,25.47,2026-06-02,Computex電腦展,2026
廣達,12,42,-27,3,2026-04-23,2026-06-05,30,21.27,2026-06-02,Computex電腦展,2026
廣達,12,43,-27,4,2026-04-23,2026-06-08,31,16.93,2026-06-02,Computex電腦展,2026
廣達,12,44,-27,5,2026-04-23,2026-06-09,32,16.46,2026-06-02,Computex電腦展,2026
廣達,12,45,-27,6,2026-04-23,2026-06-10,33,18.17,2026-06-02,Computex電腦展,2026
廣達,12,46,-27,7,2026-04-23,2026-06-11,34,14.91,2026-06-02,Computex電腦展,2026
廣達,12,47,-27,8,2026-04-23,2026-06-12,35,15.53,2026-06-02,Computex電腦展,2026
廣達,13,14,-26,-25,2026-04-24,2026-04-27,1,0.77,2026-06-02,Computex電腦展,2026
廣達,13,15,-26,-24,2026-04-24,2026-04-28,2,-0.62,2026-06-02,Computex電腦展,2026
廣達,13,16,-26,-23,2026-04-24,2026-04-29,3,-0.31,2026-06-02,Computex電腦展,2026
廣達,13,17,-26,-22,2026-04-24,2026-04-30,4,-3.25,2026-06-02,Computex電腦展,2026
廣達,13,18,-26,-21,2026-04-24,2026-05-04,5,-1.55,2026-06-02,Computex電腦展,2026
廣達,13,19,-26,-20,2026-04-24,2026-05-05,6,-0.62,2026-06-02,Computex電腦展,2026
廣達,13,20,-26,-19,2026-04-24,2026-05-06,7,7.28,2026-06-02,Computex電腦展,2026
廣達,13,21,-26,-18,2026-04-24,2026-05-07,8,6.5,2026-06-02,Computex電腦展,2026
廣達,13,22,-26,-17,2026-04-24,2026-05-08,9,5.42,2026-06-02,Computex電腦展,2026
廣達,13,23,-26,-16,2026-04-24,2026-05-11,10,6.35,2026-06-02,Computex電腦展,2026
廣達,13,24,-26,-15,2026-04-24,2026-05-12,11,5.26,2026-06-02,Computex電腦展,2026
廣達,13,25,-26,-14,2026-04-24,2026-05-13,12,5.42,2026-06-02,Computex電腦展,2026
廣達,13,26,-26,-13,2026-04-24,2026-05-14,13,3.56,2026-06-02,Computex電腦展,2026
廣達,13,27,-26,-12,2026-04-24,2026-05-15,14,-5.26,2026-06-02,Computex電腦展,2026
廣達,13,28,-26,-11,2026-04-24,2026-05-18,15,-7.12,2026-06-02,Computex電腦展,2026
廣達,13,29,-26,-10,2026-04-24,2026-05-19,16,-10.22,2026-06-02,Computex電腦展,2026
廣達,13,30,-26,-9,2026-04-24,2026-05-20,17,-10.22,2026-06-02,Computex電腦展,2026
廣達,13,31,-26,-8,2026-04-24,2026-05-21,18,-4.64,2026-06-02,Computex電腦展,2026
廣達,13,32,-26,-7,2026-04-24,2026-05-22,19,-2.17,2026-06-02,Computex電腦展,2026
廣達,13,33,-26,-6,2026-04-24,2026-05-25,20,-2.01,2026-06-02,Computex電腦展,2026
廣達,13,34,-26,-5,2026-04-24,2026-05-26,21,-2.01,2026-06-02,Computex電腦展,2026
廣達,13,35,-26,-4,2026-04-24,2026-05-27,22,-3.41,2026-06-02,Computex電腦展,2026
廣達,13,36,-26,-3,2026-04-24,2026-05-28,23,-4.49,2026-06-02,Computex電腦展,2026
廣達,13,37,-26,-2,2026-04-24,2026-05-29,24,4.95,2026-06-02,Computex電腦展,2026
廣達,13,38,-26,-1,2026-04-24,2026-06-01,25,15.33,2026-06-02,Computex電腦展,2026
廣達,13,39,-26,0,2026-04-24,2026-06-02,26,23.99,2026-06-02,Computex電腦展,2026
廣達,13,40,-26,1,2026-04-24,2026-06-03,27,29.1,2026-06-02,Computex電腦展,2026
廣達,13,41,-26,2,2026-04-24,2026-06-04,28,25.08,2026-06-02,Computex電腦展,2026
廣達,13,42,-26,3,2026-04-24,2026-06-05,29,20.9,2026-06-02,Computex電腦展,2026
廣達,13,43,-26,4,2026-04-24,2026-06-08,30,16.56,2026-06-02,Computex電腦展,2026
廣達,13,44,-26,5,2026-04-24,2026-06-09,31,16.1,2026-06-02,Computex電腦展,2026
廣達,13,45,-26,6,2026-04-24,2026-06-10,32,17.8,2026-06-02,Computex電腦展,2026
廣達,13,46,-26,7,2026-04-24,2026-06-11,33,14.55,2026-06-02,Computex電腦展,2026
廣達,13,47,-26,8,2026-04-24,2026-06-12,34,15.17,2026-06-02,Computex電腦展,2026
廣達,14,15,-25,-24,2026-04-27,2026-04-28,1,-1.38,2026-06-02,Computex電腦展,2026
廣達,14,16,-25,-23,2026-04-27,2026-04-29,2,-1.08,2026-06-02,Computex電腦展,2026
廣達,14,17,-25,-22,2026-04-27,2026-04-30,3,-3.99,2026-06-02,Computex電腦展,2026
廣達,14,18,-25,-21,2026-04-27,2026-05-04,4,-2.3,2026-06-02,Computex電腦展,2026
廣達,14,19,-25,-20,2026-04-27,2026-05-05,5,-1.38,2026-06-02,Computex電腦展,2026
廣達,14,20,-25,-19,2026-04-27,2026-05-06,6,6.45,2026-06-02,Computex電腦展,2026
廣達,14,21,-25,-18,2026-04-27,2026-05-07,7,5.68,2026-06-02,Computex電腦展,2026
廣達,14,22,-25,-17,2026-04-27,2026-05-08,8,4.61,2026-06-02,Computex電腦展,2026
廣達,14,23,-25,-16,2026-04-27,2026-05-11,9,5.53,2026-06-02,Computex電腦展,2026
廣達,14,24,-25,-15,2026-04-27,2026-05-12,10,4.45,2026-06-02,Computex電腦展,2026
廣達,14,25,-25,-14,2026-04-27,2026-05-13,11,4.61,2026-06-02,Computex電腦展,2026
廣達,14,26,-25,-13,2026-04-27,2026-05-14,12,2.76,2026-06-02,Computex電腦展,2026
廣達,14,27,-25,-12,2026-04-27,2026-05-15,13,-5.99,2026-06-02,Computex電腦展,2026
廣達,14,28,-25,-11,2026-04-27,2026-05-18,14,-7.83,2026-06-02,Computex電腦展,2026
廣達,14,29,-25,-10,2026-04-27,2026-05-19,15,-10.91,2026-06-02,Computex電腦展,2026
廣達,14,30,-25,-9,2026-04-27,2026-05-20,16,-10.91,2026-06-02,Computex電腦展,2026
廣達,14,31,-25,-8,2026-04-27,2026-05-21,17,-5.38,2026-06-02,Computex電腦展,2026
廣達,14,32,-25,-7,2026-04-27,2026-05-22,18,-2.92,2026-06-02,Computex電腦展,2026
廣達,14,33,-25,-6,2026-04-27,2026-05-25,19,-2.76,2026-06-02,Computex電腦展,2026
廣達,14,34,-25,-5,2026-04-27,2026-05-26,20,-2.76,2026-06-02,Computex電腦展,2026
廣達,14,35,-25,-4,2026-04-27,2026-05-27,21,-4.15,2026-06-02,Computex電腦展,2026
廣達,14,36,-25,-3,2026-04-27,2026-05-28,22,-5.22,2026-06-02,Computex電腦展,2026
廣達,14,37,-25,-2,2026-04-27,2026-05-29,23,4.15,2026-06-02,Computex電腦展,2026
廣達,14,38,-25,-1,2026-04-27,2026-06-01,24,14.44,2026-06-02,Computex電腦展,2026
廣達,14,39,-25,0,2026-04-27,2026-06-02,25,23.04,2026-06-02,Computex電腦展,2026
廣達,14,40,-25,1,2026-04-27,2026-06-03,26,28.11,2026-06-02,Computex電腦展,2026
廣達,14,41,-25,2,2026-04-27,2026-06-04,27,24.12,2026-06-02,Computex電腦展,2026
廣達,14,42,-25,3,2026-04-27,2026-06-05,28,19.97,2026-06-02,Computex電腦展,2026
廣達,14,43,-25,4,2026-04-27,2026-06-08,29,15.67,2026-06-02,Computex電腦展,2026
廣達,14,44,-25,5,2026-04-27,2026-06-09,30,15.21,2026-06-02,Computex電腦展,2026
廣達,14,45,-25,6,2026-04-27,2026-06-10,31,16.9,2026-06-02,Computex電腦展,2026
廣達,14,46,-25,7,2026-04-27,2026-06-11,32,13.67,2026-06-02,Computex電腦展,2026
廣達,14,47,-25,8,2026-04-27,2026-06-12,33,14.29,2026-06-02,Computex電腦展,2026
廣達,15,16,-24,-23,2026-04-28,2026-04-29,1,0.31,2026-06-02,Computex電腦展,2026
廣達,15,17,-24,-22,2026-04-28,2026-04-30,2,-2.65,2026-06-02,Computex電腦展,2026
廣達,15,18,-24,-21,2026-04-28,2026-05-04,3,-0.93,2026-06-02,Computex電腦展,2026
廣達,15,19,-24,-20,2026-04-28,2026-05-05,4,0.0,2026-06-02,Computex電腦展,2026
廣達,15,20,-24,-19,2026-04-28,2026-05-06,5,7.94,2026-06-02,Computex電腦展,2026
廣達,15,21,-24,-18,2026-04-28,2026-05-07,6,7.17,2026-06-02,Computex電腦展,2026
廣達,15,22,-24,-17,2026-04-28,2026-05-08,7,6.07,2026-06-02,Computex電腦展,2026
廣達,15,23,-24,-16,2026-04-28,2026-05-11,8,7.01,2026-06-02,Computex電腦展,2026
廣達,15,24,-24,-15,2026-04-28,2026-05-12,9,5.92,2026-06-02,Computex電腦展,2026
廣達,15,25,-24,-14,2026-04-28,2026-05-13,10,6.07,2026-06-02,Computex電腦展,2026
廣達,15,26,-24,-13,2026-04-28,2026-05-14,11,4.21,2026-06-02,Computex電腦展,2026
廣達,15,27,-24,-12,2026-04-28,2026-05-15,12,-4.67,2026-06-02,Computex電腦展,2026
廣達,15,28,-24,-11,2026-04-28,2026-05-18,13,-6.54,2026-06-02,Computex電腦展,2026
廣達,15,29,-24,-10,2026-04-28,2026-05-19,14,-9.66,2026-06-02,Computex電腦展,2026
廣達,15,30,-24,-9,2026-04-28,2026-05-20,15,-9.66,2026-06-02,Computex電腦展,2026
廣達,15,31,-24,-8,2026-04-28,2026-05-21,16,-4.05,2026-06-02,Computex電腦展,2026
廣達,15,32,-24,-7,2026-04-28,2026-05-22,17,-1.56,2026-06-02,Computex電腦展,2026
廣達,15,33,-24,-6,2026-04-28,2026-05-25,18,-1.4,2026-06-02,Computex電腦展,2026
廣達,15,34,-24,-5,2026-04-28,2026-05-26,19,-1.4,2026-06-02,Computex電腦展,2026
廣達,15,35,-24,-4,2026-04-28,2026-05-27,20,-2.8,2026-06-02,Computex電腦展,2026
廣達,15,36,-24,-3,2026-04-28,2026-05-28,21,-3.89,2026-06-02,Computex電腦展,2026
廣達,15,37,-24,-2,2026-04-28,2026-05-29,22,5.61,2026-06-02,Computex電腦展,2026
廣達,15,38,-24,-1,2026-04-28,2026-06-01,23,16.04,2026-06-02,Computex電腦展,2026
廣達,15,39,-24,0,2026-04-28,2026-06-02,24,24.77,2026-06-02,Computex電腦展,2026
廣達,15,40,-24,1,2026-04-28,2026-06-03,25,29.91,2026-06-02,Computex電腦展,2026
廣達,15,41,-24,2,2026-04-28,2026-06-04,26,25.86,2026-06-02,Computex電腦展,2026
廣達,15,42,-24,3,2026-04-28,2026-06-05,27,21.65,2026-06-02,Computex電腦展,2026
廣達,15,43,-24,4,2026-04-28,2026-06-08,28,17.29,2026-06-02,Computex電腦展,2026
廣達,15,44,-24,5,2026-04-28,2026-06-09,29,16.82,2026-06-02,Computex電腦展,2026
廣達,15,45,-24,6,2026-04-28,2026-06-10,30,18.54,2026-06-02,Computex電腦展,2026
廣達,15,46,-24,7,2026-04-28,2026-06-11,31,15.26,2026-06-02,Computex電腦展,2026
廣達,15,47,-24,8,2026-04-28,2026-06-12,32,15.89,2026-06-02,Computex電腦展,2026
廣達,16,17,-23,-22,2026-04-29,2026-04-30,1,-2.95,2026-06-02,Computex電腦展,2026
廣達,16,18,-23,-21,2026-04-29,2026-05-04,2,-1.24,2026-06-02,Computex電腦展,2026
廣達,16,19,-23,-20,2026-04-29,2026-05-05,3,-0.31,2026-06-02,Computex電腦展,2026
廣達,16,20,-23,-19,2026-04-29,2026-05-06,4,7.61,2026-06-02,Computex電腦展,2026
廣達,16,21,-23,-18,2026-04-29,2026-05-07,5,6.83,2026-06-02,Computex電腦展,2026
廣達,16,22,-23,-17,2026-04-29,2026-05-08,6,5.75,2026-06-02,Computex電腦展,2026
廣達,16,23,-23,-16,2026-04-29,2026-05-11,7,6.68,2026-06-02,Computex電腦展,2026
廣達,16,24,-23,-15,2026-04-29,2026-05-12,8,5.59,2026-06-02,Computex電腦展,2026
廣達,16,25,-23,-14,2026-04-29,2026-05-13,9,5.75,2026-06-02,Computex電腦展,2026
廣達,16,26,-23,-13,2026-04-29,2026-05-14,10,3.88,2026-06-02,Computex電腦展,2026
廣達,16,27,-23,-12,2026-04-29,2026-05-15,11,-4.97,2026-06-02,Computex電腦展,2026
廣達,16,28,-23,-11,2026-04-29,2026-05-18,12,-6.83,2026-06-02,Computex電腦展,2026
廣達,16,29,-23,-10,2026-04-29,2026-05-19,13,-9.94,2026-06-02,Computex電腦展,2026
廣達,16,30,-23,-9,2026-04-29,2026-05-20,14,-9.94,2026-06-02,Computex電腦展,2026
廣達,16,31,-23,-8,2026-04-29,2026-05-21,15,-4.35,2026-06-02,Computex電腦展,2026
廣達,16,32,-23,-7,2026-04-29,2026-05-22,16,-1.86,2026-06-02,Computex電腦展,2026
廣達,16,33,-23,-6,2026-04-29,2026-05-25,17,-1.71,2026-06-02,Computex電腦展,2026
廣達,16,34,-23,-5,2026-04-29,2026-05-26,18,-1.71,2026-06-02,Computex電腦展,2026
廣達,16,35,-23,-4,2026-04-29,2026-05-27,19,-3.11,2026-06-02,Computex電腦展,2026
廣達,16,36,-23,-3,2026-04-29,2026-05-28,20,-4.19,2026-06-02,Computex電腦展,2026
廣達,16,37,-23,-2,2026-04-29,2026-05-29,21,5.28,2026-06-02,Computex電腦展,2026
廣達,16,38,-23,-1,2026-04-29,2026-06-01,22,15.68,2026-06-02,Computex電腦展,2026
廣達,16,39,-23,0,2026-04-29,2026-06-02,23,24.38,2026-06-02,Computex電腦展,2026
廣達,16,40,-23,1,2026-04-29,2026-06-03,24,29.5,2026-06-02,Computex電腦展,2026
廣達,16,41,-23,2,2026-04-29,2026-06-04,25,25.47,2026-06-02,Computex電腦展,2026
廣達,16,42,-23,3,2026-04-29,2026-06-05,26,21.27,2026-06-02,Computex電腦展,2026
廣達,16,43,-23,4,2026-04-29,2026-06-08,27,16.93,2026-06-02,Computex電腦展,2026
廣達,16,44,-23,5,2026-04-29,2026-06-09,28,16.46,2026-06-02,Computex電腦展,2026
廣達,16,45,-23,6,2026-04-29,2026-06-10,29,18.17,2026-06-02,Computex電腦展,2026
廣達,16,46,-23,7,2026-04-29,2026-06-11,30,14.91,2026-06-02,Computex電腦展,2026
廣達,16,47,-23,8,2026-04-29,2026-06-12,31,15.53,2026-06-02,Computex電腦展,2026
廣達,17,18,-22,-21,2026-04-30,2026-05-04,1,1.76,2026-06-02,Computex電腦展,2026
廣達,17,19,-22,-20,2026-04-30,2026-05-05,2,2.72,2026-06-02,Computex電腦展,2026
廣達,17,20,-22,-19,2026-04-30,2026-05-06,3,10.88,2026-06-02,Computex電腦展,2026
廣達,17,21,-22,-18,2026-04-30,2026-05-07,4,10.08,2026-06-02,Computex電腦展,2026
廣達,17,22,-22,-17,2026-04-30,2026-05-08,5,8.96,2026-06-02,Computex電腦展,2026
廣達,17,23,-22,-16,2026-04-30,2026-05-11,6,9.92,2026-06-02,Computex電腦展,2026
廣達,17,24,-22,-15,2026-04-30,2026-05-12,7,8.8,2026-06-02,Computex電腦展,2026
廣達,17,25,-22,-14,2026-04-30,2026-05-13,8,8.96,2026-06-02,Computex電腦展,2026
廣達,17,26,-22,-13,2026-04-30,2026-05-14,9,7.04,2026-06-02,Computex電腦展,2026
廣達,17,27,-22,-12,2026-04-30,2026-05-15,10,-2.08,2026-06-02,Computex電腦展,2026
廣達,17,28,-22,-11,2026-04-30,2026-05-18,11,-4.0,2026-06-02,Computex電腦展,2026
廣達,17,29,-22,-10,2026-04-30,2026-05-19,12,-7.2,2026-06-02,Computex電腦展,2026
廣達,17,30,-22,-9,2026-04-30,2026-05-20,13,-7.2,2026-06-02,Computex電腦展,2026
廣達,17,31,-22,-8,2026-04-30,2026-05-21,14,-1.44,2026-06-02,Computex電腦展,2026
廣達,17,32,-22,-7,2026-04-30,2026-05-22,15,1.12,2026-06-02,Computex電腦展,2026
廣達,17,33,-22,-6,2026-04-30,2026-05-25,16,1.28,2026-06-02,Computex電腦展,2026
廣達,17,34,-22,-5,2026-04-30,2026-05-26,17,1.28,2026-06-02,Computex電腦展,2026
廣達,17,35,-22,-4,2026-04-30,2026-05-27,18,-0.16,2026-06-02,Computex電腦展,2026
廣達,17,36,-22,-3,2026-04-30,2026-05-28,19,-1.28,2026-06-02,Computex電腦展,2026
廣達,17,37,-22,-2,2026-04-30,2026-05-29,20,8.48,2026-06-02,Computex電腦展,2026
廣達,17,38,-22,-1,2026-04-30,2026-06-01,21,19.2,2026-06-02,Computex電腦展,2026
廣達,17,39,-22,0,2026-04-30,2026-06-02,22,28.16,2026-06-02,Computex電腦展,2026
廣達,17,40,-22,1,2026-04-30,2026-06-03,23,33.44,2026-06-02,Computex電腦展,2026
廣達,17,41,-22,2,2026-04-30,2026-06-04,24,29.28,2026-06-02,Computex電腦展,2026
廣達,17,42,-22,3,2026-04-30,2026-06-05,25,24.96,2026-06-02,Computex電腦展,2026
廣達,17,43,-22,4,2026-04-30,2026-06-08,26,20.48,2026-06-02,Computex電腦展,2026
廣達,17,44,-22,5,2026-04-30,2026-06-09,27,20.0,2026-06-02,Computex電腦展,2026
廣達,17,45,-22,6,2026-04-30,2026-06-10,28,21.76,2026-06-02,Computex電腦展,2026
廣達,17,46,-22,7,2026-04-30,2026-06-11,29,18.4,2026-06-02,Computex電腦展,2026
廣達,17,47,-22,8,2026-04-30,2026-06-12,30,19.04,2026-06-02,Computex電腦展,2026
廣達,18,19,-21,-20,2026-05-04,2026-05-05,1,0.94,2026-06-02,Computex電腦展,2026
廣達,18,20,-21,-19,2026-05-04,2026-05-06,2,8.96,2026-06-02,Computex電腦展,2026
廣達,18,21,-21,-18,2026-05-04,2026-05-07,3,8.18,2026-06-02,Computex電腦展,2026
廣達,18,22,-21,-17,2026-05-04,2026-05-08,4,7.08,2026-06-02,Computex電腦展,2026
廣達,18,23,-21,-16,2026-05-04,2026-05-11,5,8.02,2026-06-02,Computex電腦展,2026
廣達,18,24,-21,-15,2026-05-04,2026-05-12,6,6.92,2026-06-02,Computex電腦展,2026
廣達,18,25,-21,-14,2026-05-04,2026-05-13,7,7.08,2026-06-02,Computex電腦展,2026
廣達,18,26,-21,-13,2026-05-04,2026-05-14,8,5.19,2026-06-02,Computex電腦展,2026
廣達,18,27,-21,-12,2026-05-04,2026-05-15,9,-3.77,2026-06-02,Computex電腦展,2026
廣達,18,28,-21,-11,2026-05-04,2026-05-18,10,-5.66,2026-06-02,Computex電腦展,2026
廣達,18,29,-21,-10,2026-05-04,2026-05-19,11,-8.81,2026-06-02,Computex電腦展,2026
廣達,18,30,-21,-9,2026-05-04,2026-05-20,12,-8.81,2026-06-02,Computex電腦展,2026
廣達,18,31,-21,-8,2026-05-04,2026-05-21,13,-3.14,2026-06-02,Computex電腦展,2026
廣達,18,32,-21,-7,2026-05-04,2026-05-22,14,-0.63,2026-06-02,Computex電腦展,2026
廣達,18,33,-21,-6,2026-05-04,2026-05-25,15,-0.47,2026-06-02,Computex電腦展,2026
廣達,18,34,-21,-5,2026-05-04,2026-05-26,16,-0.47,2026-06-02,Computex電腦展,2026
廣達,18,35,-21,-4,2026-05-04,2026-05-27,17,-1.89,2026-06-02,Computex電腦展,2026
廣達,18,36,-21,-3,2026-05-04,2026-05-28,18,-2.99,2026-06-02,Computex電腦展,2026
廣達,18,37,-21,-2,2026-05-04,2026-05-29,19,6.6,2026-06-02,Computex電腦展,2026
廣達,18,38,-21,-1,2026-05-04,2026-06-01,20,17.14,2026-06-02,Computex電腦展,2026
廣達,18,39,-21,0,2026-05-04,2026-06-02,21,25.94,2026-06-02,Computex電腦展,2026
廣達,18,40,-21,1,2026-05-04,2026-06-03,22,31.13,2026-06-02,Computex電腦展,2026
廣達,18,41,-21,2,2026-05-04,2026-06-04,23,27.04,2026-06-02,Computex電腦展,2026
廣達,18,42,-21,3,2026-05-04,2026-06-05,24,22.8,2026-06-02,Computex電腦展,2026
廣達,18,43,-21,4,2026-05-04,2026-06-08,25,18.4,2026-06-02,Computex電腦展,2026
廣達,18,44,-21,5,2026-05-04,2026-06-09,26,17.92,2026-06-02,Computex電腦展,2026
廣達,18,45,-21,6,2026-05-04,2026-06-10,27,19.65,2026-06-02,Computex電腦展,2026
廣達,18,46,-21,7,2026-05-04,2026-06-11,28,16.35,2026-06-02,Computex電腦展,2026
廣達,18,47,-21,8,2026-05-04,2026-06-12,29,16.98,2026-06-02,Computex電腦展,2026
廣達,19,20,-20,-19,2026-05-05,2026-05-06,1,7.94,2026-06-02,Computex電腦展,2026
廣達,19,21,-20,-18,2026-05-05,2026-05-07,2,7.17,2026-06-02,Computex電腦展,2026
廣達,19,22,-20,-17,2026-05-05,2026-05-08,3,6.07,2026-06-02,Computex電腦展,2026
廣達,19,23,-20,-16,2026-05-05,2026-05-11,4,7.01,2026-06-02,Computex電腦展,2026
廣達,19,24,-20,-15,2026-05-05,2026-05-12,5,5.92,2026-06-02,Computex電腦展,2026
廣達,19,25,-20,-14,2026-05-05,2026-05-13,6,6.07,2026-06-02,Computex電腦展,2026
廣達,19,26,-20,-13,2026-05-05,2026-05-14,7,4.21,2026-06-02,Computex電腦展,2026
廣達,19,27,-20,-12,2026-05-05,2026-05-15,8,-4.67,2026-06-02,Computex電腦展,2026
廣達,19,28,-20,-11,2026-05-05,2026-05-18,9,-6.54,2026-06-02,Computex電腦展,2026
廣達,19,29,-20,-10,2026-05-05,2026-05-19,10,-9.66,2026-06-02,Computex電腦展,2026
廣達,19,30,-20,-9,2026-05-05,2026-05-20,11,-9.66,2026-06-02,Computex電腦展,2026
廣達,19,31,-20,-8,2026-05-05,2026-05-21,12,-4.05,2026-06-02,Computex電腦展,2026
廣達,19,32,-20,-7,2026-05-05,2026-05-22,13,-1.56,2026-06-02,Computex電腦展,2026
廣達,19,33,-20,-6,2026-05-05,2026-05-25,14,-1.4,2026-06-02,Computex電腦展,2026
廣達,19,34,-20,-5,2026-05-05,2026-05-26,15,-1.4,2026-06-02,Computex電腦展,2026
廣達,19,35,-20,-4,2026-05-05,2026-05-27,16,-2.8,2026-06-02,Computex電腦展,2026
廣達,19,36,-20,-3,2026-05-05,2026-05-28,17,-3.89,2026-06-02,Computex電腦展,2026
廣達,19,37,-20,-2,2026-05-05,2026-05-29,18,5.61,2026-06-02,Computex電腦展,2026
廣達,19,38,-20,-1,2026-05-05,2026-06-01,19,16.04,2026-06-02,Computex電腦展,2026
廣達,19,39,-20,0,2026-05-05,2026-06-02,20,24.77,2026-06-02,Computex電腦展,2026
廣達,19,40,-20,1,2026-05-05,2026-06-03,21,29.91,2026-06-02,Computex電腦展,2026
廣達,19,41,-20,2,2026-05-05,2026-06-04,22,25.86,2026-06-02,Computex電腦展,2026
廣達,19,42,-20,3,2026-05-05,2026-06-05,23,21.65,2026-06-02,Computex電腦展,2026
廣達,19,43,-20,4,2026-05-05,2026-06-08,24,17.29,2026-06-02,Computex電腦展,2026
廣達,19,44,-20,5,2026-05-05,2026-06-09,25,16.82,2026-06-02,Computex電腦展,2026
廣達,19,45,-20,6,2026-05-05,2026-06-10,26,18.54,2026-06-02,Computex電腦展,2026
廣達,19,46,-20,7,2026-05-05,2026-06-11,27,15.26,2026-06-02,Computex電腦展,2026
廣達,19,47,-20,8,2026-05-05,2026-06-12,28,15.89,2026-06-02,Computex電腦展,2026
廣達,20,21,-19,-18,2026-05-06,2026-05-07,1,-0.72,2026-06-02,Computex電腦展,2026
廣達,20,22,-19,-17,2026-05-06,2026-05-08,2,-1.73,2026-06-02,Computex電腦展,2026
廣達,20,23,-19,-16,2026-05-06,2026-05-11,3,-0.87,2026-06-02,Computex電腦展,2026
廣達,20,24,-19,-15,2026-05-06,2026-05-12,4,-1.88,2026-06-02,Computex電腦展,2026
廣達,20,25,-19,-14,2026-05-06,2026-05-13,5,-1.73,2026-06-02,Computex電腦展,2026
廣達,20,26,-19,-13,2026-05-06,2026-05-14,6,-3.46,2026-06-02,Computex電腦展,2026
廣達,20,27,-19,-12,2026-05-06,2026-05-15,7,-11.69,2026-06-02,Computex電腦展,2026
廣達,20,28,-19,-11,2026-05-06,2026-05-18,8,-13.42,2026-06-02,Computex電腦展,2026
廣達,20,29,-19,-10,2026-05-06,2026-05-19,9,-16.31,2026-06-02,Computex電腦展,2026
廣達,20,30,-19,-9,2026-05-06,2026-05-20,10,-16.31,2026-06-02,Computex電腦展,2026
廣達,20,31,-19,-8,2026-05-06,2026-05-21,11,-11.11,2026-06-02,Computex電腦展,2026
廣達,20,32,-19,-7,2026-05-06,2026-05-22,12,-8.8,2026-06-02,Computex電腦展,2026
廣達,20,33,-19,-6,2026-05-06,2026-05-25,13,-8.66,2026-06-02,Computex電腦展,2026
廣達,20,34,-19,-5,2026-05-06,2026-05-26,14,-8.66,2026-06-02,Computex電腦展,2026
廣達,20,35,-19,-4,2026-05-06,2026-05-27,15,-9.96,2026-06-02,Computex電腦展,2026
廣達,20,36,-19,-3,2026-05-06,2026-05-28,16,-10.97,2026-06-02,Computex電腦展,2026
廣達,20,37,-19,-2,2026-05-06,2026-05-29,17,-2.16,2026-06-02,Computex電腦展,2026
廣達,20,38,-19,-1,2026-05-06,2026-06-01,18,7.5,2026-06-02,Computex電腦展,2026
廣達,20,39,-19,0,2026-05-06,2026-06-02,19,15.58,2026-06-02,Computex電腦展,2026
廣達,20,40,-19,1,2026-05-06,2026-06-03,20,20.35,2026-06-02,Computex電腦展,2026
廣達,20,41,-19,2,2026-05-06,2026-06-04,21,16.59,2026-06-02,Computex電腦展,2026
廣達,20,42,-19,3,2026-05-06,2026-06-05,22,12.7,2026-06-02,Computex電腦展,2026
廣達,20,43,-19,4,2026-05-06,2026-06-08,23,8.66,2026-06-02,Computex電腦展,2026
廣達,20,44,-19,5,2026-05-06,2026-06-09,24,8.23,2026-06-02,Computex電腦展,2026
廣達,20,45,-19,6,2026-05-06,2026-06-10,25,9.81,2026-06-02,Computex電腦展,2026
廣達,20,46,-19,7,2026-05-06,2026-06-11,26,6.78,2026-06-02,Computex電腦展,2026
廣達,20,47,-19,8,2026-05-06,2026-06-12,27,7.36,2026-06-02,Computex電腦展,2026
廣達,21,22,-18,-17,2026-05-07,2026-05-08,1,-1.02,2026-06-02,Computex電腦展,2026
廣達,21,23,-18,-16,2026-05-07,2026-05-11,2,-0.15,2026-06-02,Computex電腦展,2026
廣達,21,24,-18,-15,2026-05-07,2026-05-12,3,-1.16,2026-06-02,Computex電腦展,2026
廣達,21,25,-18,-14,2026-05-07,2026-05-13,4,-1.02,2026-06-02,Computex電腦展,2026
廣達,21,26,-18,-13,2026-05-07,2026-05-14,5,-2.76,2026-06-02,Computex電腦展,2026
廣達,21,27,-18,-12,2026-05-07,2026-05-15,6,-11.05,2026-06-02,Computex電腦展,2026
廣達,21,28,-18,-11,2026-05-07,2026-05-18,7,-12.79,2026-06-02,Computex電腦展,2026
廣達,21,29,-18,-10,2026-05-07,2026-05-19,8,-15.7,2026-06-02,Computex電腦展,2026
廣達,21,30,-18,-9,2026-05-07,2026-05-20,9,-15.7,2026-06-02,Computex電腦展,2026
廣達,21,31,-18,-8,2026-05-07,2026-05-21,10,-10.47,2026-06-02,Computex電腦展,2026
廣達,21,32,-18,-7,2026-05-07,2026-05-22,11,-8.14,2026-06-02,Computex電腦展,2026
廣達,21,33,-18,-6,2026-05-07,2026-05-25,12,-7.99,2026-06-02,Computex電腦展,2026
廣達,21,34,-18,-5,2026-05-07,2026-05-26,13,-7.99,2026-06-02,Computex電腦展,2026
廣達,21,35,-18,-4,2026-05-07,2026-05-27,14,-9.3,2026-06-02,Computex電腦展,2026
廣達,21,36,-18,-3,2026-05-07,2026-05-28,15,-10.32,2026-06-02,Computex電腦展,2026
廣達,21,37,-18,-2,2026-05-07,2026-05-29,16,-1.45,2026-06-02,Computex電腦展,2026
廣達,21,38,-18,-1,2026-05-07,2026-06-01,17,8.28,2026-06-02,Computex電腦展,2026
廣達,21,39,-18,0,2026-05-07,2026-06-02,18,16.42,2026-06-02,Computex電腦展,2026
廣達,21,40,-18,1,2026-05-07,2026-06-03,19,21.22,2026-06-02,Computex電腦展,2026
廣達,21,41,-18,2,2026-05-07,2026-06-04,20,17.44,2026-06-02,Computex電腦展,2026
廣達,21,42,-18,3,2026-05-07,2026-06-05,21,13.52,2026-06-02,Computex電腦展,2026
廣達,21,43,-18,4,2026-05-07,2026-06-08,22,9.45,2026-06-02,Computex電腦展,2026
廣達,21,44,-18,5,2026-05-07,2026-06-09,23,9.01,2026-06-02,Computex電腦展,2026
廣達,21,45,-18,6,2026-05-07,2026-06-10,24,10.61,2026-06-02,Computex電腦展,2026
廣達,21,46,-18,7,2026-05-07,2026-06-11,25,7.56,2026-06-02,Computex電腦展,2026
廣達,21,47,-18,8,2026-05-07,2026-06-12,26,8.14,2026-06-02,Computex電腦展,2026
廣達,22,23,-17,-16,2026-05-08,2026-05-11,1,0.88,2026-06-02,Computex電腦展,2026
廣達,22,24,-17,-15,2026-05-08,2026-05-12,2,-0.15,2026-06-02,Computex電腦展,2026
廣達,22,25,-17,-14,2026-05-08,2026-05-13,3,0.0,2026-06-02,Computex電腦展,2026
廣達,22,26,-17,-13,2026-05-08,2026-05-14,4,-1.76,2026-06-02,Computex電腦展,2026
廣達,22,27,-17,-12,2026-05-08,2026-05-15,5,-10.13,2026-06-02,Computex電腦展,2026
廣達,22,28,-17,-11,2026-05-08,2026-05-18,6,-11.89,2026-06-02,Computex電腦展,2026
廣達,22,29,-17,-10,2026-05-08,2026-05-19,7,-14.83,2026-06-02,Computex電腦展,2026
廣達,22,30,-17,-9,2026-05-08,2026-05-20,8,-14.83,2026-06-02,Computex電腦展,2026
廣達,22,31,-17,-8,2026-05-08,2026-05-21,9,-9.54,2026-06-02,Computex電腦展,2026
廣達,22,32,-17,-7,2026-05-08,2026-05-22,10,-7.2,2026-06-02,Computex電腦展,2026
廣達,22,33,-17,-6,2026-05-08,2026-05-25,11,-7.05,2026-06-02,Computex電腦展,2026
廣達,22,34,-17,-5,2026-05-08,2026-05-26,12,-7.05,2026-06-02,Computex電腦展,2026
廣達,22,35,-17,-4,2026-05-08,2026-05-27,13,-8.37,2026-06-02,Computex電腦展,2026
廣達,22,36,-17,-3,2026-05-08,2026-05-28,14,-9.4,2026-06-02,Computex電腦展,2026
廣達,22,37,-17,-2,2026-05-08,2026-05-29,15,-0.44,2026-06-02,Computex電腦展,2026
廣達,22,38,-17,-1,2026-05-08,2026-06-01,16,9.4,2026-06-02,Computex電腦展,2026
廣達,22,39,-17,0,2026-05-08,2026-06-02,17,17.62,2026-06-02,Computex電腦展,2026
廣達,22,40,-17,1,2026-05-08,2026-06-03,18,22.47,2026-06-02,Computex電腦展,2026
廣達,22,41,-17,2,2026-05-08,2026-06-04,19,18.65,2026-06-02,Computex電腦展,2026
廣達,22,42,-17,3,2026-05-08,2026-06-05,20,14.68,2026-06-02,Computex電腦展,2026
廣達,22,43,-17,4,2026-05-08,2026-06-08,21,10.57,2026-06-02,Computex電腦展,2026
廣達,22,44,-17,5,2026-05-08,2026-06-09,22,10.13,2026-06-02,Computex電腦展,2026
廣達,22,45,-17,6,2026-05-08,2026-06-10,23,11.75,2026-06-02,Computex電腦展,2026
廣達,22,46,-17,7,2026-05-08,2026-06-11,24,8.66,2026-06-02,Computex電腦展,2026
廣達,22,47,-17,8,2026-05-08,2026-06-12,25,9.25,2026-06-02,Computex電腦展,2026
廣達,23,24,-16,-15,2026-05-11,2026-05-12,1,-1.02,2026-06-02,Computex電腦展,2026
廣達,23,25,-16,-14,2026-05-11,2026-05-13,2,-0.87,2026-06-02,Computex電腦展,2026
廣達,23,26,-16,-13,2026-05-11,2026-05-14,3,-2.62,2026-06-02,Computex電腦展,2026
廣達,23,27,-16,-12,2026-05-11,2026-05-15,4,-10.92,2026-06-02,Computex電腦展,2026
廣達,23,28,-16,-11,2026-05-11,2026-05-18,5,-12.66,2026-06-02,Computex電腦展,2026
廣達,23,29,-16,-10,2026-05-11,2026-05-19,6,-15.57,2026-06-02,Computex電腦展,2026
廣達,23,30,-16,-9,2026-05-11,2026-05-20,7,-15.57,2026-06-02,Computex電腦展,2026
廣達,23,31,-16,-8,2026-05-11,2026-05-21,8,-10.33,2026-06-02,Computex電腦展,2026
廣達,23,32,-16,-7,2026-05-11,2026-05-22,9,-8.01,2026-06-02,Computex電腦展,2026
廣達,23,33,-16,-6,2026-05-11,2026-05-25,10,-7.86,2026-06-02,Computex電腦展,2026
廣達,23,34,-16,-5,2026-05-11,2026-05-26,11,-7.86,2026-06-02,Computex電腦展,2026
廣達,23,35,-16,-4,2026-05-11,2026-05-27,12,-9.17,2026-06-02,Computex電腦展,2026
廣達,23,36,-16,-3,2026-05-11,2026-05-28,13,-10.19,2026-06-02,Computex電腦展,2026
廣達,23,37,-16,-2,2026-05-11,2026-05-29,14,-1.31,2026-06-02,Computex電腦展,2026
廣達,23,38,-16,-1,2026-05-11,2026-06-01,15,8.44,2026-06-02,Computex電腦展,2026
廣達,23,39,-16,0,2026-05-11,2026-06-02,16,16.59,2026-06-02,Computex電腦展,2026
廣達,23,40,-16,1,2026-05-11,2026-06-03,17,21.4,2026-06-02,Computex電腦展,2026
廣達,23,41,-16,2,2026-05-11,2026-06-04,18,17.61,2026-06-02,Computex電腦展,2026
廣達,23,42,-16,3,2026-05-11,2026-06-05,19,13.68,2026-06-02,Computex電腦展,2026
廣達,23,43,-16,4,2026-05-11,2026-06-08,20,9.61,2026-06-02,Computex電腦展,2026
廣達,23,44,-16,5,2026-05-11,2026-06-09,21,9.17,2026-06-02,Computex電腦展,2026
廣達,23,45,-16,6,2026-05-11,2026-06-10,22,10.77,2026-06-02,Computex電腦展,2026
廣達,23,46,-16,7,2026-05-11,2026-06-11,23,7.71,2026-06-02,Computex電腦展,2026
廣達,23,47,-16,8,2026-05-11,2026-06-12,24,8.3,2026-06-02,Computex電腦展,2026
廣達,24,25,-15,-14,2026-05-12,2026-05-13,1,0.15,2026-06-02,Computex電腦展,2026
廣達,24,26,-15,-13,2026-05-12,2026-05-14,2,-1.62,2026-06-02,Computex電腦展,2026
廣達,24,27,-15,-12,2026-05-12,2026-05-15,3,-10.0,2026-06-02,Computex電腦展,2026
廣達,24,28,-15,-11,2026-05-12,2026-05-18,4,-11.76,2026-06-02,Computex電腦展,2026
廣達,24,29,-15,-10,2026-05-12,2026-05-19,5,-14.71,2026-06-02,Computex電腦展,2026
廣達,24,30,-15,-9,2026-05-12,2026-05-20,6,-14.71,2026-06-02,Computex電腦展,2026
廣達,24,31,-15,-8,2026-05-12,2026-05-21,7,-9.41,2026-06-02,Computex電腦展,2026
廣達,24,32,-15,-7,2026-05-12,2026-05-22,8,-7.06,2026-06-02,Computex電腦展,2026
廣達,24,33,-15,-6,2026-05-12,2026-05-25,9,-6.91,2026-06-02,Computex電腦展,2026
廣達,24,34,-15,-5,2026-05-12,2026-05-26,10,-6.91,2026-06-02,Computex電腦展,2026
廣達,24,35,-15,-4,2026-05-12,2026-05-27,11,-8.24,2026-06-02,Computex電腦展,2026
廣達,24,36,-15,-3,2026-05-12,2026-05-28,12,-9.26,2026-06-02,Computex電腦展,2026
廣達,24,37,-15,-2,2026-05-12,2026-05-29,13,-0.29,2026-06-02,Computex電腦展,2026
廣達,24,38,-15,-1,2026-05-12,2026-06-01,14,9.56,2026-06-02,Computex電腦展,2026
廣達,24,39,-15,0,2026-05-12,2026-06-02,15,17.79,2026-06-02,Computex電腦展,2026
廣達,24,40,-15,1,2026-05-12,2026-06-03,16,22.65,2026-06-02,Computex電腦展,2026
廣達,24,41,-15,2,2026-05-12,2026-06-04,17,18.82,2026-06-02,Computex電腦展,2026
廣達,24,42,-15,3,2026-05-12,2026-06-05,18,14.85,2026-06-02,Computex電腦展,2026
廣達,24,43,-15,4,2026-05-12,2026-06-08,19,10.74,2026-06-02,Computex電腦展,2026
廣達,24,44,-15,5,2026-05-12,2026-06-09,20,10.29,2026-06-02,Computex電腦展,2026
廣達,24,45,-15,6,2026-05-12,2026-06-10,21,11.91,2026-06-02,Computex電腦展,2026
廣達,24,46,-15,7,2026-05-12,2026-06-11,22,8.82,2026-06-02,Computex電腦展,2026
廣達,24,47,-15,8,2026-05-12,2026-06-12,23,9.41,2026-06-02,Computex電腦展,2026
廣達,25,26,-14,-13,2026-05-13,2026-05-14,1,-1.76,2026-06-02,Computex電腦展,2026
廣達,25,27,-14,-12,2026-05-13,2026-05-15,2,-10.13,2026-06-02,Computex電腦展,2026
廣達,25,28,-14,-11,2026-05-13,2026-05-18,3,-11.89,2026-06-02,Computex電腦展,2026
廣達,25,29,-14,-10,2026-05-13,2026-05-19,4,-14.83,2026-06-02,Computex電腦展,2026
廣達,25,30,-14,-9,2026-05-13,2026-05-20,5,-14.83,2026-06-02,Computex電腦展,2026
廣達,25,31,-14,-8,2026-05-13,2026-05-21,6,-9.54,2026-06-02,Computex電腦展,2026
廣達,25,32,-14,-7,2026-05-13,2026-05-22,7,-7.2,2026-06-02,Computex電腦展,2026
廣達,25,33,-14,-6,2026-05-13,2026-05-25,8,-7.05,2026-06-02,Computex電腦展,2026
廣達,25,34,-14,-5,2026-05-13,2026-05-26,9,-7.05,2026-06-02,Computex電腦展,2026
廣達,25,35,-14,-4,2026-05-13,2026-05-27,10,-8.37,2026-06-02,Computex電腦展,2026
廣達,25,36,-14,-3,2026-05-13,2026-05-28,11,-9.4,2026-06-02,Computex電腦展,2026
廣達,25,37,-14,-2,2026-05-13,2026-05-29,12,-0.44,2026-06-02,Computex電腦展,2026
廣達,25,38,-14,-1,2026-05-13,2026-06-01,13,9.4,2026-06-02,Computex電腦展,2026
廣達,25,39,-14,0,2026-05-13,2026-06-02,14,17.62,2026-06-02,Computex電腦展,2026
廣達,25,40,-14,1,2026-05-13,2026-06-03,15,22.47,2026-06-02,Computex電腦展,2026
廣達,25,41,-14,2,2026-05-13,2026-06-04,16,18.65,2026-06-02,Computex電腦展,2026
廣達,25,42,-14,3,2026-05-13,2026-06-05,17,14.68,2026-06-02,Computex電腦展,2026
廣達,25,43,-14,4,2026-05-13,2026-06-08,18,10.57,2026-06-02,Computex電腦展,2026
廣達,25,44,-14,5,2026-05-13,2026-06-09,19,10.13,2026-06-02,Computex電腦展,2026
廣達,25,45,-14,6,2026-05-13,2026-06-10,20,11.75,2026-06-02,Computex電腦展,2026
廣達,25,46,-14,7,2026-05-13,2026-06-11,21,8.66,2026-06-02,Computex電腦展,2026
廣達,25,47,-14,8,2026-05-13,2026-06-12,22,9.25,2026-06-02,Computex電腦展,2026
廣達,26,27,-13,-12,2026-05-14,2026-05-15,1,-8.52,2026-06-02,Computex電腦展,2026
廣達,26,28,-13,-11,2026-05-14,2026-05-18,2,-10.31,2026-06-02,Computex電腦展,2026
廣達,26,29,-13,-10,2026-05-14,2026-05-19,3,-13.3,2026-06-02,Computex電腦展,2026
廣達,26,30,-13,-9,2026-05-14,2026-05-20,4,-13.3,2026-06-02,Computex電腦展,2026
廣達,26,31,-13,-8,2026-05-14,2026-05-21,5,-7.92,2026-06-02,Computex電腦展,2026
廣達,26,32,-13,-7,2026-05-14,2026-05-22,6,-5.53,2026-06-02,Computex電腦展,2026
廣達,26,33,-13,-6,2026-05-14,2026-05-25,7,-5.38,2026-06-02,Computex電腦展,2026
廣達,26,34,-13,-5,2026-05-14,2026-05-26,8,-5.38,2026-06-02,Computex電腦展,2026
廣達,26,35,-13,-4,2026-05-14,2026-05-27,9,-6.73,2026-06-02,Computex電腦展,2026
廣達,26,36,-13,-3,2026-05-14,2026-05-28,10,-7.77,2026-06-02,Computex電腦展,2026
廣達,26,37,-13,-2,2026-05-14,2026-05-29,11,1.35,2026-06-02,Computex電腦展,2026
廣達,26,38,-13,-1,2026-05-14,2026-06-01,12,11.36,2026-06-02,Computex電腦展,2026
廣達,26,39,-13,0,2026-05-14,2026-06-02,13,19.73,2026-06-02,Computex電腦展,2026
廣達,26,40,-13,1,2026-05-14,2026-06-03,14,24.66,2026-06-02,Computex電腦展,2026
廣達,26,41,-13,2,2026-05-14,2026-06-04,15,20.78,2026-06-02,Computex電腦展,2026
廣達,26,42,-13,3,2026-05-14,2026-06-05,16,16.74,2026-06-02,Computex電腦展,2026
廣達,26,43,-13,4,2026-05-14,2026-06-08,17,12.56,2026-06-02,Computex電腦展,2026
廣達,26,44,-13,5,2026-05-14,2026-06-09,18,12.11,2026-06-02,Computex電腦展,2026
廣達,26,45,-13,6,2026-05-14,2026-06-10,19,13.75,2026-06-02,Computex電腦展,2026
廣達,26,46,-13,7,2026-05-14,2026-06-11,20,10.61,2026-06-02,Computex電腦展,2026
廣達,26,47,-13,8,2026-05-14,2026-06-12,21,11.21,2026-06-02,Computex電腦展,2026
廣達,27,28,-12,-11,2026-05-15,2026-05-18,1,-1.96,2026-06-02,Computex電腦展,2026
廣達,27,29,-12,-10,2026-05-15,2026-05-19,2,-5.23,2026-06-02,Computex電腦展,2026
廣達,27,30,-12,-9,2026-05-15,2026-05-20,3,-5.23,2026-06-02,Computex電腦展,2026
廣達,27,31,-12,-8,2026-05-15,2026-05-21,4,0.65,2026-06-02,Computex電腦展,2026
廣達,27,32,-12,-7,2026-05-15,2026-05-22,5,3.27,2026-06-02,Computex電腦展,2026
廣達,27,33,-12,-6,2026-05-15,2026-05-25,6,3.43,2026-06-02,Computex電腦展,2026
廣達,27,34,-12,-5,2026-05-15,2026-05-26,7,3.43,2026-06-02,Computex電腦展,2026
廣達,27,35,-12,-4,2026-05-15,2026-05-27,8,1.96,2026-06-02,Computex電腦展,2026
廣達,27,36,-12,-3,2026-05-15,2026-05-28,9,0.82,2026-06-02,Computex電腦展,2026
廣達,27,37,-12,-2,2026-05-15,2026-05-29,10,10.78,2026-06-02,Computex電腦展,2026
廣達,27,38,-12,-1,2026-05-15,2026-06-01,11,21.73,2026-06-02,Computex電腦展,2026
廣達,27,39,-12,0,2026-05-15,2026-06-02,12,30.88,2026-06-02,Computex電腦展,2026
廣達,27,40,-12,1,2026-05-15,2026-06-03,13,36.27,2026-06-02,Computex電腦展,2026
廣達,27,41,-12,2,2026-05-15,2026-06-04,14,32.03,2026-06-02,Computex電腦展,2026
廣達,27,42,-12,3,2026-05-15,2026-06-05,15,27.61,2026-06-02,Computex電腦展,2026
廣達,27,43,-12,4,2026-05-15,2026-06-08,16,23.04,2026-06-02,Computex電腦展,2026
廣達,27,44,-12,5,2026-05-15,2026-06-09,17,22.55,2026-06-02,Computex電腦展,2026
廣達,27,45,-12,6,2026-05-15,2026-06-10,18,24.35,2026-06-02,Computex電腦展,2026
廣達,27,46,-12,7,2026-05-15,2026-06-11,19,20.92,2026-06-02,Computex電腦展,2026
廣達,27,47,-12,8,2026-05-15,2026-06-12,20,21.57,2026-06-02,Computex電腦展,2026
廣達,28,29,-11,-10,2026-05-18,2026-05-19,1,-3.33,2026-06-02,Computex電腦展,2026
廣達,28,30,-11,-9,2026-05-18,2026-05-20,2,-3.33,2026-06-02,Computex電腦展,2026
廣達,28,31,-11,-8,2026-05-18,2026-05-21,3,2.67,2026-06-02,Computex電腦展,2026
廣達,28,32,-11,-7,2026-05-18,2026-05-22,4,5.33,2026-06-02,Computex電腦展,2026
廣達,28,33,-11,-6,2026-05-18,2026-05-25,5,5.5,2026-06-02,Computex電腦展,2026
廣達,28,34,-11,-5,2026-05-18,2026-05-26,6,5.5,2026-06-02,Computex電腦展,2026
廣達,28,35,-11,-4,2026-05-18,2026-05-27,7,4.0,2026-06-02,Computex電腦展,2026
廣達,28,36,-11,-3,2026-05-18,2026-05-28,8,2.83,2026-06-02,Computex電腦展,2026
廣達,28,37,-11,-2,2026-05-18,2026-05-29,9,13.0,2026-06-02,Computex電腦展,2026
廣達,28,38,-11,-1,2026-05-18,2026-06-01,10,24.17,2026-06-02,Computex電腦展,2026
廣達,28,39,-11,0,2026-05-18,2026-06-02,11,33.5,2026-06-02,Computex電腦展,2026
廣達,28,40,-11,1,2026-05-18,2026-06-03,12,39.0,2026-06-02,Computex電腦展,2026
廣達,28,41,-11,2,2026-05-18,2026-06-04,13,34.67,2026-06-02,Computex電腦展,2026
廣達,28,42,-11,3,2026-05-18,2026-06-05,14,30.17,2026-06-02,Computex電腦展,2026
廣達,28,43,-11,4,2026-05-18,2026-06-08,15,25.5,2026-06-02,Computex電腦展,2026
廣達,28,44,-11,5,2026-05-18,2026-06-09,16,25.0,2026-06-02,Computex電腦展,2026
廣達,28,45,-11,6,2026-05-18,2026-06-10,17,26.83,2026-06-02,Computex電腦展,2026
廣達,28,46,-11,7,2026-05-18,2026-06-11,18,23.33,2026-06-02,Computex電腦展,2026
廣達,28,47,-11,8,2026-05-18,2026-06-12,19,24.0,2026-06-02,Computex電腦展,2026
廣達,29,30,-10,-9,2026-05-19,2026-05-20,1,0.0,2026-06-02,Computex電腦展,2026
廣達,29,31,-10,-8,2026-05-19,2026-05-21,2,6.21,2026-06-02,Computex電腦展,2026
廣達,29,32,-10,-7,2026-05-19,2026-05-22,3,8.97,2026-06-02,Computex電腦展,2026
廣達,29,33,-10,-6,2026-05-19,2026-05-25,4,9.14,2026-06-02,Computex電腦展,2026
廣達,29,34,-10,-5,2026-05-19,2026-05-26,5,9.14,2026-06-02,Computex電腦展,2026
廣達,29,35,-10,-4,2026-05-19,2026-05-27,6,7.59,2026-06-02,Computex電腦展,2026
廣達,29,36,-10,-3,2026-05-19,2026-05-28,7,6.38,2026-06-02,Computex電腦展,2026
廣達,29,37,-10,-2,2026-05-19,2026-05-29,8,16.9,2026-06-02,Computex電腦展,2026
廣達,29,38,-10,-1,2026-05-19,2026-06-01,9,28.45,2026-06-02,Computex電腦展,2026
廣達,29,39,-10,0,2026-05-19,2026-06-02,10,38.1,2026-06-02,Computex電腦展,2026
廣達,29,40,-10,1,2026-05-19,2026-06-03,11,43.79,2026-06-02,Computex電腦展,2026
廣達,29,41,-10,2,2026-05-19,2026-06-04,12,39.31,2026-06-02,Computex電腦展,2026
廣達,29,42,-10,3,2026-05-19,2026-06-05,13,34.66,2026-06-02,Computex電腦展,2026
廣達,29,43,-10,4,2026-05-19,2026-06-08,14,29.83,2026-06-02,Computex電腦展,2026
廣達,29,44,-10,5,2026-05-19,2026-06-09,15,29.31,2026-06-02,Computex電腦展,2026
廣達,29,45,-10,6,2026-05-19,2026-06-10,16,31.21,2026-06-02,Computex電腦展,2026
廣達,29,46,-10,7,2026-05-19,2026-06-11,17,27.59,2026-06-02,Computex電腦展,2026
廣達,29,47,-10,8,2026-05-19,2026-06-12,18,28.28,2026-06-02,Computex電腦展,2026
廣達,30,31,-9,-8,2026-05-20,2026-05-21,1,6.21,2026-06-02,Computex電腦展,2026
廣達,30,32,-9,-7,2026-05-20,2026-05-22,2,8.97,2026-06-02,Computex電腦展,2026
廣達,30,33,-9,-6,2026-05-20,2026-05-25,3,9.14,2026-06-02,Computex電腦展,2026
廣達,30,34,-9,-5,2026-05-20,2026-05-26,4,9.14,2026-06-02,Computex電腦展,2026
廣達,30,35,-9,-4,2026-05-20,2026-05-27,5,7.59,2026-06-02,Computex電腦展,2026
廣達,30,36,-9,-3,2026-05-20,2026-05-28,6,6.38,2026-06-02,Computex電腦展,2026
廣達,30,37,-9,-2,2026-05-20,2026-05-29,7,16.9,2026-06-02,Computex電腦展,2026
廣達,30,38,-9,-1,2026-05-20,2026-06-01,8,28.45,2026-06-02,Computex電腦展,2026
廣達,30,39,-9,0,2026-05-20,2026-06-02,9,38.1,2026-06-02,Computex電腦展,2026
廣達,30,40,-9,1,2026-05-20,2026-06-03,10,43.79,2026-06-02,Computex電腦展,2026
廣達,30,41,-9,2,2026-05-20,2026-06-04,11,39.31,2026-06-02,Computex電腦展,2026
廣達,30,42,-9,3,2026-05-20,2026-06-05,12,34.66,2026-06-02,Computex電腦展,2026
廣達,30,43,-9,4,2026-05-20,2026-06-08,13,29.83,2026-06-02,Computex電腦展,2026
廣達,30,44,-9,5,2026-05-20,2026-06-09,14,29.31,2026-06-02,Computex電腦展,2026
廣達,30,45,-9,6,2026-05-20,2026-06-10,15,31.21,2026-06-02,Computex電腦展,2026
廣達,30,46,-9,7,2026-05-20,2026-06-11,16,27.59,2026-06-02,Computex電腦展,2026
廣達,30,47,-9,8,2026-05-20,2026-06-12,17,28.28,2026-06-02,Computex電腦展,2026
廣達,31,32,-8,-7,2026-05-21,2026-05-22,1,2.6,2026-06-02,Computex電腦展,2026
廣達,31,33,-8,-6,2026-05-21,2026-05-25,2,2.76,2026-06-02,Computex電腦展,2026
廣達,31,34,-8,-5,2026-05-21,2026-05-26,3,2.76,2026-06-02,Computex電腦展,2026
廣達,31,35,-8,-4,2026-05-21,2026-05-27,4,1.3,2026-06-02,Computex電腦展,2026
廣達,31,36,-8,-3,2026-05-21,2026-05-28,5,0.16,2026-06-02,Computex電腦展,2026
廣達,31,37,-8,-2,2026-05-21,2026-05-29,6,10.06,2026-06-02,Computex電腦展,2026
廣達,31,38,-8,-1,2026-05-21,2026-06-01,7,20.94,2026-06-02,Computex電腦展,2026
廣達,31,39,-8,0,2026-05-21,2026-06-02,8,30.03,2026-06-02,Computex電腦展,2026
廣達,31,40,-8,1,2026-05-21,2026-06-03,9,35.39,2026-06-02,Computex電腦展,2026
廣達,31,41,-8,2,2026-05-21,2026-06-04,10,31.17,2026-06-02,Computex電腦展,2026
廣達,31,42,-8,3,2026-05-21,2026-06-05,11,26.79,2026-06-02,Computex電腦展,2026
廣達,31,43,-8,4,2026-05-21,2026-06-08,12,22.24,2026-06-02,Computex電腦展,2026
廣達,31,44,-8,5,2026-05-21,2026-06-09,13,21.75,2026-06-02,Computex電腦展,2026
廣達,31,45,-8,6,2026-05-21,2026-06-10,14,23.54,2026-06-02,Computex電腦展,2026
廣達,31,46,-8,7,2026-05-21,2026-06-11,15,20.13,2026-06-02,Computex電腦展,2026
廣達,31,47,-8,8,2026-05-21,2026-06-12,16,20.78,2026-06-02,Computex電腦展,2026
廣達,32,33,-7,-6,2026-05-22,2026-05-25,1,0.16,2026-06-02,Computex電腦展,2026
廣達,32,34,-7,-5,2026-05-22,2026-05-26,2,0.16,2026-06-02,Computex電腦展,2026
廣達,32,35,-7,-4,2026-05-22,2026-05-27,3,-1.27,2026-06-02,Computex電腦展,2026
廣達,32,36,-7,-3,2026-05-22,2026-05-28,4,-2.37,2026-06-02,Computex電腦展,2026
廣達,32,37,-7,-2,2026-05-22,2026-05-29,5,7.28,2026-06-02,Computex電腦展,2026
廣達,32,38,-7,-1,2026-05-22,2026-06-01,6,17.88,2026-06-02,Computex電腦展,2026
廣達,32,39,-7,0,2026-05-22,2026-06-02,7,26.74,2026-06-02,Computex電腦展,2026
廣達,32,40,-7,1,2026-05-22,2026-06-03,8,31.96,2026-06-02,Computex電腦展,2026
廣達,32,41,-7,2,2026-05-22,2026-06-04,9,27.85,2026-06-02,Computex電腦展,2026
廣達,32,42,-7,3,2026-05-22,2026-06-05,10,23.58,2026-06-02,Computex電腦展,2026
廣達,32,43,-7,4,2026-05-22,2026-06-08,11,19.15,2026-06-02,Computex電腦展,2026
廣達,32,44,-7,5,2026-05-22,2026-06-09,12,18.67,2026-06-02,Computex電腦展,2026
廣達,32,45,-7,6,2026-05-22,2026-06-10,13,20.41,2026-06-02,Computex電腦展,2026
廣達,32,46,-7,7,2026-05-22,2026-06-11,14,17.09,2026-06-02,Computex電腦展,2026
廣達,32,47,-7,8,2026-05-22,2026-06-12,15,17.72,2026-06-02,Computex電腦展,2026
廣達,33,34,-6,-5,2026-05-25,2026-05-26,1,0.0,2026-06-02,Computex電腦展,2026
廣達,33,35,-6,-4,2026-05-25,2026-05-27,2,-1.42,2026-06-02,Computex電腦展,2026
廣達,33,36,-6,-3,2026-05-25,2026-05-28,3,-2.53,2026-06-02,Computex電腦展,2026
廣達,33,37,-6,-2,2026-05-25,2026-05-29,4,7.11,2026-06-02,Computex電腦展,2026
廣達,33,38,-6,-1,2026-05-25,2026-06-01,5,17.69,2026-06-02,Computex電腦展,2026
廣達,33,39,-6,0,2026-05-25,2026-06-02,6,26.54,2026-06-02,Computex電腦展,2026
廣達,33,40,-6,1,2026-05-25,2026-06-03,7,31.75,2026-06-02,Computex電腦展,2026
廣達,33,41,-6,2,2026-05-25,2026-06-04,8,27.65,2026-06-02,Computex電腦展,2026
廣達,33,42,-6,3,2026-05-25,2026-06-05,9,23.38,2026-06-02,Computex電腦展,2026
廣達,33,43,-6,4,2026-05-25,2026-06-08,10,18.96,2026-06-02,Computex電腦展,2026
廣達,33,44,-6,5,2026-05-25,2026-06-09,11,18.48,2026-06-02,Computex電腦展,2026
廣達,33,45,-6,6,2026-05-25,2026-06-10,12,20.22,2026-06-02,Computex電腦展,2026
廣達,33,46,-6,7,2026-05-25,2026-06-11,13,16.9,2026-06-02,Computex電腦展,2026
廣達,33,47,-6,8,2026-05-25,2026-06-12,14,17.54,2026-06-02,Computex電腦展,2026
廣達,34,35,-5,-4,2026-05-26,2026-05-27,1,-1.42,2026-06-02,Computex電腦展,2026
廣達,34,36,-5,-3,2026-05-26,2026-05-28,2,-2.53,2026-06-02,Computex電腦展,2026
廣達,34,37,-5,-2,2026-05-26,2026-05-29,3,7.11,2026-06-02,Computex電腦展,2026
廣達,34,38,-5,-1,2026-05-26,2026-06-01,4,17.69,2026-06-02,Computex電腦展,2026
廣達,34,39,-5,0,2026-05-26,2026-06-02,5,26.54,2026-06-02,Computex電腦展,2026
廣達,34,40,-5,1,2026-05-26,2026-06-03,6,31.75,2026-06-02,Computex電腦展,2026
廣達,34,41,-5,2,2026-05-26,2026-06-04,7,27.65,2026-06-02,Computex電腦展,2026
廣達,34,42,-5,3,2026-05-26,2026-06-05,8,23.38,2026-06-02,Computex電腦展,2026
廣達,34,43,-5,4,2026-05-26,2026-06-08,9,18.96,2026-06-02,Computex電腦展,2026
廣達,34,44,-5,5,2026-05-26,2026-06-09,10,18.48,2026-06-02,Computex電腦展,2026
廣達,34,45,-5,6,2026-05-26,2026-06-10,11,20.22,2026-06-02,Computex電腦展,2026
廣達,34,46,-5,7,2026-05-26,2026-06-11,12,16.9,2026-06-02,Computex電腦展,2026
廣達,34,47,-5,8,2026-05-26,2026-06-12,13,17.54,2026-06-02,Computex電腦展,2026
廣達,35,36,-4,-3,2026-05-27,2026-05-28,1,-1.12,2026-06-02,Computex電腦展,2026
廣達,35,37,-4,-2,2026-05-27,2026-05-29,2,8.65,2026-06-02,Computex電腦展,2026
廣達,35,38,-4,-1,2026-05-27,2026-06-01,3,19.39,2026-06-02,Computex電腦展,2026
廣達,35,39,-4,0,2026-05-27,2026-06-02,4,28.37,2026-06-02,Computex電腦展,2026
廣達,35,40,-4,1,2026-05-27,2026-06-03,5,33.65,2026-06-02,Computex電腦展,2026
廣達,35,41,-4,2,2026-05-27,2026-06-04,6,29.49,2026-06-02,Computex電腦展,2026
廣達,35,42,-4,3,2026-05-27,2026-06-05,7,25.16,2026-06-02,Computex電腦展,2026
廣達,35,43,-4,4,2026-05-27,2026-06-08,8,20.67,2026-06-02,Computex電腦展,2026
廣達,35,44,-4,5,2026-05-27,2026-06-09,9,20.19,2026-06-02,Computex電腦展,2026
廣達,35,45,-4,6,2026-05-27,2026-06-10,10,21.96,2026-06-02,Computex電腦展,2026
廣達,35,46,-4,7,2026-05-27,2026-06-11,11,18.59,2026-06-02,Computex電腦展,2026
廣達,35,47,-4,8,2026-05-27,2026-06-12,12,19.23,2026-06-02,Computex電腦展,2026
廣達,36,37,-3,-2,2026-05-28,2026-05-29,1,9.89,2026-06-02,Computex電腦展,2026
廣達,36,38,-3,-1,2026-05-28,2026-06-01,2,20.75,2026-06-02,Computex電腦展,2026
廣達,36,39,-3,0,2026-05-28,2026-06-02,3,29.82,2026-06-02,Computex電腦展,2026
廣達,36,40,-3,1,2026-05-28,2026-06-03,4,35.17,2026-06-02,Computex電腦展,2026
廣達,36,41,-3,2,2026-05-28,2026-06-04,5,30.96,2026-06-02,Computex電腦展,2026
廣達,36,42,-3,3,2026-05-28,2026-06-05,6,26.58,2026-06-02,Computex電腦展,2026
廣達,36,43,-3,4,2026-05-28,2026-06-08,7,22.04,2026-06-02,Computex電腦展,2026
廣達,36,44,-3,5,2026-05-28,2026-06-09,8,21.56,2026-06-02,Computex電腦展,2026
廣達,36,45,-3,6,2026-05-28,2026-06-10,9,23.34,2026-06-02,Computex電腦展,2026
廣達,36,46,-3,7,2026-05-28,2026-06-11,10,19.94,2026-06-02,Computex電腦展,2026
廣達,36,47,-3,8,2026-05-28,2026-06-12,11,20.58,2026-06-02,Computex電腦展,2026
廣達,37,38,-2,-1,2026-05-29,2026-06-01,1,9.88,2026-06-02,Computex電腦展,2026
廣達,37,39,-2,0,2026-05-29,2026-06-02,2,18.14,2026-06-02,Computex電腦展,2026
廣達,37,40,-2,1,2026-05-29,2026-06-03,3,23.01,2026-06-02,Computex電腦展,2026
廣達,37,41,-2,2,2026-05-29,2026-06-04,4,19.17,2026-06-02,Computex電腦展,2026
廣達,37,42,-2,3,2026-05-29,2026-06-05,5,15.19,2026-06-02,Computex電腦展,2026
廣達,37,43,-2,4,2026-05-29,2026-06-08,6,11.06,2026-06-02,Computex電腦展,2026
廣達,37,44,-2,5,2026-05-29,2026-06-09,7,10.62,2026-06-02,Computex電腦展,2026
廣達,37,45,-2,6,2026-05-29,2026-06-10,8,12.24,2026-06-02,Computex電腦展,2026
廣達,37,46,-2,7,2026-05-29,2026-06-11,9,9.14,2026-06-02,Computex電腦展,2026
廣達,37,47,-2,8,2026-05-29,2026-06-12,10,9.73,2026-06-02,Computex電腦展,2026
廣達,38,39,-1,0,2026-06-01,2026-06-02,1,7.52,2026-06-02,Computex電腦展,2026
廣達,38,40,-1,1,2026-06-01,2026-06-03,2,11.95,2026-06-02,Computex電腦展,2026
廣達,38,41,-1,2,2026-06-01,2026-06-04,3,8.46,2026-06-02,Computex電腦展,2026
廣達,38,42,-1,3,2026-06-01,2026-06-05,4,4.83,2026-06-02,Computex電腦展,2026
廣達,38,43,-1,4,2026-06-01,2026-06-08,5,1.07,2026-06-02,Computex電腦展,2026
廣達,38,44,-1,5,2026-06-01,2026-06-09,6,0.67,2026-06-02,Computex電腦展,2026
廣達,38,45,-1,6,2026-06-01,2026-06-10,7,2.15,2026-06-02,Computex電腦展,2026
廣達,38,46,-1,7,2026-06-01,2026-06-11,8,-0.67,2026-06-02,Computex電腦展,2026
廣達,38,47,-1,8,2026-06-01,2026-06-12,9,-0.13,2026-06-02,Computex電腦展,2026
廣達,39,40,0,1,2026-06-02,2026-06-03,1,4.12,2026-06-02,Computex電腦展,2026
廣達,39,41,0,2,2026-06-02,2026-06-04,2,0.87,2026-06-02,Computex電腦展,2026
廣達,39,42,0,3,2026-06-02,2026-06-05,3,-2.5,2026-06-02,Computex電腦展,2026
廣達,39,43,0,4,2026-06-02,2026-06-08,4,-5.99,2026-06-02,Computex電腦展,2026
廣達,39,44,0,5,2026-06-02,2026-06-09,5,-6.37,2026-06-02,Computex電腦展,2026
廣達,39,45,0,6,2026-06-02,2026-06-10,6,-4.99,2026-06-02,Computex電腦展,2026
廣達,39,46,0,7,2026-06-02,2026-06-11,7,-7.62,2026-06-02,Computex電腦展,2026
廣達,39,47,0,8,2026-06-02,2026-06-12,8,-7.12,2026-06-02,Computex電腦展,2026
廣達,40,41,1,2,2026-06-03,2026-06-04,1,-3.12,2026-06-02,Computex電腦展,2026
廣達,40,42,1,3,2026-06-03,2026-06-05,2,-6.35,2026-06-02,Computex電腦展,2026
廣達,40,43,1,4,2026-06-03,2026-06-08,3,-9.71,2026-06-02,Computex電腦展,2026
廣達,40,44,1,5,2026-06-03,2026-06-09,4,-10.07,2026-06-02,Computex電腦展,2026
廣達,40,45,1,6,2026-06-03,2026-06-10,5,-8.75,2026-06-02,Computex電腦展,2026
廣達,40,46,1,7,2026-06-03,2026-06-11,6,-11.27,2026-06-02,Computex電腦展,2026
廣達,40,47,1,8,2026-06-03,2026-06-12,7,-10.79,2026-06-02,Computex電腦展,2026
廣達,41,42,2,3,2026-06-04,2026-06-05,1,-3.34,2026-06-02,Computex電腦展,2026
廣達,41,43,2,4,2026-06-04,2026-06-08,2,-6.81,2026-06-02,Computex電腦展,2026
廣達,41,44,2,5,2026-06-04,2026-06-09,3,-7.18,2026-06-02,Computex電腦展,2026
廣達,41,45,2,6,2026-06-04,2026-06-10,4,-5.82,2026-06-02,Computex電腦展,2026
廣達,41,46,2,7,2026-06-04,2026-06-11,5,-8.42,2026-06-02,Computex電腦展,2026
廣達,41,47,2,8,2026-06-04,2026-06-12,6,-7.92,2026-06-02,Computex電腦展,2026
廣達,42,43,3,4,2026-06-05,2026-06-08,1,-3.59,2026-06-02,Computex電腦展,2026
廣達,42,44,3,5,2026-06-05,2026-06-09,2,-3.97,2026-06-02,Computex電腦展,2026
廣達,42,45,3,6,2026-06-05,2026-06-10,3,-2.56,2026-06-02,Computex電腦展,2026
廣達,42,46,3,7,2026-06-05,2026-06-11,4,-5.25,2026-06-02,Computex電腦展,2026
廣達,42,47,3,8,2026-06-05,2026-06-12,5,-4.74,2026-06-02,Computex電腦展,2026
廣達,43,44,4,5,2026-06-08,2026-06-09,1,-0.4,2026-06-02,Computex電腦展,2026
廣達,43,45,4,6,2026-06-08,2026-06-10,2,1.06,2026-06-02,Computex電腦展,2026
廣達,43,46,4,7,2026-06-08,2026-06-11,3,-1.73,2026-06-02,Computex電腦展,2026
廣達,43,47,4,8,2026-06-08,2026-06-12,4,-1.2,2026-06-02,Computex電腦展,2026
廣達,44,45,5,6,2026-06-09,2026-06-10,1,1.47,2026-06-02,Computex電腦展,2026
廣達,44,46,5,7,2026-06-09,2026-06-11,2,-1.33,2026-06-02,Computex電腦展,2026
廣達,44,47,5,8,2026-06-09,2026-06-12,3,-0.8,2026-06-02,Computex電腦展,2026
廣達,45,46,6,7,2026-06-10,2026-06-11,1,-2.76,2026-06-02,Computex電腦展,2026
廣達,45,47,6,8,2026-06-10,2026-06-12,2,-2.23,2026-06-02,Computex電腦展,2026
廣達,46,47,7,8,2026-06-11,2026-06-12,1,0.54,2026-06-02,Computex電腦展,2026
華碩,0,1,-39,-38,2026-04-07,2026-04-08,1,2.18,2026-06-02,Computex電腦展,2026
華碩,0,2,-39,-37,2026-04-07,2026-04-09,2,3.27,2026-06-02,Computex電腦展,2026
華碩,0,3,-39,-36,2026-04-07,2026-04-10,3,5.09,2026-06-02,Computex電腦展,2026
華碩,0,4,-39,-35,2026-04-07,2026-04-13,4,5.09,2026-06-02,Computex電腦展,2026
華碩,0,5,-39,-34,2026-04-07,2026-04-14,5,5.45,2026-06-02,Computex電腦展,2026
華碩,0,6,-39,-33,2026-04-07,2026-04-15,6,6.18,2026-06-02,Computex電腦展,2026
華碩,0,7,-39,-32,2026-04-07,2026-04-16,7,7.09,2026-06-02,Computex電腦展,2026
華碩,0,8,-39,-31,2026-04-07,2026-04-17,8,8.91,2026-06-02,Computex電腦展,2026
華碩,0,9,-39,-30,2026-04-07,2026-04-20,9,10.0,2026-06-02,Computex電腦展,2026
華碩,0,10,-39,-29,2026-04-07,2026-04-21,10,8.91,2026-06-02,Computex電腦展,2026
華碩,0,11,-39,-28,2026-04-07,2026-04-22,11,10.73,2026-06-02,Computex電腦展,2026
華碩,0,12,-39,-27,2026-04-07,2026-04-23,12,8.73,2026-06-02,Computex電腦展,2026
華碩,0,13,-39,-26,2026-04-07,2026-04-24,13,6.36,2026-06-02,Computex電腦展,2026
華碩,0,14,-39,-25,2026-04-07,2026-04-27,14,6.91,2026-06-02,Computex電腦展,2026
華碩,0,15,-39,-24,2026-04-07,2026-04-28,15,6.91,2026-06-02,Computex電腦展,2026
華碩,0,16,-39,-23,2026-04-07,2026-04-29,16,6.91,2026-06-02,Computex電腦展,2026
華碩,0,17,-39,-22,2026-04-07,2026-04-30,17,5.64,2026-06-02,Computex電腦展,2026
華碩,0,18,-39,-21,2026-04-07,2026-05-04,18,7.45,2026-06-02,Computex電腦展,2026
華碩,0,19,-39,-20,2026-04-07,2026-05-05,19,7.27,2026-06-02,Computex電腦展,2026
華碩,0,20,-39,-19,2026-04-07,2026-05-06,20,14.36,2026-06-02,Computex電腦展,2026
華碩,0,21,-39,-18,2026-04-07,2026-05-07,21,16.18,2026-06-02,Computex電腦展,2026
華碩,0,22,-39,-17,2026-04-07,2026-05-08,22,18.18,2026-06-02,Computex電腦展,2026
華碩,0,23,-39,-16,2026-04-07,2026-05-11,23,24.73,2026-06-02,Computex電腦展,2026
華碩,0,24,-39,-15,2026-04-07,2026-05-12,24,22.36,2026-06-02,Computex電腦展,2026
華碩,0,25,-39,-14,2026-04-07,2026-05-13,25,20.55,2026-06-02,Computex電腦展,2026
華碩,0,26,-39,-13,2026-04-07,2026-05-14,26,23.45,2026-06-02,Computex電腦展,2026
華碩,0,27,-39,-12,2026-04-07,2026-05-15,27,16.55,2026-06-02,Computex電腦展,2026
華碩,0,28,-39,-11,2026-04-07,2026-05-18,28,15.45,2026-06-02,Computex電腦展,2026
華碩,0,29,-39,-10,2026-04-07,2026-05-19,29,16.73,2026-06-02,Computex電腦展,2026
華碩,0,30,-39,-9,2026-04-07,2026-05-20,30,16.36,2026-06-02,Computex電腦展,2026
華碩,0,31,-39,-8,2026-04-07,2026-05-21,31,19.27,2026-06-02,Computex電腦展,2026
華碩,0,32,-39,-7,2026-04-07,2026-05-22,32,24.0,2026-06-02,Computex電腦展,2026
華碩,0,33,-39,-6,2026-04-07,2026-05-25,33,28.91,2026-06-02,Computex電腦展,2026
華碩,0,34,-39,-5,2026-04-07,2026-05-26,34,27.09,2026-06-02,Computex電腦展,2026
華碩,0,35,-39,-4,2026-04-07,2026-05-27,35,27.45,2026-06-02,Computex電腦展,2026
華碩,0,36,-39,-3,2026-04-07,2026-05-28,36,25.82,2026-06-02,Computex電腦展,2026
華碩,0,37,-39,-2,2026-04-07,2026-05-29,37,38.36,2026-06-02,Computex電腦展,2026
華碩,0,38,-39,-1,2026-04-07,2026-06-01,38,52.18,2026-06-02,Computex電腦展,2026
華碩,0,39,-39,0,2026-04-07,2026-06-02,39,67.27,2026-06-02,Computex電腦展,2026
華碩,0,40,-39,1,2026-04-07,2026-06-03,40,69.27,2026-06-02,Computex電腦展,2026
華碩,0,41,-39,2,2026-04-07,2026-06-04,41,62.18,2026-06-02,Computex電腦展,2026
華碩,0,42,-39,3,2026-04-07,2026-06-05,42,63.64,2026-06-02,Computex電腦展,2026
華碩,0,43,-39,4,2026-04-07,2026-06-08,43,53.45,2026-06-02,Computex電腦展,2026
華碩,0,44,-39,5,2026-04-07,2026-06-09,44,54.55,2026-06-02,Computex電腦展,2026
華碩,0,45,-39,6,2026-04-07,2026-06-10,45,44.73,2026-06-02,Computex電腦展,2026
華碩,0,46,-39,7,2026-04-07,2026-06-11,46,42.55,2026-06-02,Computex電腦展,2026
華碩,0,47,-39,8,2026-04-07,2026-06-12,47,42.73,2026-06-02,Computex電腦展,2026
華碩,1,2,-38,-37,2026-04-08,2026-04-09,1,1.07,2026-06-02,Computex電腦展,2026
華碩,1,3,-38,-36,2026-04-08,2026-04-10,2,2.85,2026-06-02,Computex電腦展,2026
華碩,1,4,-38,-35,2026-04-08,2026-04-13,3,2.85,2026-06-02,Computex電腦展,2026
華碩,1,5,-38,-34,2026-04-08,2026-04-14,4,3.2,2026-06-02,Computex電腦展,2026
華碩,1,6,-38,-33,2026-04-08,2026-04-15,5,3.91,2026-06-02,Computex電腦展,2026
華碩,1,7,-38,-32,2026-04-08,2026-04-16,6,4.8,2026-06-02,Computex電腦展,2026
華碩,1,8,-38,-31,2026-04-08,2026-04-17,7,6.58,2026-06-02,Computex電腦展,2026
華碩,1,9,-38,-30,2026-04-08,2026-04-20,8,7.65,2026-06-02,Computex電腦展,2026
華碩,1,10,-38,-29,2026-04-08,2026-04-21,9,6.58,2026-06-02,Computex電腦展,2026
華碩,1,11,-38,-28,2026-04-08,2026-04-22,10,8.36,2026-06-02,Computex電腦展,2026
華碩,1,12,-38,-27,2026-04-08,2026-04-23,11,6.41,2026-06-02,Computex電腦展,2026
華碩,1,13,-38,-26,2026-04-08,2026-04-24,12,4.09,2026-06-02,Computex電腦展,2026
華碩,1,14,-38,-25,2026-04-08,2026-04-27,13,4.63,2026-06-02,Computex電腦展,2026
華碩,1,15,-38,-24,2026-04-08,2026-04-28,14,4.63,2026-06-02,Computex電腦展,2026
華碩,1,16,-38,-23,2026-04-08,2026-04-29,15,4.63,2026-06-02,Computex電腦展,2026
華碩,1,17,-38,-22,2026-04-08,2026-04-30,16,3.38,2026-06-02,Computex電腦展,2026
華碩,1,18,-38,-21,2026-04-08,2026-05-04,17,5.16,2026-06-02,Computex電腦展,2026
華碩,1,19,-38,-20,2026-04-08,2026-05-05,18,4.98,2026-06-02,Computex電腦展,2026
華碩,1,20,-38,-19,2026-04-08,2026-05-06,19,11.92,2026-06-02,Computex電腦展,2026
華碩,1,21,-38,-18,2026-04-08,2026-05-07,20,13.7,2026-06-02,Computex電腦展,2026
華碩,1,22,-38,-17,2026-04-08,2026-05-08,21,15.66,2026-06-02,Computex電腦展,2026
華碩,1,23,-38,-16,2026-04-08,2026-05-11,22,22.06,2026-06-02,Computex電腦展,2026
華碩,1,24,-38,-15,2026-04-08,2026-05-12,23,19.75,2026-06-02,Computex電腦展,2026
華碩,1,25,-38,-14,2026-04-08,2026-05-13,24,17.97,2026-06-02,Computex電腦展,2026
華碩,1,26,-38,-13,2026-04-08,2026-05-14,25,20.82,2026-06-02,Computex電腦展,2026
華碩,1,27,-38,-12,2026-04-08,2026-05-15,26,14.06,2026-06-02,Computex電腦展,2026
華碩,1,28,-38,-11,2026-04-08,2026-05-18,27,12.99,2026-06-02,Computex電腦展,2026
華碩,1,29,-38,-10,2026-04-08,2026-05-19,28,14.23,2026-06-02,Computex電腦展,2026
華碩,1,30,-38,-9,2026-04-08,2026-05-20,29,13.88,2026-06-02,Computex電腦展,2026
華碩,1,31,-38,-8,2026-04-08,2026-05-21,30,16.73,2026-06-02,Computex電腦展,2026
華碩,1,32,-38,-7,2026-04-08,2026-05-22,31,21.35,2026-06-02,Computex電腦展,2026
華碩,1,33,-38,-6,2026-04-08,2026-05-25,32,26.16,2026-06-02,Computex電腦展,2026
華碩,1,34,-38,-5,2026-04-08,2026-05-26,33,24.38,2026-06-02,Computex電腦展,2026
華碩,1,35,-38,-4,2026-04-08,2026-05-27,34,24.73,2026-06-02,Computex電腦展,2026
華碩,1,36,-38,-3,2026-04-08,2026-05-28,35,23.13,2026-06-02,Computex電腦展,2026
華碩,1,37,-38,-2,2026-04-08,2026-05-29,36,35.41,2026-06-02,Computex電腦展,2026
華碩,1,38,-38,-1,2026-04-08,2026-06-01,37,48.93,2026-06-02,Computex電腦展,2026
華碩,1,39,-38,0,2026-04-08,2026-06-02,38,63.7,2026-06-02,Computex電腦展,2026
華碩,1,40,-38,1,2026-04-08,2026-06-03,39,65.66,2026-06-02,Computex電腦展,2026
華碩,1,41,-38,2,2026-04-08,2026-06-04,40,58.72,2026-06-02,Computex電腦展,2026
華碩,1,42,-38,3,2026-04-08,2026-06-05,41,60.14,2026-06-02,Computex電腦展,2026
華碩,1,43,-38,4,2026-04-08,2026-06-08,42,50.18,2026-06-02,Computex電腦展,2026
華碩,1,44,-38,5,2026-04-08,2026-06-09,43,51.25,2026-06-02,Computex電腦展,2026
華碩,1,45,-38,6,2026-04-08,2026-06-10,44,41.64,2026-06-02,Computex電腦展,2026
華碩,1,46,-38,7,2026-04-08,2026-06-11,45,39.5,2026-06-02,Computex電腦展,2026
華碩,1,47,-38,8,2026-04-08,2026-06-12,46,39.68,2026-06-02,Computex電腦展,2026
華碩,2,3,-37,-36,2026-04-09,2026-04-10,1,1.76,2026-06-02,Computex電腦展,2026
華碩,2,4,-37,-35,2026-04-09,2026-04-13,2,1.76,2026-06-02,Computex電腦展,2026
華碩,2,5,-37,-34,2026-04-09,2026-04-14,3,2.11,2026-06-02,Computex電腦展,2026
華碩,2,6,-37,-33,2026-04-09,2026-04-15,4,2.82,2026-06-02,Computex電腦展,2026
華碩,2,7,-37,-32,2026-04-09,2026-04-16,5,3.7,2026-06-02,Computex電腦展,2026
華碩,2,8,-37,-31,2026-04-09,2026-04-17,6,5.46,2026-06-02,Computex電腦展,2026
華碩,2,9,-37,-30,2026-04-09,2026-04-20,7,6.51,2026-06-02,Computex電腦展,2026
華碩,2,10,-37,-29,2026-04-09,2026-04-21,8,5.46,2026-06-02,Computex電腦展,2026
華碩,2,11,-37,-28,2026-04-09,2026-04-22,9,7.22,2026-06-02,Computex電腦展,2026
華碩,2,12,-37,-27,2026-04-09,2026-04-23,10,5.28,2026-06-02,Computex電腦展,2026
華碩,2,13,-37,-26,2026-04-09,2026-04-24,11,2.99,2026-06-02,Computex電腦展,2026
華碩,2,14,-37,-25,2026-04-09,2026-04-27,12,3.52,2026-06-02,Computex電腦展,2026
華碩,2,15,-37,-24,2026-04-09,2026-04-28,13,3.52,2026-06-02,Computex電腦展,2026
華碩,2,16,-37,-23,2026-04-09,2026-04-29,14,3.52,2026-06-02,Computex電腦展,2026
華碩,2,17,-37,-22,2026-04-09,2026-04-30,15,2.29,2026-06-02,Computex電腦展,2026
華碩,2,18,-37,-21,2026-04-09,2026-05-04,16,4.05,2026-06-02,Computex電腦展,2026
華碩,2,19,-37,-20,2026-04-09,2026-05-05,17,3.87,2026-06-02,Computex電腦展,2026
華碩,2,20,-37,-19,2026-04-09,2026-05-06,18,10.74,2026-06-02,Computex電腦展,2026
華碩,2,21,-37,-18,2026-04-09,2026-05-07,19,12.5,2026-06-02,Computex電腦展,2026
華碩,2,22,-37,-17,2026-04-09,2026-05-08,20,14.44,2026-06-02,Computex電腦展,2026
華碩,2,23,-37,-16,2026-04-09,2026-05-11,21,20.77,2026-06-02,Computex電腦展,2026
華碩,2,24,-37,-15,2026-04-09,2026-05-12,22,18.49,2026-06-02,Computex電腦展,2026
華碩,2,25,-37,-14,2026-04-09,2026-05-13,23,16.73,2026-06-02,Computex電腦展,2026
華碩,2,26,-37,-13,2026-04-09,2026-05-14,24,19.54,2026-06-02,Computex電腦展,2026
華碩,2,27,-37,-12,2026-04-09,2026-05-15,25,12.85,2026-06-02,Computex電腦展,2026
華碩,2,28,-37,-11,2026-04-09,2026-05-18,26,11.8,2026-06-02,Computex電腦展,2026
華碩,2,29,-37,-10,2026-04-09,2026-05-19,27,13.03,2026-06-02,Computex電腦展,2026
華碩,2,30,-37,-9,2026-04-09,2026-05-20,28,12.68,2026-06-02,Computex電腦展,2026
華碩,2,31,-37,-8,2026-04-09,2026-05-21,29,15.49,2026-06-02,Computex電腦展,2026
華碩,2,32,-37,-7,2026-04-09,2026-05-22,30,20.07,2026-06-02,Computex電腦展,2026
華碩,2,33,-37,-6,2026-04-09,2026-05-25,31,24.82,2026-06-02,Computex電腦展,2026
華碩,2,34,-37,-5,2026-04-09,2026-05-26,32,23.06,2026-06-02,Computex電腦展,2026
華碩,2,35,-37,-4,2026-04-09,2026-05-27,33,23.42,2026-06-02,Computex電腦展,2026
華碩,2,36,-37,-3,2026-04-09,2026-05-28,34,21.83,2026-06-02,Computex電腦展,2026
華碩,2,37,-37,-2,2026-04-09,2026-05-29,35,33.98,2026-06-02,Computex電腦展,2026
華碩,2,38,-37,-1,2026-04-09,2026-06-01,36,47.36,2026-06-02,Computex電腦展,2026
華碩,2,39,-37,0,2026-04-09,2026-06-02,37,61.97,2026-06-02,Computex電腦展,2026
華碩,2,40,-37,1,2026-04-09,2026-06-03,38,63.91,2026-06-02,Computex電腦展,2026
華碩,2,41,-37,2,2026-04-09,2026-06-04,39,57.04,2026-06-02,Computex電腦展,2026
華碩,2,42,-37,3,2026-04-09,2026-06-05,40,58.45,2026-06-02,Computex電腦展,2026
華碩,2,43,-37,4,2026-04-09,2026-06-08,41,48.59,2026-06-02,Computex電腦展,2026
華碩,2,44,-37,5,2026-04-09,2026-06-09,42,49.65,2026-06-02,Computex電腦展,2026
華碩,2,45,-37,6,2026-04-09,2026-06-10,43,40.14,2026-06-02,Computex電腦展,2026
華碩,2,46,-37,7,2026-04-09,2026-06-11,44,38.03,2026-06-02,Computex電腦展,2026
華碩,2,47,-37,8,2026-04-09,2026-06-12,45,38.2,2026-06-02,Computex電腦展,2026
華碩,3,4,-36,-35,2026-04-10,2026-04-13,1,0.0,2026-06-02,Computex電腦展,2026
華碩,3,5,-36,-34,2026-04-10,2026-04-14,2,0.35,2026-06-02,Computex電腦展,2026
華碩,3,6,-36,-33,2026-04-10,2026-04-15,3,1.04,2026-06-02,Computex電腦展,2026
華碩,3,7,-36,-32,2026-04-10,2026-04-16,4,1.9,2026-06-02,Computex電腦展,2026
華碩,3,8,-36,-31,2026-04-10,2026-04-17,5,3.63,2026-06-02,Computex電腦展,2026
華碩,3,9,-36,-30,2026-04-10,2026-04-20,6,4.67,2026-06-02,Computex電腦展,2026
華碩,3,10,-36,-29,2026-04-10,2026-04-21,7,3.63,2026-06-02,Computex電腦展,2026
華碩,3,11,-36,-28,2026-04-10,2026-04-22,8,5.36,2026-06-02,Computex電腦展,2026
華碩,3,12,-36,-27,2026-04-10,2026-04-23,9,3.46,2026-06-02,Computex電腦展,2026
華碩,3,13,-36,-26,2026-04-10,2026-04-24,10,1.21,2026-06-02,Computex電腦展,2026
華碩,3,14,-36,-25,2026-04-10,2026-04-27,11,1.73,2026-06-02,Computex電腦展,2026
華碩,3,15,-36,-24,2026-04-10,2026-04-28,12,1.73,2026-06-02,Computex電腦展,2026
華碩,3,16,-36,-23,2026-04-10,2026-04-29,13,1.73,2026-06-02,Computex電腦展,2026
華碩,3,17,-36,-22,2026-04-10,2026-04-30,14,0.52,2026-06-02,Computex電腦展,2026
華碩,3,18,-36,-21,2026-04-10,2026-05-04,15,2.25,2026-06-02,Computex電腦展,2026
華碩,3,19,-36,-20,2026-04-10,2026-05-05,16,2.08,2026-06-02,Computex電腦展,2026
華碩,3,20,-36,-19,2026-04-10,2026-05-06,17,8.82,2026-06-02,Computex電腦展,2026
華碩,3,21,-36,-18,2026-04-10,2026-05-07,18,10.55,2026-06-02,Computex電腦展,2026
華碩,3,22,-36,-17,2026-04-10,2026-05-08,19,12.46,2026-06-02,Computex電腦展,2026
華碩,3,23,-36,-16,2026-04-10,2026-05-11,20,18.69,2026-06-02,Computex電腦展,2026
華碩,3,24,-36,-15,2026-04-10,2026-05-12,21,16.44,2026-06-02,Computex電腦展,2026
華碩,3,25,-36,-14,2026-04-10,2026-05-13,22,14.71,2026-06-02,Computex電腦展,2026
華碩,3,26,-36,-13,2026-04-10,2026-05-14,23,17.47,2026-06-02,Computex電腦展,2026
華碩,3,27,-36,-12,2026-04-10,2026-05-15,24,10.9,2026-06-02,Computex電腦展,2026
華碩,3,28,-36,-11,2026-04-10,2026-05-18,25,9.86,2026-06-02,Computex電腦展,2026
華碩,3,29,-36,-10,2026-04-10,2026-05-19,26,11.07,2026-06-02,Computex電腦展,2026
華碩,3,30,-36,-9,2026-04-10,2026-05-20,27,10.73,2026-06-02,Computex電腦展,2026
華碩,3,31,-36,-8,2026-04-10,2026-05-21,28,13.49,2026-06-02,Computex電腦展,2026
華碩,3,32,-36,-7,2026-04-10,2026-05-22,29,17.99,2026-06-02,Computex電腦展,2026
華碩,3,33,-36,-6,2026-04-10,2026-05-25,30,22.66,2026-06-02,Computex電腦展,2026
華碩,3,34,-36,-5,2026-04-10,2026-05-26,31,20.93,2026-06-02,Computex電腦展,2026
華碩,3,35,-36,-4,2026-04-10,2026-05-27,32,21.28,2026-06-02,Computex電腦展,2026
華碩,3,36,-36,-3,2026-04-10,2026-05-28,33,19.72,2026-06-02,Computex電腦展,2026
華碩,3,37,-36,-2,2026-04-10,2026-05-29,34,31.66,2026-06-02,Computex電腦展,2026
華碩,3,38,-36,-1,2026-04-10,2026-06-01,35,44.81,2026-06-02,Computex電腦展,2026
華碩,3,39,-36,0,2026-04-10,2026-06-02,36,59.17,2026-06-02,Computex電腦展,2026
華碩,3,40,-36,1,2026-04-10,2026-06-03,37,61.07,2026-06-02,Computex電腦展,2026
華碩,3,41,-36,2,2026-04-10,2026-06-04,38,54.33,2026-06-02,Computex電腦展,2026
華碩,3,42,-36,3,2026-04-10,2026-06-05,39,55.71,2026-06-02,Computex電腦展,2026
華碩,3,43,-36,4,2026-04-10,2026-06-08,40,46.02,2026-06-02,Computex電腦展,2026
華碩,3,44,-36,5,2026-04-10,2026-06-09,41,47.06,2026-06-02,Computex電腦展,2026
華碩,3,45,-36,6,2026-04-10,2026-06-10,42,37.72,2026-06-02,Computex電腦展,2026
華碩,3,46,-36,7,2026-04-10,2026-06-11,43,35.64,2026-06-02,Computex電腦展,2026
華碩,3,47,-36,8,2026-04-10,2026-06-12,44,35.81,2026-06-02,Computex電腦展,2026
華碩,4,5,-35,-34,2026-04-13,2026-04-14,1,0.35,2026-06-02,Computex電腦展,2026
華碩,4,6,-35,-33,2026-04-13,2026-04-15,2,1.04,2026-06-02,Computex電腦展,2026
華碩,4,7,-35,-32,2026-04-13,2026-04-16,3,1.9,2026-06-02,Computex電腦展,2026
華碩,4,8,-35,-31,2026-04-13,2026-04-17,4,3.63,2026-06-02,Computex電腦展,2026
華碩,4,9,-35,-30,2026-04-13,2026-04-20,5,4.67,2026-06-02,Computex電腦展,2026
華碩,4,10,-35,-29,2026-04-13,2026-04-21,6,3.63,2026-06-02,Computex電腦展,2026
華碩,4,11,-35,-28,2026-04-13,2026-04-22,7,5.36,2026-06-02,Computex電腦展,2026
華碩,4,12,-35,-27,2026-04-13,2026-04-23,8,3.46,2026-06-02,Computex電腦展,2026
華碩,4,13,-35,-26,2026-04-13,2026-04-24,9,1.21,2026-06-02,Computex電腦展,2026
華碩,4,14,-35,-25,2026-04-13,2026-04-27,10,1.73,2026-06-02,Computex電腦展,2026
華碩,4,15,-35,-24,2026-04-13,2026-04-28,11,1.73,2026-06-02,Computex電腦展,2026
華碩,4,16,-35,-23,2026-04-13,2026-04-29,12,1.73,2026-06-02,Computex電腦展,2026
華碩,4,17,-35,-22,2026-04-13,2026-04-30,13,0.52,2026-06-02,Computex電腦展,2026
華碩,4,18,-35,-21,2026-04-13,2026-05-04,14,2.25,2026-06-02,Computex電腦展,2026
華碩,4,19,-35,-20,2026-04-13,2026-05-05,15,2.08,2026-06-02,Computex電腦展,2026
華碩,4,20,-35,-19,2026-04-13,2026-05-06,16,8.82,2026-06-02,Computex電腦展,2026
華碩,4,21,-35,-18,2026-04-13,2026-05-07,17,10.55,2026-06-02,Computex電腦展,2026
華碩,4,22,-35,-17,2026-04-13,2026-05-08,18,12.46,2026-06-02,Computex電腦展,2026
華碩,4,23,-35,-16,2026-04-13,2026-05-11,19,18.69,2026-06-02,Computex電腦展,2026
華碩,4,24,-35,-15,2026-04-13,2026-05-12,20,16.44,2026-06-02,Computex電腦展,2026
華碩,4,25,-35,-14,2026-04-13,2026-05-13,21,14.71,2026-06-02,Computex電腦展,2026
華碩,4,26,-35,-13,2026-04-13,2026-05-14,22,17.47,2026-06-02,Computex電腦展,2026
華碩,4,27,-35,-12,2026-04-13,2026-05-15,23,10.9,2026-06-02,Computex電腦展,2026
華碩,4,28,-35,-11,2026-04-13,2026-05-18,24,9.86,2026-06-02,Computex電腦展,2026
華碩,4,29,-35,-10,2026-04-13,2026-05-19,25,11.07,2026-06-02,Computex電腦展,2026
華碩,4,30,-35,-9,2026-04-13,2026-05-20,26,10.73,2026-06-02,Computex電腦展,2026
華碩,4,31,-35,-8,2026-04-13,2026-05-21,27,13.49,2026-06-02,Computex電腦展,2026
華碩,4,32,-35,-7,2026-04-13,2026-05-22,28,17.99,2026-06-02,Computex電腦展,2026
華碩,4,33,-35,-6,2026-04-13,2026-05-25,29,22.66,2026-06-02,Computex電腦展,2026
華碩,4,34,-35,-5,2026-04-13,2026-05-26,30,20.93,2026-06-02,Computex電腦展,2026
華碩,4,35,-35,-4,2026-04-13,2026-05-27,31,21.28,2026-06-02,Computex電腦展,2026
華碩,4,36,-35,-3,2026-04-13,2026-05-28,32,19.72,2026-06-02,Computex電腦展,2026
華碩,4,37,-35,-2,2026-04-13,2026-05-29,33,31.66,2026-06-02,Computex電腦展,2026
華碩,4,38,-35,-1,2026-04-13,2026-06-01,34,44.81,2026-06-02,Computex電腦展,2026
華碩,4,39,-35,0,2026-04-13,2026-06-02,35,59.17,2026-06-02,Computex電腦展,2026
華碩,4,40,-35,1,2026-04-13,2026-06-03,36,61.07,2026-06-02,Computex電腦展,2026
華碩,4,41,-35,2,2026-04-13,2026-06-04,37,54.33,2026-06-02,Computex電腦展,2026
華碩,4,42,-35,3,2026-04-13,2026-06-05,38,55.71,2026-06-02,Computex電腦展,2026
華碩,4,43,-35,4,2026-04-13,2026-06-08,39,46.02,2026-06-02,Computex電腦展,2026
華碩,4,44,-35,5,2026-04-13,2026-06-09,40,47.06,2026-06-02,Computex電腦展,2026
華碩,4,45,-35,6,2026-04-13,2026-06-10,41,37.72,2026-06-02,Computex電腦展,2026
華碩,4,46,-35,7,2026-04-13,2026-06-11,42,35.64,2026-06-02,Computex電腦展,2026
華碩,4,47,-35,8,2026-04-13,2026-06-12,43,35.81,2026-06-02,Computex電腦展,2026
華碩,5,6,-34,-33,2026-04-14,2026-04-15,1,0.69,2026-06-02,Computex電腦展,2026
華碩,5,7,-34,-32,2026-04-14,2026-04-16,2,1.55,2026-06-02,Computex電腦展,2026
華碩,5,8,-34,-31,2026-04-14,2026-04-17,3,3.28,2026-06-02,Computex電腦展,2026
華碩,5,9,-34,-30,2026-04-14,2026-04-20,4,4.31,2026-06-02,Computex電腦展,2026
華碩,5,10,-34,-29,2026-04-14,2026-04-21,5,3.28,2026-06-02,Computex電腦展,2026
華碩,5,11,-34,-28,2026-04-14,2026-04-22,6,5.0,2026-06-02,Computex電腦展,2026
華碩,5,12,-34,-27,2026-04-14,2026-04-23,7,3.1,2026-06-02,Computex電腦展,2026
華碩,5,13,-34,-26,2026-04-14,2026-04-24,8,0.86,2026-06-02,Computex電腦展,2026
華碩,5,14,-34,-25,2026-04-14,2026-04-27,9,1.38,2026-06-02,Computex電腦展,2026
華碩,5,15,-34,-24,2026-04-14,2026-04-28,10,1.38,2026-06-02,Computex電腦展,2026
華碩,5,16,-34,-23,2026-04-14,2026-04-29,11,1.38,2026-06-02,Computex電腦展,2026
華碩,5,17,-34,-22,2026-04-14,2026-04-30,12,0.17,2026-06-02,Computex電腦展,2026
華碩,5,18,-34,-21,2026-04-14,2026-05-04,13,1.9,2026-06-02,Computex電腦展,2026
華碩,5,19,-34,-20,2026-04-14,2026-05-05,14,1.72,2026-06-02,Computex電腦展,2026
華碩,5,20,-34,-19,2026-04-14,2026-05-06,15,8.45,2026-06-02,Computex電腦展,2026
華碩,5,21,-34,-18,2026-04-14,2026-05-07,16,10.17,2026-06-02,Computex電腦展,2026
華碩,5,22,-34,-17,2026-04-14,2026-05-08,17,12.07,2026-06-02,Computex電腦展,2026
華碩,5,23,-34,-16,2026-04-14,2026-05-11,18,18.28,2026-06-02,Computex電腦展,2026
華碩,5,24,-34,-15,2026-04-14,2026-05-12,19,16.03,2026-06-02,Computex電腦展,2026
華碩,5,25,-34,-14,2026-04-14,2026-05-13,20,14.31,2026-06-02,Computex電腦展,2026
華碩,5,26,-34,-13,2026-04-14,2026-05-14,21,17.07,2026-06-02,Computex電腦展,2026
華碩,5,27,-34,-12,2026-04-14,2026-05-15,22,10.52,2026-06-02,Computex電腦展,2026
華碩,5,28,-34,-11,2026-04-14,2026-05-18,23,9.48,2026-06-02,Computex電腦展,2026
華碩,5,29,-34,-10,2026-04-14,2026-05-19,24,10.69,2026-06-02,Computex電腦展,2026
華碩,5,30,-34,-9,2026-04-14,2026-05-20,25,10.34,2026-06-02,Computex電腦展,2026
華碩,5,31,-34,-8,2026-04-14,2026-05-21,26,13.1,2026-06-02,Computex電腦展,2026
華碩,5,32,-34,-7,2026-04-14,2026-05-22,27,17.59,2026-06-02,Computex電腦展,2026
華碩,5,33,-34,-6,2026-04-14,2026-05-25,28,22.24,2026-06-02,Computex電腦展,2026
華碩,5,34,-34,-5,2026-04-14,2026-05-26,29,20.52,2026-06-02,Computex電腦展,2026
華碩,5,35,-34,-4,2026-04-14,2026-05-27,30,20.86,2026-06-02,Computex電腦展,2026
華碩,5,36,-34,-3,2026-04-14,2026-05-28,31,19.31,2026-06-02,Computex電腦展,2026
華碩,5,37,-34,-2,2026-04-14,2026-05-29,32,31.21,2026-06-02,Computex電腦展,2026
華碩,5,38,-34,-1,2026-04-14,2026-06-01,33,44.31,2026-06-02,Computex電腦展,2026
華碩,5,39,-34,0,2026-04-14,2026-06-02,34,58.62,2026-06-02,Computex電腦展,2026
華碩,5,40,-34,1,2026-04-14,2026-06-03,35,60.52,2026-06-02,Computex電腦展,2026
華碩,5,41,-34,2,2026-04-14,2026-06-04,36,53.79,2026-06-02,Computex電腦展,2026
華碩,5,42,-34,3,2026-04-14,2026-06-05,37,55.17,2026-06-02,Computex電腦展,2026
華碩,5,43,-34,4,2026-04-14,2026-06-08,38,45.52,2026-06-02,Computex電腦展,2026
華碩,5,44,-34,5,2026-04-14,2026-06-09,39,46.55,2026-06-02,Computex電腦展,2026
華碩,5,45,-34,6,2026-04-14,2026-06-10,40,37.24,2026-06-02,Computex電腦展,2026
華碩,5,46,-34,7,2026-04-14,2026-06-11,41,35.17,2026-06-02,Computex電腦展,2026
華碩,5,47,-34,8,2026-04-14,2026-06-12,42,35.34,2026-06-02,Computex電腦展,2026
華碩,6,7,-33,-32,2026-04-15,2026-04-16,1,0.86,2026-06-02,Computex電腦展,2026
華碩,6,8,-33,-31,2026-04-15,2026-04-17,2,2.57,2026-06-02,Computex電腦展,2026
華碩,6,9,-33,-30,2026-04-15,2026-04-20,3,3.6,2026-06-02,Computex電腦展,2026
華碩,6,10,-33,-29,2026-04-15,2026-04-21,4,2.57,2026-06-02,Computex電腦展,2026
華碩,6,11,-33,-28,2026-04-15,2026-04-22,5,4.28,2026-06-02,Computex電腦展,2026
華碩,6,12,-33,-27,2026-04-15,2026-04-23,6,2.4,2026-06-02,Computex電腦展,2026
華碩,6,13,-33,-26,2026-04-15,2026-04-24,7,0.17,2026-06-02,Computex電腦展,2026
華碩,6,14,-33,-25,2026-04-15,2026-04-27,8,0.68,2026-06-02,Computex電腦展,2026
華碩,6,15,-33,-24,2026-04-15,2026-04-28,9,0.68,2026-06-02,Computex電腦展,2026
華碩,6,16,-33,-23,2026-04-15,2026-04-29,10,0.68,2026-06-02,Computex電腦展,2026
華碩,6,17,-33,-22,2026-04-15,2026-04-30,11,-0.51,2026-06-02,Computex電腦展,2026
華碩,6,18,-33,-21,2026-04-15,2026-05-04,12,1.2,2026-06-02,Computex電腦展,2026
華碩,6,19,-33,-20,2026-04-15,2026-05-05,13,1.03,2026-06-02,Computex電腦展,2026
華碩,6,20,-33,-19,2026-04-15,2026-05-06,14,7.71,2026-06-02,Computex電腦展,2026
華碩,6,21,-33,-18,2026-04-15,2026-05-07,15,9.42,2026-06-02,Computex電腦展,2026
華碩,6,22,-33,-17,2026-04-15,2026-05-08,16,11.3,2026-06-02,Computex電腦展,2026
華碩,6,23,-33,-16,2026-04-15,2026-05-11,17,17.47,2026-06-02,Computex電腦展,2026
華碩,6,24,-33,-15,2026-04-15,2026-05-12,18,15.24,2026-06-02,Computex電腦展,2026
華碩,6,25,-33,-14,2026-04-15,2026-05-13,19,13.53,2026-06-02,Computex電腦展,2026
華碩,6,26,-33,-13,2026-04-15,2026-05-14,20,16.27,2026-06-02,Computex電腦展,2026
華碩,6,27,-33,-12,2026-04-15,2026-05-15,21,9.76,2026-06-02,Computex電腦展,2026
華碩,6,28,-33,-11,2026-04-15,2026-05-18,22,8.73,2026-06-02,Computex電腦展,2026
華碩,6,29,-33,-10,2026-04-15,2026-05-19,23,9.93,2026-06-02,Computex電腦展,2026
華碩,6,30,-33,-9,2026-04-15,2026-05-20,24,9.59,2026-06-02,Computex電腦展,2026
華碩,6,31,-33,-8,2026-04-15,2026-05-21,25,12.33,2026-06-02,Computex電腦展,2026
華碩,6,32,-33,-7,2026-04-15,2026-05-22,26,16.78,2026-06-02,Computex電腦展,2026
華碩,6,33,-33,-6,2026-04-15,2026-05-25,27,21.4,2026-06-02,Computex電腦展,2026
華碩,6,34,-33,-5,2026-04-15,2026-05-26,28,19.69,2026-06-02,Computex電腦展,2026
華碩,6,35,-33,-4,2026-04-15,2026-05-27,29,20.03,2026-06-02,Computex電腦展,2026
華碩,6,36,-33,-3,2026-04-15,2026-05-28,30,18.49,2026-06-02,Computex電腦展,2026
華碩,6,37,-33,-2,2026-04-15,2026-05-29,31,30.31,2026-06-02,Computex電腦展,2026
華碩,6,38,-33,-1,2026-04-15,2026-06-01,32,43.32,2026-06-02,Computex電腦展,2026
華碩,6,39,-33,0,2026-04-15,2026-06-02,33,57.53,2026-06-02,Computex電腦展,2026
華碩,6,40,-33,1,2026-04-15,2026-06-03,34,59.42,2026-06-02,Computex電腦展,2026
華碩,6,41,-33,2,2026-04-15,2026-06-04,35,52.74,2026-06-02,Computex電腦展,2026
華碩,6,42,-33,3,2026-04-15,2026-06-05,36,54.11,2026-06-02,Computex電腦展,2026
華碩,6,43,-33,4,2026-04-15,2026-06-08,37,44.52,2026-06-02,Computex電腦展,2026
華碩,6,44,-33,5,2026-04-15,2026-06-09,38,45.55,2026-06-02,Computex電腦展,2026
華碩,6,45,-33,6,2026-04-15,2026-06-10,39,36.3,2026-06-02,Computex電腦展,2026
華碩,6,46,-33,7,2026-04-15,2026-06-11,40,34.25,2026-06-02,Computex電腦展,2026
華碩,6,47,-33,8,2026-04-15,2026-06-12,41,34.42,2026-06-02,Computex電腦展,2026
華碩,7,8,-32,-31,2026-04-16,2026-04-17,1,1.7,2026-06-02,Computex電腦展,2026
華碩,7,9,-32,-30,2026-04-16,2026-04-20,2,2.72,2026-06-02,Computex電腦展,2026
華碩,7,10,-32,-29,2026-04-16,2026-04-21,3,1.7,2026-06-02,Computex電腦展,2026
華碩,7,11,-32,-28,2026-04-16,2026-04-22,4,3.4,2026-06-02,Computex電腦展,2026
華碩,7,12,-32,-27,2026-04-16,2026-04-23,5,1.53,2026-06-02,Computex電腦展,2026
華碩,7,13,-32,-26,2026-04-16,2026-04-24,6,-0.68,2026-06-02,Computex電腦展,2026
華碩,7,14,-32,-25,2026-04-16,2026-04-27,7,-0.17,2026-06-02,Computex電腦展,2026
華碩,7,15,-32,-24,2026-04-16,2026-04-28,8,-0.17,2026-06-02,Computex電腦展,2026
華碩,7,16,-32,-23,2026-04-16,2026-04-29,9,-0.17,2026-06-02,Computex電腦展,2026
華碩,7,17,-32,-22,2026-04-16,2026-04-30,10,-1.36,2026-06-02,Computex電腦展,2026
華碩,7,18,-32,-21,2026-04-16,2026-05-04,11,0.34,2026-06-02,Computex電腦展,2026
華碩,7,19,-32,-20,2026-04-16,2026-05-05,12,0.17,2026-06-02,Computex電腦展,2026
華碩,7,20,-32,-19,2026-04-16,2026-05-06,13,6.79,2026-06-02,Computex電腦展,2026
華碩,7,21,-32,-18,2026-04-16,2026-05-07,14,8.49,2026-06-02,Computex電腦展,2026
華碩,7,22,-32,-17,2026-04-16,2026-05-08,15,10.36,2026-06-02,Computex電腦展,2026
華碩,7,23,-32,-16,2026-04-16,2026-05-11,16,16.47,2026-06-02,Computex電腦展,2026
華碩,7,24,-32,-15,2026-04-16,2026-05-12,17,14.26,2026-06-02,Computex電腦展,2026
華碩,7,25,-32,-14,2026-04-16,2026-05-13,18,12.56,2026-06-02,Computex電腦展,2026
華碩,7,26,-32,-13,2026-04-16,2026-05-14,19,15.28,2026-06-02,Computex電腦展,2026
華碩,7,27,-32,-12,2026-04-16,2026-05-15,20,8.83,2026-06-02,Computex電腦展,2026
華碩,7,28,-32,-11,2026-04-16,2026-05-18,21,7.81,2026-06-02,Computex電腦展,2026
華碩,7,29,-32,-10,2026-04-16,2026-05-19,22,9.0,2026-06-02,Computex電腦展,2026
華碩,7,30,-32,-9,2026-04-16,2026-05-20,23,8.66,2026-06-02,Computex電腦展,2026
華碩,7,31,-32,-8,2026-04-16,2026-05-21,24,11.38,2026-06-02,Computex電腦展,2026
華碩,7,32,-32,-7,2026-04-16,2026-05-22,25,15.79,2026-06-02,Computex電腦展,2026
華碩,7,33,-32,-6,2026-04-16,2026-05-25,26,20.37,2026-06-02,Computex電腦展,2026
華碩,7,34,-32,-5,2026-04-16,2026-05-26,27,18.68,2026-06-02,Computex電腦展,2026
華碩,7,35,-32,-4,2026-04-16,2026-05-27,28,19.02,2026-06-02,Computex電腦展,2026
華碩,7,36,-32,-3,2026-04-16,2026-05-28,29,17.49,2026-06-02,Computex電腦展,2026
華碩,7,37,-32,-2,2026-04-16,2026-05-29,30,29.2,2026-06-02,Computex電腦展,2026
華碩,7,38,-32,-1,2026-04-16,2026-06-01,31,42.11,2026-06-02,Computex電腦展,2026
華碩,7,39,-32,0,2026-04-16,2026-06-02,32,56.2,2026-06-02,Computex電腦展,2026
華碩,7,40,-32,1,2026-04-16,2026-06-03,33,58.06,2026-06-02,Computex電腦展,2026
華碩,7,41,-32,2,2026-04-16,2026-06-04,34,51.44,2026-06-02,Computex電腦展,2026
華碩,7,42,-32,3,2026-04-16,2026-06-05,35,52.8,2026-06-02,Computex電腦展,2026
華碩,7,43,-32,4,2026-04-16,2026-06-08,36,43.29,2026-06-02,Computex電腦展,2026
華碩,7,44,-32,5,2026-04-16,2026-06-09,37,44.31,2026-06-02,Computex電腦展,2026
華碩,7,45,-32,6,2026-04-16,2026-06-10,38,35.14,2026-06-02,Computex電腦展,2026
華碩,7,46,-32,7,2026-04-16,2026-06-11,39,33.11,2026-06-02,Computex電腦展,2026
華碩,7,47,-32,8,2026-04-16,2026-06-12,40,33.28,2026-06-02,Computex電腦展,2026
華碩,8,9,-31,-30,2026-04-17,2026-04-20,1,1.0,2026-06-02,Computex電腦展,2026
華碩,8,10,-31,-29,2026-04-17,2026-04-21,2,0.0,2026-06-02,Computex電腦展,2026
華碩,8,11,-31,-28,2026-04-17,2026-04-22,3,1.67,2026-06-02,Computex電腦展,2026
華碩,8,12,-31,-27,2026-04-17,2026-04-23,4,-0.17,2026-06-02,Computex電腦展,2026
華碩,8,13,-31,-26,2026-04-17,2026-04-24,5,-2.34,2026-06-02,Computex電腦展,2026
華碩,8,14,-31,-25,2026-04-17,2026-04-27,6,-1.84,2026-06-02,Computex電腦展,2026
華碩,8,15,-31,-24,2026-04-17,2026-04-28,7,-1.84,2026-06-02,Computex電腦展,2026
華碩,8,16,-31,-23,2026-04-17,2026-04-29,8,-1.84,2026-06-02,Computex電腦展,2026
華碩,8,17,-31,-22,2026-04-17,2026-04-30,9,-3.01,2026-06-02,Computex電腦展,2026
華碩,8,18,-31,-21,2026-04-17,2026-05-04,10,-1.34,2026-06-02,Computex電腦展,2026
華碩,8,19,-31,-20,2026-04-17,2026-05-05,11,-1.5,2026-06-02,Computex電腦展,2026
華碩,8,20,-31,-19,2026-04-17,2026-05-06,12,5.01,2026-06-02,Computex電腦展,2026
華碩,8,21,-31,-18,2026-04-17,2026-05-07,13,6.68,2026-06-02,Computex電腦展,2026
華碩,8,22,-31,-17,2026-04-17,2026-05-08,14,8.51,2026-06-02,Computex電腦展,2026
華碩,8,23,-31,-16,2026-04-17,2026-05-11,15,14.52,2026-06-02,Computex電腦展,2026
華碩,8,24,-31,-15,2026-04-17,2026-05-12,16,12.35,2026-06-02,Computex電腦展,2026
華碩,8,25,-31,-14,2026-04-17,2026-05-13,17,10.68,2026-06-02,Computex電腦展,2026
華碩,8,26,-31,-13,2026-04-17,2026-05-14,18,13.36,2026-06-02,Computex電腦展,2026
華碩,8,27,-31,-12,2026-04-17,2026-05-15,19,7.01,2026-06-02,Computex電腦展,2026
華碩,8,28,-31,-11,2026-04-17,2026-05-18,20,6.01,2026-06-02,Computex電腦展,2026
華碩,8,29,-31,-10,2026-04-17,2026-05-19,21,7.18,2026-06-02,Computex電腦展,2026
華碩,8,30,-31,-9,2026-04-17,2026-05-20,22,6.84,2026-06-02,Computex電腦展,2026
華碩,8,31,-31,-8,2026-04-17,2026-05-21,23,9.52,2026-06-02,Computex電腦展,2026
華碩,8,32,-31,-7,2026-04-17,2026-05-22,24,13.86,2026-06-02,Computex電腦展,2026
華碩,8,33,-31,-6,2026-04-17,2026-05-25,25,18.36,2026-06-02,Computex電腦展,2026
華碩,8,34,-31,-5,2026-04-17,2026-05-26,26,16.69,2026-06-02,Computex電腦展,2026
華碩,8,35,-31,-4,2026-04-17,2026-05-27,27,17.03,2026-06-02,Computex電腦展,2026
華碩,8,36,-31,-3,2026-04-17,2026-05-28,28,15.53,2026-06-02,Computex電腦展,2026
華碩,8,37,-31,-2,2026-04-17,2026-05-29,29,27.05,2026-06-02,Computex電腦展,2026
華碩,8,38,-31,-1,2026-04-17,2026-06-01,30,39.73,2026-06-02,Computex電腦展,2026
華碩,8,39,-31,0,2026-04-17,2026-06-02,31,53.59,2026-06-02,Computex電腦展,2026
華碩,8,40,-31,1,2026-04-17,2026-06-03,32,55.43,2026-06-02,Computex電腦展,2026
華碩,8,41,-31,2,2026-04-17,2026-06-04,33,48.91,2026-06-02,Computex電腦展,2026
華碩,8,42,-31,3,2026-04-17,2026-06-05,34,50.25,2026-06-02,Computex電腦展,2026
華碩,8,43,-31,4,2026-04-17,2026-06-08,35,40.9,2026-06-02,Computex電腦展,2026
華碩,8,44,-31,5,2026-04-17,2026-06-09,36,41.9,2026-06-02,Computex電腦展,2026
華碩,8,45,-31,6,2026-04-17,2026-06-10,37,32.89,2026-06-02,Computex電腦展,2026
華碩,8,46,-31,7,2026-04-17,2026-06-11,38,30.88,2026-06-02,Computex電腦展,2026
華碩,8,47,-31,8,2026-04-17,2026-06-12,39,31.05,2026-06-02,Computex電腦展,2026
華碩,9,10,-30,-29,2026-04-20,2026-04-21,1,-0.99,2026-06-02,Computex電腦展,2026
華碩,9,11,-30,-28,2026-04-20,2026-04-22,2,0.66,2026-06-02,Computex電腦展,2026
華碩,9,12,-30,-27,2026-04-20,2026-04-23,3,-1.16,2026-06-02,Computex電腦展,2026
華碩,9,13,-30,-26,2026-04-20,2026-04-24,4,-3.31,2026-06-02,Computex電腦展,2026
華碩,9,14,-30,-25,2026-04-20,2026-04-27,5,-2.81,2026-06-02,Computex電腦展,2026
華碩,9,15,-30,-24,2026-04-20,2026-04-28,6,-2.81,2026-06-02,Computex電腦展,2026
華碩,9,16,-30,-23,2026-04-20,2026-04-29,7,-2.81,2026-06-02,Computex電腦展,2026
華碩,9,17,-30,-22,2026-04-20,2026-04-30,8,-3.97,2026-06-02,Computex電腦展,2026
華碩,9,18,-30,-21,2026-04-20,2026-05-04,9,-2.31,2026-06-02,Computex電腦展,2026
華碩,9,19,-30,-20,2026-04-20,2026-05-05,10,-2.48,2026-06-02,Computex電腦展,2026
華碩,9,20,-30,-19,2026-04-20,2026-05-06,11,3.97,2026-06-02,Computex電腦展,2026
華碩,9,21,-30,-18,2026-04-20,2026-05-07,12,5.62,2026-06-02,Computex電腦展,2026
華碩,9,22,-30,-17,2026-04-20,2026-05-08,13,7.44,2026-06-02,Computex電腦展,2026
華碩,9,23,-30,-16,2026-04-20,2026-05-11,14,13.39,2026-06-02,Computex電腦展,2026
華碩,9,24,-30,-15,2026-04-20,2026-05-12,15,11.24,2026-06-02,Computex電腦展,2026
華碩,9,25,-30,-14,2026-04-20,2026-05-13,16,9.59,2026-06-02,Computex電腦展,2026
華碩,9,26,-30,-13,2026-04-20,2026-05-14,17,12.23,2026-06-02,Computex電腦展,2026
華碩,9,27,-30,-12,2026-04-20,2026-05-15,18,5.95,2026-06-02,Computex電腦展,2026
華碩,9,28,-30,-11,2026-04-20,2026-05-18,19,4.96,2026-06-02,Computex電腦展,2026
華碩,9,29,-30,-10,2026-04-20,2026-05-19,20,6.12,2026-06-02,Computex電腦展,2026
華碩,9,30,-30,-9,2026-04-20,2026-05-20,21,5.79,2026-06-02,Computex電腦展,2026
華碩,9,31,-30,-8,2026-04-20,2026-05-21,22,8.43,2026-06-02,Computex電腦展,2026
華碩,9,32,-30,-7,2026-04-20,2026-05-22,23,12.73,2026-06-02,Computex電腦展,2026
華碩,9,33,-30,-6,2026-04-20,2026-05-25,24,17.19,2026-06-02,Computex電腦展,2026
華碩,9,34,-30,-5,2026-04-20,2026-05-26,25,15.54,2026-06-02,Computex電腦展,2026
華碩,9,35,-30,-4,2026-04-20,2026-05-27,26,15.87,2026-06-02,Computex電腦展,2026
華碩,9,36,-30,-3,2026-04-20,2026-05-28,27,14.38,2026-06-02,Computex電腦展,2026
華碩,9,37,-30,-2,2026-04-20,2026-05-29,28,25.79,2026-06-02,Computex電腦展,2026
華碩,9,38,-30,-1,2026-04-20,2026-06-01,29,38.35,2026-06-02,Computex電腦展,2026
華碩,9,39,-30,0,2026-04-20,2026-06-02,30,52.07,2026-06-02,Computex電腦展,2026
華碩,9,40,-30,1,2026-04-20,2026-06-03,31,53.88,2026-06-02,Computex電腦展,2026
華碩,9,41,-30,2,2026-04-20,2026-06-04,32,47.44,2026-06-02,Computex電腦展,2026
華碩,9,42,-30,3,2026-04-20,2026-06-05,33,48.76,2026-06-02,Computex電腦展,2026
華碩,9,43,-30,4,2026-04-20,2026-06-08,34,39.5,2026-06-02,Computex電腦展,2026
華碩,9,44,-30,5,2026-04-20,2026-06-09,35,40.5,2026-06-02,Computex電腦展,2026
華碩,9,45,-30,6,2026-04-20,2026-06-10,36,31.57,2026-06-02,Computex電腦展,2026
華碩,9,46,-30,7,2026-04-20,2026-06-11,37,29.59,2026-06-02,Computex電腦展,2026
華碩,9,47,-30,8,2026-04-20,2026-06-12,38,29.75,2026-06-02,Computex電腦展,2026
華碩,10,11,-29,-28,2026-04-21,2026-04-22,1,1.67,2026-06-02,Computex電腦展,2026
華碩,10,12,-29,-27,2026-04-21,2026-04-23,2,-0.17,2026-06-02,Computex電腦展,2026
華碩,10,13,-29,-26,2026-04-21,2026-04-24,3,-2.34,2026-06-02,Computex電腦展,2026
華碩,10,14,-29,-25,2026-04-21,2026-04-27,4,-1.84,2026-06-02,Computex電腦展,2026
華碩,10,15,-29,-24,2026-04-21,2026-04-28,5,-1.84,2026-06-02,Computex電腦展,2026
華碩,10,16,-29,-23,2026-04-21,2026-04-29,6,-1.84,2026-06-02,Computex電腦展,2026
華碩,10,17,-29,-22,2026-04-21,2026-04-30,7,-3.01,2026-06-02,Computex電腦展,2026
華碩,10,18,-29,-21,2026-04-21,2026-05-04,8,-1.34,2026-06-02,Computex電腦展,2026
華碩,10,19,-29,-20,2026-04-21,2026-05-05,9,-1.5,2026-06-02,Computex電腦展,2026
華碩,10,20,-29,-19,2026-04-21,2026-05-06,10,5.01,2026-06-02,Computex電腦展,2026
華碩,10,21,-29,-18,2026-04-21,2026-05-07,11,6.68,2026-06-02,Computex電腦展,2026
華碩,10,22,-29,-17,2026-04-21,2026-05-08,12,8.51,2026-06-02,Computex電腦展,2026
華碩,10,23,-29,-16,2026-04-21,2026-05-11,13,14.52,2026-06-02,Computex電腦展,2026
華碩,10,24,-29,-15,2026-04-21,2026-05-12,14,12.35,2026-06-02,Computex電腦展,2026
華碩,10,25,-29,-14,2026-04-21,2026-05-13,15,10.68,2026-06-02,Computex電腦展,2026
華碩,10,26,-29,-13,2026-04-21,2026-05-14,16,13.36,2026-06-02,Computex電腦展,2026
華碩,10,27,-29,-12,2026-04-21,2026-05-15,17,7.01,2026-06-02,Computex電腦展,2026
華碩,10,28,-29,-11,2026-04-21,2026-05-18,18,6.01,2026-06-02,Computex電腦展,2026
華碩,10,29,-29,-10,2026-04-21,2026-05-19,19,7.18,2026-06-02,Computex電腦展,2026
華碩,10,30,-29,-9,2026-04-21,2026-05-20,20,6.84,2026-06-02,Computex電腦展,2026
華碩,10,31,-29,-8,2026-04-21,2026-05-21,21,9.52,2026-06-02,Computex電腦展,2026
華碩,10,32,-29,-7,2026-04-21,2026-05-22,22,13.86,2026-06-02,Computex電腦展,2026
華碩,10,33,-29,-6,2026-04-21,2026-05-25,23,18.36,2026-06-02,Computex電腦展,2026
華碩,10,34,-29,-5,2026-04-21,2026-05-26,24,16.69,2026-06-02,Computex電腦展,2026
華碩,10,35,-29,-4,2026-04-21,2026-05-27,25,17.03,2026-06-02,Computex電腦展,2026
華碩,10,36,-29,-3,2026-04-21,2026-05-28,26,15.53,2026-06-02,Computex電腦展,2026
華碩,10,37,-29,-2,2026-04-21,2026-05-29,27,27.05,2026-06-02,Computex電腦展,2026
華碩,10,38,-29,-1,2026-04-21,2026-06-01,28,39.73,2026-06-02,Computex電腦展,2026
華碩,10,39,-29,0,2026-04-21,2026-06-02,29,53.59,2026-06-02,Computex電腦展,2026
華碩,10,40,-29,1,2026-04-21,2026-06-03,30,55.43,2026-06-02,Computex電腦展,2026
華碩,10,41,-29,2,2026-04-21,2026-06-04,31,48.91,2026-06-02,Computex電腦展,2026
華碩,10,42,-29,3,2026-04-21,2026-06-05,32,50.25,2026-06-02,Computex電腦展,2026
華碩,10,43,-29,4,2026-04-21,2026-06-08,33,40.9,2026-06-02,Computex電腦展,2026
華碩,10,44,-29,5,2026-04-21,2026-06-09,34,41.9,2026-06-02,Computex電腦展,2026
華碩,10,45,-29,6,2026-04-21,2026-06-10,35,32.89,2026-06-02,Computex電腦展,2026
華碩,10,46,-29,7,2026-04-21,2026-06-11,36,30.88,2026-06-02,Computex電腦展,2026
華碩,10,47,-29,8,2026-04-21,2026-06-12,37,31.05,2026-06-02,Computex電腦展,2026
華碩,11,12,-28,-27,2026-04-22,2026-04-23,1,-1.81,2026-06-02,Computex電腦展,2026
華碩,11,13,-28,-26,2026-04-22,2026-04-24,2,-3.94,2026-06-02,Computex電腦展,2026
華碩,11,14,-28,-25,2026-04-22,2026-04-27,3,-3.45,2026-06-02,Computex電腦展,2026
華碩,11,15,-28,-24,2026-04-22,2026-04-28,4,-3.45,2026-06-02,Computex電腦展,2026
華碩,11,16,-28,-23,2026-04-22,2026-04-29,5,-3.45,2026-06-02,Computex電腦展,2026
華碩,11,17,-28,-22,2026-04-22,2026-04-30,6,-4.6,2026-06-02,Computex電腦展,2026
華碩,11,18,-28,-21,2026-04-22,2026-05-04,7,-2.96,2026-06-02,Computex電腦展,2026
華碩,11,19,-28,-20,2026-04-22,2026-05-05,8,-3.12,2026-06-02,Computex電腦展,2026
華碩,11,20,-28,-19,2026-04-22,2026-05-06,9,3.28,2026-06-02,Computex電腦展,2026
華碩,11,21,-28,-18,2026-04-22,2026-05-07,10,4.93,2026-06-02,Computex電腦展,2026
華碩,11,22,-28,-17,2026-04-22,2026-05-08,11,6.73,2026-06-02,Computex電腦展,2026
華碩,11,23,-28,-16,2026-04-22,2026-05-11,12,12.64,2026-06-02,Computex電腦展,2026
華碩,11,24,-28,-15,2026-04-22,2026-05-12,13,10.51,2026-06-02,Computex電腦展,2026
華碩,11,25,-28,-14,2026-04-22,2026-05-13,14,8.87,2026-06-02,Computex電腦展,2026
華碩,11,26,-28,-13,2026-04-22,2026-05-14,15,11.49,2026-06-02,Computex電腦展,2026
華碩,11,27,-28,-12,2026-04-22,2026-05-15,16,5.25,2026-06-02,Computex電腦展,2026
華碩,11,28,-28,-11,2026-04-22,2026-05-18,17,4.27,2026-06-02,Computex電腦展,2026
華碩,11,29,-28,-10,2026-04-22,2026-05-19,18,5.42,2026-06-02,Computex電腦展,2026
華碩,11,30,-28,-9,2026-04-22,2026-05-20,19,5.09,2026-06-02,Computex電腦展,2026
華碩,11,31,-28,-8,2026-04-22,2026-05-21,20,7.72,2026-06-02,Computex電腦展,2026
華碩,11,32,-28,-7,2026-04-22,2026-05-22,21,11.99,2026-06-02,Computex電腦展,2026
華碩,11,33,-28,-6,2026-04-22,2026-05-25,22,16.42,2026-06-02,Computex電腦展,2026
華碩,11,34,-28,-5,2026-04-22,2026-05-26,23,14.78,2026-06-02,Computex電腦展,2026
華碩,11,35,-28,-4,2026-04-22,2026-05-27,24,15.11,2026-06-02,Computex電腦展,2026
華碩,11,36,-28,-3,2026-04-22,2026-05-28,25,13.63,2026-06-02,Computex電腦展,2026
華碩,11,37,-28,-2,2026-04-22,2026-05-29,26,24.96,2026-06-02,Computex電腦展,2026
華碩,11,38,-28,-1,2026-04-22,2026-06-01,27,37.44,2026-06-02,Computex電腦展,2026
華碩,11,39,-28,0,2026-04-22,2026-06-02,28,51.07,2026-06-02,Computex電腦展,2026
華碩,11,40,-28,1,2026-04-22,2026-06-03,29,52.87,2026-06-02,Computex電腦展,2026
華碩,11,41,-28,2,2026-04-22,2026-06-04,30,46.47,2026-06-02,Computex電腦展,2026
華碩,11,42,-28,3,2026-04-22,2026-06-05,31,47.78,2026-06-02,Computex電腦展,2026
華碩,11,43,-28,4,2026-04-22,2026-06-08,32,38.59,2026-06-02,Computex電腦展,2026
華碩,11,44,-28,5,2026-04-22,2026-06-09,33,39.57,2026-06-02,Computex電腦展,2026
華碩,11,45,-28,6,2026-04-22,2026-06-10,34,30.71,2026-06-02,Computex電腦展,2026
華碩,11,46,-28,7,2026-04-22,2026-06-11,35,28.74,2026-06-02,Computex電腦展,2026
華碩,11,47,-28,8,2026-04-22,2026-06-12,36,28.9,2026-06-02,Computex電腦展,2026
華碩,12,13,-27,-26,2026-04-23,2026-04-24,1,-2.17,2026-06-02,Computex電腦展,2026
華碩,12,14,-27,-25,2026-04-23,2026-04-27,2,-1.67,2026-06-02,Computex電腦展,2026
華碩,12,15,-27,-24,2026-04-23,2026-04-28,3,-1.67,2026-06-02,Computex電腦展,2026
華碩,12,16,-27,-23,2026-04-23,2026-04-29,4,-1.67,2026-06-02,Computex電腦展,2026
華碩,12,17,-27,-22,2026-04-23,2026-04-30,5,-2.84,2026-06-02,Computex電腦展,2026
華碩,12,18,-27,-21,2026-04-23,2026-05-04,6,-1.17,2026-06-02,Computex電腦展,2026
華碩,12,19,-27,-20,2026-04-23,2026-05-05,7,-1.34,2026-06-02,Computex電腦展,2026
華碩,12,20,-27,-19,2026-04-23,2026-05-06,8,5.18,2026-06-02,Computex電腦展,2026
華碩,12,21,-27,-18,2026-04-23,2026-05-07,9,6.86,2026-06-02,Computex電腦展,2026
華碩,12,22,-27,-17,2026-04-23,2026-05-08,10,8.7,2026-06-02,Computex電腦展,2026
華碩,12,23,-27,-16,2026-04-23,2026-05-11,11,14.72,2026-06-02,Computex電腦展,2026
華碩,12,24,-27,-15,2026-04-23,2026-05-12,12,12.54,2026-06-02,Computex電腦展,2026
華碩,12,25,-27,-14,2026-04-23,2026-05-13,13,10.87,2026-06-02,Computex電腦展,2026
華碩,12,26,-27,-13,2026-04-23,2026-05-14,14,13.55,2026-06-02,Computex電腦展,2026
華碩,12,27,-27,-12,2026-04-23,2026-05-15,15,7.19,2026-06-02,Computex電腦展,2026
華碩,12,28,-27,-11,2026-04-23,2026-05-18,16,6.19,2026-06-02,Computex電腦展,2026
華碩,12,29,-27,-10,2026-04-23,2026-05-19,17,7.36,2026-06-02,Computex電腦展,2026
華碩,12,30,-27,-9,2026-04-23,2026-05-20,18,7.02,2026-06-02,Computex電腦展,2026
華碩,12,31,-27,-8,2026-04-23,2026-05-21,19,9.7,2026-06-02,Computex電腦展,2026
華碩,12,32,-27,-7,2026-04-23,2026-05-22,20,14.05,2026-06-02,Computex電腦展,2026
華碩,12,33,-27,-6,2026-04-23,2026-05-25,21,18.56,2026-06-02,Computex電腦展,2026
華碩,12,34,-27,-5,2026-04-23,2026-05-26,22,16.89,2026-06-02,Computex電腦展,2026
華碩,12,35,-27,-4,2026-04-23,2026-05-27,23,17.22,2026-06-02,Computex電腦展,2026
華碩,12,36,-27,-3,2026-04-23,2026-05-28,24,15.72,2026-06-02,Computex電腦展,2026
華碩,12,37,-27,-2,2026-04-23,2026-05-29,25,27.26,2026-06-02,Computex電腦展,2026
華碩,12,38,-27,-1,2026-04-23,2026-06-01,26,39.97,2026-06-02,Computex電腦展,2026
華碩,12,39,-27,0,2026-04-23,2026-06-02,27,53.85,2026-06-02,Computex電腦展,2026
華碩,12,40,-27,1,2026-04-23,2026-06-03,28,55.69,2026-06-02,Computex電腦展,2026
華碩,12,41,-27,2,2026-04-23,2026-06-04,29,49.16,2026-06-02,Computex電腦展,2026
華碩,12,42,-27,3,2026-04-23,2026-06-05,30,50.5,2026-06-02,Computex電腦展,2026
華碩,12,43,-27,4,2026-04-23,2026-06-08,31,41.14,2026-06-02,Computex電腦展,2026
華碩,12,44,-27,5,2026-04-23,2026-06-09,32,42.14,2026-06-02,Computex電腦展,2026
華碩,12,45,-27,6,2026-04-23,2026-06-10,33,33.11,2026-06-02,Computex電腦展,2026
華碩,12,46,-27,7,2026-04-23,2026-06-11,34,31.1,2026-06-02,Computex電腦展,2026
華碩,12,47,-27,8,2026-04-23,2026-06-12,35,31.27,2026-06-02,Computex電腦展,2026
華碩,13,14,-26,-25,2026-04-24,2026-04-27,1,0.51,2026-06-02,Computex電腦展,2026
華碩,13,15,-26,-24,2026-04-24,2026-04-28,2,0.51,2026-06-02,Computex電腦展,2026
華碩,13,16,-26,-23,2026-04-24,2026-04-29,3,0.51,2026-06-02,Computex電腦展,2026
華碩,13,17,-26,-22,2026-04-24,2026-04-30,4,-0.68,2026-06-02,Computex電腦展,2026
華碩,13,18,-26,-21,2026-04-24,2026-05-04,5,1.03,2026-06-02,Computex電腦展,2026
華碩,13,19,-26,-20,2026-04-24,2026-05-05,6,0.85,2026-06-02,Computex電腦展,2026
華碩,13,20,-26,-19,2026-04-24,2026-05-06,7,7.52,2026-06-02,Computex電腦展,2026
華碩,13,21,-26,-18,2026-04-24,2026-05-07,8,9.23,2026-06-02,Computex電腦展,2026
華碩,13,22,-26,-17,2026-04-24,2026-05-08,9,11.11,2026-06-02,Computex電腦展,2026
華碩,13,23,-26,-16,2026-04-24,2026-05-11,10,17.26,2026-06-02,Computex電腦展,2026
華碩,13,24,-26,-15,2026-04-24,2026-05-12,11,15.04,2026-06-02,Computex電腦展,2026
華碩,13,25,-26,-14,2026-04-24,2026-05-13,12,13.33,2026-06-02,Computex電腦展,2026
華碩,13,26,-26,-13,2026-04-24,2026-05-14,13,16.07,2026-06-02,Computex電腦展,2026
華碩,13,27,-26,-12,2026-04-24,2026-05-15,14,9.57,2026-06-02,Computex電腦展,2026
華碩,13,28,-26,-11,2026-04-24,2026-05-18,15,8.55,2026-06-02,Computex電腦展,2026
華碩,13,29,-26,-10,2026-04-24,2026-05-19,16,9.74,2026-06-02,Computex電腦展,2026
華碩,13,30,-26,-9,2026-04-24,2026-05-20,17,9.4,2026-06-02,Computex電腦展,2026
華碩,13,31,-26,-8,2026-04-24,2026-05-21,18,12.14,2026-06-02,Computex電腦展,2026
華碩,13,32,-26,-7,2026-04-24,2026-05-22,19,16.58,2026-06-02,Computex電腦展,2026
華碩,13,33,-26,-6,2026-04-24,2026-05-25,20,21.2,2026-06-02,Computex電腦展,2026
華碩,13,34,-26,-5,2026-04-24,2026-05-26,21,19.49,2026-06-02,Computex電腦展,2026
華碩,13,35,-26,-4,2026-04-24,2026-05-27,22,19.83,2026-06-02,Computex電腦展,2026
華碩,13,36,-26,-3,2026-04-24,2026-05-28,23,18.29,2026-06-02,Computex電腦展,2026
華碩,13,37,-26,-2,2026-04-24,2026-05-29,24,30.09,2026-06-02,Computex電腦展,2026
華碩,13,38,-26,-1,2026-04-24,2026-06-01,25,43.08,2026-06-02,Computex電腦展,2026
華碩,13,39,-26,0,2026-04-24,2026-06-02,26,57.26,2026-06-02,Computex電腦展,2026
華碩,13,40,-26,1,2026-04-24,2026-06-03,27,59.15,2026-06-02,Computex電腦展,2026
華碩,13,41,-26,2,2026-04-24,2026-06-04,28,52.48,2026-06-02,Computex電腦展,2026
華碩,13,42,-26,3,2026-04-24,2026-06-05,29,53.85,2026-06-02,Computex電腦展,2026
華碩,13,43,-26,4,2026-04-24,2026-06-08,30,44.27,2026-06-02,Computex電腦展,2026
華碩,13,44,-26,5,2026-04-24,2026-06-09,31,45.3,2026-06-02,Computex電腦展,2026
華碩,13,45,-26,6,2026-04-24,2026-06-10,32,36.07,2026-06-02,Computex電腦展,2026
華碩,13,46,-26,7,2026-04-24,2026-06-11,33,34.02,2026-06-02,Computex電腦展,2026
華碩,13,47,-26,8,2026-04-24,2026-06-12,34,34.19,2026-06-02,Computex電腦展,2026
華碩,14,15,-25,-24,2026-04-27,2026-04-28,1,0.0,2026-06-02,Computex電腦展,2026
華碩,14,16,-25,-23,2026-04-27,2026-04-29,2,0.0,2026-06-02,Computex電腦展,2026
華碩,14,17,-25,-22,2026-04-27,2026-04-30,3,-1.19,2026-06-02,Computex電腦展,2026
華碩,14,18,-25,-21,2026-04-27,2026-05-04,4,0.51,2026-06-02,Computex電腦展,2026
華碩,14,19,-25,-20,2026-04-27,2026-05-05,5,0.34,2026-06-02,Computex電腦展,2026
華碩,14,20,-25,-19,2026-04-27,2026-05-06,6,6.97,2026-06-02,Computex電腦展,2026
華碩,14,21,-25,-18,2026-04-27,2026-05-07,7,8.67,2026-06-02,Computex電腦展,2026
華碩,14,22,-25,-17,2026-04-27,2026-05-08,8,10.54,2026-06-02,Computex電腦展,2026
華碩,14,23,-25,-16,2026-04-27,2026-05-11,9,16.67,2026-06-02,Computex電腦展,2026
華碩,14,24,-25,-15,2026-04-27,2026-05-12,10,14.46,2026-06-02,Computex電腦展,2026
華碩,14,25,-25,-14,2026-04-27,2026-05-13,11,12.76,2026-06-02,Computex電腦展,2026
華碩,14,26,-25,-13,2026-04-27,2026-05-14,12,15.48,2026-06-02,Computex電腦展,2026
華碩,14,27,-25,-12,2026-04-27,2026-05-15,13,9.01,2026-06-02,Computex電腦展,2026
華碩,14,28,-25,-11,2026-04-27,2026-05-18,14,7.99,2026-06-02,Computex電腦展,2026
華碩,14,29,-25,-10,2026-04-27,2026-05-19,15,9.18,2026-06-02,Computex電腦展,2026
華碩,14,30,-25,-9,2026-04-27,2026-05-20,16,8.84,2026-06-02,Computex電腦展,2026
華碩,14,31,-25,-8,2026-04-27,2026-05-21,17,11.56,2026-06-02,Computex電腦展,2026
華碩,14,32,-25,-7,2026-04-27,2026-05-22,18,15.99,2026-06-02,Computex電腦展,2026
華碩,14,33,-25,-6,2026-04-27,2026-05-25,19,20.58,2026-06-02,Computex電腦展,2026
華碩,14,34,-25,-5,2026-04-27,2026-05-26,20,18.88,2026-06-02,Computex電腦展,2026
華碩,14,35,-25,-4,2026-04-27,2026-05-27,21,19.22,2026-06-02,Computex電腦展,2026
華碩,14,36,-25,-3,2026-04-27,2026-05-28,22,17.69,2026-06-02,Computex電腦展,2026
華碩,14,37,-25,-2,2026-04-27,2026-05-29,23,29.42,2026-06-02,Computex電腦展,2026
華碩,14,38,-25,-1,2026-04-27,2026-06-01,24,42.35,2026-06-02,Computex電腦展,2026
華碩,14,39,-25,0,2026-04-27,2026-06-02,25,56.46,2026-06-02,Computex電腦展,2026
華碩,14,40,-25,1,2026-04-27,2026-06-03,26,58.33,2026-06-02,Computex電腦展,2026
華碩,14,41,-25,2,2026-04-27,2026-06-04,27,51.7,2026-06-02,Computex電腦展,2026
華碩,14,42,-25,3,2026-04-27,2026-06-05,28,53.06,2026-06-02,Computex電腦展,2026
華碩,14,43,-25,4,2026-04-27,2026-06-08,29,43.54,2026-06-02,Computex電腦展,2026
華碩,14,44,-25,5,2026-04-27,2026-06-09,30,44.56,2026-06-02,Computex電腦展,2026
華碩,14,45,-25,6,2026-04-27,2026-06-10,31,35.37,2026-06-02,Computex電腦展,2026
華碩,14,46,-25,7,2026-04-27,2026-06-11,32,33.33,2026-06-02,Computex電腦展,2026
華碩,14,47,-25,8,2026-04-27,2026-06-12,33,33.5,2026-06-02,Computex電腦展,2026
華碩,15,16,-24,-23,2026-04-28,2026-04-29,1,0.0,2026-06-02,Computex電腦展,2026
華碩,15,17,-24,-22,2026-04-28,2026-04-30,2,-1.19,2026-06-02,Computex電腦展,2026
華碩,15,18,-24,-21,2026-04-28,2026-05-04,3,0.51,2026-06-02,Computex電腦展,2026
華碩,15,19,-24,-20,2026-04-28,2026-05-05,4,0.34,2026-06-02,Computex電腦展,2026
華碩,15,20,-24,-19,2026-04-28,2026-05-06,5,6.97,2026-06-02,Computex電腦展,2026
華碩,15,21,-24,-18,2026-04-28,2026-05-07,6,8.67,2026-06-02,Computex電腦展,2026
華碩,15,22,-24,-17,2026-04-28,2026-05-08,7,10.54,2026-06-02,Computex電腦展,2026
華碩,15,23,-24,-16,2026-04-28,2026-05-11,8,16.67,2026-06-02,Computex電腦展,2026
華碩,15,24,-24,-15,2026-04-28,2026-05-12,9,14.46,2026-06-02,Computex電腦展,2026
華碩,15,25,-24,-14,2026-04-28,2026-05-13,10,12.76,2026-06-02,Computex電腦展,2026
華碩,15,26,-24,-13,2026-04-28,2026-05-14,11,15.48,2026-06-02,Computex電腦展,2026
華碩,15,27,-24,-12,2026-04-28,2026-05-15,12,9.01,2026-06-02,Computex電腦展,2026
華碩,15,28,-24,-11,2026-04-28,2026-05-18,13,7.99,2026-06-02,Computex電腦展,2026
華碩,15,29,-24,-10,2026-04-28,2026-05-19,14,9.18,2026-06-02,Computex電腦展,2026
華碩,15,30,-24,-9,2026-04-28,2026-05-20,15,8.84,2026-06-02,Computex電腦展,2026
華碩,15,31,-24,-8,2026-04-28,2026-05-21,16,11.56,2026-06-02,Computex電腦展,2026
華碩,15,32,-24,-7,2026-04-28,2026-05-22,17,15.99,2026-06-02,Computex電腦展,2026
華碩,15,33,-24,-6,2026-04-28,2026-05-25,18,20.58,2026-06-02,Computex電腦展,2026
華碩,15,34,-24,-5,2026-04-28,2026-05-26,19,18.88,2026-06-02,Computex電腦展,2026
華碩,15,35,-24,-4,2026-04-28,2026-05-27,20,19.22,2026-06-02,Computex電腦展,2026
華碩,15,36,-24,-3,2026-04-28,2026-05-28,21,17.69,2026-06-02,Computex電腦展,2026
華碩,15,37,-24,-2,2026-04-28,2026-05-29,22,29.42,2026-06-02,Computex電腦展,2026
華碩,15,38,-24,-1,2026-04-28,2026-06-01,23,42.35,2026-06-02,Computex電腦展,2026
華碩,15,39,-24,0,2026-04-28,2026-06-02,24,56.46,2026-06-02,Computex電腦展,2026
華碩,15,40,-24,1,2026-04-28,2026-06-03,25,58.33,2026-06-02,Computex電腦展,2026
華碩,15,41,-24,2,2026-04-28,2026-06-04,26,51.7,2026-06-02,Computex電腦展,2026
華碩,15,42,-24,3,2026-04-28,2026-06-05,27,53.06,2026-06-02,Computex電腦展,2026
華碩,15,43,-24,4,2026-04-28,2026-06-08,28,43.54,2026-06-02,Computex電腦展,2026
華碩,15,44,-24,5,2026-04-28,2026-06-09,29,44.56,2026-06-02,Computex電腦展,2026
華碩,15,45,-24,6,2026-04-28,2026-06-10,30,35.37,2026-06-02,Computex電腦展,2026
華碩,15,46,-24,7,2026-04-28,2026-06-11,31,33.33,2026-06-02,Computex電腦展,2026
華碩,15,47,-24,8,2026-04-28,2026-06-12,32,33.5,2026-06-02,Computex電腦展,2026
華碩,16,17,-23,-22,2026-04-29,2026-04-30,1,-1.19,2026-06-02,Computex電腦展,2026
華碩,16,18,-23,-21,2026-04-29,2026-05-04,2,0.51,2026-06-02,Computex電腦展,2026
華碩,16,19,-23,-20,2026-04-29,2026-05-05,3,0.34,2026-06-02,Computex電腦展,2026
華碩,16,20,-23,-19,2026-04-29,2026-05-06,4,6.97,2026-06-02,Computex電腦展,2026
華碩,16,21,-23,-18,2026-04-29,2026-05-07,5,8.67,2026-06-02,Computex電腦展,2026
華碩,16,22,-23,-17,2026-04-29,2026-05-08,6,10.54,2026-06-02,Computex電腦展,2026
華碩,16,23,-23,-16,2026-04-29,2026-05-11,7,16.67,2026-06-02,Computex電腦展,2026
華碩,16,24,-23,-15,2026-04-29,2026-05-12,8,14.46,2026-06-02,Computex電腦展,2026
華碩,16,25,-23,-14,2026-04-29,2026-05-13,9,12.76,2026-06-02,Computex電腦展,2026
華碩,16,26,-23,-13,2026-04-29,2026-05-14,10,15.48,2026-06-02,Computex電腦展,2026
華碩,16,27,-23,-12,2026-04-29,2026-05-15,11,9.01,2026-06-02,Computex電腦展,2026
華碩,16,28,-23,-11,2026-04-29,2026-05-18,12,7.99,2026-06-02,Computex電腦展,2026
華碩,16,29,-23,-10,2026-04-29,2026-05-19,13,9.18,2026-06-02,Computex電腦展,2026
華碩,16,30,-23,-9,2026-04-29,2026-05-20,14,8.84,2026-06-02,Computex電腦展,2026
華碩,16,31,-23,-8,2026-04-29,2026-05-21,15,11.56,2026-06-02,Computex電腦展,2026
華碩,16,32,-23,-7,2026-04-29,2026-05-22,16,15.99,2026-06-02,Computex電腦展,2026
華碩,16,33,-23,-6,2026-04-29,2026-05-25,17,20.58,2026-06-02,Computex電腦展,2026
華碩,16,34,-23,-5,2026-04-29,2026-05-26,18,18.88,2026-06-02,Computex電腦展,2026
華碩,16,35,-23,-4,2026-04-29,2026-05-27,19,19.22,2026-06-02,Computex電腦展,2026
華碩,16,36,-23,-3,2026-04-29,2026-05-28,20,17.69,2026-06-02,Computex電腦展,2026
華碩,16,37,-23,-2,2026-04-29,2026-05-29,21,29.42,2026-06-02,Computex電腦展,2026
華碩,16,38,-23,-1,2026-04-29,2026-06-01,22,42.35,2026-06-02,Computex電腦展,2026
華碩,16,39,-23,0,2026-04-29,2026-06-02,23,56.46,2026-06-02,Computex電腦展,2026
華碩,16,40,-23,1,2026-04-29,2026-06-03,24,58.33,2026-06-02,Computex電腦展,2026
華碩,16,41,-23,2,2026-04-29,2026-06-04,25,51.7,2026-06-02,Computex電腦展,2026
華碩,16,42,-23,3,2026-04-29,2026-06-05,26,53.06,2026-06-02,Computex電腦展,2026
華碩,16,43,-23,4,2026-04-29,2026-06-08,27,43.54,2026-06-02,Computex電腦展,2026
華碩,16,44,-23,5,2026-04-29,2026-06-09,28,44.56,2026-06-02,Computex電腦展,2026
華碩,16,45,-23,6,2026-04-29,2026-06-10,29,35.37,2026-06-02,Computex電腦展,2026
華碩,16,46,-23,7,2026-04-29,2026-06-11,30,33.33,2026-06-02,Computex電腦展,2026
華碩,16,47,-23,8,2026-04-29,2026-06-12,31,33.5,2026-06-02,Computex電腦展,2026
華碩,17,18,-22,-21,2026-04-30,2026-05-04,1,1.72,2026-06-02,Computex電腦展,2026
華碩,17,19,-22,-20,2026-04-30,2026-05-05,2,1.55,2026-06-02,Computex電腦展,2026
華碩,17,20,-22,-19,2026-04-30,2026-05-06,3,8.26,2026-06-02,Computex電腦展,2026
華碩,17,21,-22,-18,2026-04-30,2026-05-07,4,9.98,2026-06-02,Computex電腦展,2026
華碩,17,22,-22,-17,2026-04-30,2026-05-08,5,11.88,2026-06-02,Computex電腦展,2026
華碩,17,23,-22,-16,2026-04-30,2026-05-11,6,18.07,2026-06-02,Computex電腦展,2026
華碩,17,24,-22,-15,2026-04-30,2026-05-12,7,15.83,2026-06-02,Computex電腦展,2026
華碩,17,25,-22,-14,2026-04-30,2026-05-13,8,14.11,2026-06-02,Computex電腦展,2026
華碩,17,26,-22,-13,2026-04-30,2026-05-14,9,16.87,2026-06-02,Computex電腦展,2026
華碩,17,27,-22,-12,2026-04-30,2026-05-15,10,10.33,2026-06-02,Computex電腦展,2026
華碩,17,28,-22,-11,2026-04-30,2026-05-18,11,9.29,2026-06-02,Computex電腦展,2026
華碩,17,29,-22,-10,2026-04-30,2026-05-19,12,10.5,2026-06-02,Computex電腦展,2026
華碩,17,30,-22,-9,2026-04-30,2026-05-20,13,10.15,2026-06-02,Computex電腦展,2026
華碩,17,31,-22,-8,2026-04-30,2026-05-21,14,12.91,2026-06-02,Computex電腦展,2026
華碩,17,32,-22,-7,2026-04-30,2026-05-22,15,17.38,2026-06-02,Computex電腦展,2026
華碩,17,33,-22,-6,2026-04-30,2026-05-25,16,22.03,2026-06-02,Computex電腦展,2026
華碩,17,34,-22,-5,2026-04-30,2026-05-26,17,20.31,2026-06-02,Computex電腦展,2026
華碩,17,35,-22,-4,2026-04-30,2026-05-27,18,20.65,2026-06-02,Computex電腦展,2026
華碩,17,36,-22,-3,2026-04-30,2026-05-28,19,19.1,2026-06-02,Computex電腦展,2026
華碩,17,37,-22,-2,2026-04-30,2026-05-29,20,30.98,2026-06-02,Computex電腦展,2026
華碩,17,38,-22,-1,2026-04-30,2026-06-01,21,44.06,2026-06-02,Computex電腦展,2026
華碩,17,39,-22,0,2026-04-30,2026-06-02,22,58.35,2026-06-02,Computex電腦展,2026
華碩,17,40,-22,1,2026-04-30,2026-06-03,23,60.24,2026-06-02,Computex電腦展,2026
華碩,17,41,-22,2,2026-04-30,2026-06-04,24,53.53,2026-06-02,Computex電腦展,2026
華碩,17,42,-22,3,2026-04-30,2026-06-05,25,54.91,2026-06-02,Computex電腦展,2026
華碩,17,43,-22,4,2026-04-30,2026-06-08,26,45.27,2026-06-02,Computex電腦展,2026
華碩,17,44,-22,5,2026-04-30,2026-06-09,27,46.3,2026-06-02,Computex電腦展,2026
華碩,17,45,-22,6,2026-04-30,2026-06-10,28,37.01,2026-06-02,Computex電腦展,2026
華碩,17,46,-22,7,2026-04-30,2026-06-11,29,34.94,2026-06-02,Computex電腦展,2026
華碩,17,47,-22,8,2026-04-30,2026-06-12,30,35.11,2026-06-02,Computex電腦展,2026
華碩,18,19,-21,-20,2026-05-04,2026-05-05,1,-0.17,2026-06-02,Computex電腦展,2026
華碩,18,20,-21,-19,2026-05-04,2026-05-06,2,6.43,2026-06-02,Computex電腦展,2026
華碩,18,21,-21,-18,2026-05-04,2026-05-07,3,8.12,2026-06-02,Computex電腦展,2026
華碩,18,22,-21,-17,2026-05-04,2026-05-08,4,9.98,2026-06-02,Computex電腦展,2026
華碩,18,23,-21,-16,2026-05-04,2026-05-11,5,16.07,2026-06-02,Computex電腦展,2026
華碩,18,24,-21,-15,2026-05-04,2026-05-12,6,13.87,2026-06-02,Computex電腦展,2026
華碩,18,25,-21,-14,2026-05-04,2026-05-13,7,12.18,2026-06-02,Computex電腦展,2026
華碩,18,26,-21,-13,2026-05-04,2026-05-14,8,14.89,2026-06-02,Computex電腦展,2026
華碩,18,27,-21,-12,2026-05-04,2026-05-15,9,8.46,2026-06-02,Computex電腦展,2026
華碩,18,28,-21,-11,2026-05-04,2026-05-18,10,7.45,2026-06-02,Computex電腦展,2026
華碩,18,29,-21,-10,2026-05-04,2026-05-19,11,8.63,2026-06-02,Computex電腦展,2026
華碩,18,30,-21,-9,2026-05-04,2026-05-20,12,8.29,2026-06-02,Computex電腦展,2026
華碩,18,31,-21,-8,2026-05-04,2026-05-21,13,11.0,2026-06-02,Computex電腦展,2026
華碩,18,32,-21,-7,2026-05-04,2026-05-22,14,15.4,2026-06-02,Computex電腦展,2026
華碩,18,33,-21,-6,2026-05-04,2026-05-25,15,19.97,2026-06-02,Computex電腦展,2026
華碩,18,34,-21,-5,2026-05-04,2026-05-26,16,18.27,2026-06-02,Computex電腦展,2026
華碩,18,35,-21,-4,2026-05-04,2026-05-27,17,18.61,2026-06-02,Computex電腦展,2026
華碩,18,36,-21,-3,2026-05-04,2026-05-28,18,17.09,2026-06-02,Computex電腦展,2026
華碩,18,37,-21,-2,2026-05-04,2026-05-29,19,28.76,2026-06-02,Computex電腦展,2026
華碩,18,38,-21,-1,2026-05-04,2026-06-01,20,41.62,2026-06-02,Computex電腦展,2026
華碩,18,39,-21,0,2026-05-04,2026-06-02,21,55.67,2026-06-02,Computex電腦展,2026
華碩,18,40,-21,1,2026-05-04,2026-06-03,22,57.53,2026-06-02,Computex電腦展,2026
華碩,18,41,-21,2,2026-05-04,2026-06-04,23,50.93,2026-06-02,Computex電腦展,2026
華碩,18,42,-21,3,2026-05-04,2026-06-05,24,52.28,2026-06-02,Computex電腦展,2026
華碩,18,43,-21,4,2026-05-04,2026-06-08,25,42.81,2026-06-02,Computex電腦展,2026
華碩,18,44,-21,5,2026-05-04,2026-06-09,26,43.82,2026-06-02,Computex電腦展,2026
華碩,18,45,-21,6,2026-05-04,2026-06-10,27,34.69,2026-06-02,Computex電腦展,2026
華碩,18,46,-21,7,2026-05-04,2026-06-11,28,32.66,2026-06-02,Computex電腦展,2026
華碩,18,47,-21,8,2026-05-04,2026-06-12,29,32.83,2026-06-02,Computex電腦展,2026
華碩,19,20,-20,-19,2026-05-05,2026-05-06,1,6.61,2026-06-02,Computex電腦展,2026
華碩,19,21,-20,-18,2026-05-05,2026-05-07,2,8.31,2026-06-02,Computex電腦展,2026
華碩,19,22,-20,-17,2026-05-05,2026-05-08,3,10.17,2026-06-02,Computex電腦展,2026
華碩,19,23,-20,-16,2026-05-05,2026-05-11,4,16.27,2026-06-02,Computex電腦展,2026
華碩,19,24,-20,-15,2026-05-05,2026-05-12,5,14.07,2026-06-02,Computex電腦展,2026
華碩,19,25,-20,-14,2026-05-05,2026-05-13,6,12.37,2026-06-02,Computex電腦展,2026
華碩,19,26,-20,-13,2026-05-05,2026-05-14,7,15.08,2026-06-02,Computex電腦展,2026
華碩,19,27,-20,-12,2026-05-05,2026-05-15,8,8.64,2026-06-02,Computex電腦展,2026
華碩,19,28,-20,-11,2026-05-05,2026-05-18,9,7.63,2026-06-02,Computex電腦展,2026
華碩,19,29,-20,-10,2026-05-05,2026-05-19,10,8.81,2026-06-02,Computex電腦展,2026
華碩,19,30,-20,-9,2026-05-05,2026-05-20,11,8.47,2026-06-02,Computex電腦展,2026
華碩,19,31,-20,-8,2026-05-05,2026-05-21,12,11.19,2026-06-02,Computex電腦展,2026
華碩,19,32,-20,-7,2026-05-05,2026-05-22,13,15.59,2026-06-02,Computex電腦展,2026
華碩,19,33,-20,-6,2026-05-05,2026-05-25,14,20.17,2026-06-02,Computex電腦展,2026
華碩,19,34,-20,-5,2026-05-05,2026-05-26,15,18.47,2026-06-02,Computex電腦展,2026
華碩,19,35,-20,-4,2026-05-05,2026-05-27,16,18.81,2026-06-02,Computex電腦展,2026
華碩,19,36,-20,-3,2026-05-05,2026-05-28,17,17.29,2026-06-02,Computex電腦展,2026
華碩,19,37,-20,-2,2026-05-05,2026-05-29,18,28.98,2026-06-02,Computex電腦展,2026
華碩,19,38,-20,-1,2026-05-05,2026-06-01,19,41.86,2026-06-02,Computex電腦展,2026
華碩,19,39,-20,0,2026-05-05,2026-06-02,20,55.93,2026-06-02,Computex電腦展,2026
華碩,19,40,-20,1,2026-05-05,2026-06-03,21,57.8,2026-06-02,Computex電腦展,2026
華碩,19,41,-20,2,2026-05-05,2026-06-04,22,51.19,2026-06-02,Computex電腦展,2026
華碩,19,42,-20,3,2026-05-05,2026-06-05,23,52.54,2026-06-02,Computex電腦展,2026
華碩,19,43,-20,4,2026-05-05,2026-06-08,24,43.05,2026-06-02,Computex電腦展,2026
華碩,19,44,-20,5,2026-05-05,2026-06-09,25,44.07,2026-06-02,Computex電腦展,2026
華碩,19,45,-20,6,2026-05-05,2026-06-10,26,34.92,2026-06-02,Computex電腦展,2026
華碩,19,46,-20,7,2026-05-05,2026-06-11,27,32.88,2026-06-02,Computex電腦展,2026
華碩,19,47,-20,8,2026-05-05,2026-06-12,28,33.05,2026-06-02,Computex電腦展,2026
華碩,20,21,-19,-18,2026-05-06,2026-05-07,1,1.59,2026-06-02,Computex電腦展,2026
華碩,20,22,-19,-17,2026-05-06,2026-05-08,2,3.34,2026-06-02,Computex電腦展,2026
華碩,20,23,-19,-16,2026-05-06,2026-05-11,3,9.06,2026-06-02,Computex電腦展,2026
華碩,20,24,-19,-15,2026-05-06,2026-05-12,4,7.0,2026-06-02,Computex電腦展,2026
華碩,20,25,-19,-14,2026-05-06,2026-05-13,5,5.41,2026-06-02,Computex電腦展,2026
華碩,20,26,-19,-13,2026-05-06,2026-05-14,6,7.95,2026-06-02,Computex電腦展,2026
華碩,20,27,-19,-12,2026-05-06,2026-05-15,7,1.91,2026-06-02,Computex電腦展,2026
華碩,20,28,-19,-11,2026-05-06,2026-05-18,8,0.95,2026-06-02,Computex電腦展,2026
華碩,20,29,-19,-10,2026-05-06,2026-05-19,9,2.07,2026-06-02,Computex電腦展,2026
華碩,20,30,-19,-9,2026-05-06,2026-05-20,10,1.75,2026-06-02,Computex電腦展,2026
華碩,20,31,-19,-8,2026-05-06,2026-05-21,11,4.29,2026-06-02,Computex電腦展,2026
華碩,20,32,-19,-7,2026-05-06,2026-05-22,12,8.43,2026-06-02,Computex電腦展,2026
華碩,20,33,-19,-6,2026-05-06,2026-05-25,13,12.72,2026-06-02,Computex電腦展,2026
華碩,20,34,-19,-5,2026-05-06,2026-05-26,14,11.13,2026-06-02,Computex電腦展,2026
華碩,20,35,-19,-4,2026-05-06,2026-05-27,15,11.45,2026-06-02,Computex電腦展,2026
華碩,20,36,-19,-3,2026-05-06,2026-05-28,16,10.02,2026-06-02,Computex電腦展,2026
華碩,20,37,-19,-2,2026-05-06,2026-05-29,17,20.99,2026-06-02,Computex電腦展,2026
華碩,20,38,-19,-1,2026-05-06,2026-06-01,18,33.07,2026-06-02,Computex電腦展,2026
華碩,20,39,-19,0,2026-05-06,2026-06-02,19,46.26,2026-06-02,Computex電腦展,2026
華碩,20,40,-19,1,2026-05-06,2026-06-03,20,48.01,2026-06-02,Computex電腦展,2026
華碩,20,41,-19,2,2026-05-06,2026-06-04,21,41.81,2026-06-02,Computex電腦展,2026
華碩,20,42,-19,3,2026-05-06,2026-06-05,22,43.08,2026-06-02,Computex電腦展,2026
華碩,20,43,-19,4,2026-05-06,2026-06-08,23,34.18,2026-06-02,Computex電腦展,2026
華碩,20,44,-19,5,2026-05-06,2026-06-09,24,35.14,2026-06-02,Computex電腦展,2026
華碩,20,45,-19,6,2026-05-06,2026-06-10,25,26.55,2026-06-02,Computex電腦展,2026
華碩,20,46,-19,7,2026-05-06,2026-06-11,26,24.64,2026-06-02,Computex電腦展,2026
華碩,20,47,-19,8,2026-05-06,2026-06-12,27,24.8,2026-06-02,Computex電腦展,2026
華碩,21,22,-18,-17,2026-05-07,2026-05-08,1,1.72,2026-06-02,Computex電腦展,2026
華碩,21,23,-18,-16,2026-05-07,2026-05-11,2,7.36,2026-06-02,Computex電腦展,2026
華碩,21,24,-18,-15,2026-05-07,2026-05-12,3,5.32,2026-06-02,Computex電腦展,2026
華碩,21,25,-18,-14,2026-05-07,2026-05-13,4,3.76,2026-06-02,Computex電腦展,2026
華碩,21,26,-18,-13,2026-05-07,2026-05-14,5,6.26,2026-06-02,Computex電腦展,2026
華碩,21,27,-18,-12,2026-05-07,2026-05-15,6,0.31,2026-06-02,Computex電腦展,2026
華碩,21,28,-18,-11,2026-05-07,2026-05-18,7,-0.63,2026-06-02,Computex電腦展,2026
華碩,21,29,-18,-10,2026-05-07,2026-05-19,8,0.47,2026-06-02,Computex電腦展,2026
華碩,21,30,-18,-9,2026-05-07,2026-05-20,9,0.16,2026-06-02,Computex電腦展,2026
華碩,21,31,-18,-8,2026-05-07,2026-05-21,10,2.66,2026-06-02,Computex電腦展,2026
華碩,21,32,-18,-7,2026-05-07,2026-05-22,11,6.73,2026-06-02,Computex電腦展,2026
華碩,21,33,-18,-6,2026-05-07,2026-05-25,12,10.95,2026-06-02,Computex電腦展,2026
華碩,21,34,-18,-5,2026-05-07,2026-05-26,13,9.39,2026-06-02,Computex電腦展,2026
華碩,21,35,-18,-4,2026-05-07,2026-05-27,14,9.7,2026-06-02,Computex電腦展,2026
華碩,21,36,-18,-3,2026-05-07,2026-05-28,15,8.29,2026-06-02,Computex電腦展,2026
華碩,21,37,-18,-2,2026-05-07,2026-05-29,16,19.09,2026-06-02,Computex電腦展,2026
華碩,21,38,-18,-1,2026-05-07,2026-06-01,17,30.99,2026-06-02,Computex電腦展,2026
華碩,21,39,-18,0,2026-05-07,2026-06-02,18,43.97,2026-06-02,Computex電腦展,2026
華碩,21,40,-18,1,2026-05-07,2026-06-03,19,45.7,2026-06-02,Computex電腦展,2026
華碩,21,41,-18,2,2026-05-07,2026-06-04,20,39.59,2026-06-02,Computex電腦展,2026
華碩,21,42,-18,3,2026-05-07,2026-06-05,21,40.85,2026-06-02,Computex電腦展,2026
華碩,21,43,-18,4,2026-05-07,2026-06-08,22,32.08,2026-06-02,Computex電腦展,2026
華碩,21,44,-18,5,2026-05-07,2026-06-09,23,33.02,2026-06-02,Computex電腦展,2026
華碩,21,45,-18,6,2026-05-07,2026-06-10,24,24.57,2026-06-02,Computex電腦展,2026
華碩,21,46,-18,7,2026-05-07,2026-06-11,25,22.69,2026-06-02,Computex電腦展,2026
華碩,21,47,-18,8,2026-05-07,2026-06-12,26,22.85,2026-06-02,Computex電腦展,2026
華碩,22,23,-17,-16,2026-05-08,2026-05-11,1,5.54,2026-06-02,Computex電腦展,2026
華碩,22,24,-17,-15,2026-05-08,2026-05-12,2,3.54,2026-06-02,Computex電腦展,2026
華碩,22,25,-17,-14,2026-05-08,2026-05-13,3,2.0,2026-06-02,Computex電腦展,2026
華碩,22,26,-17,-13,2026-05-08,2026-05-14,4,4.46,2026-06-02,Computex電腦展,2026
華碩,22,27,-17,-12,2026-05-08,2026-05-15,5,-1.38,2026-06-02,Computex電腦展,2026
華碩,22,28,-17,-11,2026-05-08,2026-05-18,6,-2.31,2026-06-02,Computex電腦展,2026
華碩,22,29,-17,-10,2026-05-08,2026-05-19,7,-1.23,2026-06-02,Computex電腦展,2026
華碩,22,30,-17,-9,2026-05-08,2026-05-20,8,-1.54,2026-06-02,Computex電腦展,2026
華碩,22,31,-17,-8,2026-05-08,2026-05-21,9,0.92,2026-06-02,Computex電腦展,2026
華碩,22,32,-17,-7,2026-05-08,2026-05-22,10,4.92,2026-06-02,Computex電腦展,2026
華碩,22,33,-17,-6,2026-05-08,2026-05-25,11,9.08,2026-06-02,Computex電腦展,2026
華碩,22,34,-17,-5,2026-05-08,2026-05-26,12,7.54,2026-06-02,Computex電腦展,2026
華碩,22,35,-17,-4,2026-05-08,2026-05-27,13,7.85,2026-06-02,Computex電腦展,2026
華碩,22,36,-17,-3,2026-05-08,2026-05-28,14,6.46,2026-06-02,Computex電腦展,2026
華碩,22,37,-17,-2,2026-05-08,2026-05-29,15,17.08,2026-06-02,Computex電腦展,2026
華碩,22,38,-17,-1,2026-05-08,2026-06-01,16,28.77,2026-06-02,Computex電腦展,2026
華碩,22,39,-17,0,2026-05-08,2026-06-02,17,41.54,2026-06-02,Computex電腦展,2026
華碩,22,40,-17,1,2026-05-08,2026-06-03,18,43.23,2026-06-02,Computex電腦展,2026
華碩,22,41,-17,2,2026-05-08,2026-06-04,19,37.23,2026-06-02,Computex電腦展,2026
華碩,22,42,-17,3,2026-05-08,2026-06-05,20,38.46,2026-06-02,Computex電腦展,2026
華碩,22,43,-17,4,2026-05-08,2026-06-08,21,29.85,2026-06-02,Computex電腦展,2026
華碩,22,44,-17,5,2026-05-08,2026-06-09,22,30.77,2026-06-02,Computex電腦展,2026
華碩,22,45,-17,6,2026-05-08,2026-06-10,23,22.46,2026-06-02,Computex電腦展,2026
華碩,22,46,-17,7,2026-05-08,2026-06-11,24,20.62,2026-06-02,Computex電腦展,2026
華碩,22,47,-17,8,2026-05-08,2026-06-12,25,20.77,2026-06-02,Computex電腦展,2026
華碩,23,24,-16,-15,2026-05-11,2026-05-12,1,-1.9,2026-06-02,Computex電腦展,2026
華碩,23,25,-16,-14,2026-05-11,2026-05-13,2,-3.35,2026-06-02,Computex電腦展,2026
華碩,23,26,-16,-13,2026-05-11,2026-05-14,3,-1.02,2026-06-02,Computex電腦展,2026
華碩,23,27,-16,-12,2026-05-11,2026-05-15,4,-6.56,2026-06-02,Computex電腦展,2026
華碩,23,28,-16,-11,2026-05-11,2026-05-18,5,-7.43,2026-06-02,Computex電腦展,2026
華碩,23,29,-16,-10,2026-05-11,2026-05-19,6,-6.41,2026-06-02,Computex電腦展,2026
華碩,23,30,-16,-9,2026-05-11,2026-05-20,7,-6.71,2026-06-02,Computex電腦展,2026
華碩,23,31,-16,-8,2026-05-11,2026-05-21,8,-4.37,2026-06-02,Computex電腦展,2026
華碩,23,32,-16,-7,2026-05-11,2026-05-22,9,-0.58,2026-06-02,Computex電腦展,2026
華碩,23,33,-16,-6,2026-05-11,2026-05-25,10,3.35,2026-06-02,Computex電腦展,2026
華碩,23,34,-16,-5,2026-05-11,2026-05-26,11,1.9,2026-06-02,Computex電腦展,2026
華碩,23,35,-16,-4,2026-05-11,2026-05-27,12,2.19,2026-06-02,Computex電腦展,2026
華碩,23,36,-16,-3,2026-05-11,2026-05-28,13,0.87,2026-06-02,Computex電腦展,2026
華碩,23,37,-16,-2,2026-05-11,2026-05-29,14,10.93,2026-06-02,Computex電腦展,2026
華碩,23,38,-16,-1,2026-05-11,2026-06-01,15,22.01,2026-06-02,Computex電腦展,2026
華碩,23,39,-16,0,2026-05-11,2026-06-02,16,34.11,2026-06-02,Computex電腦展,2026
華碩,23,40,-16,1,2026-05-11,2026-06-03,17,35.71,2026-06-02,Computex電腦展,2026
華碩,23,41,-16,2,2026-05-11,2026-06-04,18,30.03,2026-06-02,Computex電腦展,2026
華碩,23,42,-16,3,2026-05-11,2026-06-05,19,31.2,2026-06-02,Computex電腦展,2026
華碩,23,43,-16,4,2026-05-11,2026-06-08,20,23.03,2026-06-02,Computex電腦展,2026
華碩,23,44,-16,5,2026-05-11,2026-06-09,21,23.91,2026-06-02,Computex電腦展,2026
華碩,23,45,-16,6,2026-05-11,2026-06-10,22,16.03,2026-06-02,Computex電腦展,2026
華碩,23,46,-16,7,2026-05-11,2026-06-11,23,14.29,2026-06-02,Computex電腦展,2026
華碩,23,47,-16,8,2026-05-11,2026-06-12,24,14.43,2026-06-02,Computex電腦展,2026
華碩,24,25,-15,-14,2026-05-12,2026-05-13,1,-1.49,2026-06-02,Computex電腦展,2026
華碩,24,26,-15,-13,2026-05-12,2026-05-14,2,0.89,2026-06-02,Computex電腦展,2026
華碩,24,27,-15,-12,2026-05-12,2026-05-15,3,-4.75,2026-06-02,Computex電腦展,2026
華碩,24,28,-15,-11,2026-05-12,2026-05-18,4,-5.65,2026-06-02,Computex電腦展,2026
華碩,24,29,-15,-10,2026-05-12,2026-05-19,5,-4.61,2026-06-02,Computex電腦展,2026
華碩,24,30,-15,-9,2026-05-12,2026-05-20,6,-4.9,2026-06-02,Computex電腦展,2026
華碩,24,31,-15,-8,2026-05-12,2026-05-21,7,-2.53,2026-06-02,Computex電腦展,2026
華碩,24,32,-15,-7,2026-05-12,2026-05-22,8,1.34,2026-06-02,Computex電腦展,2026
華碩,24,33,-15,-6,2026-05-12,2026-05-25,9,5.35,2026-06-02,Computex電腦展,2026
華碩,24,34,-15,-5,2026-05-12,2026-05-26,10,3.86,2026-06-02,Computex電腦展,2026
華碩,24,35,-15,-4,2026-05-12,2026-05-27,11,4.16,2026-06-02,Computex電腦展,2026
華碩,24,36,-15,-3,2026-05-12,2026-05-28,12,2.82,2026-06-02,Computex電腦展,2026
華碩,24,37,-15,-2,2026-05-12,2026-05-29,13,13.08,2026-06-02,Computex電腦展,2026
華碩,24,38,-15,-1,2026-05-12,2026-06-01,14,24.37,2026-06-02,Computex電腦展,2026
華碩,24,39,-15,0,2026-05-12,2026-06-02,15,36.7,2026-06-02,Computex電腦展,2026
華碩,24,40,-15,1,2026-05-12,2026-06-03,16,38.34,2026-06-02,Computex電腦展,2026
華碩,24,41,-15,2,2026-05-12,2026-06-04,17,32.54,2026-06-02,Computex電腦展,2026
華碩,24,42,-15,3,2026-05-12,2026-06-05,18,33.73,2026-06-02,Computex電腦展,2026
華碩,24,43,-15,4,2026-05-12,2026-06-08,19,25.41,2026-06-02,Computex電腦展,2026
華碩,24,44,-15,5,2026-05-12,2026-06-09,20,26.3,2026-06-02,Computex電腦展,2026
華碩,24,45,-15,6,2026-05-12,2026-06-10,21,18.28,2026-06-02,Computex電腦展,2026
華碩,24,46,-15,7,2026-05-12,2026-06-11,22,16.49,2026-06-02,Computex電腦展,2026
華碩,24,47,-15,8,2026-05-12,2026-06-12,23,16.64,2026-06-02,Computex電腦展,2026
華碩,25,26,-14,-13,2026-05-13,2026-05-14,1,2.41,2026-06-02,Computex電腦展,2026
華碩,25,27,-14,-12,2026-05-13,2026-05-15,2,-3.32,2026-06-02,Computex電腦展,2026
華碩,25,28,-14,-11,2026-05-13,2026-05-18,3,-4.22,2026-06-02,Computex電腦展,2026
華碩,25,29,-14,-10,2026-05-13,2026-05-19,4,-3.17,2026-06-02,Computex電腦展,2026
華碩,25,30,-14,-9,2026-05-13,2026-05-20,5,-3.47,2026-06-02,Computex電腦展,2026
華碩,25,31,-14,-8,2026-05-13,2026-05-21,6,-1.06,2026-06-02,Computex電腦展,2026
華碩,25,32,-14,-7,2026-05-13,2026-05-22,7,2.87,2026-06-02,Computex電腦展,2026
華碩,25,33,-14,-6,2026-05-13,2026-05-25,8,6.94,2026-06-02,Computex電腦展,2026
華碩,25,34,-14,-5,2026-05-13,2026-05-26,9,5.43,2026-06-02,Computex電腦展,2026
華碩,25,35,-14,-4,2026-05-13,2026-05-27,10,5.73,2026-06-02,Computex電腦展,2026
華碩,25,36,-14,-3,2026-05-13,2026-05-28,11,4.37,2026-06-02,Computex電腦展,2026
華碩,25,37,-14,-2,2026-05-13,2026-05-29,12,14.78,2026-06-02,Computex電腦展,2026
華碩,25,38,-14,-1,2026-05-13,2026-06-01,13,26.24,2026-06-02,Computex電腦展,2026
華碩,25,39,-14,0,2026-05-13,2026-06-02,14,38.76,2026-06-02,Computex電腦展,2026
華碩,25,40,-14,1,2026-05-13,2026-06-03,15,40.42,2026-06-02,Computex電腦展,2026
華碩,25,41,-14,2,2026-05-13,2026-06-04,16,34.54,2026-06-02,Computex電腦展,2026
華碩,25,42,-14,3,2026-05-13,2026-06-05,17,35.75,2026-06-02,Computex電腦展,2026
華碩,25,43,-14,4,2026-05-13,2026-06-08,18,27.3,2026-06-02,Computex電腦展,2026
華碩,25,44,-14,5,2026-05-13,2026-06-09,19,28.21,2026-06-02,Computex電腦展,2026
華碩,25,45,-14,6,2026-05-13,2026-06-10,20,20.06,2026-06-02,Computex電腦展,2026
華碩,25,46,-14,7,2026-05-13,2026-06-11,21,18.25,2026-06-02,Computex電腦展,2026
華碩,25,47,-14,8,2026-05-13,2026-06-12,22,18.4,2026-06-02,Computex電腦展,2026
華碩,26,27,-13,-12,2026-05-14,2026-05-15,1,-5.6,2026-06-02,Computex電腦展,2026
華碩,26,28,-13,-11,2026-05-14,2026-05-18,2,-6.48,2026-06-02,Computex電腦展,2026
華碩,26,29,-13,-10,2026-05-14,2026-05-19,3,-5.45,2026-06-02,Computex電腦展,2026
華碩,26,30,-13,-9,2026-05-14,2026-05-20,4,-5.74,2026-06-02,Computex電腦展,2026
華碩,26,31,-13,-8,2026-05-14,2026-05-21,5,-3.39,2026-06-02,Computex電腦展,2026
華碩,26,32,-13,-7,2026-05-14,2026-05-22,6,0.44,2026-06-02,Computex電腦展,2026
華碩,26,33,-13,-6,2026-05-14,2026-05-25,7,4.42,2026-06-02,Computex電腦展,2026
華碩,26,34,-13,-5,2026-05-14,2026-05-26,8,2.95,2026-06-02,Computex電腦展,2026
華碩,26,35,-13,-4,2026-05-14,2026-05-27,9,3.24,2026-06-02,Computex電腦展,2026
華碩,26,36,-13,-3,2026-05-14,2026-05-28,10,1.91,2026-06-02,Computex電腦展,2026
華碩,26,37,-13,-2,2026-05-14,2026-05-29,11,12.08,2026-06-02,Computex電腦展,2026
華碩,26,38,-13,-1,2026-05-14,2026-06-01,12,23.27,2026-06-02,Computex電腦展,2026
華碩,26,39,-13,0,2026-05-14,2026-06-02,13,35.49,2026-06-02,Computex電腦展,2026
華碩,26,40,-13,1,2026-05-14,2026-06-03,14,37.11,2026-06-02,Computex電腦展,2026
華碩,26,41,-13,2,2026-05-14,2026-06-04,15,31.37,2026-06-02,Computex電腦展,2026
華碩,26,42,-13,3,2026-05-14,2026-06-05,16,32.55,2026-06-02,Computex電腦展,2026
華碩,26,43,-13,4,2026-05-14,2026-06-08,17,24.3,2026-06-02,Computex電腦展,2026
華碩,26,44,-13,5,2026-05-14,2026-06-09,18,25.18,2026-06-02,Computex電腦展,2026
華碩,26,45,-13,6,2026-05-14,2026-06-10,19,17.23,2026-06-02,Computex電腦展,2026
華碩,26,46,-13,7,2026-05-14,2026-06-11,20,15.46,2026-06-02,Computex電腦展,2026
華碩,26,47,-13,8,2026-05-14,2026-06-12,21,15.61,2026-06-02,Computex電腦展,2026
華碩,27,28,-12,-11,2026-05-15,2026-05-18,1,-0.94,2026-06-02,Computex電腦展,2026
華碩,27,29,-12,-10,2026-05-15,2026-05-19,2,0.16,2026-06-02,Computex電腦展,2026
華碩,27,30,-12,-9,2026-05-15,2026-05-20,3,-0.16,2026-06-02,Computex電腦展,2026
華碩,27,31,-12,-8,2026-05-15,2026-05-21,4,2.34,2026-06-02,Computex電腦展,2026
華碩,27,32,-12,-7,2026-05-15,2026-05-22,5,6.4,2026-06-02,Computex電腦展,2026
華碩,27,33,-12,-6,2026-05-15,2026-05-25,6,10.61,2026-06-02,Computex電腦展,2026
華碩,27,34,-12,-5,2026-05-15,2026-05-26,7,9.05,2026-06-02,Computex電腦展,2026
華碩,27,35,-12,-4,2026-05-15,2026-05-27,8,9.36,2026-06-02,Computex電腦展,2026
華碩,27,36,-12,-3,2026-05-15,2026-05-28,9,7.96,2026-06-02,Computex電腦展,2026
華碩,27,37,-12,-2,2026-05-15,2026-05-29,10,18.72,2026-06-02,Computex電腦展,2026
華碩,27,38,-12,-1,2026-05-15,2026-06-01,11,30.58,2026-06-02,Computex電腦展,2026
華碩,27,39,-12,0,2026-05-15,2026-06-02,12,43.53,2026-06-02,Computex電腦展,2026
華碩,27,40,-12,1,2026-05-15,2026-06-03,13,45.24,2026-06-02,Computex電腦展,2026
華碩,27,41,-12,2,2026-05-15,2026-06-04,14,39.16,2026-06-02,Computex電腦展,2026
華碩,27,42,-12,3,2026-05-15,2026-06-05,15,40.41,2026-06-02,Computex電腦展,2026
華碩,27,43,-12,4,2026-05-15,2026-06-08,16,31.67,2026-06-02,Computex電腦展,2026
華碩,27,44,-12,5,2026-05-15,2026-06-09,17,32.61,2026-06-02,Computex電腦展,2026
華碩,27,45,-12,6,2026-05-15,2026-06-10,18,24.18,2026-06-02,Computex電腦展,2026
華碩,27,46,-12,7,2026-05-15,2026-06-11,19,22.31,2026-06-02,Computex電腦展,2026
華碩,27,47,-12,8,2026-05-15,2026-06-12,20,22.46,2026-06-02,Computex電腦展,2026
華碩,28,29,-11,-10,2026-05-18,2026-05-19,1,1.1,2026-06-02,Computex電腦展,2026
華碩,28,30,-11,-9,2026-05-18,2026-05-20,2,0.79,2026-06-02,Computex電腦展,2026
華碩,28,31,-11,-8,2026-05-18,2026-05-21,3,3.31,2026-06-02,Computex電腦展,2026
華碩,28,32,-11,-7,2026-05-18,2026-05-22,4,7.4,2026-06-02,Computex電腦展,2026
華碩,28,33,-11,-6,2026-05-18,2026-05-25,5,11.65,2026-06-02,Computex電腦展,2026
華碩,28,34,-11,-5,2026-05-18,2026-05-26,6,10.08,2026-06-02,Computex電腦展,2026
華碩,28,35,-11,-4,2026-05-18,2026-05-27,7,10.39,2026-06-02,Computex電腦展,2026
華碩,28,36,-11,-3,2026-05-18,2026-05-28,8,8.98,2026-06-02,Computex電腦展,2026
華碩,28,37,-11,-2,2026-05-18,2026-05-29,9,19.84,2026-06-02,Computex電腦展,2026
華碩,28,38,-11,-1,2026-05-18,2026-06-01,10,31.81,2026-06-02,Computex電腦展,2026
華碩,28,39,-11,0,2026-05-18,2026-06-02,11,44.88,2026-06-02,Computex電腦展,2026
華碩,28,40,-11,1,2026-05-18,2026-06-03,12,46.61,2026-06-02,Computex電腦展,2026
華碩,28,41,-11,2,2026-05-18,2026-06-04,13,40.47,2026-06-02,Computex電腦展,2026
華碩,28,42,-11,3,2026-05-18,2026-06-05,14,41.73,2026-06-02,Computex電腦展,2026
華碩,28,43,-11,4,2026-05-18,2026-06-08,15,32.91,2026-06-02,Computex電腦展,2026
華碩,28,44,-11,5,2026-05-18,2026-06-09,16,33.86,2026-06-02,Computex電腦展,2026
華碩,28,45,-11,6,2026-05-18,2026-06-10,17,25.35,2026-06-02,Computex電腦展,2026
華碩,28,46,-11,7,2026-05-18,2026-06-11,18,23.46,2026-06-02,Computex電腦展,2026
華碩,28,47,-11,8,2026-05-18,2026-06-12,19,23.62,2026-06-02,Computex電腦展,2026
華碩,29,30,-10,-9,2026-05-19,2026-05-20,1,-0.31,2026-06-02,Computex電腦展,2026
華碩,29,31,-10,-8,2026-05-19,2026-05-21,2,2.18,2026-06-02,Computex電腦展,2026
華碩,29,32,-10,-7,2026-05-19,2026-05-22,3,6.23,2026-06-02,Computex電腦展,2026
華碩,29,33,-10,-6,2026-05-19,2026-05-25,4,10.44,2026-06-02,Computex電腦展,2026
華碩,29,34,-10,-5,2026-05-19,2026-05-26,5,8.88,2026-06-02,Computex電腦展,2026
華碩,29,35,-10,-4,2026-05-19,2026-05-27,6,9.19,2026-06-02,Computex電腦展,2026
華碩,29,36,-10,-3,2026-05-19,2026-05-28,7,7.79,2026-06-02,Computex電腦展,2026
華碩,29,37,-10,-2,2026-05-19,2026-05-29,8,18.54,2026-06-02,Computex電腦展,2026
華碩,29,38,-10,-1,2026-05-19,2026-06-01,9,30.37,2026-06-02,Computex電腦展,2026
華碩,29,39,-10,0,2026-05-19,2026-06-02,10,43.3,2026-06-02,Computex電腦展,2026
華碩,29,40,-10,1,2026-05-19,2026-06-03,11,45.02,2026-06-02,Computex電腦展,2026
華碩,29,41,-10,2,2026-05-19,2026-06-04,12,38.94,2026-06-02,Computex電腦展,2026
華碩,29,42,-10,3,2026-05-19,2026-06-05,13,40.19,2026-06-02,Computex電腦展,2026
華碩,29,43,-10,4,2026-05-19,2026-06-08,14,31.46,2026-06-02,Computex電腦展,2026
華碩,29,44,-10,5,2026-05-19,2026-06-09,15,32.4,2026-06-02,Computex電腦展,2026
華碩,29,45,-10,6,2026-05-19,2026-06-10,16,23.99,2026-06-02,Computex電腦展,2026
華碩,29,46,-10,7,2026-05-19,2026-06-11,17,22.12,2026-06-02,Computex電腦展,2026
華碩,29,47,-10,8,2026-05-19,2026-06-12,18,22.27,2026-06-02,Computex電腦展,2026
華碩,30,31,-9,-8,2026-05-20,2026-05-21,1,2.5,2026-06-02,Computex電腦展,2026
華碩,30,32,-9,-7,2026-05-20,2026-05-22,2,6.56,2026-06-02,Computex電腦展,2026
華碩,30,33,-9,-6,2026-05-20,2026-05-25,3,10.78,2026-06-02,Computex電腦展,2026
華碩,30,34,-9,-5,2026-05-20,2026-05-26,4,9.22,2026-06-02,Computex電腦展,2026
華碩,30,35,-9,-4,2026-05-20,2026-05-27,5,9.53,2026-06-02,Computex電腦展,2026
華碩,30,36,-9,-3,2026-05-20,2026-05-28,6,8.13,2026-06-02,Computex電腦展,2026
華碩,30,37,-9,-2,2026-05-20,2026-05-29,7,18.91,2026-06-02,Computex電腦展,2026
華碩,30,38,-9,-1,2026-05-20,2026-06-01,8,30.78,2026-06-02,Computex電腦展,2026
華碩,30,39,-9,0,2026-05-20,2026-06-02,9,43.75,2026-06-02,Computex電腦展,2026
華碩,30,40,-9,1,2026-05-20,2026-06-03,10,45.47,2026-06-02,Computex電腦展,2026
華碩,30,41,-9,2,2026-05-20,2026-06-04,11,39.38,2026-06-02,Computex電腦展,2026
華碩,30,42,-9,3,2026-05-20,2026-06-05,12,40.63,2026-06-02,Computex電腦展,2026
華碩,30,43,-9,4,2026-05-20,2026-06-08,13,31.88,2026-06-02,Computex電腦展,2026
華碩,30,44,-9,5,2026-05-20,2026-06-09,14,32.81,2026-06-02,Computex電腦展,2026
華碩,30,45,-9,6,2026-05-20,2026-06-10,15,24.38,2026-06-02,Computex電腦展,2026
華碩,30,46,-9,7,2026-05-20,2026-06-11,16,22.5,2026-06-02,Computex電腦展,2026
華碩,30,47,-9,8,2026-05-20,2026-06-12,17,22.66,2026-06-02,Computex電腦展,2026
華碩,31,32,-8,-7,2026-05-21,2026-05-22,1,3.96,2026-06-02,Computex電腦展,2026
華碩,31,33,-8,-6,2026-05-21,2026-05-25,2,8.08,2026-06-02,Computex電腦展,2026
華碩,31,34,-8,-5,2026-05-21,2026-05-26,3,6.55,2026-06-02,Computex電腦展,2026
華碩,31,35,-8,-4,2026-05-21,2026-05-27,4,6.86,2026-06-02,Computex電腦展,2026
華碩,31,36,-8,-3,2026-05-21,2026-05-28,5,5.49,2026-06-02,Computex電腦展,2026
華碩,31,37,-8,-2,2026-05-21,2026-05-29,6,16.01,2026-06-02,Computex電腦展,2026
華碩,31,38,-8,-1,2026-05-21,2026-06-01,7,27.59,2026-06-02,Computex電腦展,2026
華碩,31,39,-8,0,2026-05-21,2026-06-02,8,40.24,2026-06-02,Computex電腦展,2026
華碩,31,40,-8,1,2026-05-21,2026-06-03,9,41.92,2026-06-02,Computex電腦展,2026
華碩,31,41,-8,2,2026-05-21,2026-06-04,10,35.98,2026-06-02,Computex電腦展,2026
華碩,31,42,-8,3,2026-05-21,2026-06-05,11,37.2,2026-06-02,Computex電腦展,2026
華碩,31,43,-8,4,2026-05-21,2026-06-08,12,28.66,2026-06-02,Computex電腦展,2026
華碩,31,44,-8,5,2026-05-21,2026-06-09,13,29.57,2026-06-02,Computex電腦展,2026
華碩,31,45,-8,6,2026-05-21,2026-06-10,14,21.34,2026-06-02,Computex電腦展,2026
華碩,31,46,-8,7,2026-05-21,2026-06-11,15,19.51,2026-06-02,Computex電腦展,2026
華碩,31,47,-8,8,2026-05-21,2026-06-12,16,19.66,2026-06-02,Computex電腦展,2026
華碩,32,33,-7,-6,2026-05-22,2026-05-25,1,3.96,2026-06-02,Computex電腦展,2026
華碩,32,34,-7,-5,2026-05-22,2026-05-26,2,2.49,2026-06-02,Computex電腦展,2026
華碩,32,35,-7,-4,2026-05-22,2026-05-27,3,2.79,2026-06-02,Computex電腦展,2026
華碩,32,36,-7,-3,2026-05-22,2026-05-28,4,1.47,2026-06-02,Computex電腦展,2026
華碩,32,37,-7,-2,2026-05-22,2026-05-29,5,11.58,2026-06-02,Computex電腦展,2026
華碩,32,38,-7,-1,2026-05-22,2026-06-01,6,22.73,2026-06-02,Computex電腦展,2026
華碩,32,39,-7,0,2026-05-22,2026-06-02,7,34.9,2026-06-02,Computex電腦展,2026
華碩,32,40,-7,1,2026-05-22,2026-06-03,8,36.51,2026-06-02,Computex電腦展,2026
華碩,32,41,-7,2,2026-05-22,2026-06-04,9,30.79,2026-06-02,Computex電腦展,2026
華碩,32,42,-7,3,2026-05-22,2026-06-05,10,31.96,2026-06-02,Computex電腦展,2026
華碩,32,43,-7,4,2026-05-22,2026-06-08,11,23.75,2026-06-02,Computex電腦展,2026
華碩,32,44,-7,5,2026-05-22,2026-06-09,12,24.63,2026-06-02,Computex電腦展,2026
華碩,32,45,-7,6,2026-05-22,2026-06-10,13,16.72,2026-06-02,Computex電腦展,2026
華碩,32,46,-7,7,2026-05-22,2026-06-11,14,14.96,2026-06-02,Computex電腦展,2026
華碩,32,47,-7,8,2026-05-22,2026-06-12,15,15.1,2026-06-02,Computex電腦展,2026
華碩,33,34,-6,-5,2026-05-25,2026-05-26,1,-1.41,2026-06-02,Computex電腦展,2026
華碩,33,35,-6,-4,2026-05-25,2026-05-27,2,-1.13,2026-06-02,Computex電腦展,2026
華碩,33,36,-6,-3,2026-05-25,2026-05-28,3,-2.4,2026-06-02,Computex電腦展,2026
華碩,33,37,-6,-2,2026-05-25,2026-05-29,4,7.33,2026-06-02,Computex電腦展,2026
華碩,33,38,-6,-1,2026-05-25,2026-06-01,5,18.05,2026-06-02,Computex電腦展,2026
華碩,33,39,-6,0,2026-05-25,2026-06-02,6,29.76,2026-06-02,Computex電腦展,2026
華碩,33,40,-6,1,2026-05-25,2026-06-03,7,31.31,2026-06-02,Computex電腦展,2026
華碩,33,41,-6,2,2026-05-25,2026-06-04,8,25.81,2026-06-02,Computex電腦展,2026
華碩,33,42,-6,3,2026-05-25,2026-06-05,9,26.94,2026-06-02,Computex電腦展,2026
華碩,33,43,-6,4,2026-05-25,2026-06-08,10,19.04,2026-06-02,Computex電腦展,2026
華碩,33,44,-6,5,2026-05-25,2026-06-09,11,19.89,2026-06-02,Computex電腦展,2026
華碩,33,45,-6,6,2026-05-25,2026-06-10,12,12.27,2026-06-02,Computex電腦展,2026
華碩,33,46,-6,7,2026-05-25,2026-06-11,13,10.58,2026-06-02,Computex電腦展,2026
華碩,33,47,-6,8,2026-05-25,2026-06-12,14,10.72,2026-06-02,Computex電腦展,2026
華碩,34,35,-5,-4,2026-05-26,2026-05-27,1,0.29,2026-06-02,Computex電腦展,2026
華碩,34,36,-5,-3,2026-05-26,2026-05-28,2,-1.0,2026-06-02,Computex電腦展,2026
華碩,34,37,-5,-2,2026-05-26,2026-05-29,3,8.87,2026-06-02,Computex電腦展,2026
華碩,34,38,-5,-1,2026-05-26,2026-06-01,4,19.74,2026-06-02,Computex電腦展,2026
華碩,34,39,-5,0,2026-05-26,2026-06-02,5,31.62,2026-06-02,Computex電腦展,2026
華碩,34,40,-5,1,2026-05-26,2026-06-03,6,33.19,2026-06-02,Computex電腦展,2026
華碩,34,41,-5,2,2026-05-26,2026-06-04,7,27.61,2026-06-02,Computex電腦展,2026
華碩,34,42,-5,3,2026-05-26,2026-06-05,8,28.76,2026-06-02,Computex電腦展,2026
華碩,34,43,-5,4,2026-05-26,2026-06-08,9,20.74,2026-06-02,Computex電腦展,2026
華碩,34,44,-5,5,2026-05-26,2026-06-09,10,21.6,2026-06-02,Computex電腦展,2026
華碩,34,45,-5,6,2026-05-26,2026-06-10,11,13.88,2026-06-02,Computex電腦展,2026
華碩,34,46,-5,7,2026-05-26,2026-06-11,12,12.16,2026-06-02,Computex電腦展,2026
華碩,34,47,-5,8,2026-05-26,2026-06-12,13,12.3,2026-06-02,Computex電腦展,2026
華碩,35,36,-4,-3,2026-05-27,2026-05-28,1,-1.28,2026-06-02,Computex電腦展,2026
華碩,35,37,-4,-2,2026-05-27,2026-05-29,2,8.56,2026-06-02,Computex電腦展,2026
華碩,35,38,-4,-1,2026-05-27,2026-06-01,3,19.4,2026-06-02,Computex電腦展,2026
華碩,35,39,-4,0,2026-05-27,2026-06-02,4,31.24,2026-06-02,Computex電腦展,2026
華碩,35,40,-4,1,2026-05-27,2026-06-03,5,32.81,2026-06-02,Computex電腦展,2026
華碩,35,41,-4,2,2026-05-27,2026-06-04,6,27.25,2026-06-02,Computex電腦展,2026
華碩,35,42,-4,3,2026-05-27,2026-06-05,7,28.39,2026-06-02,Computex電腦展,2026
華碩,35,43,-4,4,2026-05-27,2026-06-08,8,20.4,2026-06-02,Computex電腦展,2026
華碩,35,44,-4,5,2026-05-27,2026-06-09,9,21.26,2026-06-02,Computex電腦展,2026
華碩,35,45,-4,6,2026-05-27,2026-06-10,10,13.55,2026-06-02,Computex電腦展,2026
華碩,35,46,-4,7,2026-05-27,2026-06-11,11,11.84,2026-06-02,Computex電腦展,2026
華碩,35,47,-4,8,2026-05-27,2026-06-12,12,11.98,2026-06-02,Computex電腦展,2026
華碩,36,37,-3,-2,2026-05-28,2026-05-29,1,9.97,2026-06-02,Computex電腦展,2026
華碩,36,38,-3,-1,2026-05-28,2026-06-01,2,20.95,2026-06-02,Computex電腦展,2026
華碩,36,39,-3,0,2026-05-28,2026-06-02,3,32.95,2026-06-02,Computex電腦展,2026
華碩,36,40,-3,1,2026-05-28,2026-06-03,4,34.54,2026-06-02,Computex電腦展,2026
華碩,36,41,-3,2,2026-05-28,2026-06-04,5,28.9,2026-06-02,Computex電腦展,2026
華碩,36,42,-3,3,2026-05-28,2026-06-05,6,30.06,2026-06-02,Computex電腦展,2026
華碩,36,43,-3,4,2026-05-28,2026-06-08,7,21.97,2026-06-02,Computex電腦展,2026
華碩,36,44,-3,5,2026-05-28,2026-06-09,8,22.83,2026-06-02,Computex電腦展,2026
華碩,36,45,-3,6,2026-05-28,2026-06-10,9,15.03,2026-06-02,Computex電腦展,2026
華碩,36,46,-3,7,2026-05-28,2026-06-11,10,13.29,2026-06-02,Computex電腦展,2026
華碩,36,47,-3,8,2026-05-28,2026-06-12,11,13.44,2026-06-02,Computex電腦展,2026
華碩,37,38,-2,-1,2026-05-29,2026-06-01,1,9.99,2026-06-02,Computex電腦展,2026
華碩,37,39,-2,0,2026-05-29,2026-06-02,2,20.89,2026-06-02,Computex電腦展,2026
華碩,37,40,-2,1,2026-05-29,2026-06-03,3,22.34,2026-06-02,Computex電腦展,2026
華碩,37,41,-2,2,2026-05-29,2026-06-04,4,17.21,2026-06-02,Computex電腦展,2026
華碩,37,42,-2,3,2026-05-29,2026-06-05,5,18.27,2026-06-02,Computex電腦展,2026
華碩,37,43,-2,4,2026-05-29,2026-06-08,6,10.91,2026-06-02,Computex電腦展,2026
華碩,37,44,-2,5,2026-05-29,2026-06-09,7,11.7,2026-06-02,Computex電腦展,2026
華碩,37,45,-2,6,2026-05-29,2026-06-10,8,4.6,2026-06-02,Computex電腦展,2026
華碩,37,46,-2,7,2026-05-29,2026-06-11,9,3.02,2026-06-02,Computex電腦展,2026
華碩,37,47,-2,8,2026-05-29,2026-06-12,10,3.15,2026-06-02,Computex電腦展,2026
華碩,38,39,-1,0,2026-06-01,2026-06-02,1,9.92,2026-06-02,Computex電腦展,2026
華碩,38,40,-1,1,2026-06-01,2026-06-03,2,11.23,2026-06-02,Computex電腦展,2026
華碩,38,41,-1,2,2026-06-01,2026-06-04,3,6.57,2026-06-02,Computex電腦展,2026
華碩,38,42,-1,3,2026-06-01,2026-06-05,4,7.53,2026-06-02,Computex電腦展,2026
華碩,38,43,-1,4,2026-06-01,2026-06-08,5,0.84,2026-06-02,Computex電腦展,2026
華碩,38,44,-1,5,2026-06-01,2026-06-09,6,1.55,2026-06-02,Computex電腦展,2026
華碩,38,45,-1,6,2026-06-01,2026-06-10,7,-4.9,2026-06-02,Computex電腦展,2026
華碩,38,46,-1,7,2026-06-01,2026-06-11,8,-6.33,2026-06-02,Computex電腦展,2026
華碩,38,47,-1,8,2026-06-01,2026-06-12,9,-6.21,2026-06-02,Computex電腦展,2026
華碩,39,40,0,1,2026-06-02,2026-06-03,1,1.2,2026-06-02,Computex電腦展,2026
華碩,39,41,0,2,2026-06-02,2026-06-04,2,-3.04,2026-06-02,Computex電腦展,2026
華碩,39,42,0,3,2026-06-02,2026-06-05,3,-2.17,2026-06-02,Computex電腦展,2026
華碩,39,43,0,4,2026-06-02,2026-06-08,4,-8.26,2026-06-02,Computex電腦展,2026
華碩,39,44,0,5,2026-06-02,2026-06-09,5,-7.61,2026-06-02,Computex電腦展,2026
華碩,39,45,0,6,2026-06-02,2026-06-10,6,-13.48,2026-06-02,Computex電腦展,2026
華碩,39,46,0,7,2026-06-02,2026-06-11,7,-14.78,2026-06-02,Computex電腦展,2026
華碩,39,47,0,8,2026-06-02,2026-06-12,8,-14.67,2026-06-02,Computex電腦展,2026
華碩,40,41,1,2,2026-06-03,2026-06-04,1,-4.19,2026-06-02,Computex電腦展,2026
華碩,40,42,1,3,2026-06-03,2026-06-05,2,-3.33,2026-06-02,Computex電腦展,2026
華碩,40,43,1,4,2026-06-03,2026-06-08,3,-9.34,2026-06-02,Computex電腦展,2026
華碩,40,44,1,5,2026-06-03,2026-06-09,4,-8.7,2026-06-02,Computex電腦展,2026
華碩,40,45,1,6,2026-06-03,2026-06-10,5,-14.5,2026-06-02,Computex電腦展,2026
華碩,40,46,1,7,2026-06-03,2026-06-11,6,-15.79,2026-06-02,Computex電腦展,2026
華碩,40,47,1,8,2026-06-03,2026-06-12,7,-15.68,2026-06-02,Computex電腦展,2026
華碩,41,42,2,3,2026-06-04,2026-06-05,1,0.9,2026-06-02,Computex電腦展,2026
華碩,41,43,2,4,2026-06-04,2026-06-08,2,-5.38,2026-06-02,Computex電腦展,2026
華碩,41,44,2,5,2026-06-04,2026-06-09,3,-4.71,2026-06-02,Computex電腦展,2026
華碩,41,45,2,6,2026-06-04,2026-06-10,4,-10.76,2026-06-02,Computex電腦展,2026
華碩,41,46,2,7,2026-06-04,2026-06-11,5,-12.11,2026-06-02,Computex電腦展,2026
華碩,41,47,2,8,2026-06-04,2026-06-12,6,-12.0,2026-06-02,Computex電腦展,2026
華碩,42,43,3,4,2026-06-05,2026-06-08,1,-6.22,2026-06-02,Computex電腦展,2026
華碩,42,44,3,5,2026-06-05,2026-06-09,2,-5.56,2026-06-02,Computex電腦展,2026
華碩,42,45,3,6,2026-06-05,2026-06-10,3,-11.56,2026-06-02,Computex電腦展,2026
華碩,42,46,3,7,2026-06-05,2026-06-11,4,-12.89,2026-06-02,Computex電腦展,2026
華碩,42,47,3,8,2026-06-05,2026-06-12,5,-12.78,2026-06-02,Computex電腦展,2026
華碩,43,44,4,5,2026-06-08,2026-06-09,1,0.71,2026-06-02,Computex電腦展,2026
華碩,43,45,4,6,2026-06-08,2026-06-10,2,-5.69,2026-06-02,Computex電腦展,2026
華碩,43,46,4,7,2026-06-08,2026-06-11,3,-7.11,2026-06-02,Computex電腦展,2026
華碩,43,47,4,8,2026-06-08,2026-06-12,4,-6.99,2026-06-02,Computex電腦展,2026
華碩,44,45,5,6,2026-06-09,2026-06-10,1,-6.35,2026-06-02,Computex電腦展,2026
華碩,44,46,5,7,2026-06-09,2026-06-11,2,-7.76,2026-06-02,Computex電腦展,2026
華碩,44,47,5,8,2026-06-09,2026-06-12,3,-7.65,2026-06-02,Computex電腦展,2026
華碩,45,46,6,7,2026-06-10,2026-06-11,1,-1.51,2026-06-02,Computex電腦展,2026
華碩,45,47,6,8,2026-06-10,2026-06-12,2,-1.38,2026-06-02,Computex電腦展,2026
華碩,46,47,7,8,2026-06-11,2026-06-12,1,0.13,2026-06-02,Computex電腦展,2026
威盛,0,1,-39,-38,2026-04-07,2026-04-08,1,9.86,2026-06-02,Computex電腦展,2026
威盛,0,2,-39,-37,2026-04-07,2026-04-09,2,9.05,2026-06-02,Computex電腦展,2026
威盛,0,3,-39,-36,2026-04-07,2026-04-10,3,7.65,2026-06-02,Computex電腦展,2026
威盛,0,4,-39,-35,2026-04-07,2026-04-13,4,11.47,2026-06-02,Computex電腦展,2026
威盛,0,5,-39,-34,2026-04-07,2026-04-14,5,14.29,2026-06-02,Computex電腦展,2026
威盛,0,6,-39,-33,2026-04-07,2026-04-15,6,25.55,2026-06-02,Computex電腦展,2026
威盛,0,7,-39,-32,2026-04-07,2026-04-16,7,23.54,2026-06-02,Computex電腦展,2026
威盛,0,8,-39,-31,2026-04-07,2026-04-17,8,31.39,2026-06-02,Computex電腦展,2026
威盛,0,9,-39,-30,2026-04-07,2026-04-20,9,33.2,2026-06-02,Computex電腦展,2026
威盛,0,10,-39,-29,2026-04-07,2026-04-21,10,46.48,2026-06-02,Computex電腦展,2026
威盛,0,11,-39,-28,2026-04-07,2026-04-22,11,60.97,2026-06-02,Computex電腦展,2026
威盛,0,12,-39,-27,2026-04-07,2026-04-23,12,53.12,2026-06-02,Computex電腦展,2026
威盛,0,13,-39,-26,2026-04-07,2026-04-24,13,57.34,2026-06-02,Computex電腦展,2026
威盛,0,14,-39,-25,2026-04-07,2026-04-27,14,50.3,2026-06-02,Computex電腦展,2026
威盛,0,15,-39,-24,2026-04-07,2026-04-28,15,49.09,2026-06-02,Computex電腦展,2026
威盛,0,16,-39,-23,2026-04-07,2026-04-29,16,43.86,2026-06-02,Computex電腦展,2026
威盛,0,17,-39,-22,2026-04-07,2026-04-30,17,58.15,2026-06-02,Computex電腦展,2026
威盛,0,18,-39,-21,2026-04-07,2026-05-04,18,67.2,2026-06-02,Computex電腦展,2026
威盛,0,19,-39,-20,2026-04-07,2026-05-05,19,60.76,2026-06-02,Computex電腦展,2026
威盛,0,20,-39,-19,2026-04-07,2026-05-06,20,60.97,2026-06-02,Computex電腦展,2026
威盛,0,21,-39,-18,2026-04-07,2026-05-07,21,52.11,2026-06-02,Computex電腦展,2026
威盛,0,22,-39,-17,2026-04-07,2026-05-08,22,43.66,2026-06-02,Computex電腦展,2026
威盛,0,23,-39,-16,2026-04-07,2026-05-11,23,54.33,2026-06-02,Computex電腦展,2026
威盛,0,24,-39,-15,2026-04-07,2026-05-12,24,50.7,2026-06-02,Computex電腦展,2026
威盛,0,25,-39,-14,2026-04-07,2026-05-13,25,50.5,2026-06-02,Computex電腦展,2026
威盛,0,26,-39,-13,2026-04-07,2026-05-14,26,52.52,2026-06-02,Computex電腦展,2026
威盛,0,27,-39,-12,2026-04-07,2026-05-15,27,51.71,2026-06-02,Computex電腦展,2026
威盛,0,28,-39,-11,2026-04-07,2026-05-18,28,52.52,2026-06-02,Computex電腦展,2026
威盛,0,29,-39,-10,2026-04-07,2026-05-19,29,49.5,2026-06-02,Computex電腦展,2026
威盛,0,30,-39,-9,2026-04-07,2026-05-20,30,64.39,2026-06-02,Computex電腦展,2026
威盛,0,31,-39,-8,2026-04-07,2026-05-21,31,73.04,2026-06-02,Computex電腦展,2026
威盛,0,32,-39,-7,2026-04-07,2026-05-22,32,77.06,2026-06-02,Computex電腦展,2026
威盛,0,33,-39,-6,2026-04-07,2026-05-25,33,69.42,2026-06-02,Computex電腦展,2026
威盛,0,34,-39,-5,2026-04-07,2026-05-26,34,56.94,2026-06-02,Computex電腦展,2026
威盛,0,35,-39,-4,2026-04-07,2026-05-27,35,52.72,2026-06-02,Computex電腦展,2026
威盛,0,36,-39,-3,2026-04-07,2026-05-28,36,49.7,2026-06-02,Computex電腦展,2026
威盛,0,37,-39,-2,2026-04-07,2026-05-29,37,54.73,2026-06-02,Computex電腦展,2026
威盛,0,38,-39,-1,2026-04-07,2026-06-01,38,50.5,2026-06-02,Computex電腦展,2026
威盛,0,39,-39,0,2026-04-07,2026-06-02,39,51.71,2026-06-02,Computex電腦展,2026
威盛,0,40,-39,1,2026-04-07,2026-06-03,40,47.69,2026-06-02,Computex電腦展,2026
威盛,0,41,-39,2,2026-04-07,2026-06-04,41,47.48,2026-06-02,Computex電腦展,2026
威盛,0,42,-39,3,2026-04-07,2026-06-05,42,38.63,2026-06-02,Computex電腦展,2026
威盛,0,43,-39,4,2026-04-07,2026-06-08,43,30.38,2026-06-02,Computex電腦展,2026
威盛,0,44,-39,5,2026-04-07,2026-06-09,44,33.6,2026-06-02,Computex電腦展,2026
威盛,0,45,-39,6,2026-04-07,2026-06-10,45,28.97,2026-06-02,Computex電腦展,2026
威盛,0,46,-39,7,2026-04-07,2026-06-11,46,32.19,2026-06-02,Computex電腦展,2026
威盛,0,47,-39,8,2026-04-07,2026-06-12,47,33.0,2026-06-02,Computex電腦展,2026
威盛,1,2,-38,-37,2026-04-08,2026-04-09,1,-0.73,2026-06-02,Computex電腦展,2026
威盛,1,3,-38,-36,2026-04-08,2026-04-10,2,-2.01,2026-06-02,Computex電腦展,2026
威盛,1,4,-38,-35,2026-04-08,2026-04-13,3,1.47,2026-06-02,Computex電腦展,2026
威盛,1,5,-38,-34,2026-04-08,2026-04-14,4,4.03,2026-06-02,Computex電腦展,2026
威盛,1,6,-38,-33,2026-04-08,2026-04-15,5,14.29,2026-06-02,Computex電腦展,2026
威盛,1,7,-38,-32,2026-04-08,2026-04-16,6,12.45,2026-06-02,Computex電腦展,2026
威盛,1,8,-38,-31,2026-04-08,2026-04-17,7,19.6,2026-06-02,Computex電腦展,2026
威盛,1,9,-38,-30,2026-04-08,2026-04-20,8,21.25,2026-06-02,Computex電腦展,2026
威盛,1,10,-38,-29,2026-04-08,2026-04-21,9,33.33,2026-06-02,Computex電腦展,2026
威盛,1,11,-38,-28,2026-04-08,2026-04-22,10,46.52,2026-06-02,Computex電腦展,2026
威盛,1,12,-38,-27,2026-04-08,2026-04-23,11,39.38,2026-06-02,Computex電腦展,2026
威盛,1,13,-38,-26,2026-04-08,2026-04-24,12,43.22,2026-06-02,Computex電腦展,2026
威盛,1,14,-38,-25,2026-04-08,2026-04-27,13,36.81,2026-06-02,Computex電腦展,2026
威盛,1,15,-38,-24,2026-04-08,2026-04-28,14,35.71,2026-06-02,Computex電腦展,2026
威盛,1,16,-38,-23,2026-04-08,2026-04-29,15,30.95,2026-06-02,Computex電腦展,2026
威盛,1,17,-38,-22,2026-04-08,2026-04-30,16,43.96,2026-06-02,Computex電腦展,2026
威盛,1,18,-38,-21,2026-04-08,2026-05-04,17,52.2,2026-06-02,Computex電腦展,2026
威盛,1,19,-38,-20,2026-04-08,2026-05-05,18,46.34,2026-06-02,Computex電腦展,2026
威盛,1,20,-38,-19,2026-04-08,2026-05-06,19,46.52,2026-06-02,Computex電腦展,2026
威盛,1,21,-38,-18,2026-04-08,2026-05-07,20,38.46,2026-06-02,Computex電腦展,2026
威盛,1,22,-38,-17,2026-04-08,2026-05-08,21,30.77,2026-06-02,Computex電腦展,2026
威盛,1,23,-38,-16,2026-04-08,2026-05-11,22,40.48,2026-06-02,Computex電腦展,2026
威盛,1,24,-38,-15,2026-04-08,2026-05-12,23,37.18,2026-06-02,Computex電腦展,2026
威盛,1,25,-38,-14,2026-04-08,2026-05-13,24,37.0,2026-06-02,Computex電腦展,2026
威盛,1,26,-38,-13,2026-04-08,2026-05-14,25,38.83,2026-06-02,Computex電腦展,2026
威盛,1,27,-38,-12,2026-04-08,2026-05-15,26,38.1,2026-06-02,Computex電腦展,2026
威盛,1,28,-38,-11,2026-04-08,2026-05-18,27,38.83,2026-06-02,Computex電腦展,2026
威盛,1,29,-38,-10,2026-04-08,2026-05-19,28,36.08,2026-06-02,Computex電腦展,2026
威盛,1,30,-38,-9,2026-04-08,2026-05-20,29,49.63,2026-06-02,Computex電腦展,2026
威盛,1,31,-38,-8,2026-04-08,2026-05-21,30,57.51,2026-06-02,Computex電腦展,2026
威盛,1,32,-38,-7,2026-04-08,2026-05-22,31,61.17,2026-06-02,Computex電腦展,2026
威盛,1,33,-38,-6,2026-04-08,2026-05-25,32,54.21,2026-06-02,Computex電腦展,2026
威盛,1,34,-38,-5,2026-04-08,2026-05-26,33,42.86,2026-06-02,Computex電腦展,2026
威盛,1,35,-38,-4,2026-04-08,2026-05-27,34,39.01,2026-06-02,Computex電腦展,2026
威盛,1,36,-38,-3,2026-04-08,2026-05-28,35,36.26,2026-06-02,Computex電腦展,2026
威盛,1,37,-38,-2,2026-04-08,2026-05-29,36,40.84,2026-06-02,Computex電腦展,2026
威盛,1,38,-38,-1,2026-04-08,2026-06-01,37,37.0,2026-06-02,Computex電腦展,2026
威盛,1,39,-38,0,2026-04-08,2026-06-02,38,38.1,2026-06-02,Computex電腦展,2026
威盛,1,40,-38,1,2026-04-08,2026-06-03,39,34.43,2026-06-02,Computex電腦展,2026
威盛,1,41,-38,2,2026-04-08,2026-06-04,40,34.25,2026-06-02,Computex電腦展,2026
威盛,1,42,-38,3,2026-04-08,2026-06-05,41,26.19,2026-06-02,Computex電腦展,2026
威盛,1,43,-38,4,2026-04-08,2026-06-08,42,18.68,2026-06-02,Computex電腦展,2026
威盛,1,44,-38,5,2026-04-08,2026-06-09,43,21.61,2026-06-02,Computex電腦展,2026
威盛,1,45,-38,6,2026-04-08,2026-06-10,44,17.4,2026-06-02,Computex電腦展,2026
威盛,1,46,-38,7,2026-04-08,2026-06-11,45,20.33,2026-06-02,Computex電腦展,2026
威盛,1,47,-38,8,2026-04-08,2026-06-12,46,21.06,2026-06-02,Computex電腦展,2026
威盛,2,3,-37,-36,2026-04-09,2026-04-10,1,-1.29,2026-06-02,Computex電腦展,2026
威盛,2,4,-37,-35,2026-04-09,2026-04-13,2,2.21,2026-06-02,Computex電腦展,2026
威盛,2,5,-37,-34,2026-04-09,2026-04-14,3,4.8,2026-06-02,Computex電腦展,2026
威盛,2,6,-37,-33,2026-04-09,2026-04-15,4,15.13,2026-06-02,Computex電腦展,2026
威盛,2,7,-37,-32,2026-04-09,2026-04-16,5,13.28,2026-06-02,Computex電腦展,2026
威盛,2,8,-37,-31,2026-04-09,2026-04-17,6,20.48,2026-06-02,Computex電腦展,2026
威盛,2,9,-37,-30,2026-04-09,2026-04-20,7,22.14,2026-06-02,Computex電腦展,2026
威盛,2,10,-37,-29,2026-04-09,2026-04-21,8,34.32,2026-06-02,Computex電腦展,2026
威盛,2,11,-37,-28,2026-04-09,2026-04-22,9,47.6,2026-06-02,Computex電腦展,2026
威盛,2,12,-37,-27,2026-04-09,2026-04-23,10,40.41,2026-06-02,Computex電腦展,2026
威盛,2,13,-37,-26,2026-04-09,2026-04-24,11,44.28,2026-06-02,Computex電腦展,2026
威盛,2,14,-37,-25,2026-04-09,2026-04-27,12,37.82,2026-06-02,Computex電腦展,2026
威盛,2,15,-37,-24,2026-04-09,2026-04-28,13,36.72,2026-06-02,Computex電腦展,2026
威盛,2,16,-37,-23,2026-04-09,2026-04-29,14,31.92,2026-06-02,Computex電腦展,2026
威盛,2,17,-37,-22,2026-04-09,2026-04-30,15,45.02,2026-06-02,Computex電腦展,2026
威盛,2,18,-37,-21,2026-04-09,2026-05-04,16,53.32,2026-06-02,Computex電腦展,2026
威盛,2,19,-37,-20,2026-04-09,2026-05-05,17,47.42,2026-06-02,Computex電腦展,2026
威盛,2,20,-37,-19,2026-04-09,2026-05-06,18,47.6,2026-06-02,Computex電腦展,2026
威盛,2,21,-37,-18,2026-04-09,2026-05-07,19,39.48,2026-06-02,Computex電腦展,2026
威盛,2,22,-37,-17,2026-04-09,2026-05-08,20,31.73,2026-06-02,Computex電腦展,2026
威盛,2,23,-37,-16,2026-04-09,2026-05-11,21,41.51,2026-06-02,Computex電腦展,2026
威盛,2,24,-37,-15,2026-04-09,2026-05-12,22,38.19,2026-06-02,Computex電腦展,2026
威盛,2,25,-37,-14,2026-04-09,2026-05-13,23,38.01,2026-06-02,Computex電腦展,2026
威盛,2,26,-37,-13,2026-04-09,2026-05-14,24,39.85,2026-06-02,Computex電腦展,2026
威盛,2,27,-37,-12,2026-04-09,2026-05-15,25,39.11,2026-06-02,Computex電腦展,2026
威盛,2,28,-37,-11,2026-04-09,2026-05-18,26,39.85,2026-06-02,Computex電腦展,2026
威盛,2,29,-37,-10,2026-04-09,2026-05-19,27,37.08,2026-06-02,Computex電腦展,2026
威盛,2,30,-37,-9,2026-04-09,2026-05-20,28,50.74,2026-06-02,Computex電腦展,2026
威盛,2,31,-37,-8,2026-04-09,2026-05-21,29,58.67,2026-06-02,Computex電腦展,2026
威盛,2,32,-37,-7,2026-04-09,2026-05-22,30,62.36,2026-06-02,Computex電腦展,2026
威盛,2,33,-37,-6,2026-04-09,2026-05-25,31,55.35,2026-06-02,Computex電腦展,2026
威盛,2,34,-37,-5,2026-04-09,2026-05-26,32,43.91,2026-06-02,Computex電腦展,2026
威盛,2,35,-37,-4,2026-04-09,2026-05-27,33,40.04,2026-06-02,Computex電腦展,2026
威盛,2,36,-37,-3,2026-04-09,2026-05-28,34,37.27,2026-06-02,Computex電腦展,2026
威盛,2,37,-37,-2,2026-04-09,2026-05-29,35,41.88,2026-06-02,Computex電腦展,2026
威盛,2,38,-37,-1,2026-04-09,2026-06-01,36,38.01,2026-06-02,Computex電腦展,2026
威盛,2,39,-37,0,2026-04-09,2026-06-02,37,39.11,2026-06-02,Computex電腦展,2026
威盛,2,40,-37,1,2026-04-09,2026-06-03,38,35.42,2026-06-02,Computex電腦展,2026
威盛,2,41,-37,2,2026-04-09,2026-06-04,39,35.24,2026-06-02,Computex電腦展,2026
威盛,2,42,-37,3,2026-04-09,2026-06-05,40,27.12,2026-06-02,Computex電腦展,2026
威盛,2,43,-37,4,2026-04-09,2026-06-08,41,19.56,2026-06-02,Computex電腦展,2026
威盛,2,44,-37,5,2026-04-09,2026-06-09,42,22.51,2026-06-02,Computex電腦展,2026
威盛,2,45,-37,6,2026-04-09,2026-06-10,43,18.27,2026-06-02,Computex電腦展,2026
威盛,2,46,-37,7,2026-04-09,2026-06-11,44,21.22,2026-06-02,Computex電腦展,2026
威盛,2,47,-37,8,2026-04-09,2026-06-12,45,21.96,2026-06-02,Computex電腦展,2026
威盛,3,4,-36,-35,2026-04-10,2026-04-13,1,3.55,2026-06-02,Computex電腦展,2026
威盛,3,5,-36,-34,2026-04-10,2026-04-14,2,6.17,2026-06-02,Computex電腦展,2026
威盛,3,6,-36,-33,2026-04-10,2026-04-15,3,16.64,2026-06-02,Computex電腦展,2026
威盛,3,7,-36,-32,2026-04-10,2026-04-16,4,14.77,2026-06-02,Computex電腦展,2026
威盛,3,8,-36,-31,2026-04-10,2026-04-17,5,22.06,2026-06-02,Computex電腦展,2026
威盛,3,9,-36,-30,2026-04-10,2026-04-20,6,23.74,2026-06-02,Computex電腦展,2026
威盛,3,10,-36,-29,2026-04-10,2026-04-21,7,36.07,2026-06-02,Computex電腦展,2026
威盛,3,11,-36,-28,2026-04-10,2026-04-22,8,49.53,2026-06-02,Computex電腦展,2026
威盛,3,12,-36,-27,2026-04-10,2026-04-23,9,42.24,2026-06-02,Computex電腦展,2026
威盛,3,13,-36,-26,2026-04-10,2026-04-24,10,46.17,2026-06-02,Computex電腦展,2026
威盛,3,14,-36,-25,2026-04-10,2026-04-27,11,39.63,2026-06-02,Computex電腦展,2026
威盛,3,15,-36,-24,2026-04-10,2026-04-28,12,38.5,2026-06-02,Computex電腦展,2026
威盛,3,16,-36,-23,2026-04-10,2026-04-29,13,33.64,2026-06-02,Computex電腦展,2026
威盛,3,17,-36,-22,2026-04-10,2026-04-30,14,46.92,2026-06-02,Computex電腦展,2026
威盛,3,18,-36,-21,2026-04-10,2026-05-04,15,55.33,2026-06-02,Computex電腦展,2026
威盛,3,19,-36,-20,2026-04-10,2026-05-05,16,49.35,2026-06-02,Computex電腦展,2026
威盛,3,20,-36,-19,2026-04-10,2026-05-06,17,49.53,2026-06-02,Computex電腦展,2026
威盛,3,21,-36,-18,2026-04-10,2026-05-07,18,41.31,2026-06-02,Computex電腦展,2026
威盛,3,22,-36,-17,2026-04-10,2026-05-08,19,33.46,2026-06-02,Computex電腦展,2026
威盛,3,23,-36,-16,2026-04-10,2026-05-11,20,43.36,2026-06-02,Computex電腦展,2026
威盛,3,24,-36,-15,2026-04-10,2026-05-12,21,40.0,2026-06-02,Computex電腦展,2026
威盛,3,25,-36,-14,2026-04-10,2026-05-13,22,39.81,2026-06-02,Computex電腦展,2026
威盛,3,26,-36,-13,2026-04-10,2026-05-14,23,41.68,2026-06-02,Computex電腦展,2026
威盛,3,27,-36,-12,2026-04-10,2026-05-15,24,40.93,2026-06-02,Computex電腦展,2026
威盛,3,28,-36,-11,2026-04-10,2026-05-18,25,41.68,2026-06-02,Computex電腦展,2026
威盛,3,29,-36,-10,2026-04-10,2026-05-19,26,38.88,2026-06-02,Computex電腦展,2026
威盛,3,30,-36,-9,2026-04-10,2026-05-20,27,52.71,2026-06-02,Computex電腦展,2026
威盛,3,31,-36,-8,2026-04-10,2026-05-21,28,60.75,2026-06-02,Computex電腦展,2026
威盛,3,32,-36,-7,2026-04-10,2026-05-22,29,64.49,2026-06-02,Computex電腦展,2026
威盛,3,33,-36,-6,2026-04-10,2026-05-25,30,57.38,2026-06-02,Computex電腦展,2026
威盛,3,34,-36,-5,2026-04-10,2026-05-26,31,45.79,2026-06-02,Computex電腦展,2026
威盛,3,35,-36,-4,2026-04-10,2026-05-27,32,41.87,2026-06-02,Computex電腦展,2026
威盛,3,36,-36,-3,2026-04-10,2026-05-28,33,39.07,2026-06-02,Computex電腦展,2026
威盛,3,37,-36,-2,2026-04-10,2026-05-29,34,43.74,2026-06-02,Computex電腦展,2026
威盛,3,38,-36,-1,2026-04-10,2026-06-01,35,39.81,2026-06-02,Computex電腦展,2026
威盛,3,39,-36,0,2026-04-10,2026-06-02,36,40.93,2026-06-02,Computex電腦展,2026
威盛,3,40,-36,1,2026-04-10,2026-06-03,37,37.2,2026-06-02,Computex電腦展,2026
威盛,3,41,-36,2,2026-04-10,2026-06-04,38,37.01,2026-06-02,Computex電腦展,2026
威盛,3,42,-36,3,2026-04-10,2026-06-05,39,28.79,2026-06-02,Computex電腦展,2026
威盛,3,43,-36,4,2026-04-10,2026-06-08,40,21.12,2026-06-02,Computex電腦展,2026
威盛,3,44,-36,5,2026-04-10,2026-06-09,41,24.11,2026-06-02,Computex電腦展,2026
威盛,3,45,-36,6,2026-04-10,2026-06-10,42,19.81,2026-06-02,Computex電腦展,2026
威盛,3,46,-36,7,2026-04-10,2026-06-11,43,22.8,2026-06-02,Computex電腦展,2026
威盛,3,47,-36,8,2026-04-10,2026-06-12,44,23.55,2026-06-02,Computex電腦展,2026
威盛,4,5,-35,-34,2026-04-13,2026-04-14,1,2.53,2026-06-02,Computex電腦展,2026
威盛,4,6,-35,-33,2026-04-13,2026-04-15,2,12.64,2026-06-02,Computex電腦展,2026
威盛,4,7,-35,-32,2026-04-13,2026-04-16,3,10.83,2026-06-02,Computex電腦展,2026
威盛,4,8,-35,-31,2026-04-13,2026-04-17,4,17.87,2026-06-02,Computex電腦展,2026
威盛,4,9,-35,-30,2026-04-13,2026-04-20,5,19.49,2026-06-02,Computex電腦展,2026
威盛,4,10,-35,-29,2026-04-13,2026-04-21,6,31.41,2026-06-02,Computex電腦展,2026
威盛,4,11,-35,-28,2026-04-13,2026-04-22,7,44.4,2026-06-02,Computex電腦展,2026
威盛,4,12,-35,-27,2026-04-13,2026-04-23,8,37.36,2026-06-02,Computex電腦展,2026
威盛,4,13,-35,-26,2026-04-13,2026-04-24,9,41.16,2026-06-02,Computex電腦展,2026
威盛,4,14,-35,-25,2026-04-13,2026-04-27,10,34.84,2026-06-02,Computex電腦展,2026
威盛,4,15,-35,-24,2026-04-13,2026-04-28,11,33.75,2026-06-02,Computex電腦展,2026
威盛,4,16,-35,-23,2026-04-13,2026-04-29,12,29.06,2026-06-02,Computex電腦展,2026
威盛,4,17,-35,-22,2026-04-13,2026-04-30,13,41.88,2026-06-02,Computex電腦展,2026
威盛,4,18,-35,-21,2026-04-13,2026-05-04,14,50.0,2026-06-02,Computex電腦展,2026
威盛,4,19,-35,-20,2026-04-13,2026-05-05,15,44.22,2026-06-02,Computex電腦展,2026
威盛,4,20,-35,-19,2026-04-13,2026-05-06,16,44.4,2026-06-02,Computex電腦展,2026
威盛,4,21,-35,-18,2026-04-13,2026-05-07,17,36.46,2026-06-02,Computex電腦展,2026
威盛,4,22,-35,-17,2026-04-13,2026-05-08,18,28.88,2026-06-02,Computex電腦展,2026
威盛,4,23,-35,-16,2026-04-13,2026-05-11,19,38.45,2026-06-02,Computex電腦展,2026
威盛,4,24,-35,-15,2026-04-13,2026-05-12,20,35.2,2026-06-02,Computex電腦展,2026
威盛,4,25,-35,-14,2026-04-13,2026-05-13,21,35.02,2026-06-02,Computex電腦展,2026
威盛,4,26,-35,-13,2026-04-13,2026-05-14,22,36.82,2026-06-02,Computex電腦展,2026
威盛,4,27,-35,-12,2026-04-13,2026-05-15,23,36.1,2026-06-02,Computex電腦展,2026
威盛,4,28,-35,-11,2026-04-13,2026-05-18,24,36.82,2026-06-02,Computex電腦展,2026
威盛,4,29,-35,-10,2026-04-13,2026-05-19,25,34.12,2026-06-02,Computex電腦展,2026
威盛,4,30,-35,-9,2026-04-13,2026-05-20,26,47.47,2026-06-02,Computex電腦展,2026
威盛,4,31,-35,-8,2026-04-13,2026-05-21,27,55.23,2026-06-02,Computex電腦展,2026
威盛,4,32,-35,-7,2026-04-13,2026-05-22,28,58.84,2026-06-02,Computex電腦展,2026
威盛,4,33,-35,-6,2026-04-13,2026-05-25,29,51.99,2026-06-02,Computex電腦展,2026
威盛,4,34,-35,-5,2026-04-13,2026-05-26,30,40.79,2026-06-02,Computex電腦展,2026
威盛,4,35,-35,-4,2026-04-13,2026-05-27,31,37.0,2026-06-02,Computex電腦展,2026
威盛,4,36,-35,-3,2026-04-13,2026-05-28,32,34.3,2026-06-02,Computex電腦展,2026
威盛,4,37,-35,-2,2026-04-13,2026-05-29,33,38.81,2026-06-02,Computex電腦展,2026
威盛,4,38,-35,-1,2026-04-13,2026-06-01,34,35.02,2026-06-02,Computex電腦展,2026
威盛,4,39,-35,0,2026-04-13,2026-06-02,35,36.1,2026-06-02,Computex電腦展,2026
威盛,4,40,-35,1,2026-04-13,2026-06-03,36,32.49,2026-06-02,Computex電腦展,2026
威盛,4,41,-35,2,2026-04-13,2026-06-04,37,32.31,2026-06-02,Computex電腦展,2026
威盛,4,42,-35,3,2026-04-13,2026-06-05,38,24.37,2026-06-02,Computex電腦展,2026
威盛,4,43,-35,4,2026-04-13,2026-06-08,39,16.97,2026-06-02,Computex電腦展,2026
威盛,4,44,-35,5,2026-04-13,2026-06-09,40,19.86,2026-06-02,Computex電腦展,2026
威盛,4,45,-35,6,2026-04-13,2026-06-10,41,15.7,2026-06-02,Computex電腦展,2026
威盛,4,46,-35,7,2026-04-13,2026-06-11,42,18.59,2026-06-02,Computex電腦展,2026
威盛,4,47,-35,8,2026-04-13,2026-06-12,43,19.31,2026-06-02,Computex電腦展,2026
威盛,5,6,-34,-33,2026-04-14,2026-04-15,1,9.86,2026-06-02,Computex電腦展,2026
威盛,5,7,-34,-32,2026-04-14,2026-04-16,2,8.1,2026-06-02,Computex電腦展,2026
威盛,5,8,-34,-31,2026-04-14,2026-04-17,3,14.96,2026-06-02,Computex電腦展,2026
威盛,5,9,-34,-30,2026-04-14,2026-04-20,4,16.55,2026-06-02,Computex電腦展,2026
威盛,5,10,-34,-29,2026-04-14,2026-04-21,5,28.17,2026-06-02,Computex電腦展,2026
威盛,5,11,-34,-28,2026-04-14,2026-04-22,6,40.85,2026-06-02,Computex電腦展,2026
威盛,5,12,-34,-27,2026-04-14,2026-04-23,7,33.98,2026-06-02,Computex電腦展,2026
威盛,5,13,-34,-26,2026-04-14,2026-04-24,8,37.68,2026-06-02,Computex電腦展,2026
威盛,5,14,-34,-25,2026-04-14,2026-04-27,9,31.51,2026-06-02,Computex電腦展,2026
威盛,5,15,-34,-24,2026-04-14,2026-04-28,10,30.46,2026-06-02,Computex電腦展,2026
威盛,5,16,-34,-23,2026-04-14,2026-04-29,11,25.88,2026-06-02,Computex電腦展,2026
威盛,5,17,-34,-22,2026-04-14,2026-04-30,12,38.38,2026-06-02,Computex電腦展,2026
威盛,5,18,-34,-21,2026-04-14,2026-05-04,13,46.3,2026-06-02,Computex電腦展,2026
威盛,5,19,-34,-20,2026-04-14,2026-05-05,14,40.67,2026-06-02,Computex電腦展,2026
威盛,5,20,-34,-19,2026-04-14,2026-05-06,15,40.85,2026-06-02,Computex電腦展,2026
威盛,5,21,-34,-18,2026-04-14,2026-05-07,16,33.1,2026-06-02,Computex電腦展,2026
威盛,5,22,-34,-17,2026-04-14,2026-05-08,17,25.7,2026-06-02,Computex電腦展,2026
威盛,5,23,-34,-16,2026-04-14,2026-05-11,18,35.04,2026-06-02,Computex電腦展,2026
威盛,5,24,-34,-15,2026-04-14,2026-05-12,19,31.87,2026-06-02,Computex電腦展,2026
威盛,5,25,-34,-14,2026-04-14,2026-05-13,20,31.69,2026-06-02,Computex電腦展,2026
威盛,5,26,-34,-13,2026-04-14,2026-05-14,21,33.45,2026-06-02,Computex電腦展,2026
威盛,5,27,-34,-12,2026-04-14,2026-05-15,22,32.75,2026-06-02,Computex電腦展,2026
威盛,5,28,-34,-11,2026-04-14,2026-05-18,23,33.45,2026-06-02,Computex電腦展,2026
威盛,5,29,-34,-10,2026-04-14,2026-05-19,24,30.81,2026-06-02,Computex電腦展,2026
威盛,5,30,-34,-9,2026-04-14,2026-05-20,25,43.84,2026-06-02,Computex電腦展,2026
威盛,5,31,-34,-8,2026-04-14,2026-05-21,26,51.41,2026-06-02,Computex電腦展,2026
威盛,5,32,-34,-7,2026-04-14,2026-05-22,27,54.93,2026-06-02,Computex電腦展,2026
威盛,5,33,-34,-6,2026-04-14,2026-05-25,28,48.24,2026-06-02,Computex電腦展,2026
威盛,5,34,-34,-5,2026-04-14,2026-05-26,29,37.32,2026-06-02,Computex電腦展,2026
威盛,5,35,-34,-4,2026-04-14,2026-05-27,30,33.63,2026-06-02,Computex電腦展,2026
威盛,5,36,-34,-3,2026-04-14,2026-05-28,31,30.99,2026-06-02,Computex電腦展,2026
威盛,5,37,-34,-2,2026-04-14,2026-05-29,32,35.39,2026-06-02,Computex電腦展,2026
威盛,5,38,-34,-1,2026-04-14,2026-06-01,33,31.69,2026-06-02,Computex電腦展,2026
威盛,5,39,-34,0,2026-04-14,2026-06-02,34,32.75,2026-06-02,Computex電腦展,2026
威盛,5,40,-34,1,2026-04-14,2026-06-03,35,29.23,2026-06-02,Computex電腦展,2026
威盛,5,41,-34,2,2026-04-14,2026-06-04,36,29.05,2026-06-02,Computex電腦展,2026
威盛,5,42,-34,3,2026-04-14,2026-06-05,37,21.3,2026-06-02,Computex電腦展,2026
威盛,5,43,-34,4,2026-04-14,2026-06-08,38,14.08,2026-06-02,Computex電腦展,2026
威盛,5,44,-34,5,2026-04-14,2026-06-09,39,16.9,2026-06-02,Computex電腦展,2026
威盛,5,45,-34,6,2026-04-14,2026-06-10,40,12.85,2026-06-02,Computex電腦展,2026
威盛,5,46,-34,7,2026-04-14,2026-06-11,41,15.67,2026-06-02,Computex電腦展,2026
威盛,5,47,-34,8,2026-04-14,2026-06-12,42,16.37,2026-06-02,Computex電腦展,2026
威盛,6,7,-33,-32,2026-04-15,2026-04-16,1,-1.6,2026-06-02,Computex電腦展,2026
威盛,6,8,-33,-31,2026-04-15,2026-04-17,2,4.65,2026-06-02,Computex電腦展,2026
威盛,6,9,-33,-30,2026-04-15,2026-04-20,3,6.09,2026-06-02,Computex電腦展,2026
威盛,6,10,-33,-29,2026-04-15,2026-04-21,4,16.67,2026-06-02,Computex電腦展,2026
威盛,6,11,-33,-28,2026-04-15,2026-04-22,5,28.21,2026-06-02,Computex電腦展,2026
威盛,6,12,-33,-27,2026-04-15,2026-04-23,6,21.96,2026-06-02,Computex電腦展,2026
威盛,6,13,-33,-26,2026-04-15,2026-04-24,7,25.32,2026-06-02,Computex電腦展,2026
威盛,6,14,-33,-25,2026-04-15,2026-04-27,8,19.71,2026-06-02,Computex電腦展,2026
威盛,6,15,-33,-24,2026-04-15,2026-04-28,9,18.75,2026-06-02,Computex電腦展,2026
威盛,6,16,-33,-23,2026-04-15,2026-04-29,10,14.58,2026-06-02,Computex電腦展,2026
威盛,6,17,-33,-22,2026-04-15,2026-04-30,11,25.96,2026-06-02,Computex電腦展,2026
威盛,6,18,-33,-21,2026-04-15,2026-05-04,12,33.17,2026-06-02,Computex電腦展,2026
威盛,6,19,-33,-20,2026-04-15,2026-05-05,13,28.04,2026-06-02,Computex電腦展,2026
威盛,6,20,-33,-19,2026-04-15,2026-05-06,14,28.21,2026-06-02,Computex電腦展,2026
威盛,6,21,-33,-18,2026-04-15,2026-05-07,15,21.15,2026-06-02,Computex電腦展,2026
威盛,6,22,-33,-17,2026-04-15,2026-05-08,16,14.42,2026-06-02,Computex電腦展,2026
威盛,6,23,-33,-16,2026-04-15,2026-05-11,17,22.92,2026-06-02,Computex電腦展,2026
威盛,6,24,-33,-15,2026-04-15,2026-05-12,18,20.03,2026-06-02,Computex電腦展,2026
威盛,6,25,-33,-14,2026-04-15,2026-05-13,19,19.87,2026-06-02,Computex電腦展,2026
威盛,6,26,-33,-13,2026-04-15,2026-05-14,20,21.47,2026-06-02,Computex電腦展,2026
威盛,6,27,-33,-12,2026-04-15,2026-05-15,21,20.83,2026-06-02,Computex電腦展,2026
威盛,6,28,-33,-11,2026-04-15,2026-05-18,22,21.47,2026-06-02,Computex電腦展,2026
威盛,6,29,-33,-10,2026-04-15,2026-05-19,23,19.07,2026-06-02,Computex電腦展,2026
威盛,6,30,-33,-9,2026-04-15,2026-05-20,24,30.93,2026-06-02,Computex電腦展,2026
威盛,6,31,-33,-8,2026-04-15,2026-05-21,25,37.82,2026-06-02,Computex電腦展,2026
威盛,6,32,-33,-7,2026-04-15,2026-05-22,26,41.03,2026-06-02,Computex電腦展,2026
威盛,6,33,-33,-6,2026-04-15,2026-05-25,27,34.94,2026-06-02,Computex電腦展,2026
威盛,6,34,-33,-5,2026-04-15,2026-05-26,28,25.0,2026-06-02,Computex電腦展,2026
威盛,6,35,-33,-4,2026-04-15,2026-05-27,29,21.63,2026-06-02,Computex電腦展,2026
威盛,6,36,-33,-3,2026-04-15,2026-05-28,30,19.23,2026-06-02,Computex電腦展,2026
威盛,6,37,-33,-2,2026-04-15,2026-05-29,31,23.24,2026-06-02,Computex電腦展,2026
威盛,6,38,-33,-1,2026-04-15,2026-06-01,32,19.87,2026-06-02,Computex電腦展,2026
威盛,6,39,-33,0,2026-04-15,2026-06-02,33,20.83,2026-06-02,Computex電腦展,2026
威盛,6,40,-33,1,2026-04-15,2026-06-03,34,17.63,2026-06-02,Computex電腦展,2026
威盛,6,41,-33,2,2026-04-15,2026-06-04,35,17.47,2026-06-02,Computex電腦展,2026
威盛,6,42,-33,3,2026-04-15,2026-06-05,36,10.42,2026-06-02,Computex電腦展,2026
威盛,6,43,-33,4,2026-04-15,2026-06-08,37,3.85,2026-06-02,Computex電腦展,2026
威盛,6,44,-33,5,2026-04-15,2026-06-09,38,6.41,2026-06-02,Computex電腦展,2026
威盛,6,45,-33,6,2026-04-15,2026-06-10,39,2.72,2026-06-02,Computex電腦展,2026
威盛,6,46,-33,7,2026-04-15,2026-06-11,40,5.29,2026-06-02,Computex電腦展,2026
威盛,6,47,-33,8,2026-04-15,2026-06-12,41,5.93,2026-06-02,Computex電腦展,2026
威盛,7,8,-32,-31,2026-04-16,2026-04-17,1,6.35,2026-06-02,Computex電腦展,2026
威盛,7,9,-32,-30,2026-04-16,2026-04-20,2,7.82,2026-06-02,Computex電腦展,2026
威盛,7,10,-32,-29,2026-04-16,2026-04-21,3,18.57,2026-06-02,Computex電腦展,2026
威盛,7,11,-32,-28,2026-04-16,2026-04-22,4,30.29,2026-06-02,Computex電腦展,2026
威盛,7,12,-32,-27,2026-04-16,2026-04-23,5,23.94,2026-06-02,Computex電腦展,2026
威盛,7,13,-32,-26,2026-04-16,2026-04-24,6,27.36,2026-06-02,Computex電腦展,2026
威盛,7,14,-32,-25,2026-04-16,2026-04-27,7,21.66,2026-06-02,Computex電腦展,2026
威盛,7,15,-32,-24,2026-04-16,2026-04-28,8,20.68,2026-06-02,Computex電腦展,2026
威盛,7,16,-32,-23,2026-04-16,2026-04-29,9,16.45,2026-06-02,Computex電腦展,2026
威盛,7,17,-32,-22,2026-04-16,2026-04-30,10,28.01,2026-06-02,Computex電腦展,2026
威盛,7,18,-32,-21,2026-04-16,2026-05-04,11,35.34,2026-06-02,Computex電腦展,2026
威盛,7,19,-32,-20,2026-04-16,2026-05-05,12,30.13,2026-06-02,Computex電腦展,2026
威盛,7,20,-32,-19,2026-04-16,2026-05-06,13,30.29,2026-06-02,Computex電腦展,2026
威盛,7,21,-32,-18,2026-04-16,2026-05-07,14,23.13,2026-06-02,Computex電腦展,2026
威盛,7,22,-32,-17,2026-04-16,2026-05-08,15,16.29,2026-06-02,Computex電腦展,2026
威盛,7,23,-32,-16,2026-04-16,2026-05-11,16,24.92,2026-06-02,Computex電腦展,2026
威盛,7,24,-32,-15,2026-04-16,2026-05-12,17,21.99,2026-06-02,Computex電腦展,2026
威盛,7,25,-32,-14,2026-04-16,2026-05-13,18,21.82,2026-06-02,Computex電腦展,2026
威盛,7,26,-32,-13,2026-04-16,2026-05-14,19,23.45,2026-06-02,Computex電腦展,2026
威盛,7,27,-32,-12,2026-04-16,2026-05-15,20,22.8,2026-06-02,Computex電腦展,2026
威盛,7,28,-32,-11,2026-04-16,2026-05-18,21,23.45,2026-06-02,Computex電腦展,2026
威盛,7,29,-32,-10,2026-04-16,2026-05-19,22,21.01,2026-06-02,Computex電腦展,2026
威盛,7,30,-32,-9,2026-04-16,2026-05-20,23,33.06,2026-06-02,Computex電腦展,2026
威盛,7,31,-32,-8,2026-04-16,2026-05-21,24,40.07,2026-06-02,Computex電腦展,2026
威盛,7,32,-32,-7,2026-04-16,2026-05-22,25,43.32,2026-06-02,Computex電腦展,2026
威盛,7,33,-32,-6,2026-04-16,2026-05-25,26,37.13,2026-06-02,Computex電腦展,2026
威盛,7,34,-32,-5,2026-04-16,2026-05-26,27,27.04,2026-06-02,Computex電腦展,2026
威盛,7,35,-32,-4,2026-04-16,2026-05-27,28,23.62,2026-06-02,Computex電腦展,2026
威盛,7,36,-32,-3,2026-04-16,2026-05-28,29,21.17,2026-06-02,Computex電腦展,2026
威盛,7,37,-32,-2,2026-04-16,2026-05-29,30,25.24,2026-06-02,Computex電腦展,2026
威盛,7,38,-32,-1,2026-04-16,2026-06-01,31,21.82,2026-06-02,Computex電腦展,2026
威盛,7,39,-32,0,2026-04-16,2026-06-02,32,22.8,2026-06-02,Computex電腦展,2026
威盛,7,40,-32,1,2026-04-16,2026-06-03,33,19.54,2026-06-02,Computex電腦展,2026
威盛,7,41,-32,2,2026-04-16,2026-06-04,34,19.38,2026-06-02,Computex電腦展,2026
威盛,7,42,-32,3,2026-04-16,2026-06-05,35,12.21,2026-06-02,Computex電腦展,2026
威盛,7,43,-32,4,2026-04-16,2026-06-08,36,5.54,2026-06-02,Computex電腦展,2026
威盛,7,44,-32,5,2026-04-16,2026-06-09,37,8.14,2026-06-02,Computex電腦展,2026
威盛,7,45,-32,6,2026-04-16,2026-06-10,38,4.4,2026-06-02,Computex電腦展,2026
威盛,7,46,-32,7,2026-04-16,2026-06-11,39,7.0,2026-06-02,Computex電腦展,2026
威盛,7,47,-32,8,2026-04-16,2026-06-12,40,7.65,2026-06-02,Computex電腦展,2026
威盛,8,9,-31,-30,2026-04-17,2026-04-20,1,1.38,2026-06-02,Computex電腦展,2026
威盛,8,10,-31,-29,2026-04-17,2026-04-21,2,11.49,2026-06-02,Computex電腦展,2026
威盛,8,11,-31,-28,2026-04-17,2026-04-22,3,22.51,2026-06-02,Computex電腦展,2026
威盛,8,12,-31,-27,2026-04-17,2026-04-23,4,16.54,2026-06-02,Computex電腦展,2026
威盛,8,13,-31,-26,2026-04-17,2026-04-24,5,19.75,2026-06-02,Computex電腦展,2026
威盛,8,14,-31,-25,2026-04-17,2026-04-27,6,14.4,2026-06-02,Computex電腦展,2026
威盛,8,15,-31,-24,2026-04-17,2026-04-28,7,13.48,2026-06-02,Computex電腦展,2026
威盛,8,16,-31,-23,2026-04-17,2026-04-29,8,9.49,2026-06-02,Computex電腦展,2026
威盛,8,17,-31,-22,2026-04-17,2026-04-30,9,20.37,2026-06-02,Computex電腦展,2026
威盛,8,18,-31,-21,2026-04-17,2026-05-04,10,27.26,2026-06-02,Computex電腦展,2026
威盛,8,19,-31,-20,2026-04-17,2026-05-05,11,22.36,2026-06-02,Computex電腦展,2026
威盛,8,20,-31,-19,2026-04-17,2026-05-06,12,22.51,2026-06-02,Computex電腦展,2026
威盛,8,21,-31,-18,2026-04-17,2026-05-07,13,15.77,2026-06-02,Computex電腦展,2026
威盛,8,22,-31,-17,2026-04-17,2026-05-08,14,9.34,2026-06-02,Computex電腦展,2026
威盛,8,23,-31,-16,2026-04-17,2026-05-11,15,17.46,2026-06-02,Computex電腦展,2026
威盛,8,24,-31,-15,2026-04-17,2026-05-12,16,14.7,2026-06-02,Computex電腦展,2026
威盛,8,25,-31,-14,2026-04-17,2026-05-13,17,14.55,2026-06-02,Computex電腦展,2026
威盛,8,26,-31,-13,2026-04-17,2026-05-14,18,16.08,2026-06-02,Computex電腦展,2026
威盛,8,27,-31,-12,2026-04-17,2026-05-15,19,15.47,2026-06-02,Computex電腦展,2026
威盛,8,28,-31,-11,2026-04-17,2026-05-18,20,16.08,2026-06-02,Computex電腦展,2026
威盛,8,29,-31,-10,2026-04-17,2026-05-19,21,13.78,2026-06-02,Computex電腦展,2026
威盛,8,30,-31,-9,2026-04-17,2026-05-20,22,25.11,2026-06-02,Computex電腦展,2026
威盛,8,31,-31,-8,2026-04-17,2026-05-21,23,31.7,2026-06-02,Computex電腦展,2026
威盛,8,32,-31,-7,2026-04-17,2026-05-22,24,34.76,2026-06-02,Computex電腦展,2026
威盛,8,33,-31,-6,2026-04-17,2026-05-25,25,28.94,2026-06-02,Computex電腦展,2026
威盛,8,34,-31,-5,2026-04-17,2026-05-26,26,19.45,2026-06-02,Computex電腦展,2026
威盛,8,35,-31,-4,2026-04-17,2026-05-27,27,16.23,2026-06-02,Computex電腦展,2026
威盛,8,36,-31,-3,2026-04-17,2026-05-28,28,13.94,2026-06-02,Computex電腦展,2026
威盛,8,37,-31,-2,2026-04-17,2026-05-29,29,17.76,2026-06-02,Computex電腦展,2026
威盛,8,38,-31,-1,2026-04-17,2026-06-01,30,14.55,2026-06-02,Computex電腦展,2026
威盛,8,39,-31,0,2026-04-17,2026-06-02,31,15.47,2026-06-02,Computex電腦展,2026
威盛,8,40,-31,1,2026-04-17,2026-06-03,32,12.4,2026-06-02,Computex電腦展,2026
威盛,8,41,-31,2,2026-04-17,2026-06-04,33,12.25,2026-06-02,Computex電腦展,2026
威盛,8,42,-31,3,2026-04-17,2026-06-05,34,5.51,2026-06-02,Computex電腦展,2026
威盛,8,43,-31,4,2026-04-17,2026-06-08,35,-0.77,2026-06-02,Computex電腦展,2026
威盛,8,44,-31,5,2026-04-17,2026-06-09,36,1.68,2026-06-02,Computex電腦展,2026
威盛,8,45,-31,6,2026-04-17,2026-06-10,37,-1.84,2026-06-02,Computex電腦展,2026
威盛,8,46,-31,7,2026-04-17,2026-06-11,38,0.61,2026-06-02,Computex電腦展,2026
威盛,8,47,-31,8,2026-04-17,2026-06-12,39,1.23,2026-06-02,Computex電腦展,2026
威盛,9,10,-30,-29,2026-04-20,2026-04-21,1,9.97,2026-06-02,Computex電腦展,2026
威盛,9,11,-30,-28,2026-04-20,2026-04-22,2,20.85,2026-06-02,Computex電腦展,2026
威盛,9,12,-30,-27,2026-04-20,2026-04-23,3,14.95,2026-06-02,Computex電腦展,2026
威盛,9,13,-30,-26,2026-04-20,2026-04-24,4,18.13,2026-06-02,Computex電腦展,2026
威盛,9,14,-30,-25,2026-04-20,2026-04-27,5,12.84,2026-06-02,Computex電腦展,2026
威盛,9,15,-30,-24,2026-04-20,2026-04-28,6,11.93,2026-06-02,Computex電腦展,2026
威盛,9,16,-30,-23,2026-04-20,2026-04-29,7,8.01,2026-06-02,Computex電腦展,2026
威盛,9,17,-30,-22,2026-04-20,2026-04-30,8,18.73,2026-06-02,Computex電腦展,2026
威盛,9,18,-30,-21,2026-04-20,2026-05-04,9,25.53,2026-06-02,Computex電腦展,2026
威盛,9,19,-30,-20,2026-04-20,2026-05-05,10,20.69,2026-06-02,Computex電腦展,2026
威盛,9,20,-30,-19,2026-04-20,2026-05-06,11,20.85,2026-06-02,Computex電腦展,2026
威盛,9,21,-30,-18,2026-04-20,2026-05-07,12,14.2,2026-06-02,Computex電腦展,2026
威盛,9,22,-30,-17,2026-04-20,2026-05-08,13,7.85,2026-06-02,Computex電腦展,2026
威盛,9,23,-30,-16,2026-04-20,2026-05-11,14,15.86,2026-06-02,Computex電腦展,2026
威盛,9,24,-30,-15,2026-04-20,2026-05-12,15,13.14,2026-06-02,Computex電腦展,2026
威盛,9,25,-30,-14,2026-04-20,2026-05-13,16,12.99,2026-06-02,Computex電腦展,2026
威盛,9,26,-30,-13,2026-04-20,2026-05-14,17,14.5,2026-06-02,Computex電腦展,2026
威盛,9,27,-30,-12,2026-04-20,2026-05-15,18,13.9,2026-06-02,Computex電腦展,2026
威盛,9,28,-30,-11,2026-04-20,2026-05-18,19,14.5,2026-06-02,Computex電腦展,2026
威盛,9,29,-30,-10,2026-04-20,2026-05-19,20,12.24,2026-06-02,Computex電腦展,2026
威盛,9,30,-30,-9,2026-04-20,2026-05-20,21,23.41,2026-06-02,Computex電腦展,2026
威盛,9,31,-30,-8,2026-04-20,2026-05-21,22,29.91,2026-06-02,Computex電腦展,2026
威盛,9,32,-30,-7,2026-04-20,2026-05-22,23,32.93,2026-06-02,Computex電腦展,2026
威盛,9,33,-30,-6,2026-04-20,2026-05-25,24,27.19,2026-06-02,Computex電腦展,2026
威盛,9,34,-30,-5,2026-04-20,2026-05-26,25,17.82,2026-06-02,Computex電腦展,2026
威盛,9,35,-30,-4,2026-04-20,2026-05-27,26,14.65,2026-06-02,Computex電腦展,2026
威盛,9,36,-30,-3,2026-04-20,2026-05-28,27,12.39,2026-06-02,Computex電腦展,2026
威盛,9,37,-30,-2,2026-04-20,2026-05-29,28,16.16,2026-06-02,Computex電腦展,2026
威盛,9,38,-30,-1,2026-04-20,2026-06-01,29,12.99,2026-06-02,Computex電腦展,2026
威盛,9,39,-30,0,2026-04-20,2026-06-02,30,13.9,2026-06-02,Computex電腦展,2026
威盛,9,40,-30,1,2026-04-20,2026-06-03,31,10.88,2026-06-02,Computex電腦展,2026
威盛,9,41,-30,2,2026-04-20,2026-06-04,32,10.73,2026-06-02,Computex電腦展,2026
威盛,9,42,-30,3,2026-04-20,2026-06-05,33,4.08,2026-06-02,Computex電腦展,2026
威盛,9,43,-30,4,2026-04-20,2026-06-08,34,-2.11,2026-06-02,Computex電腦展,2026
威盛,9,44,-30,5,2026-04-20,2026-06-09,35,0.3,2026-06-02,Computex電腦展,2026
威盛,9,45,-30,6,2026-04-20,2026-06-10,36,-3.17,2026-06-02,Computex電腦展,2026
威盛,9,46,-30,7,2026-04-20,2026-06-11,37,-0.76,2026-06-02,Computex電腦展,2026
威盛,9,47,-30,8,2026-04-20,2026-06-12,38,-0.15,2026-06-02,Computex電腦展,2026
威盛,10,11,-29,-28,2026-04-21,2026-04-22,1,9.89,2026-06-02,Computex電腦展,2026
威盛,10,12,-29,-27,2026-04-21,2026-04-23,2,4.53,2026-06-02,Computex電腦展,2026
威盛,10,13,-29,-26,2026-04-21,2026-04-24,3,7.42,2026-06-02,Computex電腦展,2026
威盛,10,14,-29,-25,2026-04-21,2026-04-27,4,2.61,2026-06-02,Computex電腦展,2026
威盛,10,15,-29,-24,2026-04-21,2026-04-28,5,1.79,2026-06-02,Computex電腦展,2026
威盛,10,16,-29,-23,2026-04-21,2026-04-29,6,-1.79,2026-06-02,Computex電腦展,2026
威盛,10,17,-29,-22,2026-04-21,2026-04-30,7,7.97,2026-06-02,Computex電腦展,2026
威盛,10,18,-29,-21,2026-04-21,2026-05-04,8,14.15,2026-06-02,Computex電腦展,2026
威盛,10,19,-29,-20,2026-04-21,2026-05-05,9,9.75,2026-06-02,Computex電腦展,2026
威盛,10,20,-29,-19,2026-04-21,2026-05-06,10,9.89,2026-06-02,Computex電腦展,2026
威盛,10,21,-29,-18,2026-04-21,2026-05-07,11,3.85,2026-06-02,Computex電腦展,2026
威盛,10,22,-29,-17,2026-04-21,2026-05-08,12,-1.92,2026-06-02,Computex電腦展,2026
威盛,10,23,-29,-16,2026-04-21,2026-05-11,13,5.36,2026-06-02,Computex電腦展,2026
威盛,10,24,-29,-15,2026-04-21,2026-05-12,14,2.88,2026-06-02,Computex電腦展,2026
威盛,10,25,-29,-14,2026-04-21,2026-05-13,15,2.75,2026-06-02,Computex電腦展,2026
威盛,10,26,-29,-13,2026-04-21,2026-05-14,16,4.12,2026-06-02,Computex電腦展,2026
威盛,10,27,-29,-12,2026-04-21,2026-05-15,17,3.57,2026-06-02,Computex電腦展,2026
威盛,10,28,-29,-11,2026-04-21,2026-05-18,18,4.12,2026-06-02,Computex電腦展,2026
威盛,10,29,-29,-10,2026-04-21,2026-05-19,19,2.06,2026-06-02,Computex電腦展,2026
威盛,10,30,-29,-9,2026-04-21,2026-05-20,20,12.23,2026-06-02,Computex電腦展,2026
威盛,10,31,-29,-8,2026-04-21,2026-05-21,21,18.13,2026-06-02,Computex電腦展,2026
威盛,10,32,-29,-7,2026-04-21,2026-05-22,22,20.88,2026-06-02,Computex電腦展,2026
威盛,10,33,-29,-6,2026-04-21,2026-05-25,23,15.66,2026-06-02,Computex電腦展,2026
威盛,10,34,-29,-5,2026-04-21,2026-05-26,24,7.14,2026-06-02,Computex電腦展,2026
威盛,10,35,-29,-4,2026-04-21,2026-05-27,25,4.26,2026-06-02,Computex電腦展,2026
威盛,10,36,-29,-3,2026-04-21,2026-05-28,26,2.2,2026-06-02,Computex電腦展,2026
威盛,10,37,-29,-2,2026-04-21,2026-05-29,27,5.63,2026-06-02,Computex電腦展,2026
威盛,10,38,-29,-1,2026-04-21,2026-06-01,28,2.75,2026-06-02,Computex電腦展,2026
威盛,10,39,-29,0,2026-04-21,2026-06-02,29,3.57,2026-06-02,Computex電腦展,2026
威盛,10,40,-29,1,2026-04-21,2026-06-03,30,0.82,2026-06-02,Computex電腦展,2026
威盛,10,41,-29,2,2026-04-21,2026-06-04,31,0.69,2026-06-02,Computex電腦展,2026
威盛,10,42,-29,3,2026-04-21,2026-06-05,32,-5.36,2026-06-02,Computex電腦展,2026
威盛,10,43,-29,4,2026-04-21,2026-06-08,33,-10.99,2026-06-02,Computex電腦展,2026
威盛,10,44,-29,5,2026-04-21,2026-06-09,34,-8.79,2026-06-02,Computex電腦展,2026
威盛,10,45,-29,6,2026-04-21,2026-06-10,35,-11.95,2026-06-02,Computex電腦展,2026
威盛,10,46,-29,7,2026-04-21,2026-06-11,36,-9.75,2026-06-02,Computex電腦展,2026
威盛,10,47,-29,8,2026-04-21,2026-06-12,37,-9.2,2026-06-02,Computex電腦展,2026
威盛,11,12,-28,-27,2026-04-22,2026-04-23,1,-4.88,2026-06-02,Computex電腦展,2026
威盛,11,13,-28,-26,2026-04-22,2026-04-24,2,-2.25,2026-06-02,Computex電腦展,2026
威盛,11,14,-28,-25,2026-04-22,2026-04-27,3,-6.63,2026-06-02,Computex電腦展,2026
威盛,11,15,-28,-24,2026-04-22,2026-04-28,4,-7.38,2026-06-02,Computex電腦展,2026
威盛,11,16,-28,-23,2026-04-22,2026-04-29,5,-10.62,2026-06-02,Computex電腦展,2026
威盛,11,17,-28,-22,2026-04-22,2026-04-30,6,-1.75,2026-06-02,Computex電腦展,2026
威盛,11,18,-28,-21,2026-04-22,2026-05-04,7,3.88,2026-06-02,Computex電腦展,2026
威盛,11,19,-28,-20,2026-04-22,2026-05-05,8,-0.12,2026-06-02,Computex電腦展,2026
威盛,11,20,-28,-19,2026-04-22,2026-05-06,9,0.0,2026-06-02,Computex電腦展,2026
威盛,11,21,-28,-18,2026-04-22,2026-05-07,10,-5.5,2026-06-02,Computex電腦展,2026
威盛,11,22,-28,-17,2026-04-22,2026-05-08,11,-10.75,2026-06-02,Computex電腦展,2026
威盛,11,23,-28,-16,2026-04-22,2026-05-11,12,-4.13,2026-06-02,Computex電腦展,2026
威盛,11,24,-28,-15,2026-04-22,2026-05-12,13,-6.37,2026-06-02,Computex電腦展,2026
威盛,11,25,-28,-14,2026-04-22,2026-05-13,14,-6.5,2026-06-02,Computex電腦展,2026
威盛,11,26,-28,-13,2026-04-22,2026-05-14,15,-5.25,2026-06-02,Computex電腦展,2026
威盛,11,27,-28,-12,2026-04-22,2026-05-15,16,-5.75,2026-06-02,Computex電腦展,2026
威盛,11,28,-28,-11,2026-04-22,2026-05-18,17,-5.25,2026-06-02,Computex電腦展,2026
威盛,11,29,-28,-10,2026-04-22,2026-05-19,18,-7.12,2026-06-02,Computex電腦展,2026
威盛,11,30,-28,-9,2026-04-22,2026-05-20,19,2.13,2026-06-02,Computex電腦展,2026
威盛,11,31,-28,-8,2026-04-22,2026-05-21,20,7.5,2026-06-02,Computex電腦展,2026
威盛,11,32,-28,-7,2026-04-22,2026-05-22,21,10.0,2026-06-02,Computex電腦展,2026
威盛,11,33,-28,-6,2026-04-22,2026-05-25,22,5.25,2026-06-02,Computex電腦展,2026
威盛,11,34,-28,-5,2026-04-22,2026-05-26,23,-2.5,2026-06-02,Computex電腦展,2026
威盛,11,35,-28,-4,2026-04-22,2026-05-27,24,-5.12,2026-06-02,Computex電腦展,2026
威盛,11,36,-28,-3,2026-04-22,2026-05-28,25,-7.0,2026-06-02,Computex電腦展,2026
威盛,11,37,-28,-2,2026-04-22,2026-05-29,26,-3.87,2026-06-02,Computex電腦展,2026
威盛,11,38,-28,-1,2026-04-22,2026-06-01,27,-6.5,2026-06-02,Computex電腦展,2026
威盛,11,39,-28,0,2026-04-22,2026-06-02,28,-5.75,2026-06-02,Computex電腦展,2026
威盛,11,40,-28,1,2026-04-22,2026-06-03,29,-8.25,2026-06-02,Computex電腦展,2026
威盛,11,41,-28,2,2026-04-22,2026-06-04,30,-8.37,2026-06-02,Computex電腦展,2026
威盛,11,42,-28,3,2026-04-22,2026-06-05,31,-13.87,2026-06-02,Computex電腦展,2026
威盛,11,43,-28,4,2026-04-22,2026-06-08,32,-19.0,2026-06-02,Computex電腦展,2026
威盛,11,44,-28,5,2026-04-22,2026-06-09,33,-17.0,2026-06-02,Computex電腦展,2026
威盛,11,45,-28,6,2026-04-22,2026-06-10,34,-19.88,2026-06-02,Computex電腦展,2026
威盛,11,46,-28,7,2026-04-22,2026-06-11,35,-17.87,2026-06-02,Computex電腦展,2026
威盛,11,47,-28,8,2026-04-22,2026-06-12,36,-17.38,2026-06-02,Computex電腦展,2026
威盛,12,13,-27,-26,2026-04-23,2026-04-24,1,2.76,2026-06-02,Computex電腦展,2026
威盛,12,14,-27,-25,2026-04-23,2026-04-27,2,-1.84,2026-06-02,Computex電腦展,2026
威盛,12,15,-27,-24,2026-04-23,2026-04-28,3,-2.63,2026-06-02,Computex電腦展,2026
威盛,12,16,-27,-23,2026-04-23,2026-04-29,4,-6.04,2026-06-02,Computex電腦展,2026
威盛,12,17,-27,-22,2026-04-23,2026-04-30,5,3.29,2026-06-02,Computex電腦展,2026
威盛,12,18,-27,-21,2026-04-23,2026-05-04,6,9.2,2026-06-02,Computex電腦展,2026
威盛,12,19,-27,-20,2026-04-23,2026-05-05,7,4.99,2026-06-02,Computex電腦展,2026
威盛,12,20,-27,-19,2026-04-23,2026-05-06,8,5.12,2026-06-02,Computex電腦展,2026
威盛,12,21,-27,-18,2026-04-23,2026-05-07,9,-0.66,2026-06-02,Computex電腦展,2026
威盛,12,22,-27,-17,2026-04-23,2026-05-08,10,-6.18,2026-06-02,Computex電腦展,2026
威盛,12,23,-27,-16,2026-04-23,2026-05-11,11,0.79,2026-06-02,Computex電腦展,2026
威盛,12,24,-27,-15,2026-04-23,2026-05-12,12,-1.58,2026-06-02,Computex電腦展,2026
威盛,12,25,-27,-14,2026-04-23,2026-05-13,13,-1.71,2026-06-02,Computex電腦展,2026
威盛,12,26,-27,-13,2026-04-23,2026-05-14,14,-0.39,2026-06-02,Computex電腦展,2026
威盛,12,27,-27,-12,2026-04-23,2026-05-15,15,-0.92,2026-06-02,Computex電腦展,2026
威盛,12,28,-27,-11,2026-04-23,2026-05-18,16,-0.39,2026-06-02,Computex電腦展,2026
威盛,12,29,-27,-10,2026-04-23,2026-05-19,17,-2.37,2026-06-02,Computex電腦展,2026
威盛,12,30,-27,-9,2026-04-23,2026-05-20,18,7.36,2026-06-02,Computex電腦展,2026
威盛,12,31,-27,-8,2026-04-23,2026-05-21,19,13.01,2026-06-02,Computex電腦展,2026
威盛,12,32,-27,-7,2026-04-23,2026-05-22,20,15.64,2026-06-02,Computex電腦展,2026
威盛,12,33,-27,-6,2026-04-23,2026-05-25,21,10.64,2026-06-02,Computex電腦展,2026
威盛,12,34,-27,-5,2026-04-23,2026-05-26,22,2.5,2026-06-02,Computex電腦展,2026
威盛,12,35,-27,-4,2026-04-23,2026-05-27,23,-0.26,2026-06-02,Computex電腦展,2026
威盛,12,36,-27,-3,2026-04-23,2026-05-28,24,-2.23,2026-06-02,Computex電腦展,2026
威盛,12,37,-27,-2,2026-04-23,2026-05-29,25,1.05,2026-06-02,Computex電腦展,2026
威盛,12,38,-27,-1,2026-04-23,2026-06-01,26,-1.71,2026-06-02,Computex電腦展,2026
威盛,12,39,-27,0,2026-04-23,2026-06-02,27,-0.92,2026-06-02,Computex電腦展,2026
威盛,12,40,-27,1,2026-04-23,2026-06-03,28,-3.55,2026-06-02,Computex電腦展,2026
威盛,12,41,-27,2,2026-04-23,2026-06-04,29,-3.68,2026-06-02,Computex電腦展,2026
威盛,12,42,-27,3,2026-04-23,2026-06-05,30,-9.46,2026-06-02,Computex電腦展,2026
威盛,12,43,-27,4,2026-04-23,2026-06-08,31,-14.85,2026-06-02,Computex電腦展,2026
威盛,12,44,-27,5,2026-04-23,2026-06-09,32,-12.75,2026-06-02,Computex電腦展,2026
威盛,12,45,-27,6,2026-04-23,2026-06-10,33,-15.77,2026-06-02,Computex電腦展,2026
威盛,12,46,-27,7,2026-04-23,2026-06-11,34,-13.67,2026-06-02,Computex電腦展,2026
威盛,12,47,-27,8,2026-04-23,2026-06-12,35,-13.14,2026-06-02,Computex電腦展,2026
威盛,13,14,-26,-25,2026-04-24,2026-04-27,1,-4.48,2026-06-02,Computex電腦展,2026
威盛,13,15,-26,-24,2026-04-24,2026-04-28,2,-5.24,2026-06-02,Computex電腦展,2026
威盛,13,16,-26,-23,2026-04-24,2026-04-29,3,-8.57,2026-06-02,Computex電腦展,2026
威盛,13,17,-26,-22,2026-04-24,2026-04-30,4,0.51,2026-06-02,Computex電腦展,2026
威盛,13,18,-26,-21,2026-04-24,2026-05-04,5,6.27,2026-06-02,Computex電腦展,2026
威盛,13,19,-26,-20,2026-04-24,2026-05-05,6,2.17,2026-06-02,Computex電腦展,2026
威盛,13,20,-26,-19,2026-04-24,2026-05-06,7,2.3,2026-06-02,Computex電腦展,2026
威盛,13,21,-26,-18,2026-04-24,2026-05-07,8,-3.32,2026-06-02,Computex電腦展,2026
威盛,13,22,-26,-17,2026-04-24,2026-05-08,9,-8.7,2026-06-02,Computex電腦展,2026
威盛,13,23,-26,-16,2026-04-24,2026-05-11,10,-1.92,2026-06-02,Computex電腦展,2026
威盛,13,24,-26,-15,2026-04-24,2026-05-12,11,-4.22,2026-06-02,Computex電腦展,2026
威盛,13,25,-26,-14,2026-04-24,2026-05-13,12,-4.35,2026-06-02,Computex電腦展,2026
威盛,13,26,-26,-13,2026-04-24,2026-05-14,13,-3.07,2026-06-02,Computex電腦展,2026
威盛,13,27,-26,-12,2026-04-24,2026-05-15,14,-3.58,2026-06-02,Computex電腦展,2026
威盛,13,28,-26,-11,2026-04-24,2026-05-18,15,-3.07,2026-06-02,Computex電腦展,2026
威盛,13,29,-26,-10,2026-04-24,2026-05-19,16,-4.99,2026-06-02,Computex電腦展,2026
威盛,13,30,-26,-9,2026-04-24,2026-05-20,17,4.48,2026-06-02,Computex電腦展,2026
威盛,13,31,-26,-8,2026-04-24,2026-05-21,18,9.97,2026-06-02,Computex電腦展,2026
威盛,13,32,-26,-7,2026-04-24,2026-05-22,19,12.53,2026-06-02,Computex電腦展,2026
威盛,13,33,-26,-6,2026-04-24,2026-05-25,20,7.67,2026-06-02,Computex電腦展,2026
威盛,13,34,-26,-5,2026-04-24,2026-05-26,21,-0.26,2026-06-02,Computex電腦展,2026
威盛,13,35,-26,-4,2026-04-24,2026-05-27,22,-2.94,2026-06-02,Computex電腦展,2026
威盛,13,36,-26,-3,2026-04-24,2026-05-28,23,-4.86,2026-06-02,Computex電腦展,2026
威盛,13,37,-26,-2,2026-04-24,2026-05-29,24,-1.66,2026-06-02,Computex電腦展,2026
威盛,13,38,-26,-1,2026-04-24,2026-06-01,25,-4.35,2026-06-02,Computex電腦展,2026
威盛,13,39,-26,0,2026-04-24,2026-06-02,26,-3.58,2026-06-02,Computex電腦展,2026
威盛,13,40,-26,1,2026-04-24,2026-06-03,27,-6.14,2026-06-02,Computex電腦展,2026
威盛,13,41,-26,2,2026-04-24,2026-06-04,28,-6.27,2026-06-02,Computex電腦展,2026
威盛,13,42,-26,3,2026-04-24,2026-06-05,29,-11.89,2026-06-02,Computex電腦展,2026
威盛,13,43,-26,4,2026-04-24,2026-06-08,30,-17.14,2026-06-02,Computex電腦展,2026
威盛,13,44,-26,5,2026-04-24,2026-06-09,31,-15.09,2026-06-02,Computex電腦展,2026
威盛,13,45,-26,6,2026-04-24,2026-06-10,32,-18.03,2026-06-02,Computex電腦展,2026
威盛,13,46,-26,7,2026-04-24,2026-06-11,33,-15.98,2026-06-02,Computex電腦展,2026
威盛,13,47,-26,8,2026-04-24,2026-06-12,34,-15.47,2026-06-02,Computex電腦展,2026
威盛,14,15,-25,-24,2026-04-27,2026-04-28,1,-0.8,2026-06-02,Computex電腦展,2026
威盛,14,16,-25,-23,2026-04-27,2026-04-29,2,-4.28,2026-06-02,Computex電腦展,2026
威盛,14,17,-25,-22,2026-04-27,2026-04-30,3,5.22,2026-06-02,Computex電腦展,2026
威盛,14,18,-25,-21,2026-04-27,2026-05-04,4,11.24,2026-06-02,Computex電腦展,2026
威盛,14,19,-25,-20,2026-04-27,2026-05-05,5,6.96,2026-06-02,Computex電腦展,2026
威盛,14,20,-25,-19,2026-04-27,2026-05-06,6,7.1,2026-06-02,Computex電腦展,2026
威盛,14,21,-25,-18,2026-04-27,2026-05-07,7,1.2,2026-06-02,Computex電腦展,2026
威盛,14,22,-25,-17,2026-04-27,2026-05-08,8,-4.42,2026-06-02,Computex電腦展,2026
威盛,14,23,-25,-16,2026-04-27,2026-05-11,9,2.68,2026-06-02,Computex電腦展,2026
威盛,14,24,-25,-15,2026-04-27,2026-05-12,10,0.27,2026-06-02,Computex電腦展,2026
威盛,14,25,-25,-14,2026-04-27,2026-05-13,11,0.13,2026-06-02,Computex電腦展,2026
威盛,14,26,-25,-13,2026-04-27,2026-05-14,12,1.47,2026-06-02,Computex電腦展,2026
威盛,14,27,-25,-12,2026-04-27,2026-05-15,13,0.94,2026-06-02,Computex電腦展,2026
威盛,14,28,-25,-11,2026-04-27,2026-05-18,14,1.47,2026-06-02,Computex電腦展,2026
威盛,14,29,-25,-10,2026-04-27,2026-05-19,15,-0.54,2026-06-02,Computex電腦展,2026
威盛,14,30,-25,-9,2026-04-27,2026-05-20,16,9.37,2026-06-02,Computex電腦展,2026
威盛,14,31,-25,-8,2026-04-27,2026-05-21,17,15.13,2026-06-02,Computex電腦展,2026
威盛,14,32,-25,-7,2026-04-27,2026-05-22,18,17.8,2026-06-02,Computex電腦展,2026
威盛,14,33,-25,-6,2026-04-27,2026-05-25,19,12.72,2026-06-02,Computex電腦展,2026
威盛,14,34,-25,-5,2026-04-27,2026-05-26,20,4.42,2026-06-02,Computex電腦展,2026
威盛,14,35,-25,-4,2026-04-27,2026-05-27,21,1.61,2026-06-02,Computex電腦展,2026
威盛,14,36,-25,-3,2026-04-27,2026-05-28,22,-0.4,2026-06-02,Computex電腦展,2026
威盛,14,37,-25,-2,2026-04-27,2026-05-29,23,2.95,2026-06-02,Computex電腦展,2026
威盛,14,38,-25,-1,2026-04-27,2026-06-01,24,0.13,2026-06-02,Computex電腦展,2026
威盛,14,39,-25,0,2026-04-27,2026-06-02,25,0.94,2026-06-02,Computex電腦展,2026
威盛,14,40,-25,1,2026-04-27,2026-06-03,26,-1.74,2026-06-02,Computex電腦展,2026
威盛,14,41,-25,2,2026-04-27,2026-06-04,27,-1.87,2026-06-02,Computex電腦展,2026
威盛,14,42,-25,3,2026-04-27,2026-06-05,28,-7.76,2026-06-02,Computex電腦展,2026
威盛,14,43,-25,4,2026-04-27,2026-06-08,29,-13.25,2026-06-02,Computex電腦展,2026
威盛,14,44,-25,5,2026-04-27,2026-06-09,30,-11.11,2026-06-02,Computex電腦展,2026
威盛,14,45,-25,6,2026-04-27,2026-06-10,31,-14.19,2026-06-02,Computex電腦展,2026
威盛,14,46,-25,7,2026-04-27,2026-06-11,32,-12.05,2026-06-02,Computex電腦展,2026
威盛,14,47,-25,8,2026-04-27,2026-06-12,33,-11.51,2026-06-02,Computex電腦展,2026
威盛,15,16,-24,-23,2026-04-28,2026-04-29,1,-3.51,2026-06-02,Computex電腦展,2026
威盛,15,17,-24,-22,2026-04-28,2026-04-30,2,6.07,2026-06-02,Computex電腦展,2026
威盛,15,18,-24,-21,2026-04-28,2026-05-04,3,12.15,2026-06-02,Computex電腦展,2026
威盛,15,19,-24,-20,2026-04-28,2026-05-05,4,7.83,2026-06-02,Computex電腦展,2026
威盛,15,20,-24,-19,2026-04-28,2026-05-06,5,7.96,2026-06-02,Computex電腦展,2026
威盛,15,21,-24,-18,2026-04-28,2026-05-07,6,2.02,2026-06-02,Computex電腦展,2026
威盛,15,22,-24,-17,2026-04-28,2026-05-08,7,-3.64,2026-06-02,Computex電腦展,2026
威盛,15,23,-24,-16,2026-04-28,2026-05-11,8,3.51,2026-06-02,Computex電腦展,2026
威盛,15,24,-24,-15,2026-04-28,2026-05-12,9,1.08,2026-06-02,Computex電腦展,2026
威盛,15,25,-24,-14,2026-04-28,2026-05-13,10,0.94,2026-06-02,Computex電腦展,2026
威盛,15,26,-24,-13,2026-04-28,2026-05-14,11,2.29,2026-06-02,Computex電腦展,2026
威盛,15,27,-24,-12,2026-04-28,2026-05-15,12,1.75,2026-06-02,Computex電腦展,2026
威盛,15,28,-24,-11,2026-04-28,2026-05-18,13,2.29,2026-06-02,Computex電腦展,2026
威盛,15,29,-24,-10,2026-04-28,2026-05-19,14,0.27,2026-06-02,Computex電腦展,2026
威盛,15,30,-24,-9,2026-04-28,2026-05-20,15,10.26,2026-06-02,Computex電腦展,2026
威盛,15,31,-24,-8,2026-04-28,2026-05-21,16,16.06,2026-06-02,Computex電腦展,2026
威盛,15,32,-24,-7,2026-04-28,2026-05-22,17,18.76,2026-06-02,Computex電腦展,2026
威盛,15,33,-24,-6,2026-04-28,2026-05-25,18,13.63,2026-06-02,Computex電腦展,2026
威盛,15,34,-24,-5,2026-04-28,2026-05-26,19,5.26,2026-06-02,Computex電腦展,2026
威盛,15,35,-24,-4,2026-04-28,2026-05-27,20,2.43,2026-06-02,Computex電腦展,2026
威盛,15,36,-24,-3,2026-04-28,2026-05-28,21,0.4,2026-06-02,Computex電腦展,2026
威盛,15,37,-24,-2,2026-04-28,2026-05-29,22,3.78,2026-06-02,Computex電腦展,2026
威盛,15,38,-24,-1,2026-04-28,2026-06-01,23,0.94,2026-06-02,Computex電腦展,2026
威盛,15,39,-24,0,2026-04-28,2026-06-02,24,1.75,2026-06-02,Computex電腦展,2026
威盛,15,40,-24,1,2026-04-28,2026-06-03,25,-0.94,2026-06-02,Computex電腦展,2026
威盛,15,41,-24,2,2026-04-28,2026-06-04,26,-1.08,2026-06-02,Computex電腦展,2026
威盛,15,42,-24,3,2026-04-28,2026-06-05,27,-7.02,2026-06-02,Computex電腦展,2026
威盛,15,43,-24,4,2026-04-28,2026-06-08,28,-12.55,2026-06-02,Computex電腦展,2026
威盛,15,44,-24,5,2026-04-28,2026-06-09,29,-10.39,2026-06-02,Computex電腦展,2026
威盛,15,45,-24,6,2026-04-28,2026-06-10,30,-13.5,2026-06-02,Computex電腦展,2026
威盛,15,46,-24,7,2026-04-28,2026-06-11,31,-11.34,2026-06-02,Computex電腦展,2026
威盛,15,47,-24,8,2026-04-28,2026-06-12,32,-10.8,2026-06-02,Computex電腦展,2026
威盛,16,17,-23,-22,2026-04-29,2026-04-30,1,9.93,2026-06-02,Computex電腦展,2026
威盛,16,18,-23,-21,2026-04-29,2026-05-04,2,16.22,2026-06-02,Computex電腦展,2026
威盛,16,19,-23,-20,2026-04-29,2026-05-05,3,11.75,2026-06-02,Computex電腦展,2026
威盛,16,20,-23,-19,2026-04-29,2026-05-06,4,11.89,2026-06-02,Computex電腦展,2026
威盛,16,21,-23,-18,2026-04-29,2026-05-07,5,5.73,2026-06-02,Computex電腦展,2026
威盛,16,22,-23,-17,2026-04-29,2026-05-08,6,-0.14,2026-06-02,Computex電腦展,2026
威盛,16,23,-23,-16,2026-04-29,2026-05-11,7,7.27,2026-06-02,Computex電腦展,2026
威盛,16,24,-23,-15,2026-04-29,2026-05-12,8,4.76,2026-06-02,Computex電腦展,2026
威盛,16,25,-23,-14,2026-04-29,2026-05-13,9,4.62,2026-06-02,Computex電腦展,2026
威盛,16,26,-23,-13,2026-04-29,2026-05-14,10,6.01,2026-06-02,Computex電腦展,2026
威盛,16,27,-23,-12,2026-04-29,2026-05-15,11,5.45,2026-06-02,Computex電腦展,2026
威盛,16,28,-23,-11,2026-04-29,2026-05-18,12,6.01,2026-06-02,Computex電腦展,2026
威盛,16,29,-23,-10,2026-04-29,2026-05-19,13,3.92,2026-06-02,Computex電腦展,2026
威盛,16,30,-23,-9,2026-04-29,2026-05-20,14,14.27,2026-06-02,Computex電腦展,2026
威盛,16,31,-23,-8,2026-04-29,2026-05-21,15,20.28,2026-06-02,Computex電腦展,2026
威盛,16,32,-23,-7,2026-04-29,2026-05-22,16,23.08,2026-06-02,Computex電腦展,2026
威盛,16,33,-23,-6,2026-04-29,2026-05-25,17,17.76,2026-06-02,Computex電腦展,2026
威盛,16,34,-23,-5,2026-04-29,2026-05-26,18,9.09,2026-06-02,Computex電腦展,2026
威盛,16,35,-23,-4,2026-04-29,2026-05-27,19,6.15,2026-06-02,Computex電腦展,2026
威盛,16,36,-23,-3,2026-04-29,2026-05-28,20,4.06,2026-06-02,Computex電腦展,2026
威盛,16,37,-23,-2,2026-04-29,2026-05-29,21,7.55,2026-06-02,Computex電腦展,2026
威盛,16,38,-23,-1,2026-04-29,2026-06-01,22,4.62,2026-06-02,Computex電腦展,2026
威盛,16,39,-23,0,2026-04-29,2026-06-02,23,5.45,2026-06-02,Computex電腦展,2026
威盛,16,40,-23,1,2026-04-29,2026-06-03,24,2.66,2026-06-02,Computex電腦展,2026
威盛,16,41,-23,2,2026-04-29,2026-06-04,25,2.52,2026-06-02,Computex電腦展,2026
威盛,16,42,-23,3,2026-04-29,2026-06-05,26,-3.64,2026-06-02,Computex電腦展,2026
威盛,16,43,-23,4,2026-04-29,2026-06-08,27,-9.37,2026-06-02,Computex電腦展,2026
威盛,16,44,-23,5,2026-04-29,2026-06-09,28,-7.13,2026-06-02,Computex電腦展,2026
威盛,16,45,-23,6,2026-04-29,2026-06-10,29,-10.35,2026-06-02,Computex電腦展,2026
威盛,16,46,-23,7,2026-04-29,2026-06-11,30,-8.11,2026-06-02,Computex電腦展,2026
威盛,16,47,-23,8,2026-04-29,2026-06-12,31,-7.55,2026-06-02,Computex電腦展,2026
威盛,17,18,-22,-21,2026-04-30,2026-05-04,1,5.73,2026-06-02,Computex電腦展,2026
威盛,17,19,-22,-20,2026-04-30,2026-05-05,2,1.65,2026-06-02,Computex電腦展,2026
威盛,17,20,-22,-19,2026-04-30,2026-05-06,3,1.78,2026-06-02,Computex電腦展,2026
威盛,17,21,-22,-18,2026-04-30,2026-05-07,4,-3.82,2026-06-02,Computex電腦展,2026
威盛,17,22,-22,-17,2026-04-30,2026-05-08,5,-9.16,2026-06-02,Computex電腦展,2026
威盛,17,23,-22,-16,2026-04-30,2026-05-11,6,-2.42,2026-06-02,Computex電腦展,2026
威盛,17,24,-22,-15,2026-04-30,2026-05-12,7,-4.71,2026-06-02,Computex電腦展,2026
威盛,17,25,-22,-14,2026-04-30,2026-05-13,8,-4.83,2026-06-02,Computex電腦展,2026
威盛,17,26,-22,-13,2026-04-30,2026-05-14,9,-3.56,2026-06-02,Computex電腦展,2026
威盛,17,27,-22,-12,2026-04-30,2026-05-15,10,-4.07,2026-06-02,Computex電腦展,2026
威盛,17,28,-22,-11,2026-04-30,2026-05-18,11,-3.56,2026-06-02,Computex電腦展,2026
威盛,17,29,-22,-10,2026-04-30,2026-05-19,12,-5.47,2026-06-02,Computex電腦展,2026
威盛,17,30,-22,-9,2026-04-30,2026-05-20,13,3.94,2026-06-02,Computex電腦展,2026
威盛,17,31,-22,-8,2026-04-30,2026-05-21,14,9.41,2026-06-02,Computex電腦展,2026
威盛,17,32,-22,-7,2026-04-30,2026-05-22,15,11.96,2026-06-02,Computex電腦展,2026
威盛,17,33,-22,-6,2026-04-30,2026-05-25,16,7.12,2026-06-02,Computex電腦展,2026
威盛,17,34,-22,-5,2026-04-30,2026-05-26,17,-0.76,2026-06-02,Computex電腦展,2026
威盛,17,35,-22,-4,2026-04-30,2026-05-27,18,-3.44,2026-06-02,Computex電腦展,2026
威盛,17,36,-22,-3,2026-04-30,2026-05-28,19,-5.34,2026-06-02,Computex電腦展,2026
威盛,17,37,-22,-2,2026-04-30,2026-05-29,20,-2.16,2026-06-02,Computex電腦展,2026
威盛,17,38,-22,-1,2026-04-30,2026-06-01,21,-4.83,2026-06-02,Computex電腦展,2026
威盛,17,39,-22,0,2026-04-30,2026-06-02,22,-4.07,2026-06-02,Computex電腦展,2026
威盛,17,40,-22,1,2026-04-30,2026-06-03,23,-6.62,2026-06-02,Computex電腦展,2026
威盛,17,41,-22,2,2026-04-30,2026-06-04,24,-6.74,2026-06-02,Computex電腦展,2026
威盛,17,42,-22,3,2026-04-30,2026-06-05,25,-12.34,2026-06-02,Computex電腦展,2026
威盛,17,43,-22,4,2026-04-30,2026-06-08,26,-17.56,2026-06-02,Computex電腦展,2026
威盛,17,44,-22,5,2026-04-30,2026-06-09,27,-15.52,2026-06-02,Computex電腦展,2026
威盛,17,45,-22,6,2026-04-30,2026-06-10,28,-18.45,2026-06-02,Computex電腦展,2026
威盛,17,46,-22,7,2026-04-30,2026-06-11,29,-16.41,2026-06-02,Computex電腦展,2026
威盛,17,47,-22,8,2026-04-30,2026-06-12,30,-15.9,2026-06-02,Computex電腦展,2026
威盛,18,19,-21,-20,2026-05-04,2026-05-05,1,-3.85,2026-06-02,Computex電腦展,2026
威盛,18,20,-21,-19,2026-05-04,2026-05-06,2,-3.73,2026-06-02,Computex電腦展,2026
威盛,18,21,-21,-18,2026-05-04,2026-05-07,3,-9.03,2026-06-02,Computex電腦展,2026
威盛,18,22,-21,-17,2026-05-04,2026-05-08,4,-14.08,2026-06-02,Computex電腦展,2026
威盛,18,23,-21,-16,2026-05-04,2026-05-11,5,-7.7,2026-06-02,Computex電腦展,2026
威盛,18,24,-21,-15,2026-05-04,2026-05-12,6,-9.87,2026-06-02,Computex電腦展,2026
威盛,18,25,-21,-14,2026-05-04,2026-05-13,7,-9.99,2026-06-02,Computex電腦展,2026
威盛,18,26,-21,-13,2026-05-04,2026-05-14,8,-8.78,2026-06-02,Computex電腦展,2026
威盛,18,27,-21,-12,2026-05-04,2026-05-15,9,-9.27,2026-06-02,Computex電腦展,2026
威盛,18,28,-21,-11,2026-05-04,2026-05-18,10,-8.78,2026-06-02,Computex電腦展,2026
威盛,18,29,-21,-10,2026-05-04,2026-05-19,11,-10.59,2026-06-02,Computex電腦展,2026
威盛,18,30,-21,-9,2026-05-04,2026-05-20,12,-1.68,2026-06-02,Computex電腦展,2026
威盛,18,31,-21,-8,2026-05-04,2026-05-21,13,3.49,2026-06-02,Computex電腦展,2026
威盛,18,32,-21,-7,2026-05-04,2026-05-22,14,5.9,2026-06-02,Computex電腦展,2026
威盛,18,33,-21,-6,2026-05-04,2026-05-25,15,1.32,2026-06-02,Computex電腦展,2026
威盛,18,34,-21,-5,2026-05-04,2026-05-26,16,-6.14,2026-06-02,Computex電腦展,2026
威盛,18,35,-21,-4,2026-05-04,2026-05-27,17,-8.66,2026-06-02,Computex電腦展,2026
威盛,18,36,-21,-3,2026-05-04,2026-05-28,18,-10.47,2026-06-02,Computex電腦展,2026
威盛,18,37,-21,-2,2026-05-04,2026-05-29,19,-7.46,2026-06-02,Computex電腦展,2026
威盛,18,38,-21,-1,2026-05-04,2026-06-01,20,-9.99,2026-06-02,Computex電腦展,2026
威盛,18,39,-21,0,2026-05-04,2026-06-02,21,-9.27,2026-06-02,Computex電腦展,2026
威盛,18,40,-21,1,2026-05-04,2026-06-03,22,-11.67,2026-06-02,Computex電腦展,2026
威盛,18,41,-21,2,2026-05-04,2026-06-04,23,-11.79,2026-06-02,Computex電腦展,2026
威盛,18,42,-21,3,2026-05-04,2026-06-05,24,-17.09,2026-06-02,Computex電腦展,2026
威盛,18,43,-21,4,2026-05-04,2026-06-08,25,-22.02,2026-06-02,Computex電腦展,2026
威盛,18,44,-21,5,2026-05-04,2026-06-09,26,-20.1,2026-06-02,Computex電腦展,2026
威盛,18,45,-21,6,2026-05-04,2026-06-10,27,-22.86,2026-06-02,Computex電腦展,2026
威盛,18,46,-21,7,2026-05-04,2026-06-11,28,-20.94,2026-06-02,Computex電腦展,2026
威盛,18,47,-21,8,2026-05-04,2026-06-12,29,-20.46,2026-06-02,Computex電腦展,2026
威盛,19,20,-20,-19,2026-05-05,2026-05-06,1,0.13,2026-06-02,Computex電腦展,2026
威盛,19,21,-20,-18,2026-05-05,2026-05-07,2,-5.38,2026-06-02,Computex電腦展,2026
威盛,19,22,-20,-17,2026-05-05,2026-05-08,3,-10.64,2026-06-02,Computex電腦展,2026
威盛,19,23,-20,-16,2026-05-05,2026-05-11,4,-4.01,2026-06-02,Computex電腦展,2026
威盛,19,24,-20,-15,2026-05-05,2026-05-12,5,-6.26,2026-06-02,Computex電腦展,2026
威盛,19,25,-20,-14,2026-05-05,2026-05-13,6,-6.38,2026-06-02,Computex電腦展,2026
威盛,19,26,-20,-13,2026-05-05,2026-05-14,7,-5.13,2026-06-02,Computex電腦展,2026
威盛,19,27,-20,-12,2026-05-05,2026-05-15,8,-5.63,2026-06-02,Computex電腦展,2026
威盛,19,28,-20,-11,2026-05-05,2026-05-18,9,-5.13,2026-06-02,Computex電腦展,2026
威盛,19,29,-20,-10,2026-05-05,2026-05-19,10,-7.01,2026-06-02,Computex電腦展,2026
威盛,19,30,-20,-9,2026-05-05,2026-05-20,11,2.25,2026-06-02,Computex電腦展,2026
威盛,19,31,-20,-8,2026-05-05,2026-05-21,12,7.63,2026-06-02,Computex電腦展,2026
威盛,19,32,-20,-7,2026-05-05,2026-05-22,13,10.14,2026-06-02,Computex電腦展,2026
威盛,19,33,-20,-6,2026-05-05,2026-05-25,14,5.38,2026-06-02,Computex電腦展,2026
威盛,19,34,-20,-5,2026-05-05,2026-05-26,15,-2.38,2026-06-02,Computex電腦展,2026
威盛,19,35,-20,-4,2026-05-05,2026-05-27,16,-5.01,2026-06-02,Computex電腦展,2026
威盛,19,36,-20,-3,2026-05-05,2026-05-28,17,-6.88,2026-06-02,Computex電腦展,2026
威盛,19,37,-20,-2,2026-05-05,2026-05-29,18,-3.75,2026-06-02,Computex電腦展,2026
威盛,19,38,-20,-1,2026-05-05,2026-06-01,19,-6.38,2026-06-02,Computex電腦展,2026
威盛,19,39,-20,0,2026-05-05,2026-06-02,20,-5.63,2026-06-02,Computex電腦展,2026
威盛,19,40,-20,1,2026-05-05,2026-06-03,21,-8.14,2026-06-02,Computex電腦展,2026
威盛,19,41,-20,2,2026-05-05,2026-06-04,22,-8.26,2026-06-02,Computex電腦展,2026
威盛,19,42,-20,3,2026-05-05,2026-06-05,23,-13.77,2026-06-02,Computex電腦展,2026
威盛,19,43,-20,4,2026-05-05,2026-06-08,24,-18.9,2026-06-02,Computex電腦展,2026
威盛,19,44,-20,5,2026-05-05,2026-06-09,25,-16.9,2026-06-02,Computex電腦展,2026
威盛,19,45,-20,6,2026-05-05,2026-06-10,26,-19.77,2026-06-02,Computex電腦展,2026
威盛,19,46,-20,7,2026-05-05,2026-06-11,27,-17.77,2026-06-02,Computex電腦展,2026
威盛,19,47,-20,8,2026-05-05,2026-06-12,28,-17.27,2026-06-02,Computex電腦展,2026
威盛,20,21,-19,-18,2026-05-06,2026-05-07,1,-5.5,2026-06-02,Computex電腦展,2026
威盛,20,22,-19,-17,2026-05-06,2026-05-08,2,-10.75,2026-06-02,Computex電腦展,2026
威盛,20,23,-19,-16,2026-05-06,2026-05-11,3,-4.13,2026-06-02,Computex電腦展,2026
威盛,20,24,-19,-15,2026-05-06,2026-05-12,4,-6.37,2026-06-02,Computex電腦展,2026
威盛,20,25,-19,-14,2026-05-06,2026-05-13,5,-6.5,2026-06-02,Computex電腦展,2026
威盛,20,26,-19,-13,2026-05-06,2026-05-14,6,-5.25,2026-06-02,Computex電腦展,2026
威盛,20,27,-19,-12,2026-05-06,2026-05-15,7,-5.75,2026-06-02,Computex電腦展,2026
威盛,20,28,-19,-11,2026-05-06,2026-05-18,8,-5.25,2026-06-02,Computex電腦展,2026
威盛,20,29,-19,-10,2026-05-06,2026-05-19,9,-7.12,2026-06-02,Computex電腦展,2026
威盛,20,30,-19,-9,2026-05-06,2026-05-20,10,2.13,2026-06-02,Computex電腦展,2026
威盛,20,31,-19,-8,2026-05-06,2026-05-21,11,7.5,2026-06-02,Computex電腦展,2026
威盛,20,32,-19,-7,2026-05-06,2026-05-22,12,10.0,2026-06-02,Computex電腦展,2026
威盛,20,33,-19,-6,2026-05-06,2026-05-25,13,5.25,2026-06-02,Computex電腦展,2026
威盛,20,34,-19,-5,2026-05-06,2026-05-26,14,-2.5,2026-06-02,Computex電腦展,2026
威盛,20,35,-19,-4,2026-05-06,2026-05-27,15,-5.12,2026-06-02,Computex電腦展,2026
威盛,20,36,-19,-3,2026-05-06,2026-05-28,16,-7.0,2026-06-02,Computex電腦展,2026
威盛,20,37,-19,-2,2026-05-06,2026-05-29,17,-3.87,2026-06-02,Computex電腦展,2026
威盛,20,38,-19,-1,2026-05-06,2026-06-01,18,-6.5,2026-06-02,Computex電腦展,2026
威盛,20,39,-19,0,2026-05-06,2026-06-02,19,-5.75,2026-06-02,Computex電腦展,2026
威盛,20,40,-19,1,2026-05-06,2026-06-03,20,-8.25,2026-06-02,Computex電腦展,2026
威盛,20,41,-19,2,2026-05-06,2026-06-04,21,-8.37,2026-06-02,Computex電腦展,2026
威盛,20,42,-19,3,2026-05-06,2026-06-05,22,-13.87,2026-06-02,Computex電腦展,2026
威盛,20,43,-19,4,2026-05-06,2026-06-08,23,-19.0,2026-06-02,Computex電腦展,2026
威盛,20,44,-19,5,2026-05-06,2026-06-09,24,-17.0,2026-06-02,Computex電腦展,2026
威盛,20,45,-19,6,2026-05-06,2026-06-10,25,-19.88,2026-06-02,Computex電腦展,2026
威盛,20,46,-19,7,2026-05-06,2026-06-11,26,-17.87,2026-06-02,Computex電腦展,2026
威盛,20,47,-19,8,2026-05-06,2026-06-12,27,-17.38,2026-06-02,Computex電腦展,2026
威盛,21,22,-18,-17,2026-05-07,2026-05-08,1,-5.56,2026-06-02,Computex電腦展,2026
威盛,21,23,-18,-16,2026-05-07,2026-05-11,2,1.46,2026-06-02,Computex電腦展,2026
威盛,21,24,-18,-15,2026-05-07,2026-05-12,3,-0.93,2026-06-02,Computex電腦展,2026
威盛,21,25,-18,-14,2026-05-07,2026-05-13,4,-1.06,2026-06-02,Computex電腦展,2026
威盛,21,26,-18,-13,2026-05-07,2026-05-14,5,0.26,2026-06-02,Computex電腦展,2026
威盛,21,27,-18,-12,2026-05-07,2026-05-15,6,-0.26,2026-06-02,Computex電腦展,2026
威盛,21,28,-18,-11,2026-05-07,2026-05-18,7,0.26,2026-06-02,Computex電腦展,2026
威盛,21,29,-18,-10,2026-05-07,2026-05-19,8,-1.72,2026-06-02,Computex電腦展,2026
威盛,21,30,-18,-9,2026-05-07,2026-05-20,9,8.07,2026-06-02,Computex電腦展,2026
威盛,21,31,-18,-8,2026-05-07,2026-05-21,10,13.76,2026-06-02,Computex電腦展,2026
威盛,21,32,-18,-7,2026-05-07,2026-05-22,11,16.4,2026-06-02,Computex電腦展,2026
威盛,21,33,-18,-6,2026-05-07,2026-05-25,12,11.38,2026-06-02,Computex電腦展,2026
威盛,21,34,-18,-5,2026-05-07,2026-05-26,13,3.17,2026-06-02,Computex電腦展,2026
威盛,21,35,-18,-4,2026-05-07,2026-05-27,14,0.4,2026-06-02,Computex電腦展,2026
威盛,21,36,-18,-3,2026-05-07,2026-05-28,15,-1.59,2026-06-02,Computex電腦展,2026
威盛,21,37,-18,-2,2026-05-07,2026-05-29,16,1.72,2026-06-02,Computex電腦展,2026
威盛,21,38,-18,-1,2026-05-07,2026-06-01,17,-1.06,2026-06-02,Computex電腦展,2026
威盛,21,39,-18,0,2026-05-07,2026-06-02,18,-0.26,2026-06-02,Computex電腦展,2026
威盛,21,40,-18,1,2026-05-07,2026-06-03,19,-2.91,2026-06-02,Computex電腦展,2026
威盛,21,41,-18,2,2026-05-07,2026-06-04,20,-3.04,2026-06-02,Computex電腦展,2026
威盛,21,42,-18,3,2026-05-07,2026-06-05,21,-8.86,2026-06-02,Computex電腦展,2026
威盛,21,43,-18,4,2026-05-07,2026-06-08,22,-14.29,2026-06-02,Computex電腦展,2026
威盛,21,44,-18,5,2026-05-07,2026-06-09,23,-12.17,2026-06-02,Computex電腦展,2026
威盛,21,45,-18,6,2026-05-07,2026-06-10,24,-15.21,2026-06-02,Computex電腦展,2026
威盛,21,46,-18,7,2026-05-07,2026-06-11,25,-13.1,2026-06-02,Computex電腦展,2026
威盛,21,47,-18,8,2026-05-07,2026-06-12,26,-12.57,2026-06-02,Computex電腦展,2026
威盛,22,23,-17,-16,2026-05-08,2026-05-11,1,7.42,2026-06-02,Computex電腦展,2026
威盛,22,24,-17,-15,2026-05-08,2026-05-12,2,4.9,2026-06-02,Computex電腦展,2026
威盛,22,25,-17,-14,2026-05-08,2026-05-13,3,4.76,2026-06-02,Computex電腦展,2026
威盛,22,26,-17,-13,2026-05-08,2026-05-14,4,6.16,2026-06-02,Computex電腦展,2026
威盛,22,27,-17,-12,2026-05-08,2026-05-15,5,5.6,2026-06-02,Computex電腦展,2026
威盛,22,28,-17,-11,2026-05-08,2026-05-18,6,6.16,2026-06-02,Computex電腦展,2026
威盛,22,29,-17,-10,2026-05-08,2026-05-19,7,4.06,2026-06-02,Computex電腦展,2026
威盛,22,30,-17,-9,2026-05-08,2026-05-20,8,14.43,2026-06-02,Computex電腦展,2026
威盛,22,31,-17,-8,2026-05-08,2026-05-21,9,20.45,2026-06-02,Computex電腦展,2026
威盛,22,32,-17,-7,2026-05-08,2026-05-22,10,23.25,2026-06-02,Computex電腦展,2026
威盛,22,33,-17,-6,2026-05-08,2026-05-25,11,17.93,2026-06-02,Computex電腦展,2026
威盛,22,34,-17,-5,2026-05-08,2026-05-26,12,9.24,2026-06-02,Computex電腦展,2026
威盛,22,35,-17,-4,2026-05-08,2026-05-27,13,6.3,2026-06-02,Computex電腦展,2026
威盛,22,36,-17,-3,2026-05-08,2026-05-28,14,4.2,2026-06-02,Computex電腦展,2026
威盛,22,37,-17,-2,2026-05-08,2026-05-29,15,7.7,2026-06-02,Computex電腦展,2026
威盛,22,38,-17,-1,2026-05-08,2026-06-01,16,4.76,2026-06-02,Computex電腦展,2026
威盛,22,39,-17,0,2026-05-08,2026-06-02,17,5.6,2026-06-02,Computex電腦展,2026
威盛,22,40,-17,1,2026-05-08,2026-06-03,18,2.8,2026-06-02,Computex電腦展,2026
威盛,22,41,-17,2,2026-05-08,2026-06-04,19,2.66,2026-06-02,Computex電腦展,2026
威盛,22,42,-17,3,2026-05-08,2026-06-05,20,-3.5,2026-06-02,Computex電腦展,2026
威盛,22,43,-17,4,2026-05-08,2026-06-08,21,-9.24,2026-06-02,Computex電腦展,2026
威盛,22,44,-17,5,2026-05-08,2026-06-09,22,-7.0,2026-06-02,Computex電腦展,2026
威盛,22,45,-17,6,2026-05-08,2026-06-10,23,-10.22,2026-06-02,Computex電腦展,2026
威盛,22,46,-17,7,2026-05-08,2026-06-11,24,-7.98,2026-06-02,Computex電腦展,2026
威盛,22,47,-17,8,2026-05-08,2026-06-12,25,-7.42,2026-06-02,Computex電腦展,2026
威盛,23,24,-16,-15,2026-05-11,2026-05-12,1,-2.35,2026-06-02,Computex電腦展,2026
威盛,23,25,-16,-14,2026-05-11,2026-05-13,2,-2.48,2026-06-02,Computex電腦展,2026
威盛,23,26,-16,-13,2026-05-11,2026-05-14,3,-1.17,2026-06-02,Computex電腦展,2026
威盛,23,27,-16,-12,2026-05-11,2026-05-15,4,-1.69,2026-06-02,Computex電腦展,2026
威盛,23,28,-16,-11,2026-05-11,2026-05-18,5,-1.17,2026-06-02,Computex電腦展,2026
威盛,23,29,-16,-10,2026-05-11,2026-05-19,6,-3.13,2026-06-02,Computex電腦展,2026
威盛,23,30,-16,-9,2026-05-11,2026-05-20,7,6.52,2026-06-02,Computex電腦展,2026
威盛,23,31,-16,-8,2026-05-11,2026-05-21,8,12.13,2026-06-02,Computex電腦展,2026
威盛,23,32,-16,-7,2026-05-11,2026-05-22,9,14.73,2026-06-02,Computex電腦展,2026
威盛,23,33,-16,-6,2026-05-11,2026-05-25,10,9.78,2026-06-02,Computex電腦展,2026
威盛,23,34,-16,-5,2026-05-11,2026-05-26,11,1.69,2026-06-02,Computex電腦展,2026
威盛,23,35,-16,-4,2026-05-11,2026-05-27,12,-1.04,2026-06-02,Computex電腦展,2026
威盛,23,36,-16,-3,2026-05-11,2026-05-28,13,-3.0,2026-06-02,Computex電腦展,2026
威盛,23,37,-16,-2,2026-05-11,2026-05-29,14,0.26,2026-06-02,Computex電腦展,2026
威盛,23,38,-16,-1,2026-05-11,2026-06-01,15,-2.48,2026-06-02,Computex電腦展,2026
威盛,23,39,-16,0,2026-05-11,2026-06-02,16,-1.69,2026-06-02,Computex電腦展,2026
威盛,23,40,-16,1,2026-05-11,2026-06-03,17,-4.3,2026-06-02,Computex電腦展,2026
威盛,23,41,-16,2,2026-05-11,2026-06-04,18,-4.43,2026-06-02,Computex電腦展,2026
威盛,23,42,-16,3,2026-05-11,2026-06-05,19,-10.17,2026-06-02,Computex電腦展,2026
威盛,23,43,-16,4,2026-05-11,2026-06-08,20,-15.51,2026-06-02,Computex電腦展,2026
威盛,23,44,-16,5,2026-05-11,2026-06-09,21,-13.43,2026-06-02,Computex電腦展,2026
威盛,23,45,-16,6,2026-05-11,2026-06-10,22,-16.43,2026-06-02,Computex電腦展,2026
威盛,23,46,-16,7,2026-05-11,2026-06-11,23,-14.34,2026-06-02,Computex電腦展,2026
威盛,23,47,-16,8,2026-05-11,2026-06-12,24,-13.82,2026-06-02,Computex電腦展,2026
威盛,24,25,-15,-14,2026-05-12,2026-05-13,1,-0.13,2026-06-02,Computex電腦展,2026
威盛,24,26,-15,-13,2026-05-12,2026-05-14,2,1.2,2026-06-02,Computex電腦展,2026
威盛,24,27,-15,-12,2026-05-12,2026-05-15,3,0.67,2026-06-02,Computex電腦展,2026
威盛,24,28,-15,-11,2026-05-12,2026-05-18,4,1.2,2026-06-02,Computex電腦展,2026
威盛,24,29,-15,-10,2026-05-12,2026-05-19,5,-0.8,2026-06-02,Computex電腦展,2026
威盛,24,30,-15,-9,2026-05-12,2026-05-20,6,9.08,2026-06-02,Computex電腦展,2026
威盛,24,31,-15,-8,2026-05-12,2026-05-21,7,14.82,2026-06-02,Computex電腦展,2026
威盛,24,32,-15,-7,2026-05-12,2026-05-22,8,17.49,2026-06-02,Computex電腦展,2026
威盛,24,33,-15,-6,2026-05-12,2026-05-25,9,12.42,2026-06-02,Computex電腦展,2026
威盛,24,34,-15,-5,2026-05-12,2026-05-26,10,4.14,2026-06-02,Computex電腦展,2026
威盛,24,35,-15,-4,2026-05-12,2026-05-27,11,1.34,2026-06-02,Computex電腦展,2026
威盛,24,36,-15,-3,2026-05-12,2026-05-28,12,-0.67,2026-06-02,Computex電腦展,2026
威盛,24,37,-15,-2,2026-05-12,2026-05-29,13,2.67,2026-06-02,Computex電腦展,2026
威盛,24,38,-15,-1,2026-05-12,2026-06-01,14,-0.13,2026-06-02,Computex電腦展,2026
威盛,24,39,-15,0,2026-05-12,2026-06-02,15,0.67,2026-06-02,Computex電腦展,2026
威盛,24,40,-15,1,2026-05-12,2026-06-03,16,-2.0,2026-06-02,Computex電腦展,2026
威盛,24,41,-15,2,2026-05-12,2026-06-04,17,-2.14,2026-06-02,Computex電腦展,2026
威盛,24,42,-15,3,2026-05-12,2026-06-05,18,-8.01,2026-06-02,Computex電腦展,2026
威盛,24,43,-15,4,2026-05-12,2026-06-08,19,-13.48,2026-06-02,Computex電腦展,2026
威盛,24,44,-15,5,2026-05-12,2026-06-09,20,-11.35,2026-06-02,Computex電腦展,2026
威盛,24,45,-15,6,2026-05-12,2026-06-10,21,-14.42,2026-06-02,Computex電腦展,2026
威盛,24,46,-15,7,2026-05-12,2026-06-11,22,-12.28,2026-06-02,Computex電腦展,2026
威盛,24,47,-15,8,2026-05-12,2026-06-12,23,-11.75,2026-06-02,Computex電腦展,2026
威盛,25,26,-14,-13,2026-05-13,2026-05-14,1,1.34,2026-06-02,Computex電腦展,2026
威盛,25,27,-14,-12,2026-05-13,2026-05-15,2,0.8,2026-06-02,Computex電腦展,2026
威盛,25,28,-14,-11,2026-05-13,2026-05-18,3,1.34,2026-06-02,Computex電腦展,2026
威盛,25,29,-14,-10,2026-05-13,2026-05-19,4,-0.67,2026-06-02,Computex電腦展,2026
威盛,25,30,-14,-9,2026-05-13,2026-05-20,5,9.22,2026-06-02,Computex電腦展,2026
威盛,25,31,-14,-8,2026-05-13,2026-05-21,6,14.97,2026-06-02,Computex電腦展,2026
威盛,25,32,-14,-7,2026-05-13,2026-05-22,7,17.65,2026-06-02,Computex電腦展,2026
威盛,25,33,-14,-6,2026-05-13,2026-05-25,8,12.57,2026-06-02,Computex電腦展,2026
威盛,25,34,-14,-5,2026-05-13,2026-05-26,9,4.28,2026-06-02,Computex電腦展,2026
威盛,25,35,-14,-4,2026-05-13,2026-05-27,10,1.47,2026-06-02,Computex電腦展,2026
威盛,25,36,-14,-3,2026-05-13,2026-05-28,11,-0.53,2026-06-02,Computex電腦展,2026
威盛,25,37,-14,-2,2026-05-13,2026-05-29,12,2.81,2026-06-02,Computex電腦展,2026
威盛,25,38,-14,-1,2026-05-13,2026-06-01,13,0.0,2026-06-02,Computex電腦展,2026
威盛,25,39,-14,0,2026-05-13,2026-06-02,14,0.8,2026-06-02,Computex電腦展,2026
威盛,25,40,-14,1,2026-05-13,2026-06-03,15,-1.87,2026-06-02,Computex電腦展,2026
威盛,25,41,-14,2,2026-05-13,2026-06-04,16,-2.01,2026-06-02,Computex電腦展,2026
威盛,25,42,-14,3,2026-05-13,2026-06-05,17,-7.89,2026-06-02,Computex電腦展,2026
威盛,25,43,-14,4,2026-05-13,2026-06-08,18,-13.37,2026-06-02,Computex電腦展,2026
威盛,25,44,-14,5,2026-05-13,2026-06-09,19,-11.23,2026-06-02,Computex電腦展,2026
威盛,25,45,-14,6,2026-05-13,2026-06-10,20,-14.3,2026-06-02,Computex電腦展,2026
威盛,25,46,-14,7,2026-05-13,2026-06-11,21,-12.17,2026-06-02,Computex電腦展,2026
威盛,25,47,-14,8,2026-05-13,2026-06-12,22,-11.63,2026-06-02,Computex電腦展,2026
威盛,26,27,-13,-12,2026-05-14,2026-05-15,1,-0.53,2026-06-02,Computex電腦展,2026
威盛,26,28,-13,-11,2026-05-14,2026-05-18,2,0.0,2026-06-02,Computex電腦展,2026
威盛,26,29,-13,-10,2026-05-14,2026-05-19,3,-1.98,2026-06-02,Computex電腦展,2026
威盛,26,30,-13,-9,2026-05-14,2026-05-20,4,7.78,2026-06-02,Computex電腦展,2026
威盛,26,31,-13,-8,2026-05-14,2026-05-21,5,13.46,2026-06-02,Computex電腦展,2026
威盛,26,32,-13,-7,2026-05-14,2026-05-22,6,16.09,2026-06-02,Computex電腦展,2026
威盛,26,33,-13,-6,2026-05-14,2026-05-25,7,11.08,2026-06-02,Computex電腦展,2026
威盛,26,34,-13,-5,2026-05-14,2026-05-26,8,2.9,2026-06-02,Computex電腦展,2026
威盛,26,35,-13,-4,2026-05-14,2026-05-27,9,0.13,2026-06-02,Computex電腦展,2026
威盛,26,36,-13,-3,2026-05-14,2026-05-28,10,-1.85,2026-06-02,Computex電腦展,2026
威盛,26,37,-13,-2,2026-05-14,2026-05-29,11,1.45,2026-06-02,Computex電腦展,2026
威盛,26,38,-13,-1,2026-05-14,2026-06-01,12,-1.32,2026-06-02,Computex電腦展,2026
威盛,26,39,-13,0,2026-05-14,2026-06-02,13,-0.53,2026-06-02,Computex電腦展,2026
威盛,26,40,-13,1,2026-05-14,2026-06-03,14,-3.17,2026-06-02,Computex電腦展,2026
威盛,26,41,-13,2,2026-05-14,2026-06-04,15,-3.3,2026-06-02,Computex電腦展,2026
威盛,26,42,-13,3,2026-05-14,2026-06-05,16,-9.1,2026-06-02,Computex電腦展,2026
威盛,26,43,-13,4,2026-05-14,2026-06-08,17,-14.51,2026-06-02,Computex電腦展,2026
威盛,26,44,-13,5,2026-05-14,2026-06-09,18,-12.4,2026-06-02,Computex電腦展,2026
威盛,26,45,-13,6,2026-05-14,2026-06-10,19,-15.44,2026-06-02,Computex電腦展,2026
威盛,26,46,-13,7,2026-05-14,2026-06-11,20,-13.32,2026-06-02,Computex電腦展,2026
威盛,26,47,-13,8,2026-05-14,2026-06-12,21,-12.8,2026-06-02,Computex電腦展,2026
威盛,27,28,-12,-11,2026-05-15,2026-05-18,1,0.53,2026-06-02,Computex電腦展,2026
威盛,27,29,-12,-10,2026-05-15,2026-05-19,2,-1.46,2026-06-02,Computex電腦展,2026
威盛,27,30,-12,-9,2026-05-15,2026-05-20,3,8.36,2026-06-02,Computex電腦展,2026
威盛,27,31,-12,-8,2026-05-15,2026-05-21,4,14.06,2026-06-02,Computex電腦展,2026
威盛,27,32,-12,-7,2026-05-15,2026-05-22,5,16.71,2026-06-02,Computex電腦展,2026
威盛,27,33,-12,-6,2026-05-15,2026-05-25,6,11.67,2026-06-02,Computex電腦展,2026
威盛,27,34,-12,-5,2026-05-15,2026-05-26,7,3.45,2026-06-02,Computex電腦展,2026
威盛,27,35,-12,-4,2026-05-15,2026-05-27,8,0.66,2026-06-02,Computex電腦展,2026
威盛,27,36,-12,-3,2026-05-15,2026-05-28,9,-1.33,2026-06-02,Computex電腦展,2026
威盛,27,37,-12,-2,2026-05-15,2026-05-29,10,1.99,2026-06-02,Computex電腦展,2026
威盛,27,38,-12,-1,2026-05-15,2026-06-01,11,-0.8,2026-06-02,Computex電腦展,2026
威盛,27,39,-12,0,2026-05-15,2026-06-02,12,0.0,2026-06-02,Computex電腦展,2026
威盛,27,40,-12,1,2026-05-15,2026-06-03,13,-2.65,2026-06-02,Computex電腦展,2026
威盛,27,41,-12,2,2026-05-15,2026-06-04,14,-2.79,2026-06-02,Computex電腦展,2026
威盛,27,42,-12,3,2026-05-15,2026-06-05,15,-8.62,2026-06-02,Computex電腦展,2026
威盛,27,43,-12,4,2026-05-15,2026-06-08,16,-14.06,2026-06-02,Computex電腦展,2026
威盛,27,44,-12,5,2026-05-15,2026-06-09,17,-11.94,2026-06-02,Computex電腦展,2026
威盛,27,45,-12,6,2026-05-15,2026-06-10,18,-14.99,2026-06-02,Computex電腦展,2026
威盛,27,46,-12,7,2026-05-15,2026-06-11,19,-12.86,2026-06-02,Computex電腦展,2026
威盛,27,47,-12,8,2026-05-15,2026-06-12,20,-12.33,2026-06-02,Computex電腦展,2026
威盛,28,29,-11,-10,2026-05-18,2026-05-19,1,-1.98,2026-06-02,Computex電腦展,2026
威盛,28,30,-11,-9,2026-05-18,2026-05-20,2,7.78,2026-06-02,Computex電腦展,2026
威盛,28,31,-11,-8,2026-05-18,2026-05-21,3,13.46,2026-06-02,Computex電腦展,2026
威盛,28,32,-11,-7,2026-05-18,2026-05-22,4,16.09,2026-06-02,Computex電腦展,2026
威盛,28,33,-11,-6,2026-05-18,2026-05-25,5,11.08,2026-06-02,Computex電腦展,2026
威盛,28,34,-11,-5,2026-05-18,2026-05-26,6,2.9,2026-06-02,Computex電腦展,2026
威盛,28,35,-11,-4,2026-05-18,2026-05-27,7,0.13,2026-06-02,Computex電腦展,2026
威盛,28,36,-11,-3,2026-05-18,2026-05-28,8,-1.85,2026-06-02,Computex電腦展,2026
威盛,28,37,-11,-2,2026-05-18,2026-05-29,9,1.45,2026-06-02,Computex電腦展,2026
威盛,28,38,-11,-1,2026-05-18,2026-06-01,10,-1.32,2026-06-02,Computex電腦展,2026
威盛,28,39,-11,0,2026-05-18,2026-06-02,11,-0.53,2026-06-02,Computex電腦展,2026
威盛,28,40,-11,1,2026-05-18,2026-06-03,12,-3.17,2026-06-02,Computex電腦展,2026
威盛,28,41,-11,2,2026-05-18,2026-06-04,13,-3.3,2026-06-02,Computex電腦展,2026
威盛,28,42,-11,3,2026-05-18,2026-06-05,14,-9.1,2026-06-02,Computex電腦展,2026
威盛,28,43,-11,4,2026-05-18,2026-06-08,15,-14.51,2026-06-02,Computex電腦展,2026
威盛,28,44,-11,5,2026-05-18,2026-06-09,16,-12.4,2026-06-02,Computex電腦展,2026
威盛,28,45,-11,6,2026-05-18,2026-06-10,17,-15.44,2026-06-02,Computex電腦展,2026
威盛,28,46,-11,7,2026-05-18,2026-06-11,18,-13.32,2026-06-02,Computex電腦展,2026
威盛,28,47,-11,8,2026-05-18,2026-06-12,19,-12.8,2026-06-02,Computex電腦展,2026
威盛,29,30,-10,-9,2026-05-19,2026-05-20,1,9.96,2026-06-02,Computex電腦展,2026
威盛,29,31,-10,-8,2026-05-19,2026-05-21,2,15.75,2026-06-02,Computex電腦展,2026
威盛,29,32,-10,-7,2026-05-19,2026-05-22,3,18.44,2026-06-02,Computex電腦展,2026
威盛,29,33,-10,-6,2026-05-19,2026-05-25,4,13.32,2026-06-02,Computex電腦展,2026
威盛,29,34,-10,-5,2026-05-19,2026-05-26,5,4.98,2026-06-02,Computex電腦展,2026
威盛,29,35,-10,-4,2026-05-19,2026-05-27,6,2.15,2026-06-02,Computex電腦展,2026
威盛,29,36,-10,-3,2026-05-19,2026-05-28,7,0.13,2026-06-02,Computex電腦展,2026
威盛,29,37,-10,-2,2026-05-19,2026-05-29,8,3.5,2026-06-02,Computex電腦展,2026
威盛,29,38,-10,-1,2026-05-19,2026-06-01,9,0.67,2026-06-02,Computex電腦展,2026
威盛,29,39,-10,0,2026-05-19,2026-06-02,10,1.48,2026-06-02,Computex電腦展,2026
威盛,29,40,-10,1,2026-05-19,2026-06-03,11,-1.21,2026-06-02,Computex電腦展,2026
威盛,29,41,-10,2,2026-05-19,2026-06-04,12,-1.35,2026-06-02,Computex電腦展,2026
威盛,29,42,-10,3,2026-05-19,2026-06-05,13,-7.27,2026-06-02,Computex電腦展,2026
威盛,29,43,-10,4,2026-05-19,2026-06-08,14,-12.79,2026-06-02,Computex電腦展,2026
威盛,29,44,-10,5,2026-05-19,2026-06-09,15,-10.63,2026-06-02,Computex電腦展,2026
威盛,29,45,-10,6,2026-05-19,2026-06-10,16,-13.73,2026-06-02,Computex電腦展,2026
威盛,29,46,-10,7,2026-05-19,2026-06-11,17,-11.57,2026-06-02,Computex電腦展,2026
威盛,29,47,-10,8,2026-05-19,2026-06-12,18,-11.04,2026-06-02,Computex電腦展,2026
威盛,30,31,-9,-8,2026-05-20,2026-05-21,1,5.26,2026-06-02,Computex電腦展,2026
威盛,30,32,-9,-7,2026-05-20,2026-05-22,2,7.71,2026-06-02,Computex電腦展,2026
威盛,30,33,-9,-6,2026-05-20,2026-05-25,3,3.06,2026-06-02,Computex電腦展,2026
威盛,30,34,-9,-5,2026-05-20,2026-05-26,4,-4.53,2026-06-02,Computex電腦展,2026
威盛,30,35,-9,-4,2026-05-20,2026-05-27,5,-7.1,2026-06-02,Computex電腦展,2026
威盛,30,36,-9,-3,2026-05-20,2026-05-28,6,-8.94,2026-06-02,Computex電腦展,2026
威盛,30,37,-9,-2,2026-05-20,2026-05-29,7,-5.88,2026-06-02,Computex電腦展,2026
威盛,30,38,-9,-1,2026-05-20,2026-06-01,8,-8.45,2026-06-02,Computex電腦展,2026
威盛,30,39,-9,0,2026-05-20,2026-06-02,9,-7.71,2026-06-02,Computex電腦展,2026
威盛,30,40,-9,1,2026-05-20,2026-06-03,10,-10.16,2026-06-02,Computex電腦展,2026
威盛,30,41,-9,2,2026-05-20,2026-06-04,11,-10.28,2026-06-02,Computex電腦展,2026
威盛,30,42,-9,3,2026-05-20,2026-06-05,12,-15.67,2026-06-02,Computex電腦展,2026
威盛,30,43,-9,4,2026-05-20,2026-06-08,13,-20.69,2026-06-02,Computex電腦展,2026
威盛,30,44,-9,5,2026-05-20,2026-06-09,14,-18.73,2026-06-02,Computex電腦展,2026
威盛,30,45,-9,6,2026-05-20,2026-06-10,15,-21.54,2026-06-02,Computex電腦展,2026
威盛,30,46,-9,7,2026-05-20,2026-06-11,16,-19.58,2026-06-02,Computex電腦展,2026
威盛,30,47,-9,8,2026-05-20,2026-06-12,17,-19.09,2026-06-02,Computex電腦展,2026
威盛,31,32,-8,-7,2026-05-21,2026-05-22,1,2.33,2026-06-02,Computex電腦展,2026
威盛,31,33,-8,-6,2026-05-21,2026-05-25,2,-2.09,2026-06-02,Computex電腦展,2026
威盛,31,34,-8,-5,2026-05-21,2026-05-26,3,-9.3,2026-06-02,Computex電腦展,2026
威盛,31,35,-8,-4,2026-05-21,2026-05-27,4,-11.74,2026-06-02,Computex電腦展,2026
威盛,31,36,-8,-3,2026-05-21,2026-05-28,5,-13.49,2026-06-02,Computex電腦展,2026
威盛,31,37,-8,-2,2026-05-21,2026-05-29,6,-10.58,2026-06-02,Computex電腦展,2026
威盛,31,38,-8,-1,2026-05-21,2026-06-01,7,-13.02,2026-06-02,Computex電腦展,2026
威盛,31,39,-8,0,2026-05-21,2026-06-02,8,-12.33,2026-06-02,Computex電腦展,2026
威盛,31,40,-8,1,2026-05-21,2026-06-03,9,-14.65,2026-06-02,Computex電腦展,2026
威盛,31,41,-8,2,2026-05-21,2026-06-04,10,-14.77,2026-06-02,Computex電腦展,2026
威盛,31,42,-8,3,2026-05-21,2026-06-05,11,-19.88,2026-06-02,Computex電腦展,2026
威盛,31,43,-8,4,2026-05-21,2026-06-08,12,-24.65,2026-06-02,Computex電腦展,2026
威盛,31,44,-8,5,2026-05-21,2026-06-09,13,-22.79,2026-06-02,Computex電腦展,2026
威盛,31,45,-8,6,2026-05-21,2026-06-10,14,-25.47,2026-06-02,Computex電腦展,2026
威盛,31,46,-8,7,2026-05-21,2026-06-11,15,-23.6,2026-06-02,Computex電腦展,2026
威盛,31,47,-8,8,2026-05-21,2026-06-12,16,-23.14,2026-06-02,Computex電腦展,2026
威盛,32,33,-7,-6,2026-05-22,2026-05-25,1,-4.32,2026-06-02,Computex電腦展,2026
威盛,32,34,-7,-5,2026-05-22,2026-05-26,2,-11.36,2026-06-02,Computex電腦展,2026
威盛,32,35,-7,-4,2026-05-22,2026-05-27,3,-13.75,2026-06-02,Computex電腦展,2026
威盛,32,36,-7,-3,2026-05-22,2026-05-28,4,-15.45,2026-06-02,Computex電腦展,2026
威盛,32,37,-7,-2,2026-05-22,2026-05-29,5,-12.61,2026-06-02,Computex電腦展,2026
威盛,32,38,-7,-1,2026-05-22,2026-06-01,6,-15.0,2026-06-02,Computex電腦展,2026
威盛,32,39,-7,0,2026-05-22,2026-06-02,7,-14.32,2026-06-02,Computex電腦展,2026
威盛,32,40,-7,1,2026-05-22,2026-06-03,8,-16.59,2026-06-02,Computex電腦展,2026
威盛,32,41,-7,2,2026-05-22,2026-06-04,9,-16.7,2026-06-02,Computex電腦展,2026
威盛,32,42,-7,3,2026-05-22,2026-06-05,10,-21.7,2026-06-02,Computex電腦展,2026
威盛,32,43,-7,4,2026-05-22,2026-06-08,11,-26.36,2026-06-02,Computex電腦展,2026
威盛,32,44,-7,5,2026-05-22,2026-06-09,12,-24.55,2026-06-02,Computex電腦展,2026
威盛,32,45,-7,6,2026-05-22,2026-06-10,13,-27.16,2026-06-02,Computex電腦展,2026
威盛,32,46,-7,7,2026-05-22,2026-06-11,14,-25.34,2026-06-02,Computex電腦展,2026
威盛,32,47,-7,8,2026-05-22,2026-06-12,15,-24.89,2026-06-02,Computex電腦展,2026
威盛,33,34,-6,-5,2026-05-25,2026-05-26,1,-7.36,2026-06-02,Computex電腦展,2026
威盛,33,35,-6,-4,2026-05-25,2026-05-27,2,-9.86,2026-06-02,Computex電腦展,2026
威盛,33,36,-6,-3,2026-05-25,2026-05-28,3,-11.64,2026-06-02,Computex電腦展,2026
威盛,33,37,-6,-2,2026-05-25,2026-05-29,4,-8.67,2026-06-02,Computex電腦展,2026
威盛,33,38,-6,-1,2026-05-25,2026-06-01,5,-11.16,2026-06-02,Computex電腦展,2026
威盛,33,39,-6,0,2026-05-25,2026-06-02,6,-10.45,2026-06-02,Computex電腦展,2026
威盛,33,40,-6,1,2026-05-25,2026-06-03,7,-12.83,2026-06-02,Computex電腦展,2026
威盛,33,41,-6,2,2026-05-25,2026-06-04,8,-12.95,2026-06-02,Computex電腦展,2026
威盛,33,42,-6,3,2026-05-25,2026-06-05,9,-18.17,2026-06-02,Computex電腦展,2026
威盛,33,43,-6,4,2026-05-25,2026-06-08,10,-23.04,2026-06-02,Computex電腦展,2026
威盛,33,44,-6,5,2026-05-25,2026-06-09,11,-21.14,2026-06-02,Computex電腦展,2026
威盛,33,45,-6,6,2026-05-25,2026-06-10,12,-23.87,2026-06-02,Computex電腦展,2026
威盛,33,46,-6,7,2026-05-25,2026-06-11,13,-21.97,2026-06-02,Computex電腦展,2026
威盛,33,47,-6,8,2026-05-25,2026-06-12,14,-21.5,2026-06-02,Computex電腦展,2026
威盛,34,35,-5,-4,2026-05-26,2026-05-27,1,-2.69,2026-06-02,Computex電腦展,2026
威盛,34,36,-5,-3,2026-05-26,2026-05-28,2,-4.62,2026-06-02,Computex電腦展,2026
威盛,34,37,-5,-2,2026-05-26,2026-05-29,3,-1.41,2026-06-02,Computex電腦展,2026
威盛,34,38,-5,-1,2026-05-26,2026-06-01,4,-4.1,2026-06-02,Computex電腦展,2026
威盛,34,39,-5,0,2026-05-26,2026-06-02,5,-3.33,2026-06-02,Computex電腦展,2026
威盛,34,40,-5,1,2026-05-26,2026-06-03,6,-5.9,2026-06-02,Computex電腦展,2026
威盛,34,41,-5,2,2026-05-26,2026-06-04,7,-6.03,2026-06-02,Computex電腦展,2026
威盛,34,42,-5,3,2026-05-26,2026-06-05,8,-11.67,2026-06-02,Computex電腦展,2026
威盛,34,43,-5,4,2026-05-26,2026-06-08,9,-16.92,2026-06-02,Computex電腦展,2026
威盛,34,44,-5,5,2026-05-26,2026-06-09,10,-14.87,2026-06-02,Computex電腦展,2026
威盛,34,45,-5,6,2026-05-26,2026-06-10,11,-17.82,2026-06-02,Computex電腦展,2026
威盛,34,46,-5,7,2026-05-26,2026-06-11,12,-15.77,2026-06-02,Computex電腦展,2026
威盛,34,47,-5,8,2026-05-26,2026-06-12,13,-15.26,2026-06-02,Computex電腦展,2026
威盛,35,36,-4,-3,2026-05-27,2026-05-28,1,-1.98,2026-06-02,Computex電腦展,2026
威盛,35,37,-4,-2,2026-05-27,2026-05-29,2,1.32,2026-06-02,Computex電腦展,2026
威盛,35,38,-4,-1,2026-05-27,2026-06-01,3,-1.45,2026-06-02,Computex電腦展,2026
威盛,35,39,-4,0,2026-05-27,2026-06-02,4,-0.66,2026-06-02,Computex電腦展,2026
威盛,35,40,-4,1,2026-05-27,2026-06-03,5,-3.29,2026-06-02,Computex電腦展,2026
威盛,35,41,-4,2,2026-05-27,2026-06-04,6,-3.43,2026-06-02,Computex電腦展,2026
威盛,35,42,-4,3,2026-05-27,2026-06-05,7,-9.22,2026-06-02,Computex電腦展,2026
威盛,35,43,-4,4,2026-05-27,2026-06-08,8,-14.62,2026-06-02,Computex電腦展,2026
威盛,35,44,-4,5,2026-05-27,2026-06-09,9,-12.52,2026-06-02,Computex電腦展,2026
威盛,35,45,-4,6,2026-05-27,2026-06-10,10,-15.55,2026-06-02,Computex電腦展,2026
威盛,35,46,-4,7,2026-05-27,2026-06-11,11,-13.44,2026-06-02,Computex電腦展,2026
威盛,35,47,-4,8,2026-05-27,2026-06-12,12,-12.91,2026-06-02,Computex電腦展,2026
威盛,36,37,-3,-2,2026-05-28,2026-05-29,1,3.36,2026-06-02,Computex電腦展,2026
威盛,36,38,-3,-1,2026-05-28,2026-06-01,2,0.54,2026-06-02,Computex電腦展,2026
威盛,36,39,-3,0,2026-05-28,2026-06-02,3,1.34,2026-06-02,Computex電腦展,2026
威盛,36,40,-3,1,2026-05-28,2026-06-03,4,-1.34,2026-06-02,Computex電腦展,2026
威盛,36,41,-3,2,2026-05-28,2026-06-04,5,-1.48,2026-06-02,Computex電腦展,2026
威盛,36,42,-3,3,2026-05-28,2026-06-05,6,-7.39,2026-06-02,Computex電腦展,2026
威盛,36,43,-3,4,2026-05-28,2026-06-08,7,-12.9,2026-06-02,Computex電腦展,2026
威盛,36,44,-3,5,2026-05-28,2026-06-09,8,-10.75,2026-06-02,Computex電腦展,2026
威盛,36,45,-3,6,2026-05-28,2026-06-10,9,-13.84,2026-06-02,Computex電腦展,2026
威盛,36,46,-3,7,2026-05-28,2026-06-11,10,-11.69,2026-06-02,Computex電腦展,2026
威盛,36,47,-3,8,2026-05-28,2026-06-12,11,-11.16,2026-06-02,Computex電腦展,2026
威盛,37,38,-2,-1,2026-05-29,2026-06-01,1,-2.73,2026-06-02,Computex電腦展,2026
威盛,37,39,-2,0,2026-05-29,2026-06-02,2,-1.95,2026-06-02,Computex電腦展,2026
威盛,37,40,-2,1,2026-05-29,2026-06-03,3,-4.55,2026-06-02,Computex電腦展,2026
威盛,37,41,-2,2,2026-05-29,2026-06-04,4,-4.68,2026-06-02,Computex電腦展,2026
威盛,37,42,-2,3,2026-05-29,2026-06-05,5,-10.4,2026-06-02,Computex電腦展,2026
威盛,37,43,-2,4,2026-05-29,2026-06-08,6,-15.73,2026-06-02,Computex電腦展,2026
威盛,37,44,-2,5,2026-05-29,2026-06-09,7,-13.65,2026-06-02,Computex電腦展,2026
威盛,37,45,-2,6,2026-05-29,2026-06-10,8,-16.65,2026-06-02,Computex電腦展,2026
威盛,37,46,-2,7,2026-05-29,2026-06-11,9,-14.56,2026-06-02,Computex電腦展,2026
威盛,37,47,-2,8,2026-05-29,2026-06-12,10,-14.04,2026-06-02,Computex電腦展,2026
威盛,38,39,-1,0,2026-06-01,2026-06-02,1,0.8,2026-06-02,Computex電腦展,2026
威盛,38,40,-1,1,2026-06-01,2026-06-03,2,-1.87,2026-06-02,Computex電腦展,2026
威盛,38,41,-1,2,2026-06-01,2026-06-04,3,-2.01,2026-06-02,Computex電腦展,2026
威盛,38,42,-1,3,2026-06-01,2026-06-05,4,-7.89,2026-06-02,Computex電腦展,2026
威盛,38,43,-1,4,2026-06-01,2026-06-08,5,-13.37,2026-06-02,Computex電腦展,2026
威盛,38,44,-1,5,2026-06-01,2026-06-09,6,-11.23,2026-06-02,Computex電腦展,2026
威盛,38,45,-1,6,2026-06-01,2026-06-10,7,-14.3,2026-06-02,Computex電腦展,2026
威盛,38,46,-1,7,2026-06-01,2026-06-11,8,-12.17,2026-06-02,Computex電腦展,2026
威盛,38,47,-1,8,2026-06-01,2026-06-12,9,-11.63,2026-06-02,Computex電腦展,2026
威盛,39,40,0,1,2026-06-02,2026-06-03,1,-2.65,2026-06-02,Computex電腦展,2026
威盛,39,41,0,2,2026-06-02,2026-06-04,2,-2.79,2026-06-02,Computex電腦展,2026
威盛,39,42,0,3,2026-06-02,2026-06-05,3,-8.62,2026-06-02,Computex電腦展,2026
威盛,39,43,0,4,2026-06-02,2026-06-08,4,-14.06,2026-06-02,Computex電腦展,2026
威盛,39,44,0,5,2026-06-02,2026-06-09,5,-11.94,2026-06-02,Computex電腦展,2026
威盛,39,45,0,6,2026-06-02,2026-06-10,6,-14.99,2026-06-02,Computex電腦展,2026
威盛,39,46,0,7,2026-06-02,2026-06-11,7,-12.86,2026-06-02,Computex電腦展,2026
威盛,39,47,0,8,2026-06-02,2026-06-12,8,-12.33,2026-06-02,Computex電腦展,2026
威盛,40,41,1,2,2026-06-03,2026-06-04,1,-0.14,2026-06-02,Computex電腦展,2026
威盛,40,42,1,3,2026-06-03,2026-06-05,2,-6.13,2026-06-02,Computex電腦展,2026
威盛,40,43,1,4,2026-06-03,2026-06-08,3,-11.72,2026-06-02,Computex電腦展,2026
威盛,40,44,1,5,2026-06-03,2026-06-09,4,-9.54,2026-06-02,Computex電腦展,2026
威盛,40,45,1,6,2026-06-03,2026-06-10,5,-12.67,2026-06-02,Computex電腦展,2026
威盛,40,46,1,7,2026-06-03,2026-06-11,6,-10.49,2026-06-02,Computex電腦展,2026
威盛,40,47,1,8,2026-06-03,2026-06-12,7,-9.95,2026-06-02,Computex電腦展,2026
威盛,41,42,2,3,2026-06-04,2026-06-05,1,-6.0,2026-06-02,Computex電腦展,2026
威盛,41,43,2,4,2026-06-04,2026-06-08,2,-11.6,2026-06-02,Computex電腦展,2026
威盛,41,44,2,5,2026-06-04,2026-06-09,3,-9.41,2026-06-02,Computex電腦展,2026
威盛,41,45,2,6,2026-06-04,2026-06-10,4,-12.55,2026-06-02,Computex電腦展,2026
威盛,41,46,2,7,2026-06-04,2026-06-11,5,-10.37,2026-06-02,Computex電腦展,2026
威盛,41,47,2,8,2026-06-04,2026-06-12,6,-9.82,2026-06-02,Computex電腦展,2026
威盛,42,43,3,4,2026-06-05,2026-06-08,1,-5.95,2026-06-02,Computex電腦展,2026
威盛,42,44,3,5,2026-06-05,2026-06-09,2,-3.63,2026-06-02,Computex電腦展,2026
威盛,42,45,3,6,2026-06-05,2026-06-10,3,-6.97,2026-06-02,Computex電腦展,2026
威盛,42,46,3,7,2026-06-05,2026-06-11,4,-4.64,2026-06-02,Computex電腦展,2026
威盛,42,47,3,8,2026-06-05,2026-06-12,5,-4.06,2026-06-02,Computex電腦展,2026
威盛,43,44,4,5,2026-06-08,2026-06-09,1,2.47,2026-06-02,Computex電腦展,2026
威盛,43,45,4,6,2026-06-08,2026-06-10,2,-1.08,2026-06-02,Computex電腦展,2026
威盛,43,46,4,7,2026-06-08,2026-06-11,3,1.39,2026-06-02,Computex電腦展,2026
威盛,43,47,4,8,2026-06-08,2026-06-12,4,2.01,2026-06-02,Computex電腦展,2026
威盛,44,45,5,6,2026-06-09,2026-06-10,1,-3.46,2026-06-02,Computex電腦展,2026
威盛,44,46,5,7,2026-06-09,2026-06-11,2,-1.05,2026-06-02,Computex電腦展,2026
威盛,44,47,5,8,2026-06-09,2026-06-12,3,-0.45,2026-06-02,Computex電腦展,2026
威盛,45,46,6,7,2026-06-10,2026-06-11,1,2.5,2026-06-02,Computex電腦展,2026
威盛,45,47,6,8,2026-06-10,2026-06-12,2,3.12,2026-06-02,Computex電腦展,2026
威盛,46,47,7,8,2026-06-11,2026-06-12,1,0.61,2026-06-02,Computex電腦展,2026
迎廣,0,1,-39,-38,2026-04-07,2026-04-08,1,3.01,2026-06-02,Computex電腦展,2026
迎廣,0,2,-39,-37,2026-04-07,2026-04-09,2,2.58,2026-06-02,Computex電腦展,2026
迎廣,0,3,-39,-36,2026-04-07,2026-04-10,3,12.77,2026-06-02,Computex電腦展,2026
迎廣,0,4,-39,-35,2026-04-07,2026-04-13,4,17.36,2026-06-02,Computex電腦展,2026
迎廣,0,5,-39,-34,2026-04-07,2026-04-14,5,14.49,2026-06-02,Computex電腦展,2026
迎廣,0,6,-39,-33,2026-04-07,2026-04-15,6,15.49,2026-06-02,Computex電腦展,2026
迎廣,0,7,-39,-32,2026-04-07,2026-04-16,7,16.5,2026-06-02,Computex電腦展,2026
迎廣,0,8,-39,-31,2026-04-07,2026-04-17,8,17.07,2026-06-02,Computex電腦展,2026
迎廣,0,9,-39,-30,2026-04-07,2026-04-20,9,19.08,2026-06-02,Computex電腦展,2026
迎廣,0,10,-39,-29,2026-04-07,2026-04-21,10,21.38,2026-06-02,Computex電腦展,2026
迎廣,0,11,-39,-28,2026-04-07,2026-04-22,11,23.82,2026-06-02,Computex電腦展,2026
迎廣,0,12,-39,-27,2026-04-07,2026-04-23,12,17.36,2026-06-02,Computex電腦展,2026
迎廣,0,13,-39,-26,2026-04-07,2026-04-24,13,22.09,2026-06-02,Computex電腦展,2026
迎廣,0,14,-39,-25,2026-04-07,2026-04-27,14,25.11,2026-06-02,Computex電腦展,2026
迎廣,0,15,-39,-24,2026-04-07,2026-04-28,15,27.83,2026-06-02,Computex電腦展,2026
迎廣,0,16,-39,-23,2026-04-07,2026-04-29,16,30.13,2026-06-02,Computex電腦展,2026
迎廣,0,17,-39,-22,2026-04-07,2026-04-30,17,26.4,2026-06-02,Computex電腦展,2026
迎廣,0,18,-39,-21,2026-04-07,2026-05-04,18,24.68,2026-06-02,Computex電腦展,2026
迎廣,0,19,-39,-20,2026-04-07,2026-05-05,19,27.55,2026-06-02,Computex電腦展,2026
迎廣,0,20,-39,-19,2026-04-07,2026-05-06,20,23.24,2026-06-02,Computex電腦展,2026
迎廣,0,21,-39,-18,2026-04-07,2026-05-07,21,22.38,2026-06-02,Computex電腦展,2026
迎廣,0,22,-39,-17,2026-04-07,2026-05-08,22,15.78,2026-06-02,Computex電腦展,2026
迎廣,0,23,-39,-16,2026-04-07,2026-05-11,23,15.21,2026-06-02,Computex電腦展,2026
迎廣,0,24,-39,-15,2026-04-07,2026-05-12,24,15.06,2026-06-02,Computex電腦展,2026
迎廣,0,25,-39,-14,2026-04-07,2026-05-13,25,13.06,2026-06-02,Computex電腦展,2026
迎廣,0,26,-39,-13,2026-04-07,2026-05-14,26,16.93,2026-06-02,Computex電腦展,2026
迎廣,0,27,-39,-12,2026-04-07,2026-05-15,27,17.79,2026-06-02,Computex電腦展,2026
迎廣,0,28,-39,-11,2026-04-07,2026-05-18,28,14.63,2026-06-02,Computex電腦展,2026
迎廣,0,29,-39,-10,2026-04-07,2026-05-19,29,14.49,2026-06-02,Computex電腦展,2026
迎廣,0,30,-39,-9,2026-04-07,2026-05-20,30,13.34,2026-06-02,Computex電腦展,2026
迎廣,0,31,-39,-8,2026-04-07,2026-05-21,31,18.51,2026-06-02,Computex電腦展,2026
迎廣,0,32,-39,-7,2026-04-07,2026-05-22,32,26.97,2026-06-02,Computex電腦展,2026
迎廣,0,33,-39,-6,2026-04-07,2026-05-25,33,31.85,2026-06-02,Computex電腦展,2026
迎廣,0,34,-39,-5,2026-04-07,2026-05-26,34,36.3,2026-06-02,Computex電腦展,2026
迎廣,0,35,-39,-4,2026-04-07,2026-05-27,35,22.67,2026-06-02,Computex電腦展,2026
迎廣,0,36,-39,-3,2026-04-07,2026-05-28,36,18.51,2026-06-02,Computex電腦展,2026
迎廣,0,37,-39,-2,2026-04-07,2026-05-29,37,20.52,2026-06-02,Computex電腦展,2026
迎廣,0,38,-39,-1,2026-04-07,2026-06-01,38,23.1,2026-06-02,Computex電腦展,2026
迎廣,0,39,-39,0,2026-04-07,2026-06-02,39,24.68,2026-06-02,Computex電腦展,2026
迎廣,0,40,-39,1,2026-04-07,2026-06-03,40,27.4,2026-06-02,Computex電腦展,2026
迎廣,0,41,-39,2,2026-04-07,2026-06-04,41,22.09,2026-06-02,Computex電腦展,2026
迎廣,0,42,-39,3,2026-04-07,2026-06-05,42,19.08,2026-06-02,Computex電腦展,2026
迎廣,0,43,-39,4,2026-04-07,2026-06-08,43,14.35,2026-06-02,Computex電腦展,2026
迎廣,0,44,-39,5,2026-04-07,2026-06-09,44,14.06,2026-06-02,Computex電腦展,2026
迎廣,0,45,-39,6,2026-04-07,2026-06-10,45,11.62,2026-06-02,Computex電腦展,2026
迎廣,0,46,-39,7,2026-04-07,2026-06-11,46,8.46,2026-06-02,Computex電腦展,2026
迎廣,0,47,-39,8,2026-04-07,2026-06-12,47,9.47,2026-06-02,Computex電腦展,2026
迎廣,1,2,-38,-37,2026-04-08,2026-04-09,1,-0.42,2026-06-02,Computex電腦展,2026
迎廣,1,3,-38,-36,2026-04-08,2026-04-10,2,9.47,2026-06-02,Computex電腦展,2026
迎廣,1,4,-38,-35,2026-04-08,2026-04-13,3,13.93,2026-06-02,Computex電腦展,2026
迎廣,1,5,-38,-34,2026-04-08,2026-04-14,4,11.14,2026-06-02,Computex電腦展,2026
迎廣,1,6,-38,-33,2026-04-08,2026-04-15,5,12.12,2026-06-02,Computex電腦展,2026
迎廣,1,7,-38,-32,2026-04-08,2026-04-16,6,13.09,2026-06-02,Computex電腦展,2026
迎廣,1,8,-38,-31,2026-04-08,2026-04-17,7,13.65,2026-06-02,Computex電腦展,2026
迎廣,1,9,-38,-30,2026-04-08,2026-04-20,8,15.6,2026-06-02,Computex電腦展,2026
迎廣,1,10,-38,-29,2026-04-08,2026-04-21,9,17.83,2026-06-02,Computex電腦展,2026
迎廣,1,11,-38,-28,2026-04-08,2026-04-22,10,20.19,2026-06-02,Computex電腦展,2026
迎廣,1,12,-38,-27,2026-04-08,2026-04-23,11,13.93,2026-06-02,Computex電腦展,2026
迎廣,1,13,-38,-26,2026-04-08,2026-04-24,12,18.52,2026-06-02,Computex電腦展,2026
迎廣,1,14,-38,-25,2026-04-08,2026-04-27,13,21.45,2026-06-02,Computex電腦展,2026
迎廣,1,15,-38,-24,2026-04-08,2026-04-28,14,24.09,2026-06-02,Computex電腦展,2026
迎廣,1,16,-38,-23,2026-04-08,2026-04-29,15,26.32,2026-06-02,Computex電腦展,2026
迎廣,1,17,-38,-22,2026-04-08,2026-04-30,16,22.7,2026-06-02,Computex電腦展,2026
迎廣,1,18,-38,-21,2026-04-08,2026-05-04,17,21.03,2026-06-02,Computex電腦展,2026
迎廣,1,19,-38,-20,2026-04-08,2026-05-05,18,23.82,2026-06-02,Computex電腦展,2026
迎廣,1,20,-38,-19,2026-04-08,2026-05-06,19,19.64,2026-06-02,Computex電腦展,2026
迎廣,1,21,-38,-18,2026-04-08,2026-05-07,20,18.8,2026-06-02,Computex電腦展,2026
迎廣,1,22,-38,-17,2026-04-08,2026-05-08,21,12.4,2026-06-02,Computex電腦展,2026
迎廣,1,23,-38,-16,2026-04-08,2026-05-11,22,11.84,2026-06-02,Computex電腦展,2026
迎廣,1,24,-38,-15,2026-04-08,2026-05-12,23,11.7,2026-06-02,Computex電腦展,2026
迎廣,1,25,-38,-14,2026-04-08,2026-05-13,24,9.75,2026-06-02,Computex電腦展,2026
迎廣,1,26,-38,-13,2026-04-08,2026-05-14,25,13.51,2026-06-02,Computex電腦展,2026
迎廣,1,27,-38,-12,2026-04-08,2026-05-15,26,14.35,2026-06-02,Computex電腦展,2026
迎廣,1,28,-38,-11,2026-04-08,2026-05-18,27,11.28,2026-06-02,Computex電腦展,2026
迎廣,1,29,-38,-10,2026-04-08,2026-05-19,28,11.14,2026-06-02,Computex電腦展,2026
迎廣,1,30,-38,-9,2026-04-08,2026-05-20,29,10.03,2026-06-02,Computex電腦展,2026
迎廣,1,31,-38,-8,2026-04-08,2026-05-21,30,15.04,2026-06-02,Computex電腦展,2026
迎廣,1,32,-38,-7,2026-04-08,2026-05-22,31,23.26,2026-06-02,Computex電腦展,2026
迎廣,1,33,-38,-6,2026-04-08,2026-05-25,32,27.99,2026-06-02,Computex電腦展,2026
迎廣,1,34,-38,-5,2026-04-08,2026-05-26,33,32.31,2026-06-02,Computex電腦展,2026
迎廣,1,35,-38,-4,2026-04-08,2026-05-27,34,19.08,2026-06-02,Computex電腦展,2026
迎廣,1,36,-38,-3,2026-04-08,2026-05-28,35,15.04,2026-06-02,Computex電腦展,2026
迎廣,1,37,-38,-2,2026-04-08,2026-05-29,36,16.99,2026-06-02,Computex電腦展,2026
迎廣,1,38,-38,-1,2026-04-08,2026-06-01,37,19.5,2026-06-02,Computex電腦展,2026
迎廣,1,39,-38,0,2026-04-08,2026-06-02,38,21.03,2026-06-02,Computex電腦展,2026
迎廣,1,40,-38,1,2026-04-08,2026-06-03,39,23.68,2026-06-02,Computex電腦展,2026
迎廣,1,41,-38,2,2026-04-08,2026-06-04,40,18.52,2026-06-02,Computex電腦展,2026
迎廣,1,42,-38,3,2026-04-08,2026-06-05,41,15.6,2026-06-02,Computex電腦展,2026
迎廣,1,43,-38,4,2026-04-08,2026-06-08,42,11.0,2026-06-02,Computex電腦展,2026
迎廣,1,44,-38,5,2026-04-08,2026-06-09,43,10.72,2026-06-02,Computex電腦展,2026
迎廣,1,45,-38,6,2026-04-08,2026-06-10,44,8.36,2026-06-02,Computex電腦展,2026
迎廣,1,46,-38,7,2026-04-08,2026-06-11,45,5.29,2026-06-02,Computex電腦展,2026
迎廣,1,47,-38,8,2026-04-08,2026-06-12,46,6.27,2026-06-02,Computex電腦展,2026
迎廣,2,3,-37,-36,2026-04-09,2026-04-10,1,9.93,2026-06-02,Computex電腦展,2026
迎廣,2,4,-37,-35,2026-04-09,2026-04-13,2,14.41,2026-06-02,Computex電腦展,2026
迎廣,2,5,-37,-34,2026-04-09,2026-04-14,3,11.61,2026-06-02,Computex電腦展,2026
迎廣,2,6,-37,-33,2026-04-09,2026-04-15,4,12.59,2026-06-02,Computex電腦展,2026
迎廣,2,7,-37,-32,2026-04-09,2026-04-16,5,13.57,2026-06-02,Computex電腦展,2026
迎廣,2,8,-37,-31,2026-04-09,2026-04-17,6,14.13,2026-06-02,Computex電腦展,2026
迎廣,2,9,-37,-30,2026-04-09,2026-04-20,7,16.08,2026-06-02,Computex電腦展,2026
迎廣,2,10,-37,-29,2026-04-09,2026-04-21,8,18.32,2026-06-02,Computex電腦展,2026
迎廣,2,11,-37,-28,2026-04-09,2026-04-22,9,20.7,2026-06-02,Computex電腦展,2026
迎廣,2,12,-37,-27,2026-04-09,2026-04-23,10,14.41,2026-06-02,Computex電腦展,2026
迎廣,2,13,-37,-26,2026-04-09,2026-04-24,11,19.02,2026-06-02,Computex電腦展,2026
迎廣,2,14,-37,-25,2026-04-09,2026-04-27,12,21.96,2026-06-02,Computex電腦展,2026
迎廣,2,15,-37,-24,2026-04-09,2026-04-28,13,24.62,2026-06-02,Computex電腦展,2026
迎廣,2,16,-37,-23,2026-04-09,2026-04-29,14,26.85,2026-06-02,Computex電腦展,2026
迎廣,2,17,-37,-22,2026-04-09,2026-04-30,15,23.22,2026-06-02,Computex電腦展,2026
迎廣,2,18,-37,-21,2026-04-09,2026-05-04,16,21.54,2026-06-02,Computex電腦展,2026
迎廣,2,19,-37,-20,2026-04-09,2026-05-05,17,24.34,2026-06-02,Computex電腦展,2026
迎廣,2,20,-37,-19,2026-04-09,2026-05-06,18,20.14,2026-06-02,Computex電腦展,2026
迎廣,2,21,-37,-18,2026-04-09,2026-05-07,19,19.3,2026-06-02,Computex電腦展,2026
迎廣,2,22,-37,-17,2026-04-09,2026-05-08,20,12.87,2026-06-02,Computex電腦展,2026
迎廣,2,23,-37,-16,2026-04-09,2026-05-11,21,12.31,2026-06-02,Computex電腦展,2026
迎廣,2,24,-37,-15,2026-04-09,2026-05-12,22,12.17,2026-06-02,Computex電腦展,2026
迎廣,2,25,-37,-14,2026-04-09,2026-05-13,23,10.21,2026-06-02,Computex電腦展,2026
迎廣,2,26,-37,-13,2026-04-09,2026-05-14,24,13.99,2026-06-02,Computex電腦展,2026
迎廣,2,27,-37,-12,2026-04-09,2026-05-15,25,14.83,2026-06-02,Computex電腦展,2026
迎廣,2,28,-37,-11,2026-04-09,2026-05-18,26,11.75,2026-06-02,Computex電腦展,2026
迎廣,2,29,-37,-10,2026-04-09,2026-05-19,27,11.61,2026-06-02,Computex電腦展,2026
迎廣,2,30,-37,-9,2026-04-09,2026-05-20,28,10.49,2026-06-02,Computex電腦展,2026
迎廣,2,31,-37,-8,2026-04-09,2026-05-21,29,15.52,2026-06-02,Computex電腦展,2026
迎廣,2,32,-37,-7,2026-04-09,2026-05-22,30,23.78,2026-06-02,Computex電腦展,2026
迎廣,2,33,-37,-6,2026-04-09,2026-05-25,31,28.53,2026-06-02,Computex電腦展,2026
迎廣,2,34,-37,-5,2026-04-09,2026-05-26,32,32.87,2026-06-02,Computex電腦展,2026
迎廣,2,35,-37,-4,2026-04-09,2026-05-27,33,19.58,2026-06-02,Computex電腦展,2026
迎廣,2,36,-37,-3,2026-04-09,2026-05-28,34,15.52,2026-06-02,Computex電腦展,2026
迎廣,2,37,-37,-2,2026-04-09,2026-05-29,35,17.48,2026-06-02,Computex電腦展,2026
迎廣,2,38,-37,-1,2026-04-09,2026-06-01,36,20.0,2026-06-02,Computex電腦展,2026
迎廣,2,39,-37,0,2026-04-09,2026-06-02,37,21.54,2026-06-02,Computex電腦展,2026
迎廣,2,40,-37,1,2026-04-09,2026-06-03,38,24.2,2026-06-02,Computex電腦展,2026
迎廣,2,41,-37,2,2026-04-09,2026-06-04,39,19.02,2026-06-02,Computex電腦展,2026
迎廣,2,42,-37,3,2026-04-09,2026-06-05,40,16.08,2026-06-02,Computex電腦展,2026
迎廣,2,43,-37,4,2026-04-09,2026-06-08,41,11.47,2026-06-02,Computex電腦展,2026
迎廣,2,44,-37,5,2026-04-09,2026-06-09,42,11.19,2026-06-02,Computex電腦展,2026
迎廣,2,45,-37,6,2026-04-09,2026-06-10,43,8.81,2026-06-02,Computex電腦展,2026
迎廣,2,46,-37,7,2026-04-09,2026-06-11,44,5.73,2026-06-02,Computex電腦展,2026
迎廣,2,47,-37,8,2026-04-09,2026-06-12,45,6.71,2026-06-02,Computex電腦展,2026
迎廣,3,4,-36,-35,2026-04-10,2026-04-13,1,4.07,2026-06-02,Computex電腦展,2026
迎廣,3,5,-36,-34,2026-04-10,2026-04-14,2,1.53,2026-06-02,Computex電腦展,2026
迎廣,3,6,-36,-33,2026-04-10,2026-04-15,3,2.42,2026-06-02,Computex電腦展,2026
迎廣,3,7,-36,-32,2026-04-10,2026-04-16,4,3.31,2026-06-02,Computex電腦展,2026
迎廣,3,8,-36,-31,2026-04-10,2026-04-17,5,3.82,2026-06-02,Computex電腦展,2026
迎廣,3,9,-36,-30,2026-04-10,2026-04-20,6,5.6,2026-06-02,Computex電腦展,2026
迎廣,3,10,-36,-29,2026-04-10,2026-04-21,7,7.63,2026-06-02,Computex電腦展,2026
迎廣,3,11,-36,-28,2026-04-10,2026-04-22,8,9.8,2026-06-02,Computex電腦展,2026
迎廣,3,12,-36,-27,2026-04-10,2026-04-23,9,4.07,2026-06-02,Computex電腦展,2026
迎廣,3,13,-36,-26,2026-04-10,2026-04-24,10,8.27,2026-06-02,Computex電腦展,2026
迎廣,3,14,-36,-25,2026-04-10,2026-04-27,11,10.94,2026-06-02,Computex電腦展,2026
迎廣,3,15,-36,-24,2026-04-10,2026-04-28,12,13.36,2026-06-02,Computex電腦展,2026
迎廣,3,16,-36,-23,2026-04-10,2026-04-29,13,15.39,2026-06-02,Computex電腦展,2026
迎廣,3,17,-36,-22,2026-04-10,2026-04-30,14,12.09,2026-06-02,Computex電腦展,2026
迎廣,3,18,-36,-21,2026-04-10,2026-05-04,15,10.56,2026-06-02,Computex電腦展,2026
迎廣,3,19,-36,-20,2026-04-10,2026-05-05,16,13.1,2026-06-02,Computex電腦展,2026
迎廣,3,20,-36,-19,2026-04-10,2026-05-06,17,9.29,2026-06-02,Computex電腦展,2026
迎廣,3,21,-36,-18,2026-04-10,2026-05-07,18,8.52,2026-06-02,Computex電腦展,2026
迎廣,3,22,-36,-17,2026-04-10,2026-05-08,19,2.67,2026-06-02,Computex電腦展,2026
迎廣,3,23,-36,-16,2026-04-10,2026-05-11,20,2.16,2026-06-02,Computex電腦展,2026
迎廣,3,24,-36,-15,2026-04-10,2026-05-12,21,2.04,2026-06-02,Computex電腦展,2026
迎廣,3,25,-36,-14,2026-04-10,2026-05-13,22,0.25,2026-06-02,Computex電腦展,2026
迎廣,3,26,-36,-13,2026-04-10,2026-05-14,23,3.69,2026-06-02,Computex電腦展,2026
迎廣,3,27,-36,-12,2026-04-10,2026-05-15,24,4.45,2026-06-02,Computex電腦展,2026
迎廣,3,28,-36,-11,2026-04-10,2026-05-18,25,1.65,2026-06-02,Computex電腦展,2026
迎廣,3,29,-36,-10,2026-04-10,2026-05-19,26,1.53,2026-06-02,Computex電腦展,2026
迎廣,3,30,-36,-9,2026-04-10,2026-05-20,27,0.51,2026-06-02,Computex電腦展,2026
迎廣,3,31,-36,-8,2026-04-10,2026-05-21,28,5.09,2026-06-02,Computex電腦展,2026
迎廣,3,32,-36,-7,2026-04-10,2026-05-22,29,12.6,2026-06-02,Computex電腦展,2026
迎廣,3,33,-36,-6,2026-04-10,2026-05-25,30,16.92,2026-06-02,Computex電腦展,2026
迎廣,3,34,-36,-5,2026-04-10,2026-05-26,31,20.87,2026-06-02,Computex電腦展,2026
迎廣,3,35,-36,-4,2026-04-10,2026-05-27,32,8.78,2026-06-02,Computex電腦展,2026
迎廣,3,36,-36,-3,2026-04-10,2026-05-28,33,5.09,2026-06-02,Computex電腦展,2026
迎廣,3,37,-36,-2,2026-04-10,2026-05-29,34,6.87,2026-06-02,Computex電腦展,2026
迎廣,3,38,-36,-1,2026-04-10,2026-06-01,35,9.16,2026-06-02,Computex電腦展,2026
迎廣,3,39,-36,0,2026-04-10,2026-06-02,36,10.56,2026-06-02,Computex電腦展,2026
迎廣,3,40,-36,1,2026-04-10,2026-06-03,37,12.98,2026-06-02,Computex電腦展,2026
迎廣,3,41,-36,2,2026-04-10,2026-06-04,38,8.27,2026-06-02,Computex電腦展,2026
迎廣,3,42,-36,3,2026-04-10,2026-06-05,39,5.6,2026-06-02,Computex電腦展,2026
迎廣,3,43,-36,4,2026-04-10,2026-06-08,40,1.4,2026-06-02,Computex電腦展,2026
迎廣,3,44,-36,5,2026-04-10,2026-06-09,41,1.15,2026-06-02,Computex電腦展,2026
迎廣,3,45,-36,6,2026-04-10,2026-06-10,42,-1.02,2026-06-02,Computex電腦展,2026
迎廣,3,46,-36,7,2026-04-10,2026-06-11,43,-3.82,2026-06-02,Computex電腦展,2026
迎廣,3,47,-36,8,2026-04-10,2026-06-12,44,-2.93,2026-06-02,Computex電腦展,2026
迎廣,4,5,-35,-34,2026-04-13,2026-04-14,1,-2.44,2026-06-02,Computex電腦展,2026
迎廣,4,6,-35,-33,2026-04-13,2026-04-15,2,-1.59,2026-06-02,Computex電腦展,2026
迎廣,4,7,-35,-32,2026-04-13,2026-04-16,3,-0.73,2026-06-02,Computex電腦展,2026
迎廣,4,8,-35,-31,2026-04-13,2026-04-17,4,-0.24,2026-06-02,Computex電腦展,2026
迎廣,4,9,-35,-30,2026-04-13,2026-04-20,5,1.47,2026-06-02,Computex電腦展,2026
迎廣,4,10,-35,-29,2026-04-13,2026-04-21,6,3.42,2026-06-02,Computex電腦展,2026
迎廣,4,11,-35,-28,2026-04-13,2026-04-22,7,5.5,2026-06-02,Computex電腦展,2026
迎廣,4,12,-35,-27,2026-04-13,2026-04-23,8,0.0,2026-06-02,Computex電腦展,2026
迎廣,4,13,-35,-26,2026-04-13,2026-04-24,9,4.03,2026-06-02,Computex電腦展,2026
迎廣,4,14,-35,-25,2026-04-13,2026-04-27,10,6.6,2026-06-02,Computex電腦展,2026
迎廣,4,15,-35,-24,2026-04-13,2026-04-28,11,8.92,2026-06-02,Computex電腦展,2026
迎廣,4,16,-35,-23,2026-04-13,2026-04-29,12,10.88,2026-06-02,Computex電腦展,2026
迎廣,4,17,-35,-22,2026-04-13,2026-04-30,13,7.7,2026-06-02,Computex電腦展,2026
迎廣,4,18,-35,-21,2026-04-13,2026-05-04,14,6.23,2026-06-02,Computex電腦展,2026
迎廣,4,19,-35,-20,2026-04-13,2026-05-05,15,8.68,2026-06-02,Computex電腦展,2026
迎廣,4,20,-35,-19,2026-04-13,2026-05-06,16,5.01,2026-06-02,Computex電腦展,2026
迎廣,4,21,-35,-18,2026-04-13,2026-05-07,17,4.28,2026-06-02,Computex電腦展,2026
迎廣,4,22,-35,-17,2026-04-13,2026-05-08,18,-1.34,2026-06-02,Computex電腦展,2026
迎廣,4,23,-35,-16,2026-04-13,2026-05-11,19,-1.83,2026-06-02,Computex電腦展,2026
迎廣,4,24,-35,-15,2026-04-13,2026-05-12,20,-1.96,2026-06-02,Computex電腦展,2026
迎廣,4,25,-35,-14,2026-04-13,2026-05-13,21,-3.67,2026-06-02,Computex電腦展,2026
迎廣,4,26,-35,-13,2026-04-13,2026-05-14,22,-0.37,2026-06-02,Computex電腦展,2026
迎廣,4,27,-35,-12,2026-04-13,2026-05-15,23,0.37,2026-06-02,Computex電腦展,2026
迎廣,4,28,-35,-11,2026-04-13,2026-05-18,24,-2.32,2026-06-02,Computex電腦展,2026
迎廣,4,29,-35,-10,2026-04-13,2026-05-19,25,-2.44,2026-06-02,Computex電腦展,2026
迎廣,4,30,-35,-9,2026-04-13,2026-05-20,26,-3.42,2026-06-02,Computex電腦展,2026
迎廣,4,31,-35,-8,2026-04-13,2026-05-21,27,0.98,2026-06-02,Computex電腦展,2026
迎廣,4,32,-35,-7,2026-04-13,2026-05-22,28,8.19,2026-06-02,Computex電腦展,2026
迎廣,4,33,-35,-6,2026-04-13,2026-05-25,29,12.35,2026-06-02,Computex電腦展,2026
迎廣,4,34,-35,-5,2026-04-13,2026-05-26,30,16.14,2026-06-02,Computex電腦展,2026
迎廣,4,35,-35,-4,2026-04-13,2026-05-27,31,4.52,2026-06-02,Computex電腦展,2026
迎廣,4,36,-35,-3,2026-04-13,2026-05-28,32,0.98,2026-06-02,Computex電腦展,2026
迎廣,4,37,-35,-2,2026-04-13,2026-05-29,33,2.69,2026-06-02,Computex電腦展,2026
迎廣,4,38,-35,-1,2026-04-13,2026-06-01,34,4.89,2026-06-02,Computex電腦展,2026
迎廣,4,39,-35,0,2026-04-13,2026-06-02,35,6.23,2026-06-02,Computex電腦展,2026
迎廣,4,40,-35,1,2026-04-13,2026-06-03,36,8.56,2026-06-02,Computex電腦展,2026
迎廣,4,41,-35,2,2026-04-13,2026-06-04,37,4.03,2026-06-02,Computex電腦展,2026
迎廣,4,42,-35,3,2026-04-13,2026-06-05,38,1.47,2026-06-02,Computex電腦展,2026
迎廣,4,43,-35,4,2026-04-13,2026-06-08,39,-2.57,2026-06-02,Computex電腦展,2026
迎廣,4,44,-35,5,2026-04-13,2026-06-09,40,-2.81,2026-06-02,Computex電腦展,2026
迎廣,4,45,-35,6,2026-04-13,2026-06-10,41,-4.89,2026-06-02,Computex電腦展,2026
迎廣,4,46,-35,7,2026-04-13,2026-06-11,42,-7.58,2026-06-02,Computex電腦展,2026
迎廣,4,47,-35,8,2026-04-13,2026-06-12,43,-6.72,2026-06-02,Computex電腦展,2026
迎廣,5,6,-34,-33,2026-04-14,2026-04-15,1,0.88,2026-06-02,Computex電腦展,2026
迎廣,5,7,-34,-32,2026-04-14,2026-04-16,2,1.75,2026-06-02,Computex電腦展,2026
迎廣,5,8,-34,-31,2026-04-14,2026-04-17,3,2.26,2026-06-02,Computex電腦展,2026
迎廣,5,9,-34,-30,2026-04-14,2026-04-20,4,4.01,2026-06-02,Computex電腦展,2026
迎廣,5,10,-34,-29,2026-04-14,2026-04-21,5,6.02,2026-06-02,Computex電腦展,2026
迎廣,5,11,-34,-28,2026-04-14,2026-04-22,6,8.15,2026-06-02,Computex電腦展,2026
迎廣,5,12,-34,-27,2026-04-14,2026-04-23,7,2.51,2026-06-02,Computex電腦展,2026
迎廣,5,13,-34,-26,2026-04-14,2026-04-24,8,6.64,2026-06-02,Computex電腦展,2026
迎廣,5,14,-34,-25,2026-04-14,2026-04-27,9,9.27,2026-06-02,Computex電腦展,2026
迎廣,5,15,-34,-24,2026-04-14,2026-04-28,10,11.65,2026-06-02,Computex電腦展,2026
迎廣,5,16,-34,-23,2026-04-14,2026-04-29,11,13.66,2026-06-02,Computex電腦展,2026
迎廣,5,17,-34,-22,2026-04-14,2026-04-30,12,10.4,2026-06-02,Computex電腦展,2026
迎廣,5,18,-34,-21,2026-04-14,2026-05-04,13,8.9,2026-06-02,Computex電腦展,2026
迎廣,5,19,-34,-20,2026-04-14,2026-05-05,14,11.4,2026-06-02,Computex電腦展,2026
迎廣,5,20,-34,-19,2026-04-14,2026-05-06,15,7.64,2026-06-02,Computex電腦展,2026
迎廣,5,21,-34,-18,2026-04-14,2026-05-07,16,6.89,2026-06-02,Computex電腦展,2026
迎廣,5,22,-34,-17,2026-04-14,2026-05-08,17,1.13,2026-06-02,Computex電腦展,2026
迎廣,5,23,-34,-16,2026-04-14,2026-05-11,18,0.63,2026-06-02,Computex電腦展,2026
迎廣,5,24,-34,-15,2026-04-14,2026-05-12,19,0.5,2026-06-02,Computex電腦展,2026
迎廣,5,25,-34,-14,2026-04-14,2026-05-13,20,-1.25,2026-06-02,Computex電腦展,2026
迎廣,5,26,-34,-13,2026-04-14,2026-05-14,21,2.13,2026-06-02,Computex電腦展,2026
迎廣,5,27,-34,-12,2026-04-14,2026-05-15,22,2.88,2026-06-02,Computex電腦展,2026
迎廣,5,28,-34,-11,2026-04-14,2026-05-18,23,0.13,2026-06-02,Computex電腦展,2026
迎廣,5,29,-34,-10,2026-04-14,2026-05-19,24,0.0,2026-06-02,Computex電腦展,2026
迎廣,5,30,-34,-9,2026-04-14,2026-05-20,25,-1.0,2026-06-02,Computex電腦展,2026
迎廣,5,31,-34,-8,2026-04-14,2026-05-21,26,3.51,2026-06-02,Computex電腦展,2026
迎廣,5,32,-34,-7,2026-04-14,2026-05-22,27,10.9,2026-06-02,Computex電腦展,2026
迎廣,5,33,-34,-6,2026-04-14,2026-05-25,28,15.16,2026-06-02,Computex電腦展,2026
迎廣,5,34,-34,-5,2026-04-14,2026-05-26,29,19.05,2026-06-02,Computex電腦展,2026
迎廣,5,35,-34,-4,2026-04-14,2026-05-27,30,7.14,2026-06-02,Computex電腦展,2026
迎廣,5,36,-34,-3,2026-04-14,2026-05-28,31,3.51,2026-06-02,Computex電腦展,2026
迎廣,5,37,-34,-2,2026-04-14,2026-05-29,32,5.26,2026-06-02,Computex電腦展,2026
迎廣,5,38,-34,-1,2026-04-14,2026-06-01,33,7.52,2026-06-02,Computex電腦展,2026
迎廣,5,39,-34,0,2026-04-14,2026-06-02,34,8.9,2026-06-02,Computex電腦展,2026
迎廣,5,40,-34,1,2026-04-14,2026-06-03,35,11.28,2026-06-02,Computex電腦展,2026
迎廣,5,41,-34,2,2026-04-14,2026-06-04,36,6.64,2026-06-02,Computex電腦展,2026
迎廣,5,42,-34,3,2026-04-14,2026-06-05,37,4.01,2026-06-02,Computex電腦展,2026
迎廣,5,43,-34,4,2026-04-14,2026-06-08,38,-0.13,2026-06-02,Computex電腦展,2026
迎廣,5,44,-34,5,2026-04-14,2026-06-09,39,-0.38,2026-06-02,Computex電腦展,2026
迎廣,5,45,-34,6,2026-04-14,2026-06-10,40,-2.51,2026-06-02,Computex電腦展,2026
迎廣,5,46,-34,7,2026-04-14,2026-06-11,41,-5.26,2026-06-02,Computex電腦展,2026
迎廣,5,47,-34,8,2026-04-14,2026-06-12,42,-4.39,2026-06-02,Computex電腦展,2026
迎廣,6,7,-33,-32,2026-04-15,2026-04-16,1,0.87,2026-06-02,Computex電腦展,2026
迎廣,6,8,-33,-31,2026-04-15,2026-04-17,2,1.37,2026-06-02,Computex電腦展,2026
迎廣,6,9,-33,-30,2026-04-15,2026-04-20,3,3.11,2026-06-02,Computex電腦展,2026
迎廣,6,10,-33,-29,2026-04-15,2026-04-21,4,5.09,2026-06-02,Computex電腦展,2026
迎廣,6,11,-33,-28,2026-04-15,2026-04-22,5,7.2,2026-06-02,Computex電腦展,2026
迎廣,6,12,-33,-27,2026-04-15,2026-04-23,6,1.61,2026-06-02,Computex電腦展,2026
迎廣,6,13,-33,-26,2026-04-15,2026-04-24,7,5.71,2026-06-02,Computex電腦展,2026
迎廣,6,14,-33,-25,2026-04-15,2026-04-27,8,8.32,2026-06-02,Computex電腦展,2026
迎廣,6,15,-33,-24,2026-04-15,2026-04-28,9,10.68,2026-06-02,Computex電腦展,2026
迎廣,6,16,-33,-23,2026-04-15,2026-04-29,10,12.67,2026-06-02,Computex電腦展,2026
迎廣,6,17,-33,-22,2026-04-15,2026-04-30,11,9.44,2026-06-02,Computex電腦展,2026
迎廣,6,18,-33,-21,2026-04-15,2026-05-04,12,7.95,2026-06-02,Computex電腦展,2026
迎廣,6,19,-33,-20,2026-04-15,2026-05-05,13,10.43,2026-06-02,Computex電腦展,2026
迎廣,6,20,-33,-19,2026-04-15,2026-05-06,14,6.71,2026-06-02,Computex電腦展,2026
迎廣,6,21,-33,-18,2026-04-15,2026-05-07,15,5.96,2026-06-02,Computex電腦展,2026
迎廣,6,22,-33,-17,2026-04-15,2026-05-08,16,0.25,2026-06-02,Computex電腦展,2026
迎廣,6,23,-33,-16,2026-04-15,2026-05-11,17,-0.25,2026-06-02,Computex電腦展,2026
迎廣,6,24,-33,-15,2026-04-15,2026-05-12,18,-0.37,2026-06-02,Computex電腦展,2026
迎廣,6,25,-33,-14,2026-04-15,2026-05-13,19,-2.11,2026-06-02,Computex電腦展,2026
迎廣,6,26,-33,-13,2026-04-15,2026-05-14,20,1.24,2026-06-02,Computex電腦展,2026
迎廣,6,27,-33,-12,2026-04-15,2026-05-15,21,1.99,2026-06-02,Computex電腦展,2026
迎廣,6,28,-33,-11,2026-04-15,2026-05-18,22,-0.75,2026-06-02,Computex電腦展,2026
迎廣,6,29,-33,-10,2026-04-15,2026-05-19,23,-0.87,2026-06-02,Computex電腦展,2026
迎廣,6,30,-33,-9,2026-04-15,2026-05-20,24,-1.86,2026-06-02,Computex電腦展,2026
迎廣,6,31,-33,-8,2026-04-15,2026-05-21,25,2.61,2026-06-02,Computex電腦展,2026
迎廣,6,32,-33,-7,2026-04-15,2026-05-22,26,9.94,2026-06-02,Computex電腦展,2026
迎廣,6,33,-33,-6,2026-04-15,2026-05-25,27,14.16,2026-06-02,Computex電腦展,2026
迎廣,6,34,-33,-5,2026-04-15,2026-05-26,28,18.01,2026-06-02,Computex電腦展,2026
迎廣,6,35,-33,-4,2026-04-15,2026-05-27,29,6.21,2026-06-02,Computex電腦展,2026
迎廣,6,36,-33,-3,2026-04-15,2026-05-28,30,2.61,2026-06-02,Computex電腦展,2026
迎廣,6,37,-33,-2,2026-04-15,2026-05-29,31,4.35,2026-06-02,Computex電腦展,2026
迎廣,6,38,-33,-1,2026-04-15,2026-06-01,32,6.58,2026-06-02,Computex電腦展,2026
迎廣,6,39,-33,0,2026-04-15,2026-06-02,33,7.95,2026-06-02,Computex電腦展,2026
迎廣,6,40,-33,1,2026-04-15,2026-06-03,34,10.31,2026-06-02,Computex電腦展,2026
迎廣,6,41,-33,2,2026-04-15,2026-06-04,35,5.71,2026-06-02,Computex電腦展,2026
迎廣,6,42,-33,3,2026-04-15,2026-06-05,36,3.11,2026-06-02,Computex電腦展,2026
迎廣,6,43,-33,4,2026-04-15,2026-06-08,37,-0.99,2026-06-02,Computex電腦展,2026
迎廣,6,44,-33,5,2026-04-15,2026-06-09,38,-1.24,2026-06-02,Computex電腦展,2026
迎廣,6,45,-33,6,2026-04-15,2026-06-10,39,-3.35,2026-06-02,Computex電腦展,2026
迎廣,6,46,-33,7,2026-04-15,2026-06-11,40,-6.09,2026-06-02,Computex電腦展,2026
迎廣,6,47,-33,8,2026-04-15,2026-06-12,41,-5.22,2026-06-02,Computex電腦展,2026
迎廣,7,8,-32,-31,2026-04-16,2026-04-17,1,0.49,2026-06-02,Computex電腦展,2026
迎廣,7,9,-32,-30,2026-04-16,2026-04-20,2,2.22,2026-06-02,Computex電腦展,2026
迎廣,7,10,-32,-29,2026-04-16,2026-04-21,3,4.19,2026-06-02,Computex電腦展,2026
迎廣,7,11,-32,-28,2026-04-16,2026-04-22,4,6.28,2026-06-02,Computex電腦展,2026
迎廣,7,12,-32,-27,2026-04-16,2026-04-23,5,0.74,2026-06-02,Computex電腦展,2026
迎廣,7,13,-32,-26,2026-04-16,2026-04-24,6,4.8,2026-06-02,Computex電腦展,2026
迎廣,7,14,-32,-25,2026-04-16,2026-04-27,7,7.39,2026-06-02,Computex電腦展,2026
迎廣,7,15,-32,-24,2026-04-16,2026-04-28,8,9.73,2026-06-02,Computex電腦展,2026
迎廣,7,16,-32,-23,2026-04-16,2026-04-29,9,11.7,2026-06-02,Computex電腦展,2026
迎廣,7,17,-32,-22,2026-04-16,2026-04-30,10,8.5,2026-06-02,Computex電腦展,2026
迎廣,7,18,-32,-21,2026-04-16,2026-05-04,11,7.02,2026-06-02,Computex電腦展,2026
迎廣,7,19,-32,-20,2026-04-16,2026-05-05,12,9.48,2026-06-02,Computex電腦展,2026
迎廣,7,20,-32,-19,2026-04-16,2026-05-06,13,5.79,2026-06-02,Computex電腦展,2026
迎廣,7,21,-32,-18,2026-04-16,2026-05-07,14,5.05,2026-06-02,Computex電腦展,2026
迎廣,7,22,-32,-17,2026-04-16,2026-05-08,15,-0.62,2026-06-02,Computex電腦展,2026
迎廣,7,23,-32,-16,2026-04-16,2026-05-11,16,-1.11,2026-06-02,Computex電腦展,2026
迎廣,7,24,-32,-15,2026-04-16,2026-05-12,17,-1.23,2026-06-02,Computex電腦展,2026
迎廣,7,25,-32,-14,2026-04-16,2026-05-13,18,-2.96,2026-06-02,Computex電腦展,2026
迎廣,7,26,-32,-13,2026-04-16,2026-05-14,19,0.37,2026-06-02,Computex電腦展,2026
迎廣,7,27,-32,-12,2026-04-16,2026-05-15,20,1.11,2026-06-02,Computex電腦展,2026
迎廣,7,28,-32,-11,2026-04-16,2026-05-18,21,-1.6,2026-06-02,Computex電腦展,2026
迎廣,7,29,-32,-10,2026-04-16,2026-05-19,22,-1.72,2026-06-02,Computex電腦展,2026
迎廣,7,30,-32,-9,2026-04-16,2026-05-20,23,-2.71,2026-06-02,Computex電腦展,2026
迎廣,7,31,-32,-8,2026-04-16,2026-05-21,24,1.72,2026-06-02,Computex電腦展,2026
迎廣,7,32,-32,-7,2026-04-16,2026-05-22,25,8.99,2026-06-02,Computex電腦展,2026
迎廣,7,33,-32,-6,2026-04-16,2026-05-25,26,13.18,2026-06-02,Computex電腦展,2026
迎廣,7,34,-32,-5,2026-04-16,2026-05-26,27,17.0,2026-06-02,Computex電腦展,2026
迎廣,7,35,-32,-4,2026-04-16,2026-05-27,28,5.3,2026-06-02,Computex電腦展,2026
迎廣,7,36,-32,-3,2026-04-16,2026-05-28,29,1.72,2026-06-02,Computex電腦展,2026
迎廣,7,37,-32,-2,2026-04-16,2026-05-29,30,3.45,2026-06-02,Computex電腦展,2026
迎廣,7,38,-32,-1,2026-04-16,2026-06-01,31,5.67,2026-06-02,Computex電腦展,2026
迎廣,7,39,-32,0,2026-04-16,2026-06-02,32,7.02,2026-06-02,Computex電腦展,2026
迎廣,7,40,-32,1,2026-04-16,2026-06-03,33,9.36,2026-06-02,Computex電腦展,2026
迎廣,7,41,-32,2,2026-04-16,2026-06-04,34,4.8,2026-06-02,Computex電腦展,2026
迎廣,7,42,-32,3,2026-04-16,2026-06-05,35,2.22,2026-06-02,Computex電腦展,2026
迎廣,7,43,-32,4,2026-04-16,2026-06-08,36,-1.85,2026-06-02,Computex電腦展,2026
迎廣,7,44,-32,5,2026-04-16,2026-06-09,37,-2.09,2026-06-02,Computex電腦展,2026
迎廣,7,45,-32,6,2026-04-16,2026-06-10,38,-4.19,2026-06-02,Computex電腦展,2026
迎廣,7,46,-32,7,2026-04-16,2026-06-11,39,-6.9,2026-06-02,Computex電腦展,2026
迎廣,7,47,-32,8,2026-04-16,2026-06-12,40,-6.03,2026-06-02,Computex電腦展,2026
迎廣,8,9,-31,-30,2026-04-17,2026-04-20,1,1.72,2026-06-02,Computex電腦展,2026
迎廣,8,10,-31,-29,2026-04-17,2026-04-21,2,3.68,2026-06-02,Computex電腦展,2026
迎廣,8,11,-31,-28,2026-04-17,2026-04-22,3,5.76,2026-06-02,Computex電腦展,2026
迎廣,8,12,-31,-27,2026-04-17,2026-04-23,4,0.25,2026-06-02,Computex電腦展,2026
迎廣,8,13,-31,-26,2026-04-17,2026-04-24,5,4.29,2026-06-02,Computex電腦展,2026
迎廣,8,14,-31,-25,2026-04-17,2026-04-27,6,6.86,2026-06-02,Computex電腦展,2026
迎廣,8,15,-31,-24,2026-04-17,2026-04-28,7,9.19,2026-06-02,Computex電腦展,2026
迎廣,8,16,-31,-23,2026-04-17,2026-04-29,8,11.15,2026-06-02,Computex電腦展,2026
迎廣,8,17,-31,-22,2026-04-17,2026-04-30,9,7.97,2026-06-02,Computex電腦展,2026
迎廣,8,18,-31,-21,2026-04-17,2026-05-04,10,6.5,2026-06-02,Computex電腦展,2026
迎廣,8,19,-31,-20,2026-04-17,2026-05-05,11,8.95,2026-06-02,Computex電腦展,2026
迎廣,8,20,-31,-19,2026-04-17,2026-05-06,12,5.27,2026-06-02,Computex電腦展,2026
迎廣,8,21,-31,-18,2026-04-17,2026-05-07,13,4.53,2026-06-02,Computex電腦展,2026
迎廣,8,22,-31,-17,2026-04-17,2026-05-08,14,-1.1,2026-06-02,Computex電腦展,2026
迎廣,8,23,-31,-16,2026-04-17,2026-05-11,15,-1.59,2026-06-02,Computex電腦展,2026
迎廣,8,24,-31,-15,2026-04-17,2026-05-12,16,-1.72,2026-06-02,Computex電腦展,2026
迎廣,8,25,-31,-14,2026-04-17,2026-05-13,17,-3.43,2026-06-02,Computex電腦展,2026
迎廣,8,26,-31,-13,2026-04-17,2026-05-14,18,-0.12,2026-06-02,Computex電腦展,2026
迎廣,8,27,-31,-12,2026-04-17,2026-05-15,19,0.61,2026-06-02,Computex電腦展,2026
迎廣,8,28,-31,-11,2026-04-17,2026-05-18,20,-2.08,2026-06-02,Computex電腦展,2026
迎廣,8,29,-31,-10,2026-04-17,2026-05-19,21,-2.21,2026-06-02,Computex電腦展,2026
迎廣,8,30,-31,-9,2026-04-17,2026-05-20,22,-3.19,2026-06-02,Computex電腦展,2026
迎廣,8,31,-31,-8,2026-04-17,2026-05-21,23,1.23,2026-06-02,Computex電腦展,2026
迎廣,8,32,-31,-7,2026-04-17,2026-05-22,24,8.46,2026-06-02,Computex電腦展,2026
迎廣,8,33,-31,-6,2026-04-17,2026-05-25,25,12.62,2026-06-02,Computex電腦展,2026
迎廣,8,34,-31,-5,2026-04-17,2026-05-26,26,16.42,2026-06-02,Computex電腦展,2026
迎廣,8,35,-31,-4,2026-04-17,2026-05-27,27,4.78,2026-06-02,Computex電腦展,2026
迎廣,8,36,-31,-3,2026-04-17,2026-05-28,28,1.23,2026-06-02,Computex電腦展,2026
迎廣,8,37,-31,-2,2026-04-17,2026-05-29,29,2.94,2026-06-02,Computex電腦展,2026
迎廣,8,38,-31,-1,2026-04-17,2026-06-01,30,5.15,2026-06-02,Computex電腦展,2026
迎廣,8,39,-31,0,2026-04-17,2026-06-02,31,6.5,2026-06-02,Computex電腦展,2026
迎廣,8,40,-31,1,2026-04-17,2026-06-03,32,8.82,2026-06-02,Computex電腦展,2026
迎廣,8,41,-31,2,2026-04-17,2026-06-04,33,4.29,2026-06-02,Computex電腦展,2026
迎廣,8,42,-31,3,2026-04-17,2026-06-05,34,1.72,2026-06-02,Computex電腦展,2026
迎廣,8,43,-31,4,2026-04-17,2026-06-08,35,-2.33,2026-06-02,Computex電腦展,2026
迎廣,8,44,-31,5,2026-04-17,2026-06-09,36,-2.57,2026-06-02,Computex電腦展,2026
迎廣,8,45,-31,6,2026-04-17,2026-06-10,37,-4.66,2026-06-02,Computex電腦展,2026
迎廣,8,46,-31,7,2026-04-17,2026-06-11,38,-7.35,2026-06-02,Computex電腦展,2026
迎廣,8,47,-31,8,2026-04-17,2026-06-12,39,-6.5,2026-06-02,Computex電腦展,2026
迎廣,9,10,-30,-29,2026-04-20,2026-04-21,1,1.93,2026-06-02,Computex電腦展,2026
迎廣,9,11,-30,-28,2026-04-20,2026-04-22,2,3.98,2026-06-02,Computex電腦展,2026
迎廣,9,12,-30,-27,2026-04-20,2026-04-23,3,-1.45,2026-06-02,Computex電腦展,2026
迎廣,9,13,-30,-26,2026-04-20,2026-04-24,4,2.53,2026-06-02,Computex電腦展,2026
迎廣,9,14,-30,-25,2026-04-20,2026-04-27,5,5.06,2026-06-02,Computex電腦展,2026
迎廣,9,15,-30,-24,2026-04-20,2026-04-28,6,7.35,2026-06-02,Computex電腦展,2026
迎廣,9,16,-30,-23,2026-04-20,2026-04-29,7,9.28,2026-06-02,Computex電腦展,2026
迎廣,9,17,-30,-22,2026-04-20,2026-04-30,8,6.14,2026-06-02,Computex電腦展,2026
迎廣,9,18,-30,-21,2026-04-20,2026-05-04,9,4.7,2026-06-02,Computex電腦展,2026
迎廣,9,19,-30,-20,2026-04-20,2026-05-05,10,7.11,2026-06-02,Computex電腦展,2026
迎廣,9,20,-30,-19,2026-04-20,2026-05-06,11,3.49,2026-06-02,Computex電腦展,2026
迎廣,9,21,-30,-18,2026-04-20,2026-05-07,12,2.77,2026-06-02,Computex電腦展,2026
迎廣,9,22,-30,-17,2026-04-20,2026-05-08,13,-2.77,2026-06-02,Computex電腦展,2026
迎廣,9,23,-30,-16,2026-04-20,2026-05-11,14,-3.25,2026-06-02,Computex電腦展,2026
迎廣,9,24,-30,-15,2026-04-20,2026-05-12,15,-3.37,2026-06-02,Computex電腦展,2026
迎廣,9,25,-30,-14,2026-04-20,2026-05-13,16,-5.06,2026-06-02,Computex電腦展,2026
迎廣,9,26,-30,-13,2026-04-20,2026-05-14,17,-1.81,2026-06-02,Computex電腦展,2026
迎廣,9,27,-30,-12,2026-04-20,2026-05-15,18,-1.08,2026-06-02,Computex電腦展,2026
迎廣,9,28,-30,-11,2026-04-20,2026-05-18,19,-3.73,2026-06-02,Computex電腦展,2026
迎廣,9,29,-30,-10,2026-04-20,2026-05-19,20,-3.86,2026-06-02,Computex電腦展,2026
迎廣,9,30,-30,-9,2026-04-20,2026-05-20,21,-4.82,2026-06-02,Computex電腦展,2026
迎廣,9,31,-30,-8,2026-04-20,2026-05-21,22,-0.48,2026-06-02,Computex電腦展,2026
迎廣,9,32,-30,-7,2026-04-20,2026-05-22,23,6.63,2026-06-02,Computex電腦展,2026
迎廣,9,33,-30,-6,2026-04-20,2026-05-25,24,10.72,2026-06-02,Computex電腦展,2026
迎廣,9,34,-30,-5,2026-04-20,2026-05-26,25,14.46,2026-06-02,Computex電腦展,2026
迎廣,9,35,-30,-4,2026-04-20,2026-05-27,26,3.01,2026-06-02,Computex電腦展,2026
迎廣,9,36,-30,-3,2026-04-20,2026-05-28,27,-0.48,2026-06-02,Computex電腦展,2026
迎廣,9,37,-30,-2,2026-04-20,2026-05-29,28,1.2,2026-06-02,Computex電腦展,2026
迎廣,9,38,-30,-1,2026-04-20,2026-06-01,29,3.37,2026-06-02,Computex電腦展,2026
迎廣,9,39,-30,0,2026-04-20,2026-06-02,30,4.7,2026-06-02,Computex電腦展,2026
迎廣,9,40,-30,1,2026-04-20,2026-06-03,31,6.99,2026-06-02,Computex電腦展,2026
迎廣,9,41,-30,2,2026-04-20,2026-06-04,32,2.53,2026-06-02,Computex電腦展,2026
迎廣,9,42,-30,3,2026-04-20,2026-06-05,33,0.0,2026-06-02,Computex電腦展,2026
迎廣,9,43,-30,4,2026-04-20,2026-06-08,34,-3.98,2026-06-02,Computex電腦展,2026
迎廣,9,44,-30,5,2026-04-20,2026-06-09,35,-4.22,2026-06-02,Computex電腦展,2026
迎廣,9,45,-30,6,2026-04-20,2026-06-10,36,-6.27,2026-06-02,Computex電腦展,2026
迎廣,9,46,-30,7,2026-04-20,2026-06-11,37,-8.92,2026-06-02,Computex電腦展,2026
迎廣,9,47,-30,8,2026-04-20,2026-06-12,38,-8.07,2026-06-02,Computex電腦展,2026
迎廣,10,11,-29,-28,2026-04-21,2026-04-22,1,2.01,2026-06-02,Computex電腦展,2026
迎廣,10,12,-29,-27,2026-04-21,2026-04-23,2,-3.31,2026-06-02,Computex電腦展,2026
迎廣,10,13,-29,-26,2026-04-21,2026-04-24,3,0.59,2026-06-02,Computex電腦展,2026
迎廣,10,14,-29,-25,2026-04-21,2026-04-27,4,3.07,2026-06-02,Computex電腦展,2026
迎廣,10,15,-29,-24,2026-04-21,2026-04-28,5,5.32,2026-06-02,Computex電腦展,2026
迎廣,10,16,-29,-23,2026-04-21,2026-04-29,6,7.21,2026-06-02,Computex電腦展,2026
迎廣,10,17,-29,-22,2026-04-21,2026-04-30,7,4.14,2026-06-02,Computex電腦展,2026
迎廣,10,18,-29,-21,2026-04-21,2026-05-04,8,2.72,2026-06-02,Computex電腦展,2026
迎廣,10,19,-29,-20,2026-04-21,2026-05-05,9,5.08,2026-06-02,Computex電腦展,2026
迎廣,10,20,-29,-19,2026-04-21,2026-05-06,10,1.54,2026-06-02,Computex電腦展,2026
迎廣,10,21,-29,-18,2026-04-21,2026-05-07,11,0.83,2026-06-02,Computex電腦展,2026
迎廣,10,22,-29,-17,2026-04-21,2026-05-08,12,-4.61,2026-06-02,Computex電腦展,2026
迎廣,10,23,-29,-16,2026-04-21,2026-05-11,13,-5.08,2026-06-02,Computex電腦展,2026
迎廣,10,24,-29,-15,2026-04-21,2026-05-12,14,-5.2,2026-06-02,Computex電腦展,2026
迎廣,10,25,-29,-14,2026-04-21,2026-05-13,15,-6.86,2026-06-02,Computex電腦展,2026
迎廣,10,26,-29,-13,2026-04-21,2026-05-14,16,-3.66,2026-06-02,Computex電腦展,2026
迎廣,10,27,-29,-12,2026-04-21,2026-05-15,17,-2.96,2026-06-02,Computex電腦展,2026
迎廣,10,28,-29,-11,2026-04-21,2026-05-18,18,-5.56,2026-06-02,Computex電腦展,2026
迎廣,10,29,-29,-10,2026-04-21,2026-05-19,19,-5.67,2026-06-02,Computex電腦展,2026
迎廣,10,30,-29,-9,2026-04-21,2026-05-20,20,-6.62,2026-06-02,Computex電腦展,2026
迎廣,10,31,-29,-8,2026-04-21,2026-05-21,21,-2.36,2026-06-02,Computex電腦展,2026
迎廣,10,32,-29,-7,2026-04-21,2026-05-22,22,4.61,2026-06-02,Computex電腦展,2026
迎廣,10,33,-29,-6,2026-04-21,2026-05-25,23,8.63,2026-06-02,Computex電腦展,2026
迎廣,10,34,-29,-5,2026-04-21,2026-05-26,24,12.29,2026-06-02,Computex電腦展,2026
迎廣,10,35,-29,-4,2026-04-21,2026-05-27,25,1.06,2026-06-02,Computex電腦展,2026
迎廣,10,36,-29,-3,2026-04-21,2026-05-28,26,-2.36,2026-06-02,Computex電腦展,2026
迎廣,10,37,-29,-2,2026-04-21,2026-05-29,27,-0.71,2026-06-02,Computex電腦展,2026
迎廣,10,38,-29,-1,2026-04-21,2026-06-01,28,1.42,2026-06-02,Computex電腦展,2026
迎廣,10,39,-29,0,2026-04-21,2026-06-02,29,2.72,2026-06-02,Computex電腦展,2026
迎廣,10,40,-29,1,2026-04-21,2026-06-03,30,4.96,2026-06-02,Computex電腦展,2026
迎廣,10,41,-29,2,2026-04-21,2026-06-04,31,0.59,2026-06-02,Computex電腦展,2026
迎廣,10,42,-29,3,2026-04-21,2026-06-05,32,-1.89,2026-06-02,Computex電腦展,2026
迎廣,10,43,-29,4,2026-04-21,2026-06-08,33,-5.79,2026-06-02,Computex電腦展,2026
迎廣,10,44,-29,5,2026-04-21,2026-06-09,34,-6.03,2026-06-02,Computex電腦展,2026
迎廣,10,45,-29,6,2026-04-21,2026-06-10,35,-8.04,2026-06-02,Computex電腦展,2026
迎廣,10,46,-29,7,2026-04-21,2026-06-11,36,-10.64,2026-06-02,Computex電腦展,2026
迎廣,10,47,-29,8,2026-04-21,2026-06-12,37,-9.81,2026-06-02,Computex電腦展,2026
迎廣,11,12,-28,-27,2026-04-22,2026-04-23,1,-5.21,2026-06-02,Computex電腦展,2026
迎廣,11,13,-28,-26,2026-04-22,2026-04-24,2,-1.39,2026-06-02,Computex電腦展,2026
迎廣,11,14,-28,-25,2026-04-22,2026-04-27,3,1.04,2026-06-02,Computex電腦展,2026
迎廣,11,15,-28,-24,2026-04-22,2026-04-28,4,3.24,2026-06-02,Computex電腦展,2026
迎廣,11,16,-28,-23,2026-04-22,2026-04-29,5,5.1,2026-06-02,Computex電腦展,2026
迎廣,11,17,-28,-22,2026-04-22,2026-04-30,6,2.09,2026-06-02,Computex電腦展,2026
迎廣,11,18,-28,-21,2026-04-22,2026-05-04,7,0.7,2026-06-02,Computex電腦展,2026
迎廣,11,19,-28,-20,2026-04-22,2026-05-05,8,3.01,2026-06-02,Computex電腦展,2026
迎廣,11,20,-28,-19,2026-04-22,2026-05-06,9,-0.46,2026-06-02,Computex電腦展,2026
迎廣,11,21,-28,-18,2026-04-22,2026-05-07,10,-1.16,2026-06-02,Computex電腦展,2026
迎廣,11,22,-28,-17,2026-04-22,2026-05-08,11,-6.49,2026-06-02,Computex電腦展,2026
迎廣,11,23,-28,-16,2026-04-22,2026-05-11,12,-6.95,2026-06-02,Computex電腦展,2026
迎廣,11,24,-28,-15,2026-04-22,2026-05-12,13,-7.07,2026-06-02,Computex電腦展,2026
迎廣,11,25,-28,-14,2026-04-22,2026-05-13,14,-8.69,2026-06-02,Computex電腦展,2026
迎廣,11,26,-28,-13,2026-04-22,2026-05-14,15,-5.56,2026-06-02,Computex電腦展,2026
迎廣,11,27,-28,-12,2026-04-22,2026-05-15,16,-4.87,2026-06-02,Computex電腦展,2026
迎廣,11,28,-28,-11,2026-04-22,2026-05-18,17,-7.42,2026-06-02,Computex電腦展,2026
迎廣,11,29,-28,-10,2026-04-22,2026-05-19,18,-7.53,2026-06-02,Computex電腦展,2026
迎廣,11,30,-28,-9,2026-04-22,2026-05-20,19,-8.46,2026-06-02,Computex電腦展,2026
迎廣,11,31,-28,-8,2026-04-22,2026-05-21,20,-4.29,2026-06-02,Computex電腦展,2026
迎廣,11,32,-28,-7,2026-04-22,2026-05-22,21,2.55,2026-06-02,Computex電腦展,2026
迎廣,11,33,-28,-6,2026-04-22,2026-05-25,22,6.49,2026-06-02,Computex電腦展,2026
迎廣,11,34,-28,-5,2026-04-22,2026-05-26,23,10.08,2026-06-02,Computex電腦展,2026
迎廣,11,35,-28,-4,2026-04-22,2026-05-27,24,-0.93,2026-06-02,Computex電腦展,2026
迎廣,11,36,-28,-3,2026-04-22,2026-05-28,25,-4.29,2026-06-02,Computex電腦展,2026
迎廣,11,37,-28,-2,2026-04-22,2026-05-29,26,-2.67,2026-06-02,Computex電腦展,2026
迎廣,11,38,-28,-1,2026-04-22,2026-06-01,27,-0.58,2026-06-02,Computex電腦展,2026
迎廣,11,39,-28,0,2026-04-22,2026-06-02,28,0.7,2026-06-02,Computex電腦展,2026
迎廣,11,40,-28,1,2026-04-22,2026-06-03,29,2.9,2026-06-02,Computex電腦展,2026
迎廣,11,41,-28,2,2026-04-22,2026-06-04,30,-1.39,2026-06-02,Computex電腦展,2026
迎廣,11,42,-28,3,2026-04-22,2026-06-05,31,-3.82,2026-06-02,Computex電腦展,2026
迎廣,11,43,-28,4,2026-04-22,2026-06-08,32,-7.65,2026-06-02,Computex電腦展,2026
迎廣,11,44,-28,5,2026-04-22,2026-06-09,33,-7.88,2026-06-02,Computex電腦展,2026
迎廣,11,45,-28,6,2026-04-22,2026-06-10,34,-9.85,2026-06-02,Computex電腦展,2026
迎廣,11,46,-28,7,2026-04-22,2026-06-11,35,-12.4,2026-06-02,Computex電腦展,2026
迎廣,11,47,-28,8,2026-04-22,2026-06-12,36,-11.59,2026-06-02,Computex電腦展,2026
迎廣,12,13,-27,-26,2026-04-23,2026-04-24,1,4.03,2026-06-02,Computex電腦展,2026
迎廣,12,14,-27,-25,2026-04-23,2026-04-27,2,6.6,2026-06-02,Computex電腦展,2026
迎廣,12,15,-27,-24,2026-04-23,2026-04-28,3,8.92,2026-06-02,Computex電腦展,2026
迎廣,12,16,-27,-23,2026-04-23,2026-04-29,4,10.88,2026-06-02,Computex電腦展,2026
迎廣,12,17,-27,-22,2026-04-23,2026-04-30,5,7.7,2026-06-02,Computex電腦展,2026
迎廣,12,18,-27,-21,2026-04-23,2026-05-04,6,6.23,2026-06-02,Computex電腦展,2026
迎廣,12,19,-27,-20,2026-04-23,2026-05-05,7,8.68,2026-06-02,Computex電腦展,2026
迎廣,12,20,-27,-19,2026-04-23,2026-05-06,8,5.01,2026-06-02,Computex電腦展,2026
迎廣,12,21,-27,-18,2026-04-23,2026-05-07,9,4.28,2026-06-02,Computex電腦展,2026
迎廣,12,22,-27,-17,2026-04-23,2026-05-08,10,-1.34,2026-06-02,Computex電腦展,2026
迎廣,12,23,-27,-16,2026-04-23,2026-05-11,11,-1.83,2026-06-02,Computex電腦展,2026
迎廣,12,24,-27,-15,2026-04-23,2026-05-12,12,-1.96,2026-06-02,Computex電腦展,2026
迎廣,12,25,-27,-14,2026-04-23,2026-05-13,13,-3.67,2026-06-02,Computex電腦展,2026
迎廣,12,26,-27,-13,2026-04-23,2026-05-14,14,-0.37,2026-06-02,Computex電腦展,2026
迎廣,12,27,-27,-12,2026-04-23,2026-05-15,15,0.37,2026-06-02,Computex電腦展,2026
迎廣,12,28,-27,-11,2026-04-23,2026-05-18,16,-2.32,2026-06-02,Computex電腦展,2026
迎廣,12,29,-27,-10,2026-04-23,2026-05-19,17,-2.44,2026-06-02,Computex電腦展,2026
迎廣,12,30,-27,-9,2026-04-23,2026-05-20,18,-3.42,2026-06-02,Computex電腦展,2026
迎廣,12,31,-27,-8,2026-04-23,2026-05-21,19,0.98,2026-06-02,Computex電腦展,2026
迎廣,12,32,-27,-7,2026-04-23,2026-05-22,20,8.19,2026-06-02,Computex電腦展,2026
迎廣,12,33,-27,-6,2026-04-23,2026-05-25,21,12.35,2026-06-02,Computex電腦展,2026
迎廣,12,34,-27,-5,2026-04-23,2026-05-26,22,16.14,2026-06-02,Computex電腦展,2026
迎廣,12,35,-27,-4,2026-04-23,2026-05-27,23,4.52,2026-06-02,Computex電腦展,2026
迎廣,12,36,-27,-3,2026-04-23,2026-05-28,24,0.98,2026-06-02,Computex電腦展,2026
迎廣,12,37,-27,-2,2026-04-23,2026-05-29,25,2.69,2026-06-02,Computex電腦展,2026
迎廣,12,38,-27,-1,2026-04-23,2026-06-01,26,4.89,2026-06-02,Computex電腦展,2026
迎廣,12,39,-27,0,2026-04-23,2026-06-02,27,6.23,2026-06-02,Computex電腦展,2026
迎廣,12,40,-27,1,2026-04-23,2026-06-03,28,8.56,2026-06-02,Computex電腦展,2026
迎廣,12,41,-27,2,2026-04-23,2026-06-04,29,4.03,2026-06-02,Computex電腦展,2026
迎廣,12,42,-27,3,2026-04-23,2026-06-05,30,1.47,2026-06-02,Computex電腦展,2026
迎廣,12,43,-27,4,2026-04-23,2026-06-08,31,-2.57,2026-06-02,Computex電腦展,2026
迎廣,12,44,-27,5,2026-04-23,2026-06-09,32,-2.81,2026-06-02,Computex電腦展,2026
迎廣,12,45,-27,6,2026-04-23,2026-06-10,33,-4.89,2026-06-02,Computex電腦展,2026
迎廣,12,46,-27,7,2026-04-23,2026-06-11,34,-7.58,2026-06-02,Computex電腦展,2026
迎廣,12,47,-27,8,2026-04-23,2026-06-12,35,-6.72,2026-06-02,Computex電腦展,2026
迎廣,13,14,-26,-25,2026-04-24,2026-04-27,1,2.47,2026-06-02,Computex電腦展,2026
迎廣,13,15,-26,-24,2026-04-24,2026-04-28,2,4.7,2026-06-02,Computex電腦展,2026
迎廣,13,16,-26,-23,2026-04-24,2026-04-29,3,6.58,2026-06-02,Computex電腦展,2026
迎廣,13,17,-26,-22,2026-04-24,2026-04-30,4,3.53,2026-06-02,Computex電腦展,2026
迎廣,13,18,-26,-21,2026-04-24,2026-05-04,5,2.12,2026-06-02,Computex電腦展,2026
迎廣,13,19,-26,-20,2026-04-24,2026-05-05,6,4.47,2026-06-02,Computex電腦展,2026
迎廣,13,20,-26,-19,2026-04-24,2026-05-06,7,0.94,2026-06-02,Computex電腦展,2026
迎廣,13,21,-26,-18,2026-04-24,2026-05-07,8,0.24,2026-06-02,Computex電腦展,2026
迎廣,13,22,-26,-17,2026-04-24,2026-05-08,9,-5.17,2026-06-02,Computex電腦展,2026
迎廣,13,23,-26,-16,2026-04-24,2026-05-11,10,-5.64,2026-06-02,Computex電腦展,2026
迎廣,13,24,-26,-15,2026-04-24,2026-05-12,11,-5.76,2026-06-02,Computex電腦展,2026
迎廣,13,25,-26,-14,2026-04-24,2026-05-13,12,-7.4,2026-06-02,Computex電腦展,2026
迎廣,13,26,-26,-13,2026-04-24,2026-05-14,13,-4.23,2026-06-02,Computex電腦展,2026
迎廣,13,27,-26,-12,2026-04-24,2026-05-15,14,-3.53,2026-06-02,Computex電腦展,2026
迎廣,13,28,-26,-11,2026-04-24,2026-05-18,15,-6.11,2026-06-02,Computex電腦展,2026
迎廣,13,29,-26,-10,2026-04-24,2026-05-19,16,-6.23,2026-06-02,Computex電腦展,2026
迎廣,13,30,-26,-9,2026-04-24,2026-05-20,17,-7.17,2026-06-02,Computex電腦展,2026
迎廣,13,31,-26,-8,2026-04-24,2026-05-21,18,-2.94,2026-06-02,Computex電腦展,2026
迎廣,13,32,-26,-7,2026-04-24,2026-05-22,19,4.0,2026-06-02,Computex電腦展,2026
迎廣,13,33,-26,-6,2026-04-24,2026-05-25,20,7.99,2026-06-02,Computex電腦展,2026
迎廣,13,34,-26,-5,2026-04-24,2026-05-26,21,11.63,2026-06-02,Computex電腦展,2026
迎廣,13,35,-26,-4,2026-04-24,2026-05-27,22,0.47,2026-06-02,Computex電腦展,2026
迎廣,13,36,-26,-3,2026-04-24,2026-05-28,23,-2.94,2026-06-02,Computex電腦展,2026
迎廣,13,37,-26,-2,2026-04-24,2026-05-29,24,-1.29,2026-06-02,Computex電腦展,2026
迎廣,13,38,-26,-1,2026-04-24,2026-06-01,25,0.82,2026-06-02,Computex電腦展,2026
迎廣,13,39,-26,0,2026-04-24,2026-06-02,26,2.12,2026-06-02,Computex電腦展,2026
迎廣,13,40,-26,1,2026-04-24,2026-06-03,27,4.35,2026-06-02,Computex電腦展,2026
迎廣,13,41,-26,2,2026-04-24,2026-06-04,28,0.0,2026-06-02,Computex電腦展,2026
迎廣,13,42,-26,3,2026-04-24,2026-06-05,29,-2.47,2026-06-02,Computex電腦展,2026
迎廣,13,43,-26,4,2026-04-24,2026-06-08,30,-6.35,2026-06-02,Computex電腦展,2026
迎廣,13,44,-26,5,2026-04-24,2026-06-09,31,-6.58,2026-06-02,Computex電腦展,2026
迎廣,13,45,-26,6,2026-04-24,2026-06-10,32,-8.58,2026-06-02,Computex電腦展,2026
迎廣,13,46,-26,7,2026-04-24,2026-06-11,33,-11.16,2026-06-02,Computex電腦展,2026
迎廣,13,47,-26,8,2026-04-24,2026-06-12,34,-10.34,2026-06-02,Computex電腦展,2026
迎廣,14,15,-25,-24,2026-04-27,2026-04-28,1,2.18,2026-06-02,Computex電腦展,2026
迎廣,14,16,-25,-23,2026-04-27,2026-04-29,2,4.01,2026-06-02,Computex電腦展,2026
迎廣,14,17,-25,-22,2026-04-27,2026-04-30,3,1.03,2026-06-02,Computex電腦展,2026
迎廣,14,18,-25,-21,2026-04-27,2026-05-04,4,-0.34,2026-06-02,Computex電腦展,2026
迎廣,14,19,-25,-20,2026-04-27,2026-05-05,5,1.95,2026-06-02,Computex電腦展,2026
迎廣,14,20,-25,-19,2026-04-27,2026-05-06,6,-1.49,2026-06-02,Computex電腦展,2026
迎廣,14,21,-25,-18,2026-04-27,2026-05-07,7,-2.18,2026-06-02,Computex電腦展,2026
迎廣,14,22,-25,-17,2026-04-27,2026-05-08,8,-7.45,2026-06-02,Computex電腦展,2026
迎廣,14,23,-25,-16,2026-04-27,2026-05-11,9,-7.91,2026-06-02,Computex電腦展,2026
迎廣,14,24,-25,-15,2026-04-27,2026-05-12,10,-8.03,2026-06-02,Computex電腦展,2026
迎廣,14,25,-25,-14,2026-04-27,2026-05-13,11,-9.63,2026-06-02,Computex電腦展,2026
迎廣,14,26,-25,-13,2026-04-27,2026-05-14,12,-6.54,2026-06-02,Computex電腦展,2026
迎廣,14,27,-25,-12,2026-04-27,2026-05-15,13,-5.85,2026-06-02,Computex電腦展,2026
迎廣,14,28,-25,-11,2026-04-27,2026-05-18,14,-8.37,2026-06-02,Computex電腦展,2026
迎廣,14,29,-25,-10,2026-04-27,2026-05-19,15,-8.49,2026-06-02,Computex電腦展,2026
迎廣,14,30,-25,-9,2026-04-27,2026-05-20,16,-9.4,2026-06-02,Computex電腦展,2026
迎廣,14,31,-25,-8,2026-04-27,2026-05-21,17,-5.28,2026-06-02,Computex電腦展,2026
迎廣,14,32,-25,-7,2026-04-27,2026-05-22,18,1.49,2026-06-02,Computex電腦展,2026
迎廣,14,33,-25,-6,2026-04-27,2026-05-25,19,5.39,2026-06-02,Computex電腦展,2026
迎廣,14,34,-25,-5,2026-04-27,2026-05-26,20,8.94,2026-06-02,Computex電腦展,2026
迎廣,14,35,-25,-4,2026-04-27,2026-05-27,21,-1.95,2026-06-02,Computex電腦展,2026
迎廣,14,36,-25,-3,2026-04-27,2026-05-28,22,-5.28,2026-06-02,Computex電腦展,2026
迎廣,14,37,-25,-2,2026-04-27,2026-05-29,23,-3.67,2026-06-02,Computex電腦展,2026
迎廣,14,38,-25,-1,2026-04-27,2026-06-01,24,-1.61,2026-06-02,Computex電腦展,2026
迎廣,14,39,-25,0,2026-04-27,2026-06-02,25,-0.34,2026-06-02,Computex電腦展,2026
迎廣,14,40,-25,1,2026-04-27,2026-06-03,26,1.83,2026-06-02,Computex電腦展,2026
迎廣,14,41,-25,2,2026-04-27,2026-06-04,27,-2.41,2026-06-02,Computex電腦展,2026
迎廣,14,42,-25,3,2026-04-27,2026-06-05,28,-4.82,2026-06-02,Computex電腦展,2026
迎廣,14,43,-25,4,2026-04-27,2026-06-08,29,-8.6,2026-06-02,Computex電腦展,2026
迎廣,14,44,-25,5,2026-04-27,2026-06-09,30,-8.83,2026-06-02,Computex電腦展,2026
迎廣,14,45,-25,6,2026-04-27,2026-06-10,31,-10.78,2026-06-02,Computex電腦展,2026
迎廣,14,46,-25,7,2026-04-27,2026-06-11,32,-13.3,2026-06-02,Computex電腦展,2026
迎廣,14,47,-25,8,2026-04-27,2026-06-12,33,-12.5,2026-06-02,Computex電腦展,2026
迎廣,15,16,-24,-23,2026-04-28,2026-04-29,1,1.8,2026-06-02,Computex電腦展,2026
迎廣,15,17,-24,-22,2026-04-28,2026-04-30,2,-1.12,2026-06-02,Computex電腦展,2026
迎廣,15,18,-24,-21,2026-04-28,2026-05-04,3,-2.47,2026-06-02,Computex電腦展,2026
迎廣,15,19,-24,-20,2026-04-28,2026-05-05,4,-0.22,2026-06-02,Computex電腦展,2026
迎廣,15,20,-24,-19,2026-04-28,2026-05-06,5,-3.59,2026-06-02,Computex電腦展,2026
迎廣,15,21,-24,-18,2026-04-28,2026-05-07,6,-4.26,2026-06-02,Computex電腦展,2026
迎廣,15,22,-24,-17,2026-04-28,2026-05-08,7,-9.43,2026-06-02,Computex電腦展,2026
迎廣,15,23,-24,-16,2026-04-28,2026-05-11,8,-9.88,2026-06-02,Computex電腦展,2026
迎廣,15,24,-24,-15,2026-04-28,2026-05-12,9,-9.99,2026-06-02,Computex電腦展,2026
迎廣,15,25,-24,-14,2026-04-28,2026-05-13,10,-11.56,2026-06-02,Computex電腦展,2026
迎廣,15,26,-24,-13,2026-04-28,2026-05-14,11,-8.53,2026-06-02,Computex電腦展,2026
迎廣,15,27,-24,-12,2026-04-28,2026-05-15,12,-7.86,2026-06-02,Computex電腦展,2026
迎廣,15,28,-24,-11,2026-04-28,2026-05-18,13,-10.33,2026-06-02,Computex電腦展,2026
迎廣,15,29,-24,-10,2026-04-28,2026-05-19,14,-10.44,2026-06-02,Computex電腦展,2026
迎廣,15,30,-24,-9,2026-04-28,2026-05-20,15,-11.34,2026-06-02,Computex電腦展,2026
迎廣,15,31,-24,-8,2026-04-28,2026-05-21,16,-7.3,2026-06-02,Computex電腦展,2026
迎廣,15,32,-24,-7,2026-04-28,2026-05-22,17,-0.67,2026-06-02,Computex電腦展,2026
迎廣,15,33,-24,-6,2026-04-28,2026-05-25,18,3.14,2026-06-02,Computex電腦展,2026
迎廣,15,34,-24,-5,2026-04-28,2026-05-26,19,6.62,2026-06-02,Computex電腦展,2026
迎廣,15,35,-24,-4,2026-04-28,2026-05-27,20,-4.04,2026-06-02,Computex電腦展,2026
迎廣,15,36,-24,-3,2026-04-28,2026-05-28,21,-7.3,2026-06-02,Computex電腦展,2026
迎廣,15,37,-24,-2,2026-04-28,2026-05-29,22,-5.72,2026-06-02,Computex電腦展,2026
迎廣,15,38,-24,-1,2026-04-28,2026-06-01,23,-3.7,2026-06-02,Computex電腦展,2026
迎廣,15,39,-24,0,2026-04-28,2026-06-02,24,-2.47,2026-06-02,Computex電腦展,2026
迎廣,15,40,-24,1,2026-04-28,2026-06-03,25,-0.34,2026-06-02,Computex電腦展,2026
迎廣,15,41,-24,2,2026-04-28,2026-06-04,26,-4.49,2026-06-02,Computex電腦展,2026
迎廣,15,42,-24,3,2026-04-28,2026-06-05,27,-6.85,2026-06-02,Computex電腦展,2026
迎廣,15,43,-24,4,2026-04-28,2026-06-08,28,-10.55,2026-06-02,Computex電腦展,2026
迎廣,15,44,-24,5,2026-04-28,2026-06-09,29,-10.77,2026-06-02,Computex電腦展,2026
迎廣,15,45,-24,6,2026-04-28,2026-06-10,30,-12.68,2026-06-02,Computex電腦展,2026
迎廣,15,46,-24,7,2026-04-28,2026-06-11,31,-15.15,2026-06-02,Computex電腦展,2026
迎廣,15,47,-24,8,2026-04-28,2026-06-12,32,-14.37,2026-06-02,Computex電腦展,2026
迎廣,16,17,-23,-22,2026-04-29,2026-04-30,1,-2.87,2026-06-02,Computex電腦展,2026
迎廣,16,18,-23,-21,2026-04-29,2026-05-04,2,-4.19,2026-06-02,Computex電腦展,2026
迎廣,16,19,-23,-20,2026-04-29,2026-05-05,3,-1.98,2026-06-02,Computex電腦展,2026
迎廣,16,20,-23,-19,2026-04-29,2026-05-06,4,-5.29,2026-06-02,Computex電腦展,2026
迎廣,16,21,-23,-18,2026-04-29,2026-05-07,5,-5.95,2026-06-02,Computex電腦展,2026
迎廣,16,22,-23,-17,2026-04-29,2026-05-08,6,-11.03,2026-06-02,Computex電腦展,2026
迎廣,16,23,-23,-16,2026-04-29,2026-05-11,7,-11.47,2026-06-02,Computex電腦展,2026
迎廣,16,24,-23,-15,2026-04-29,2026-05-12,8,-11.58,2026-06-02,Computex電腦展,2026
迎廣,16,25,-23,-14,2026-04-29,2026-05-13,9,-13.12,2026-06-02,Computex電腦展,2026
迎廣,16,26,-23,-13,2026-04-29,2026-05-14,10,-10.14,2026-06-02,Computex電腦展,2026
迎廣,16,27,-23,-12,2026-04-29,2026-05-15,11,-9.48,2026-06-02,Computex電腦展,2026
迎廣,16,28,-23,-11,2026-04-29,2026-05-18,12,-11.91,2026-06-02,Computex電腦展,2026
迎廣,16,29,-23,-10,2026-04-29,2026-05-19,13,-12.02,2026-06-02,Computex電腦展,2026
迎廣,16,30,-23,-9,2026-04-29,2026-05-20,14,-12.9,2026-06-02,Computex電腦展,2026
迎廣,16,31,-23,-8,2026-04-29,2026-05-21,15,-8.93,2026-06-02,Computex電腦展,2026
迎廣,16,32,-23,-7,2026-04-29,2026-05-22,16,-2.43,2026-06-02,Computex電腦展,2026
迎廣,16,33,-23,-6,2026-04-29,2026-05-25,17,1.32,2026-06-02,Computex電腦展,2026
迎廣,16,34,-23,-5,2026-04-29,2026-05-26,18,4.74,2026-06-02,Computex電腦展,2026
迎廣,16,35,-23,-4,2026-04-29,2026-05-27,19,-5.73,2026-06-02,Computex電腦展,2026
迎廣,16,36,-23,-3,2026-04-29,2026-05-28,20,-8.93,2026-06-02,Computex電腦展,2026
迎廣,16,37,-23,-2,2026-04-29,2026-05-29,21,-7.39,2026-06-02,Computex電腦展,2026
迎廣,16,38,-23,-1,2026-04-29,2026-06-01,22,-5.4,2026-06-02,Computex電腦展,2026
迎廣,16,39,-23,0,2026-04-29,2026-06-02,23,-4.19,2026-06-02,Computex電腦展,2026
迎廣,16,40,-23,1,2026-04-29,2026-06-03,24,-2.09,2026-06-02,Computex電腦展,2026
迎廣,16,41,-23,2,2026-04-29,2026-06-04,25,-6.17,2026-06-02,Computex電腦展,2026
迎廣,16,42,-23,3,2026-04-29,2026-06-05,26,-8.49,2026-06-02,Computex電腦展,2026
迎廣,16,43,-23,4,2026-04-29,2026-06-08,27,-12.13,2026-06-02,Computex電腦展,2026
迎廣,16,44,-23,5,2026-04-29,2026-06-09,28,-12.35,2026-06-02,Computex電腦展,2026
迎廣,16,45,-23,6,2026-04-29,2026-06-10,29,-14.22,2026-06-02,Computex電腦展,2026
迎廣,16,46,-23,7,2026-04-29,2026-06-11,30,-16.65,2026-06-02,Computex電腦展,2026
迎廣,16,47,-23,8,2026-04-29,2026-06-12,31,-15.88,2026-06-02,Computex電腦展,2026
迎廣,17,18,-22,-21,2026-04-30,2026-05-04,1,-1.36,2026-06-02,Computex電腦展,2026
迎廣,17,19,-22,-20,2026-04-30,2026-05-05,2,0.91,2026-06-02,Computex電腦展,2026
迎廣,17,20,-22,-19,2026-04-30,2026-05-06,3,-2.5,2026-06-02,Computex電腦展,2026
迎廣,17,21,-22,-18,2026-04-30,2026-05-07,4,-3.18,2026-06-02,Computex電腦展,2026
迎廣,17,22,-22,-17,2026-04-30,2026-05-08,5,-8.4,2026-06-02,Computex電腦展,2026
迎廣,17,23,-22,-16,2026-04-30,2026-05-11,6,-8.85,2026-06-02,Computex電腦展,2026
迎廣,17,24,-22,-15,2026-04-30,2026-05-12,7,-8.97,2026-06-02,Computex電腦展,2026
迎廣,17,25,-22,-14,2026-04-30,2026-05-13,8,-10.56,2026-06-02,Computex電腦展,2026
迎廣,17,26,-22,-13,2026-04-30,2026-05-14,9,-7.49,2026-06-02,Computex電腦展,2026
迎廣,17,27,-22,-12,2026-04-30,2026-05-15,10,-6.81,2026-06-02,Computex電腦展,2026
迎廣,17,28,-22,-11,2026-04-30,2026-05-18,11,-9.31,2026-06-02,Computex電腦展,2026
迎廣,17,29,-22,-10,2026-04-30,2026-05-19,12,-9.42,2026-06-02,Computex電腦展,2026
迎廣,17,30,-22,-9,2026-04-30,2026-05-20,13,-10.33,2026-06-02,Computex電腦展,2026
迎廣,17,31,-22,-8,2026-04-30,2026-05-21,14,-6.24,2026-06-02,Computex電腦展,2026
迎廣,17,32,-22,-7,2026-04-30,2026-05-22,15,0.45,2026-06-02,Computex電腦展,2026
迎廣,17,33,-22,-6,2026-04-30,2026-05-25,16,4.31,2026-06-02,Computex電腦展,2026
迎廣,17,34,-22,-5,2026-04-30,2026-05-26,17,7.83,2026-06-02,Computex電腦展,2026
迎廣,17,35,-22,-4,2026-04-30,2026-05-27,18,-2.95,2026-06-02,Computex電腦展,2026
迎廣,17,36,-22,-3,2026-04-30,2026-05-28,19,-6.24,2026-06-02,Computex電腦展,2026
迎廣,17,37,-22,-2,2026-04-30,2026-05-29,20,-4.65,2026-06-02,Computex電腦展,2026
迎廣,17,38,-22,-1,2026-04-30,2026-06-01,21,-2.61,2026-06-02,Computex電腦展,2026
迎廣,17,39,-22,0,2026-04-30,2026-06-02,22,-1.36,2026-06-02,Computex電腦展,2026
迎廣,17,40,-22,1,2026-04-30,2026-06-03,23,0.79,2026-06-02,Computex電腦展,2026
迎廣,17,41,-22,2,2026-04-30,2026-06-04,24,-3.41,2026-06-02,Computex電腦展,2026
迎廣,17,42,-22,3,2026-04-30,2026-06-05,25,-5.79,2026-06-02,Computex電腦展,2026
迎廣,17,43,-22,4,2026-04-30,2026-06-08,26,-9.53,2026-06-02,Computex電腦展,2026
迎廣,17,44,-22,5,2026-04-30,2026-06-09,27,-9.76,2026-06-02,Computex電腦展,2026
迎廣,17,45,-22,6,2026-04-30,2026-06-10,28,-11.69,2026-06-02,Computex電腦展,2026
迎廣,17,46,-22,7,2026-04-30,2026-06-11,29,-14.19,2026-06-02,Computex電腦展,2026
迎廣,17,47,-22,8,2026-04-30,2026-06-12,30,-13.39,2026-06-02,Computex電腦展,2026
迎廣,18,19,-21,-20,2026-05-04,2026-05-05,1,2.3,2026-06-02,Computex電腦展,2026
迎廣,18,20,-21,-19,2026-05-04,2026-05-06,2,-1.15,2026-06-02,Computex電腦展,2026
迎廣,18,21,-21,-18,2026-05-04,2026-05-07,3,-1.84,2026-06-02,Computex電腦展,2026
迎廣,18,22,-21,-17,2026-05-04,2026-05-08,4,-7.13,2026-06-02,Computex電腦展,2026
迎廣,18,23,-21,-16,2026-05-04,2026-05-11,5,-7.59,2026-06-02,Computex電腦展,2026
迎廣,18,24,-21,-15,2026-05-04,2026-05-12,6,-7.71,2026-06-02,Computex電腦展,2026
迎廣,18,25,-21,-14,2026-05-04,2026-05-13,7,-9.32,2026-06-02,Computex電腦展,2026
迎廣,18,26,-21,-13,2026-05-04,2026-05-14,8,-6.21,2026-06-02,Computex電腦展,2026
迎廣,18,27,-21,-12,2026-05-04,2026-05-15,9,-5.52,2026-06-02,Computex電腦展,2026
迎廣,18,28,-21,-11,2026-05-04,2026-05-18,10,-8.06,2026-06-02,Computex電腦展,2026
迎廣,18,29,-21,-10,2026-05-04,2026-05-19,11,-8.17,2026-06-02,Computex電腦展,2026
迎廣,18,30,-21,-9,2026-05-04,2026-05-20,12,-9.09,2026-06-02,Computex電腦展,2026
迎廣,18,31,-21,-8,2026-05-04,2026-05-21,13,-4.95,2026-06-02,Computex電腦展,2026
迎廣,18,32,-21,-7,2026-05-04,2026-05-22,14,1.84,2026-06-02,Computex電腦展,2026
迎廣,18,33,-21,-6,2026-05-04,2026-05-25,15,5.75,2026-06-02,Computex電腦展,2026
迎廣,18,34,-21,-5,2026-05-04,2026-05-26,16,9.32,2026-06-02,Computex電腦展,2026
迎廣,18,35,-21,-4,2026-05-04,2026-05-27,17,-1.61,2026-06-02,Computex電腦展,2026
迎廣,18,36,-21,-3,2026-05-04,2026-05-28,18,-4.95,2026-06-02,Computex電腦展,2026
迎廣,18,37,-21,-2,2026-05-04,2026-05-29,19,-3.34,2026-06-02,Computex電腦展,2026
迎廣,18,38,-21,-1,2026-05-04,2026-06-01,20,-1.27,2026-06-02,Computex電腦展,2026
迎廣,18,39,-21,0,2026-05-04,2026-06-02,21,0.0,2026-06-02,Computex電腦展,2026
迎廣,18,40,-21,1,2026-05-04,2026-06-03,22,2.19,2026-06-02,Computex電腦展,2026
迎廣,18,41,-21,2,2026-05-04,2026-06-04,23,-2.07,2026-06-02,Computex電腦展,2026
迎廣,18,42,-21,3,2026-05-04,2026-06-05,24,-4.49,2026-06-02,Computex電腦展,2026
迎廣,18,43,-21,4,2026-05-04,2026-06-08,25,-8.29,2026-06-02,Computex電腦展,2026
迎廣,18,44,-21,5,2026-05-04,2026-06-09,26,-8.52,2026-06-02,Computex電腦展,2026
迎廣,18,45,-21,6,2026-05-04,2026-06-10,27,-10.47,2026-06-02,Computex電腦展,2026
迎廣,18,46,-21,7,2026-05-04,2026-06-11,28,-13.0,2026-06-02,Computex電腦展,2026
迎廣,18,47,-21,8,2026-05-04,2026-06-12,29,-12.2,2026-06-02,Computex電腦展,2026
迎廣,19,20,-20,-19,2026-05-05,2026-05-06,1,-3.37,2026-06-02,Computex電腦展,2026
迎廣,19,21,-20,-18,2026-05-05,2026-05-07,2,-4.05,2026-06-02,Computex電腦展,2026
迎廣,19,22,-20,-17,2026-05-05,2026-05-08,3,-9.22,2026-06-02,Computex電腦展,2026
迎廣,19,23,-20,-16,2026-05-05,2026-05-11,4,-9.67,2026-06-02,Computex電腦展,2026
迎廣,19,24,-20,-15,2026-05-05,2026-05-12,5,-9.79,2026-06-02,Computex電腦展,2026
迎廣,19,25,-20,-14,2026-05-05,2026-05-13,6,-11.36,2026-06-02,Computex電腦展,2026
迎廣,19,26,-20,-13,2026-05-05,2026-05-14,7,-8.32,2026-06-02,Computex電腦展,2026
迎廣,19,27,-20,-12,2026-05-05,2026-05-15,8,-7.65,2026-06-02,Computex電腦展,2026
迎廣,19,28,-20,-11,2026-05-05,2026-05-18,9,-10.12,2026-06-02,Computex電腦展,2026
迎廣,19,29,-20,-10,2026-05-05,2026-05-19,10,-10.24,2026-06-02,Computex電腦展,2026
迎廣,19,30,-20,-9,2026-05-05,2026-05-20,11,-11.14,2026-06-02,Computex電腦展,2026
迎廣,19,31,-20,-8,2026-05-05,2026-05-21,12,-7.09,2026-06-02,Computex電腦展,2026
迎廣,19,32,-20,-7,2026-05-05,2026-05-22,13,-0.45,2026-06-02,Computex電腦展,2026
迎廣,19,33,-20,-6,2026-05-05,2026-05-25,14,3.37,2026-06-02,Computex電腦展,2026
迎廣,19,34,-20,-5,2026-05-05,2026-05-26,15,6.86,2026-06-02,Computex電腦展,2026
迎廣,19,35,-20,-4,2026-05-05,2026-05-27,16,-3.82,2026-06-02,Computex電腦展,2026
迎廣,19,36,-20,-3,2026-05-05,2026-05-28,17,-7.09,2026-06-02,Computex電腦展,2026
迎廣,19,37,-20,-2,2026-05-05,2026-05-29,18,-5.51,2026-06-02,Computex電腦展,2026
迎廣,19,38,-20,-1,2026-05-05,2026-06-01,19,-3.49,2026-06-02,Computex電腦展,2026
迎廣,19,39,-20,0,2026-05-05,2026-06-02,20,-2.25,2026-06-02,Computex電腦展,2026
迎廣,19,40,-20,1,2026-05-05,2026-06-03,21,-0.11,2026-06-02,Computex電腦展,2026
迎廣,19,41,-20,2,2026-05-05,2026-06-04,22,-4.27,2026-06-02,Computex電腦展,2026
迎廣,19,42,-20,3,2026-05-05,2026-06-05,23,-6.64,2026-06-02,Computex電腦展,2026
迎廣,19,43,-20,4,2026-05-05,2026-06-08,24,-10.35,2026-06-02,Computex電腦展,2026
迎廣,19,44,-20,5,2026-05-05,2026-06-09,25,-10.57,2026-06-02,Computex電腦展,2026
迎廣,19,45,-20,6,2026-05-05,2026-06-10,26,-12.49,2026-06-02,Computex電腦展,2026
迎廣,19,46,-20,7,2026-05-05,2026-06-11,27,-14.96,2026-06-02,Computex電腦展,2026
迎廣,19,47,-20,8,2026-05-05,2026-06-12,28,-14.17,2026-06-02,Computex電腦展,2026
迎廣,20,21,-19,-18,2026-05-06,2026-05-07,1,-0.7,2026-06-02,Computex電腦展,2026
迎廣,20,22,-19,-17,2026-05-06,2026-05-08,2,-6.05,2026-06-02,Computex電腦展,2026
迎廣,20,23,-19,-16,2026-05-06,2026-05-11,3,-6.52,2026-06-02,Computex電腦展,2026
迎廣,20,24,-19,-15,2026-05-06,2026-05-12,4,-6.64,2026-06-02,Computex電腦展,2026
迎廣,20,25,-19,-14,2026-05-06,2026-05-13,5,-8.27,2026-06-02,Computex電腦展,2026
迎廣,20,26,-19,-13,2026-05-06,2026-05-14,6,-5.12,2026-06-02,Computex電腦展,2026
迎廣,20,27,-19,-12,2026-05-06,2026-05-15,7,-4.42,2026-06-02,Computex電腦展,2026
迎廣,20,28,-19,-11,2026-05-06,2026-05-18,8,-6.98,2026-06-02,Computex電腦展,2026
迎廣,20,29,-19,-10,2026-05-06,2026-05-19,9,-7.1,2026-06-02,Computex電腦展,2026
迎廣,20,30,-19,-9,2026-05-06,2026-05-20,10,-8.03,2026-06-02,Computex電腦展,2026
迎廣,20,31,-19,-8,2026-05-06,2026-05-21,11,-3.84,2026-06-02,Computex電腦展,2026
迎廣,20,32,-19,-7,2026-05-06,2026-05-22,12,3.03,2026-06-02,Computex電腦展,2026
迎廣,20,33,-19,-6,2026-05-06,2026-05-25,13,6.98,2026-06-02,Computex電腦展,2026
迎廣,20,34,-19,-5,2026-05-06,2026-05-26,14,10.59,2026-06-02,Computex電腦展,2026
迎廣,20,35,-19,-4,2026-05-06,2026-05-27,15,-0.47,2026-06-02,Computex電腦展,2026
迎廣,20,36,-19,-3,2026-05-06,2026-05-28,16,-3.84,2026-06-02,Computex電腦展,2026
迎廣,20,37,-19,-2,2026-05-06,2026-05-29,17,-2.21,2026-06-02,Computex電腦展,2026
迎廣,20,38,-19,-1,2026-05-06,2026-06-01,18,-0.12,2026-06-02,Computex電腦展,2026
迎廣,20,39,-19,0,2026-05-06,2026-06-02,19,1.16,2026-06-02,Computex電腦展,2026
迎廣,20,40,-19,1,2026-05-06,2026-06-03,20,3.38,2026-06-02,Computex電腦展,2026
迎廣,20,41,-19,2,2026-05-06,2026-06-04,21,-0.93,2026-06-02,Computex電腦展,2026
迎廣,20,42,-19,3,2026-05-06,2026-06-05,22,-3.38,2026-06-02,Computex電腦展,2026
迎廣,20,43,-19,4,2026-05-06,2026-06-08,23,-7.22,2026-06-02,Computex電腦展,2026
迎廣,20,44,-19,5,2026-05-06,2026-06-09,24,-7.45,2026-06-02,Computex電腦展,2026
迎廣,20,45,-19,6,2026-05-06,2026-06-10,25,-9.43,2026-06-02,Computex電腦展,2026
迎廣,20,46,-19,7,2026-05-06,2026-06-11,26,-11.99,2026-06-02,Computex電腦展,2026
迎廣,20,47,-19,8,2026-05-06,2026-06-12,27,-11.18,2026-06-02,Computex電腦展,2026
迎廣,21,22,-18,-17,2026-05-07,2026-05-08,1,-5.39,2026-06-02,Computex電腦展,2026
迎廣,21,23,-18,-16,2026-05-07,2026-05-11,2,-5.86,2026-06-02,Computex電腦展,2026
迎廣,21,24,-18,-15,2026-05-07,2026-05-12,3,-5.98,2026-06-02,Computex電腦展,2026
迎廣,21,25,-18,-14,2026-05-07,2026-05-13,4,-7.62,2026-06-02,Computex電腦展,2026
迎廣,21,26,-18,-13,2026-05-07,2026-05-14,5,-4.45,2026-06-02,Computex電腦展,2026
迎廣,21,27,-18,-12,2026-05-07,2026-05-15,6,-3.75,2026-06-02,Computex電腦展,2026
迎廣,21,28,-18,-11,2026-05-07,2026-05-18,7,-6.33,2026-06-02,Computex電腦展,2026
迎廣,21,29,-18,-10,2026-05-07,2026-05-19,8,-6.45,2026-06-02,Computex電腦展,2026
迎廣,21,30,-18,-9,2026-05-07,2026-05-20,9,-7.39,2026-06-02,Computex電腦展,2026
迎廣,21,31,-18,-8,2026-05-07,2026-05-21,10,-3.17,2026-06-02,Computex電腦展,2026
迎廣,21,32,-18,-7,2026-05-07,2026-05-22,11,3.75,2026-06-02,Computex電腦展,2026
迎廣,21,33,-18,-6,2026-05-07,2026-05-25,12,7.74,2026-06-02,Computex電腦展,2026
迎廣,21,34,-18,-5,2026-05-07,2026-05-26,13,11.37,2026-06-02,Computex電腦展,2026
迎廣,21,35,-18,-4,2026-05-07,2026-05-27,14,0.23,2026-06-02,Computex電腦展,2026
迎廣,21,36,-18,-3,2026-05-07,2026-05-28,15,-3.17,2026-06-02,Computex電腦展,2026
迎廣,21,37,-18,-2,2026-05-07,2026-05-29,16,-1.52,2026-06-02,Computex電腦展,2026
迎廣,21,38,-18,-1,2026-05-07,2026-06-01,17,0.59,2026-06-02,Computex電腦展,2026
迎廣,21,39,-18,0,2026-05-07,2026-06-02,18,1.88,2026-06-02,Computex電腦展,2026
迎廣,21,40,-18,1,2026-05-07,2026-06-03,19,4.1,2026-06-02,Computex電腦展,2026
迎廣,21,41,-18,2,2026-05-07,2026-06-04,20,-0.23,2026-06-02,Computex電腦展,2026
迎廣,21,42,-18,3,2026-05-07,2026-06-05,21,-2.7,2026-06-02,Computex電腦展,2026
迎廣,21,43,-18,4,2026-05-07,2026-06-08,22,-6.57,2026-06-02,Computex電腦展,2026
迎廣,21,44,-18,5,2026-05-07,2026-06-09,23,-6.8,2026-06-02,Computex電腦展,2026
迎廣,21,45,-18,6,2026-05-07,2026-06-10,24,-8.79,2026-06-02,Computex電腦展,2026
迎廣,21,46,-18,7,2026-05-07,2026-06-11,25,-11.37,2026-06-02,Computex電腦展,2026
迎廣,21,47,-18,8,2026-05-07,2026-06-12,26,-10.55,2026-06-02,Computex電腦展,2026
迎廣,22,23,-17,-16,2026-05-08,2026-05-11,1,-0.5,2026-06-02,Computex電腦展,2026
迎廣,22,24,-17,-15,2026-05-08,2026-05-12,2,-0.62,2026-06-02,Computex電腦展,2026
迎廣,22,25,-17,-14,2026-05-08,2026-05-13,3,-2.35,2026-06-02,Computex電腦展,2026
迎廣,22,26,-17,-13,2026-05-08,2026-05-14,4,0.99,2026-06-02,Computex電腦展,2026
迎廣,22,27,-17,-12,2026-05-08,2026-05-15,5,1.73,2026-06-02,Computex電腦展,2026
迎廣,22,28,-17,-11,2026-05-08,2026-05-18,6,-0.99,2026-06-02,Computex電腦展,2026
迎廣,22,29,-17,-10,2026-05-08,2026-05-19,7,-1.12,2026-06-02,Computex電腦展,2026
迎廣,22,30,-17,-9,2026-05-08,2026-05-20,8,-2.11,2026-06-02,Computex電腦展,2026
迎廣,22,31,-17,-8,2026-05-08,2026-05-21,9,2.35,2026-06-02,Computex電腦展,2026
迎廣,22,32,-17,-7,2026-05-08,2026-05-22,10,9.67,2026-06-02,Computex電腦展,2026
迎廣,22,33,-17,-6,2026-05-08,2026-05-25,11,13.88,2026-06-02,Computex電腦展,2026
迎廣,22,34,-17,-5,2026-05-08,2026-05-26,12,17.72,2026-06-02,Computex電腦展,2026
迎廣,22,35,-17,-4,2026-05-08,2026-05-27,13,5.95,2026-06-02,Computex電腦展,2026
迎廣,22,36,-17,-3,2026-05-08,2026-05-28,14,2.35,2026-06-02,Computex電腦展,2026
迎廣,22,37,-17,-2,2026-05-08,2026-05-29,15,4.09,2026-06-02,Computex電腦展,2026
迎廣,22,38,-17,-1,2026-05-08,2026-06-01,16,6.32,2026-06-02,Computex電腦展,2026
迎廣,22,39,-17,0,2026-05-08,2026-06-02,17,7.68,2026-06-02,Computex電腦展,2026
迎廣,22,40,-17,1,2026-05-08,2026-06-03,18,10.04,2026-06-02,Computex電腦展,2026
迎廣,22,41,-17,2,2026-05-08,2026-06-04,19,5.45,2026-06-02,Computex電腦展,2026
迎廣,22,42,-17,3,2026-05-08,2026-06-05,20,2.85,2026-06-02,Computex電腦展,2026
迎廣,22,43,-17,4,2026-05-08,2026-06-08,21,-1.24,2026-06-02,Computex電腦展,2026
迎廣,22,44,-17,5,2026-05-08,2026-06-09,22,-1.49,2026-06-02,Computex電腦展,2026
迎廣,22,45,-17,6,2026-05-08,2026-06-10,23,-3.59,2026-06-02,Computex電腦展,2026
迎廣,22,46,-17,7,2026-05-08,2026-06-11,24,-6.32,2026-06-02,Computex電腦展,2026
迎廣,22,47,-17,8,2026-05-08,2026-06-12,25,-5.45,2026-06-02,Computex電腦展,2026
迎廣,23,24,-16,-15,2026-05-11,2026-05-12,1,-0.12,2026-06-02,Computex電腦展,2026
迎廣,23,25,-16,-14,2026-05-11,2026-05-13,2,-1.87,2026-06-02,Computex電腦展,2026
迎廣,23,26,-16,-13,2026-05-11,2026-05-14,3,1.49,2026-06-02,Computex電腦展,2026
迎廣,23,27,-16,-12,2026-05-11,2026-05-15,4,2.24,2026-06-02,Computex電腦展,2026
迎廣,23,28,-16,-11,2026-05-11,2026-05-18,5,-0.5,2026-06-02,Computex電腦展,2026
迎廣,23,29,-16,-10,2026-05-11,2026-05-19,6,-0.62,2026-06-02,Computex電腦展,2026
迎廣,23,30,-16,-9,2026-05-11,2026-05-20,7,-1.62,2026-06-02,Computex電腦展,2026
迎廣,23,31,-16,-8,2026-05-11,2026-05-21,8,2.86,2026-06-02,Computex電腦展,2026
迎廣,23,32,-16,-7,2026-05-11,2026-05-22,9,10.21,2026-06-02,Computex電腦展,2026
迎廣,23,33,-16,-6,2026-05-11,2026-05-25,10,14.45,2026-06-02,Computex電腦展,2026
迎廣,23,34,-16,-5,2026-05-11,2026-05-26,11,18.31,2026-06-02,Computex電腦展,2026
迎廣,23,35,-16,-4,2026-05-11,2026-05-27,12,6.48,2026-06-02,Computex電腦展,2026
迎廣,23,36,-16,-3,2026-05-11,2026-05-28,13,2.86,2026-06-02,Computex電腦展,2026
迎廣,23,37,-16,-2,2026-05-11,2026-05-29,14,4.61,2026-06-02,Computex電腦展,2026
迎廣,23,38,-16,-1,2026-05-11,2026-06-01,15,6.85,2026-06-02,Computex電腦展,2026
迎廣,23,39,-16,0,2026-05-11,2026-06-02,16,8.22,2026-06-02,Computex電腦展,2026
迎廣,23,40,-16,1,2026-05-11,2026-06-03,17,10.59,2026-06-02,Computex電腦展,2026
迎廣,23,41,-16,2,2026-05-11,2026-06-04,18,5.98,2026-06-02,Computex電腦展,2026
迎廣,23,42,-16,3,2026-05-11,2026-06-05,19,3.36,2026-06-02,Computex電腦展,2026
迎廣,23,43,-16,4,2026-05-11,2026-06-08,20,-0.75,2026-06-02,Computex電腦展,2026
迎廣,23,44,-16,5,2026-05-11,2026-06-09,21,-1.0,2026-06-02,Computex電腦展,2026
迎廣,23,45,-16,6,2026-05-11,2026-06-10,22,-3.11,2026-06-02,Computex電腦展,2026
迎廣,23,46,-16,7,2026-05-11,2026-06-11,23,-5.85,2026-06-02,Computex電腦展,2026
迎廣,23,47,-16,8,2026-05-11,2026-06-12,24,-4.98,2026-06-02,Computex電腦展,2026
迎廣,24,25,-15,-14,2026-05-12,2026-05-13,1,-1.75,2026-06-02,Computex電腦展,2026
迎廣,24,26,-15,-13,2026-05-12,2026-05-14,2,1.62,2026-06-02,Computex電腦展,2026
迎廣,24,27,-15,-12,2026-05-12,2026-05-15,3,2.37,2026-06-02,Computex電腦展,2026
迎廣,24,28,-15,-11,2026-05-12,2026-05-18,4,-0.37,2026-06-02,Computex電腦展,2026
迎廣,24,29,-15,-10,2026-05-12,2026-05-19,5,-0.5,2026-06-02,Computex電腦展,2026
迎廣,24,30,-15,-9,2026-05-12,2026-05-20,6,-1.5,2026-06-02,Computex電腦展,2026
迎廣,24,31,-15,-8,2026-05-12,2026-05-21,7,2.99,2026-06-02,Computex電腦展,2026
迎廣,24,32,-15,-7,2026-05-12,2026-05-22,8,10.35,2026-06-02,Computex電腦展,2026
迎廣,24,33,-15,-6,2026-05-12,2026-05-25,9,14.59,2026-06-02,Computex電腦展,2026
迎廣,24,34,-15,-5,2026-05-12,2026-05-26,10,18.45,2026-06-02,Computex電腦展,2026
迎廣,24,35,-15,-4,2026-05-12,2026-05-27,11,6.61,2026-06-02,Computex電腦展,2026
迎廣,24,36,-15,-3,2026-05-12,2026-05-28,12,2.99,2026-06-02,Computex電腦展,2026
迎廣,24,37,-15,-2,2026-05-12,2026-05-29,13,4.74,2026-06-02,Computex電腦展,2026
迎廣,24,38,-15,-1,2026-05-12,2026-06-01,14,6.98,2026-06-02,Computex電腦展,2026
迎廣,24,39,-15,0,2026-05-12,2026-06-02,15,8.35,2026-06-02,Computex電腦展,2026
迎廣,24,40,-15,1,2026-05-12,2026-06-03,16,10.72,2026-06-02,Computex電腦展,2026
迎廣,24,41,-15,2,2026-05-12,2026-06-04,17,6.11,2026-06-02,Computex電腦展,2026
迎廣,24,42,-15,3,2026-05-12,2026-06-05,18,3.49,2026-06-02,Computex電腦展,2026
迎廣,24,43,-15,4,2026-05-12,2026-06-08,19,-0.62,2026-06-02,Computex電腦展,2026
迎廣,24,44,-15,5,2026-05-12,2026-06-09,20,-0.87,2026-06-02,Computex電腦展,2026
迎廣,24,45,-15,6,2026-05-12,2026-06-10,21,-2.99,2026-06-02,Computex電腦展,2026
迎廣,24,46,-15,7,2026-05-12,2026-06-11,22,-5.74,2026-06-02,Computex電腦展,2026
迎廣,24,47,-15,8,2026-05-12,2026-06-12,23,-4.86,2026-06-02,Computex電腦展,2026
迎廣,25,26,-14,-13,2026-05-13,2026-05-14,1,3.43,2026-06-02,Computex電腦展,2026
迎廣,25,27,-14,-12,2026-05-13,2026-05-15,2,4.19,2026-06-02,Computex電腦展,2026
迎廣,25,28,-14,-11,2026-05-13,2026-05-18,3,1.4,2026-06-02,Computex電腦展,2026
迎廣,25,29,-14,-10,2026-05-13,2026-05-19,4,1.27,2026-06-02,Computex電腦展,2026
迎廣,25,30,-14,-9,2026-05-13,2026-05-20,5,0.25,2026-06-02,Computex電腦展,2026
迎廣,25,31,-14,-8,2026-05-13,2026-05-21,6,4.82,2026-06-02,Computex電腦展,2026
迎廣,25,32,-14,-7,2026-05-13,2026-05-22,7,12.31,2026-06-02,Computex電腦展,2026
迎廣,25,33,-14,-6,2026-05-13,2026-05-25,8,16.62,2026-06-02,Computex電腦展,2026
迎廣,25,34,-14,-5,2026-05-13,2026-05-26,9,20.56,2026-06-02,Computex電腦展,2026
迎廣,25,35,-14,-4,2026-05-13,2026-05-27,10,8.5,2026-06-02,Computex電腦展,2026
迎廣,25,36,-14,-3,2026-05-13,2026-05-28,11,4.82,2026-06-02,Computex電腦展,2026
迎廣,25,37,-14,-2,2026-05-13,2026-05-29,12,6.6,2026-06-02,Computex電腦展,2026
迎廣,25,38,-14,-1,2026-05-13,2026-06-01,13,8.88,2026-06-02,Computex電腦展,2026
迎廣,25,39,-14,0,2026-05-13,2026-06-02,14,10.28,2026-06-02,Computex電腦展,2026
迎廣,25,40,-14,1,2026-05-13,2026-06-03,15,12.69,2026-06-02,Computex電腦展,2026
迎廣,25,41,-14,2,2026-05-13,2026-06-04,16,7.99,2026-06-02,Computex電腦展,2026
迎廣,25,42,-14,3,2026-05-13,2026-06-05,17,5.33,2026-06-02,Computex電腦展,2026
迎廣,25,43,-14,4,2026-05-13,2026-06-08,18,1.14,2026-06-02,Computex電腦展,2026
迎廣,25,44,-14,5,2026-05-13,2026-06-09,19,0.89,2026-06-02,Computex電腦展,2026
迎廣,25,45,-14,6,2026-05-13,2026-06-10,20,-1.27,2026-06-02,Computex電腦展,2026
迎廣,25,46,-14,7,2026-05-13,2026-06-11,21,-4.06,2026-06-02,Computex電腦展,2026
迎廣,25,47,-14,8,2026-05-13,2026-06-12,22,-3.17,2026-06-02,Computex電腦展,2026
迎廣,26,27,-13,-12,2026-05-14,2026-05-15,1,0.74,2026-06-02,Computex電腦展,2026
迎廣,26,28,-13,-11,2026-05-14,2026-05-18,2,-1.96,2026-06-02,Computex電腦展,2026
迎廣,26,29,-13,-10,2026-05-14,2026-05-19,3,-2.09,2026-06-02,Computex電腦展,2026
迎廣,26,30,-13,-9,2026-05-14,2026-05-20,4,-3.07,2026-06-02,Computex電腦展,2026
迎廣,26,31,-13,-8,2026-05-14,2026-05-21,5,1.35,2026-06-02,Computex電腦展,2026
迎廣,26,32,-13,-7,2026-05-14,2026-05-22,6,8.59,2026-06-02,Computex電腦展,2026
迎廣,26,33,-13,-6,2026-05-14,2026-05-25,7,12.76,2026-06-02,Computex電腦展,2026
迎廣,26,34,-13,-5,2026-05-14,2026-05-26,8,16.56,2026-06-02,Computex電腦展,2026
迎廣,26,35,-13,-4,2026-05-14,2026-05-27,9,4.91,2026-06-02,Computex電腦展,2026
迎廣,26,36,-13,-3,2026-05-14,2026-05-28,10,1.35,2026-06-02,Computex電腦展,2026
迎廣,26,37,-13,-2,2026-05-14,2026-05-29,11,3.07,2026-06-02,Computex電腦展,2026
迎廣,26,38,-13,-1,2026-05-14,2026-06-01,12,5.28,2026-06-02,Computex電腦展,2026
迎廣,26,39,-13,0,2026-05-14,2026-06-02,13,6.63,2026-06-02,Computex電腦展,2026
迎廣,26,40,-13,1,2026-05-14,2026-06-03,14,8.96,2026-06-02,Computex電腦展,2026
迎廣,26,41,-13,2,2026-05-14,2026-06-04,15,4.42,2026-06-02,Computex電腦展,2026
迎廣,26,42,-13,3,2026-05-14,2026-06-05,16,1.84,2026-06-02,Computex電腦展,2026
迎廣,26,43,-13,4,2026-05-14,2026-06-08,17,-2.21,2026-06-02,Computex電腦展,2026
迎廣,26,44,-13,5,2026-05-14,2026-06-09,18,-2.45,2026-06-02,Computex電腦展,2026
迎廣,26,45,-13,6,2026-05-14,2026-06-10,19,-4.54,2026-06-02,Computex電腦展,2026
迎廣,26,46,-13,7,2026-05-14,2026-06-11,20,-7.24,2026-06-02,Computex電腦展,2026
迎廣,26,47,-13,8,2026-05-14,2026-06-12,21,-6.38,2026-06-02,Computex電腦展,2026
迎廣,27,28,-12,-11,2026-05-15,2026-05-18,1,-2.68,2026-06-02,Computex電腦展,2026
迎廣,27,29,-12,-10,2026-05-15,2026-05-19,2,-2.8,2026-06-02,Computex電腦展,2026
迎廣,27,30,-12,-9,2026-05-15,2026-05-20,3,-3.78,2026-06-02,Computex電腦展,2026
迎廣,27,31,-12,-8,2026-05-15,2026-05-21,4,0.61,2026-06-02,Computex電腦展,2026
迎廣,27,32,-12,-7,2026-05-15,2026-05-22,5,7.8,2026-06-02,Computex電腦展,2026
迎廣,27,33,-12,-6,2026-05-15,2026-05-25,6,11.94,2026-06-02,Computex電腦展,2026
迎廣,27,34,-12,-5,2026-05-15,2026-05-26,7,15.71,2026-06-02,Computex電腦展,2026
迎廣,27,35,-12,-4,2026-05-15,2026-05-27,8,4.14,2026-06-02,Computex電腦展,2026
迎廣,27,36,-12,-3,2026-05-15,2026-05-28,9,0.61,2026-06-02,Computex電腦展,2026
迎廣,27,37,-12,-2,2026-05-15,2026-05-29,10,2.31,2026-06-02,Computex電腦展,2026
迎廣,27,38,-12,-1,2026-05-15,2026-06-01,11,4.51,2026-06-02,Computex電腦展,2026
迎廣,27,39,-12,0,2026-05-15,2026-06-02,12,5.85,2026-06-02,Computex電腦展,2026
迎廣,27,40,-12,1,2026-05-15,2026-06-03,13,8.16,2026-06-02,Computex電腦展,2026
迎廣,27,41,-12,2,2026-05-15,2026-06-04,14,3.65,2026-06-02,Computex電腦展,2026
迎廣,27,42,-12,3,2026-05-15,2026-06-05,15,1.1,2026-06-02,Computex電腦展,2026
迎廣,27,43,-12,4,2026-05-15,2026-06-08,16,-2.92,2026-06-02,Computex電腦展,2026
迎廣,27,44,-12,5,2026-05-15,2026-06-09,17,-3.17,2026-06-02,Computex電腦展,2026
迎廣,27,45,-12,6,2026-05-15,2026-06-10,18,-5.24,2026-06-02,Computex電腦展,2026
迎廣,27,46,-12,7,2026-05-15,2026-06-11,19,-7.92,2026-06-02,Computex電腦展,2026
迎廣,27,47,-12,8,2026-05-15,2026-06-12,20,-7.06,2026-06-02,Computex電腦展,2026
迎廣,28,29,-11,-10,2026-05-18,2026-05-19,1,-0.13,2026-06-02,Computex電腦展,2026
迎廣,28,30,-11,-9,2026-05-18,2026-05-20,2,-1.13,2026-06-02,Computex電腦展,2026
迎廣,28,31,-11,-8,2026-05-18,2026-05-21,3,3.38,2026-06-02,Computex電腦展,2026
迎廣,28,32,-11,-7,2026-05-18,2026-05-22,4,10.76,2026-06-02,Computex電腦展,2026
迎廣,28,33,-11,-6,2026-05-18,2026-05-25,5,15.02,2026-06-02,Computex電腦展,2026
迎廣,28,34,-11,-5,2026-05-18,2026-05-26,6,18.9,2026-06-02,Computex電腦展,2026
迎廣,28,35,-11,-4,2026-05-18,2026-05-27,7,7.01,2026-06-02,Computex電腦展,2026
迎廣,28,36,-11,-3,2026-05-18,2026-05-28,8,3.38,2026-06-02,Computex電腦展,2026
迎廣,28,37,-11,-2,2026-05-18,2026-05-29,9,5.13,2026-06-02,Computex電腦展,2026
迎廣,28,38,-11,-1,2026-05-18,2026-06-01,10,7.38,2026-06-02,Computex電腦展,2026
迎廣,28,39,-11,0,2026-05-18,2026-06-02,11,8.76,2026-06-02,Computex電腦展,2026
迎廣,28,40,-11,1,2026-05-18,2026-06-03,12,11.14,2026-06-02,Computex電腦展,2026
迎廣,28,41,-11,2,2026-05-18,2026-06-04,13,6.51,2026-06-02,Computex電腦展,2026
迎廣,28,42,-11,3,2026-05-18,2026-06-05,14,3.88,2026-06-02,Computex電腦展,2026
迎廣,28,43,-11,4,2026-05-18,2026-06-08,15,-0.25,2026-06-02,Computex電腦展,2026
迎廣,28,44,-11,5,2026-05-18,2026-06-09,16,-0.5,2026-06-02,Computex電腦展,2026
迎廣,28,45,-11,6,2026-05-18,2026-06-10,17,-2.63,2026-06-02,Computex電腦展,2026
迎廣,28,46,-11,7,2026-05-18,2026-06-11,18,-5.38,2026-06-02,Computex電腦展,2026
迎廣,28,47,-11,8,2026-05-18,2026-06-12,19,-4.51,2026-06-02,Computex電腦展,2026
迎廣,29,30,-10,-9,2026-05-19,2026-05-20,1,-1.0,2026-06-02,Computex電腦展,2026
迎廣,29,31,-10,-8,2026-05-19,2026-05-21,2,3.51,2026-06-02,Computex電腦展,2026
迎廣,29,32,-10,-7,2026-05-19,2026-05-22,3,10.9,2026-06-02,Computex電腦展,2026
迎廣,29,33,-10,-6,2026-05-19,2026-05-25,4,15.16,2026-06-02,Computex電腦展,2026
迎廣,29,34,-10,-5,2026-05-19,2026-05-26,5,19.05,2026-06-02,Computex電腦展,2026
迎廣,29,35,-10,-4,2026-05-19,2026-05-27,6,7.14,2026-06-02,Computex電腦展,2026
迎廣,29,36,-10,-3,2026-05-19,2026-05-28,7,3.51,2026-06-02,Computex電腦展,2026
迎廣,29,37,-10,-2,2026-05-19,2026-05-29,8,5.26,2026-06-02,Computex電腦展,2026
迎廣,29,38,-10,-1,2026-05-19,2026-06-01,9,7.52,2026-06-02,Computex電腦展,2026
迎廣,29,39,-10,0,2026-05-19,2026-06-02,10,8.9,2026-06-02,Computex電腦展,2026
迎廣,29,40,-10,1,2026-05-19,2026-06-03,11,11.28,2026-06-02,Computex電腦展,2026
迎廣,29,41,-10,2,2026-05-19,2026-06-04,12,6.64,2026-06-02,Computex電腦展,2026
迎廣,29,42,-10,3,2026-05-19,2026-06-05,13,4.01,2026-06-02,Computex電腦展,2026
迎廣,29,43,-10,4,2026-05-19,2026-06-08,14,-0.13,2026-06-02,Computex電腦展,2026
迎廣,29,44,-10,5,2026-05-19,2026-06-09,15,-0.38,2026-06-02,Computex電腦展,2026
迎廣,29,45,-10,6,2026-05-19,2026-06-10,16,-2.51,2026-06-02,Computex電腦展,2026
迎廣,29,46,-10,7,2026-05-19,2026-06-11,17,-5.26,2026-06-02,Computex電腦展,2026
迎廣,29,47,-10,8,2026-05-19,2026-06-12,18,-4.39,2026-06-02,Computex電腦展,2026
迎廣,30,31,-9,-8,2026-05-20,2026-05-21,1,4.56,2026-06-02,Computex電腦展,2026
迎廣,30,32,-9,-7,2026-05-20,2026-05-22,2,12.03,2026-06-02,Computex電腦展,2026
迎廣,30,33,-9,-6,2026-05-20,2026-05-25,3,16.33,2026-06-02,Computex電腦展,2026
迎廣,30,34,-9,-5,2026-05-20,2026-05-26,4,20.25,2026-06-02,Computex電腦展,2026
迎廣,30,35,-9,-4,2026-05-20,2026-05-27,5,8.23,2026-06-02,Computex電腦展,2026
迎廣,30,36,-9,-3,2026-05-20,2026-05-28,6,4.56,2026-06-02,Computex電腦展,2026
迎廣,30,37,-9,-2,2026-05-20,2026-05-29,7,6.33,2026-06-02,Computex電腦展,2026
迎廣,30,38,-9,-1,2026-05-20,2026-06-01,8,8.61,2026-06-02,Computex電腦展,2026
迎廣,30,39,-9,0,2026-05-20,2026-06-02,9,10.0,2026-06-02,Computex電腦展,2026
迎廣,30,40,-9,1,2026-05-20,2026-06-03,10,12.41,2026-06-02,Computex電腦展,2026
迎廣,30,41,-9,2,2026-05-20,2026-06-04,11,7.72,2026-06-02,Computex電腦展,2026
迎廣,30,42,-9,3,2026-05-20,2026-06-05,12,5.06,2026-06-02,Computex電腦展,2026
迎廣,30,43,-9,4,2026-05-20,2026-06-08,13,0.89,2026-06-02,Computex電腦展,2026
迎廣,30,44,-9,5,2026-05-20,2026-06-09,14,0.63,2026-06-02,Computex電腦展,2026
迎廣,30,45,-9,6,2026-05-20,2026-06-10,15,-1.52,2026-06-02,Computex電腦展,2026
迎廣,30,46,-9,7,2026-05-20,2026-06-11,16,-4.3,2026-06-02,Computex電腦展,2026
迎廣,30,47,-9,8,2026-05-20,2026-06-12,17,-3.42,2026-06-02,Computex電腦展,2026
迎廣,31,32,-8,-7,2026-05-21,2026-05-22,1,7.14,2026-06-02,Computex電腦展,2026
迎廣,31,33,-8,-6,2026-05-21,2026-05-25,2,11.26,2026-06-02,Computex電腦展,2026
迎廣,31,34,-8,-5,2026-05-21,2026-05-26,3,15.01,2026-06-02,Computex電腦展,2026
迎廣,31,35,-8,-4,2026-05-21,2026-05-27,4,3.51,2026-06-02,Computex電腦展,2026
迎廣,31,36,-8,-3,2026-05-21,2026-05-28,5,0.0,2026-06-02,Computex電腦展,2026
迎廣,31,37,-8,-2,2026-05-21,2026-05-29,6,1.69,2026-06-02,Computex電腦展,2026
迎廣,31,38,-8,-1,2026-05-21,2026-06-01,7,3.87,2026-06-02,Computex電腦展,2026
迎廣,31,39,-8,0,2026-05-21,2026-06-02,8,5.21,2026-06-02,Computex電腦展,2026
迎廣,31,40,-8,1,2026-05-21,2026-06-03,9,7.51,2026-06-02,Computex電腦展,2026
迎廣,31,41,-8,2,2026-05-21,2026-06-04,10,3.03,2026-06-02,Computex電腦展,2026
迎廣,31,42,-8,3,2026-05-21,2026-06-05,11,0.48,2026-06-02,Computex電腦展,2026
迎廣,31,43,-8,4,2026-05-21,2026-06-08,12,-3.51,2026-06-02,Computex電腦展,2026
迎廣,31,44,-8,5,2026-05-21,2026-06-09,13,-3.75,2026-06-02,Computex電腦展,2026
迎廣,31,45,-8,6,2026-05-21,2026-06-10,14,-5.81,2026-06-02,Computex電腦展,2026
迎廣,31,46,-8,7,2026-05-21,2026-06-11,15,-8.47,2026-06-02,Computex電腦展,2026
迎廣,31,47,-8,8,2026-05-21,2026-06-12,16,-7.63,2026-06-02,Computex電腦展,2026
迎廣,32,33,-7,-6,2026-05-22,2026-05-25,1,3.84,2026-06-02,Computex電腦展,2026
迎廣,32,34,-7,-5,2026-05-22,2026-05-26,2,7.34,2026-06-02,Computex電腦展,2026
迎廣,32,35,-7,-4,2026-05-22,2026-05-27,3,-3.39,2026-06-02,Computex電腦展,2026
迎廣,32,36,-7,-3,2026-05-22,2026-05-28,4,-6.67,2026-06-02,Computex電腦展,2026
迎廣,32,37,-7,-2,2026-05-22,2026-05-29,5,-5.08,2026-06-02,Computex電腦展,2026
迎廣,32,38,-7,-1,2026-05-22,2026-06-01,6,-3.05,2026-06-02,Computex電腦展,2026
迎廣,32,39,-7,0,2026-05-22,2026-06-02,7,-1.81,2026-06-02,Computex電腦展,2026
迎廣,32,40,-7,1,2026-05-22,2026-06-03,8,0.34,2026-06-02,Computex電腦展,2026
迎廣,32,41,-7,2,2026-05-22,2026-06-04,9,-3.84,2026-06-02,Computex電腦展,2026
迎廣,32,42,-7,3,2026-05-22,2026-06-05,10,-6.21,2026-06-02,Computex電腦展,2026
迎廣,32,43,-7,4,2026-05-22,2026-06-08,11,-9.94,2026-06-02,Computex電腦展,2026
迎廣,32,44,-7,5,2026-05-22,2026-06-09,12,-10.17,2026-06-02,Computex電腦展,2026
迎廣,32,45,-7,6,2026-05-22,2026-06-10,13,-12.09,2026-06-02,Computex電腦展,2026
迎廣,32,46,-7,7,2026-05-22,2026-06-11,14,-14.58,2026-06-02,Computex電腦展,2026
迎廣,32,47,-7,8,2026-05-22,2026-06-12,15,-13.79,2026-06-02,Computex電腦展,2026
迎廣,33,34,-6,-5,2026-05-25,2026-05-26,1,3.37,2026-06-02,Computex電腦展,2026
迎廣,33,35,-6,-4,2026-05-25,2026-05-27,2,-6.96,2026-06-02,Computex電腦展,2026
迎廣,33,36,-6,-3,2026-05-25,2026-05-28,3,-10.12,2026-06-02,Computex電腦展,2026
迎廣,33,37,-6,-2,2026-05-25,2026-05-29,4,-8.6,2026-06-02,Computex電腦展,2026
迎廣,33,38,-6,-1,2026-05-25,2026-06-01,5,-6.64,2026-06-02,Computex電腦展,2026
迎廣,33,39,-6,0,2026-05-25,2026-06-02,6,-5.44,2026-06-02,Computex電腦展,2026
迎廣,33,40,-6,1,2026-05-25,2026-06-03,7,-3.37,2026-06-02,Computex電腦展,2026
迎廣,33,41,-6,2,2026-05-25,2026-06-04,8,-7.4,2026-06-02,Computex電腦展,2026
迎廣,33,42,-6,3,2026-05-25,2026-06-05,9,-9.68,2026-06-02,Computex電腦展,2026
迎廣,33,43,-6,4,2026-05-25,2026-06-08,10,-13.28,2026-06-02,Computex電腦展,2026
迎廣,33,44,-6,5,2026-05-25,2026-06-09,11,-13.49,2026-06-02,Computex電腦展,2026
迎廣,33,45,-6,6,2026-05-25,2026-06-10,12,-15.34,2026-06-02,Computex電腦展,2026
迎廣,33,46,-6,7,2026-05-25,2026-06-11,13,-17.74,2026-06-02,Computex電腦展,2026
迎廣,33,47,-6,8,2026-05-25,2026-06-12,14,-16.97,2026-06-02,Computex電腦展,2026
迎廣,34,35,-5,-4,2026-05-26,2026-05-27,1,-10.0,2026-06-02,Computex電腦展,2026
迎廣,34,36,-5,-3,2026-05-26,2026-05-28,2,-13.05,2026-06-02,Computex電腦展,2026
迎廣,34,37,-5,-2,2026-05-26,2026-05-29,3,-11.58,2026-06-02,Computex電腦展,2026
迎廣,34,38,-5,-1,2026-05-26,2026-06-01,4,-9.68,2026-06-02,Computex電腦展,2026
迎廣,34,39,-5,0,2026-05-26,2026-06-02,5,-8.53,2026-06-02,Computex電腦展,2026
迎廣,34,40,-5,1,2026-05-26,2026-06-03,6,-6.53,2026-06-02,Computex電腦展,2026
迎廣,34,41,-5,2,2026-05-26,2026-06-04,7,-10.42,2026-06-02,Computex電腦展,2026
迎廣,34,42,-5,3,2026-05-26,2026-06-05,8,-12.63,2026-06-02,Computex電腦展,2026
迎廣,34,43,-5,4,2026-05-26,2026-06-08,9,-16.11,2026-06-02,Computex電腦展,2026
迎廣,34,44,-5,5,2026-05-26,2026-06-09,10,-16.32,2026-06-02,Computex電腦展,2026
迎廣,34,45,-5,6,2026-05-26,2026-06-10,11,-18.11,2026-06-02,Computex電腦展,2026
迎廣,34,46,-5,7,2026-05-26,2026-06-11,12,-20.42,2026-06-02,Computex電腦展,2026
迎廣,34,47,-5,8,2026-05-26,2026-06-12,13,-19.68,2026-06-02,Computex電腦展,2026
迎廣,35,36,-4,-3,2026-05-27,2026-05-28,1,-3.39,2026-06-02,Computex電腦展,2026
迎廣,35,37,-4,-2,2026-05-27,2026-05-29,2,-1.75,2026-06-02,Computex電腦展,2026
迎廣,35,38,-4,-1,2026-05-27,2026-06-01,3,0.35,2026-06-02,Computex電腦展,2026
迎廣,35,39,-4,0,2026-05-27,2026-06-02,4,1.64,2026-06-02,Computex電腦展,2026
迎廣,35,40,-4,1,2026-05-27,2026-06-03,5,3.86,2026-06-02,Computex電腦展,2026
迎廣,35,41,-4,2,2026-05-27,2026-06-04,6,-0.47,2026-06-02,Computex電腦展,2026
迎廣,35,42,-4,3,2026-05-27,2026-06-05,7,-2.92,2026-06-02,Computex電腦展,2026
迎廣,35,43,-4,4,2026-05-27,2026-06-08,8,-6.78,2026-06-02,Computex電腦展,2026
迎廣,35,44,-4,5,2026-05-27,2026-06-09,9,-7.02,2026-06-02,Computex電腦展,2026
迎廣,35,45,-4,6,2026-05-27,2026-06-10,10,-9.01,2026-06-02,Computex電腦展,2026
迎廣,35,46,-4,7,2026-05-27,2026-06-11,11,-11.58,2026-06-02,Computex電腦展,2026
迎廣,35,47,-4,8,2026-05-27,2026-06-12,12,-10.76,2026-06-02,Computex電腦展,2026
迎廣,36,37,-3,-2,2026-05-28,2026-05-29,1,1.69,2026-06-02,Computex電腦展,2026
迎廣,36,38,-3,-1,2026-05-28,2026-06-01,2,3.87,2026-06-02,Computex電腦展,2026
迎廣,36,39,-3,0,2026-05-28,2026-06-02,3,5.21,2026-06-02,Computex電腦展,2026
迎廣,36,40,-3,1,2026-05-28,2026-06-03,4,7.51,2026-06-02,Computex電腦展,2026
迎廣,36,41,-3,2,2026-05-28,2026-06-04,5,3.03,2026-06-02,Computex電腦展,2026
迎廣,36,42,-3,3,2026-05-28,2026-06-05,6,0.48,2026-06-02,Computex電腦展,2026
迎廣,36,43,-3,4,2026-05-28,2026-06-08,7,-3.51,2026-06-02,Computex電腦展,2026
迎廣,36,44,-3,5,2026-05-28,2026-06-09,8,-3.75,2026-06-02,Computex電腦展,2026
迎廣,36,45,-3,6,2026-05-28,2026-06-10,9,-5.81,2026-06-02,Computex電腦展,2026
迎廣,36,46,-3,7,2026-05-28,2026-06-11,10,-8.47,2026-06-02,Computex電腦展,2026
迎廣,36,47,-3,8,2026-05-28,2026-06-12,11,-7.63,2026-06-02,Computex電腦展,2026
迎廣,37,38,-2,-1,2026-05-29,2026-06-01,1,2.14,2026-06-02,Computex電腦展,2026
迎廣,37,39,-2,0,2026-05-29,2026-06-02,2,3.45,2026-06-02,Computex電腦展,2026
迎廣,37,40,-2,1,2026-05-29,2026-06-03,3,5.71,2026-06-02,Computex電腦展,2026
迎廣,37,41,-2,2,2026-05-29,2026-06-04,4,1.31,2026-06-02,Computex電腦展,2026
迎廣,37,42,-2,3,2026-05-29,2026-06-05,5,-1.19,2026-06-02,Computex電腦展,2026
迎廣,37,43,-2,4,2026-05-29,2026-06-08,6,-5.12,2026-06-02,Computex電腦展,2026
迎廣,37,44,-2,5,2026-05-29,2026-06-09,7,-5.36,2026-06-02,Computex電腦展,2026
迎廣,37,45,-2,6,2026-05-29,2026-06-10,8,-7.38,2026-06-02,Computex電腦展,2026
迎廣,37,46,-2,7,2026-05-29,2026-06-11,9,-10.0,2026-06-02,Computex電腦展,2026
迎廣,37,47,-2,8,2026-05-29,2026-06-12,10,-9.17,2026-06-02,Computex電腦展,2026
迎廣,38,39,-1,0,2026-06-01,2026-06-02,1,1.28,2026-06-02,Computex電腦展,2026
迎廣,38,40,-1,1,2026-06-01,2026-06-03,2,3.5,2026-06-02,Computex電腦展,2026
迎廣,38,41,-1,2,2026-06-01,2026-06-04,3,-0.82,2026-06-02,Computex電腦展,2026
迎廣,38,42,-1,3,2026-06-01,2026-06-05,4,-3.26,2026-06-02,Computex電腦展,2026
迎廣,38,43,-1,4,2026-06-01,2026-06-08,5,-7.11,2026-06-02,Computex電腦展,2026
迎廣,38,44,-1,5,2026-06-01,2026-06-09,6,-7.34,2026-06-02,Computex電腦展,2026
迎廣,38,45,-1,6,2026-06-01,2026-06-10,7,-9.32,2026-06-02,Computex電腦展,2026
迎廣,38,46,-1,7,2026-06-01,2026-06-11,8,-11.89,2026-06-02,Computex電腦展,2026
迎廣,38,47,-1,8,2026-06-01,2026-06-12,9,-11.07,2026-06-02,Computex電腦展,2026
迎廣,39,40,0,1,2026-06-02,2026-06-03,1,2.19,2026-06-02,Computex電腦展,2026
迎廣,39,41,0,2,2026-06-02,2026-06-04,2,-2.07,2026-06-02,Computex電腦展,2026
迎廣,39,42,0,3,2026-06-02,2026-06-05,3,-4.49,2026-06-02,Computex電腦展,2026
迎廣,39,43,0,4,2026-06-02,2026-06-08,4,-8.29,2026-06-02,Computex電腦展,2026
迎廣,39,44,0,5,2026-06-02,2026-06-09,5,-8.52,2026-06-02,Computex電腦展,2026
迎廣,39,45,0,6,2026-06-02,2026-06-10,6,-10.47,2026-06-02,Computex電腦展,2026
迎廣,39,46,0,7,2026-06-02,2026-06-11,7,-13.0,2026-06-02,Computex電腦展,2026
迎廣,39,47,0,8,2026-06-02,2026-06-12,8,-12.2,2026-06-02,Computex電腦展,2026
迎廣,40,41,1,2,2026-06-03,2026-06-04,1,-4.17,2026-06-02,Computex電腦展,2026
迎廣,40,42,1,3,2026-06-03,2026-06-05,2,-6.53,2026-06-02,Computex電腦展,2026
迎廣,40,43,1,4,2026-06-03,2026-06-08,3,-10.25,2026-06-02,Computex電腦展,2026
迎廣,40,44,1,5,2026-06-03,2026-06-09,4,-10.47,2026-06-02,Computex電腦展,2026
迎廣,40,45,1,6,2026-06-03,2026-06-10,5,-12.39,2026-06-02,Computex電腦展,2026
迎廣,40,46,1,7,2026-06-03,2026-06-11,6,-14.86,2026-06-02,Computex電腦展,2026
迎廣,40,47,1,8,2026-06-03,2026-06-12,7,-14.08,2026-06-02,Computex電腦展,2026
迎廣,41,42,2,3,2026-06-04,2026-06-05,1,-2.47,2026-06-02,Computex電腦展,2026
迎廣,41,43,2,4,2026-06-04,2026-06-08,2,-6.35,2026-06-02,Computex電腦展,2026
迎廣,41,44,2,5,2026-06-04,2026-06-09,3,-6.58,2026-06-02,Computex電腦展,2026
迎廣,41,45,2,6,2026-06-04,2026-06-10,4,-8.58,2026-06-02,Computex電腦展,2026
迎廣,41,46,2,7,2026-06-04,2026-06-11,5,-11.16,2026-06-02,Computex電腦展,2026
迎廣,41,47,2,8,2026-06-04,2026-06-12,6,-10.34,2026-06-02,Computex電腦展,2026
迎廣,42,43,3,4,2026-06-05,2026-06-08,1,-3.98,2026-06-02,Computex電腦展,2026
迎廣,42,44,3,5,2026-06-05,2026-06-09,2,-4.22,2026-06-02,Computex電腦展,2026
迎廣,42,45,3,6,2026-06-05,2026-06-10,3,-6.27,2026-06-02,Computex電腦展,2026
迎廣,42,46,3,7,2026-06-05,2026-06-11,4,-8.92,2026-06-02,Computex電腦展,2026
迎廣,42,47,3,8,2026-06-05,2026-06-12,5,-8.07,2026-06-02,Computex電腦展,2026
迎廣,43,44,4,5,2026-06-08,2026-06-09,1,-0.25,2026-06-02,Computex電腦展,2026
迎廣,43,45,4,6,2026-06-08,2026-06-10,2,-2.38,2026-06-02,Computex電腦展,2026
迎廣,43,46,4,7,2026-06-08,2026-06-11,3,-5.14,2026-06-02,Computex電腦展,2026
迎廣,43,47,4,8,2026-06-08,2026-06-12,4,-4.27,2026-06-02,Computex電腦展,2026
迎廣,44,45,5,6,2026-06-09,2026-06-10,1,-2.14,2026-06-02,Computex電腦展,2026
迎廣,44,46,5,7,2026-06-09,2026-06-11,2,-4.91,2026-06-02,Computex電腦展,2026
迎廣,44,47,5,8,2026-06-09,2026-06-12,3,-4.03,2026-06-02,Computex電腦展,2026
迎廣,45,46,6,7,2026-06-10,2026-06-11,1,-2.83,2026-06-02,Computex電腦展,2026
迎廣,45,47,6,8,2026-06-10,2026-06-12,2,-1.93,2026-06-02,Computex電腦展,2026
迎廣,46,47,7,8,2026-06-11,2026-06-12,1,0.93,2026-06-02,Computex電腦展,2026
廣達,0,1,-30,-29,2025-04-07,2025-04-08,1,-8.81,2025-05-20,Computex電腦展,2025
廣達,0,2,-30,-28,2025-04-07,2025-04-09,2,-15.0,2025-05-20,Computex電腦展,2025
廣達,0,3,-30,-27,2025-04-07,2025-04-10,3,-6.67,2025-05-20,Computex電腦展,2025
廣達,0,4,-30,-26,2025-04-07,2025-04-11,4,2.62,2025-05-20,Computex電腦展,2025
廣達,0,5,-30,-25,2025-04-07,2025-04-14,5,8.57,2025-05-20,Computex電腦展,2025
廣達,0,6,-30,-24,2025-04-07,2025-04-15,6,8.57,2025-05-20,Computex電腦展,2025
廣達,0,7,-30,-23,2025-04-07,2025-04-16,7,8.1,2025-05-20,Computex電腦展,2025
廣達,0,8,-30,-22,2025-04-07,2025-04-17,8,9.52,2025-05-20,Computex電腦展,2025
廣達,0,9,-30,-21,2025-04-07,2025-04-18,9,9.76,2025-05-20,Computex電腦展,2025
廣達,0,10,-30,-20,2025-04-07,2025-04-21,10,10.48,2025-05-20,Computex電腦展,2025
廣達,0,11,-30,-19,2025-04-07,2025-04-22,11,6.43,2025-05-20,Computex電腦展,2025
廣達,0,12,-30,-18,2025-04-07,2025-04-23,12,11.9,2025-05-20,Computex電腦展,2025
廣達,0,13,-30,-17,2025-04-07,2025-04-24,13,9.52,2025-05-20,Computex電腦展,2025
廣達,0,14,-30,-16,2025-04-07,2025-04-25,14,11.9,2025-05-20,Computex電腦展,2025
廣達,0,15,-30,-15,2025-04-07,2025-04-28,15,16.67,2025-05-20,Computex電腦展,2025
廣達,0,16,-30,-14,2025-04-07,2025-04-29,16,15.48,2025-05-20,Computex電腦展,2025
廣達,0,17,-30,-13,2025-04-07,2025-04-30,17,13.57,2025-05-20,Computex電腦展,2025
廣達,0,18,-30,-12,2025-04-07,2025-05-02,18,19.52,2025-05-20,Computex電腦展,2025
廣達,0,19,-30,-11,2025-04-07,2025-05-05,19,17.38,2025-05-20,Computex電腦展,2025
廣達,0,20,-30,-10,2025-04-07,2025-05-06,20,20.95,2025-05-20,Computex電腦展,2025
廣達,0,21,-30,-9,2025-04-07,2025-05-07,21,20.95,2025-05-20,Computex電腦展,2025
廣達,0,22,-30,-8,2025-04-07,2025-05-08,22,19.76,2025-05-20,Computex電腦展,2025
廣達,0,23,-30,-7,2025-04-07,2025-05-09,23,22.14,2025-05-20,Computex電腦展,2025
廣達,0,24,-30,-6,2025-04-07,2025-05-12,24,23.1,2025-05-20,Computex電腦展,2025
廣達,0,25,-30,-5,2025-04-07,2025-05-13,25,24.76,2025-05-20,Computex電腦展,2025
廣達,0,26,-30,-4,2025-04-07,2025-05-14,26,31.67,2025-05-20,Computex電腦展,2025
廣達,0,27,-30,-3,2025-04-07,2025-05-15,27,32.14,2025-05-20,Computex電腦展,2025
廣達,0,28,-30,-2,2025-04-07,2025-05-16,28,30.95,2025-05-20,Computex電腦展,2025
廣達,0,29,-30,-1,2025-04-07,2025-05-19,29,26.67,2025-05-20,Computex電腦展,2025
廣達,0,30,-30,0,2025-04-07,2025-05-20,30,26.9,2025-05-20,Computex電腦展,2025
廣達,0,31,-30,1,2025-04-07,2025-05-21,31,29.52,2025-05-20,Computex電腦展,2025
廣達,0,32,-30,2,2025-04-07,2025-05-22,32,27.38,2025-05-20,Computex電腦展,2025
廣達,0,33,-30,3,2025-04-07,2025-05-23,33,25.71,2025-05-20,Computex電腦展,2025
廣達,0,34,-30,4,2025-04-07,2025-05-26,34,26.43,2025-05-20,Computex電腦展,2025
廣達,0,35,-30,5,2025-04-07,2025-05-27,35,26.67,2025-05-20,Computex電腦展,2025
廣達,0,36,-30,6,2025-04-07,2025-05-28,36,28.1,2025-05-20,Computex電腦展,2025
廣達,0,37,-30,7,2025-04-07,2025-05-29,37,29.29,2025-05-20,Computex電腦展,2025
廣達,0,38,-30,8,2025-04-07,2025-06-02,38,29.05,2025-05-20,Computex電腦展,2025
廣達,0,39,-30,9,2025-04-07,2025-06-03,39,30.95,2025-05-20,Computex電腦展,2025
廣達,0,40,-30,10,2025-04-07,2025-06-04,40,33.33,2025-05-20,Computex電腦展,2025
廣達,0,41,-30,11,2025-04-07,2025-06-05,41,34.05,2025-05-20,Computex電腦展,2025
廣達,0,42,-30,12,2025-04-07,2025-06-06,42,31.43,2025-05-20,Computex電腦展,2025
廣達,0,43,-30,13,2025-04-07,2025-06-09,43,31.43,2025-05-20,Computex電腦展,2025
廣達,0,44,-30,14,2025-04-07,2025-06-10,44,35.0,2025-05-20,Computex電腦展,2025
廣達,0,45,-30,15,2025-04-07,2025-06-11,45,34.76,2025-05-20,Computex電腦展,2025
廣達,0,46,-30,16,2025-04-07,2025-06-12,46,36.43,2025-05-20,Computex電腦展,2025
廣達,1,2,-29,-28,2025-04-08,2025-04-09,1,-6.79,2025-05-20,Computex電腦展,2025
廣達,1,3,-29,-27,2025-04-08,2025-04-10,2,2.35,2025-05-20,Computex電腦展,2025
廣達,1,4,-29,-26,2025-04-08,2025-04-11,3,12.53,2025-05-20,Computex電腦展,2025
廣達,1,5,-29,-25,2025-04-08,2025-04-14,4,19.06,2025-05-20,Computex電腦展,2025
廣達,1,6,-29,-24,2025-04-08,2025-04-15,5,19.06,2025-05-20,Computex電腦展,2025
廣達,1,7,-29,-23,2025-04-08,2025-04-16,6,18.54,2025-05-20,Computex電腦展,2025
廣達,1,8,-29,-22,2025-04-08,2025-04-17,7,20.1,2025-05-20,Computex電腦展,2025
廣達,1,9,-29,-21,2025-04-08,2025-04-18,8,20.37,2025-05-20,Computex電腦展,2025
廣達,1,10,-29,-20,2025-04-08,2025-04-21,9,21.15,2025-05-20,Computex電腦展,2025
廣達,1,11,-29,-19,2025-04-08,2025-04-22,10,16.71,2025-05-20,Computex電腦展,2025
廣達,1,12,-29,-18,2025-04-08,2025-04-23,11,22.72,2025-05-20,Computex電腦展,2025
廣達,1,13,-29,-17,2025-04-08,2025-04-24,12,20.1,2025-05-20,Computex電腦展,2025
廣達,1,14,-29,-16,2025-04-08,2025-04-25,13,22.72,2025-05-20,Computex電腦展,2025
廣達,1,15,-29,-15,2025-04-08,2025-04-28,14,27.94,2025-05-20,Computex電腦展,2025
廣達,1,16,-29,-14,2025-04-08,2025-04-29,15,26.63,2025-05-20,Computex電腦展,2025
廣達,1,17,-29,-13,2025-04-08,2025-04-30,16,24.54,2025-05-20,Computex電腦展,2025
廣達,1,18,-29,-12,2025-04-08,2025-05-02,17,31.07,2025-05-20,Computex電腦展,2025
廣達,1,19,-29,-11,2025-04-08,2025-05-05,18,28.72,2025-05-20,Computex電腦展,2025
廣達,1,20,-29,-10,2025-04-08,2025-05-06,19,32.64,2025-05-20,Computex電腦展,2025
廣達,1,21,-29,-9,2025-04-08,2025-05-07,20,32.64,2025-05-20,Computex電腦展,2025
廣達,1,22,-29,-8,2025-04-08,2025-05-08,21,31.33,2025-05-20,Computex電腦展,2025
廣達,1,23,-29,-7,2025-04-08,2025-05-09,22,33.94,2025-05-20,Computex電腦展,2025
廣達,1,24,-29,-6,2025-04-08,2025-05-12,23,34.99,2025-05-20,Computex電腦展,2025
廣達,1,25,-29,-5,2025-04-08,2025-05-13,24,36.81,2025-05-20,Computex電腦展,2025
廣達,1,26,-29,-4,2025-04-08,2025-05-14,25,44.39,2025-05-20,Computex電腦展,2025
廣達,1,27,-29,-3,2025-04-08,2025-05-15,26,44.91,2025-05-20,Computex電腦展,2025
廣達,1,28,-29,-2,2025-04-08,2025-05-16,27,43.6,2025-05-20,Computex電腦展,2025
廣達,1,29,-29,-1,2025-04-08,2025-05-19,28,38.9,2025-05-20,Computex電腦展,2025
廣達,1,30,-29,0,2025-04-08,2025-05-20,29,39.16,2025-05-20,Computex電腦展,2025
廣達,1,31,-29,1,2025-04-08,2025-05-21,30,42.04,2025-05-20,Computex電腦展,2025
廣達,1,32,-29,2,2025-04-08,2025-05-22,31,39.69,2025-05-20,Computex電腦展,2025
廣達,1,33,-29,3,2025-04-08,2025-05-23,32,37.86,2025-05-20,Computex電腦展,2025
廣達,1,34,-29,4,2025-04-08,2025-05-26,33,38.64,2025-05-20,Computex電腦展,2025
廣達,1,35,-29,5,2025-04-08,2025-05-27,34,38.9,2025-05-20,Computex電腦展,2025
廣達,1,36,-29,6,2025-04-08,2025-05-28,35,40.47,2025-05-20,Computex電腦展,2025
廣達,1,37,-29,7,2025-04-08,2025-05-29,36,41.78,2025-05-20,Computex電腦展,2025
廣達,1,38,-29,8,2025-04-08,2025-06-02,37,41.51,2025-05-20,Computex電腦展,2025
廣達,1,39,-29,9,2025-04-08,2025-06-03,38,43.6,2025-05-20,Computex電腦展,2025
廣達,1,40,-29,10,2025-04-08,2025-06-04,39,46.21,2025-05-20,Computex電腦展,2025
廣達,1,41,-29,11,2025-04-08,2025-06-05,40,47.0,2025-05-20,Computex電腦展,2025
廣達,1,42,-29,12,2025-04-08,2025-06-06,41,44.13,2025-05-20,Computex電腦展,2025
廣達,1,43,-29,13,2025-04-08,2025-06-09,42,44.13,2025-05-20,Computex電腦展,2025
廣達,1,44,-29,14,2025-04-08,2025-06-10,43,48.04,2025-05-20,Computex電腦展,2025
廣達,1,45,-29,15,2025-04-08,2025-06-11,44,47.78,2025-05-20,Computex電腦展,2025
廣達,1,46,-29,16,2025-04-08,2025-06-12,45,49.61,2025-05-20,Computex電腦展,2025
廣達,2,3,-28,-27,2025-04-09,2025-04-10,1,9.8,2025-05-20,Computex電腦展,2025
廣達,2,4,-28,-26,2025-04-09,2025-04-11,2,20.73,2025-05-20,Computex電腦展,2025
廣達,2,5,-28,-25,2025-04-09,2025-04-14,3,27.73,2025-05-20,Computex電腦展,2025
廣達,2,6,-28,-24,2025-04-09,2025-04-15,4,27.73,2025-05-20,Computex電腦展,2025
廣達,2,7,-28,-23,2025-04-09,2025-04-16,5,27.17,2025-05-20,Computex電腦展,2025
廣達,2,8,-28,-22,2025-04-09,2025-04-17,6,28.85,2025-05-20,Computex電腦展,2025
廣達,2,9,-28,-21,2025-04-09,2025-04-18,7,29.13,2025-05-20,Computex電腦展,2025
廣達,2,10,-28,-20,2025-04-09,2025-04-21,8,29.97,2025-05-20,Computex電腦展,2025
廣達,2,11,-28,-19,2025-04-09,2025-04-22,9,25.21,2025-05-20,Computex電腦展,2025
廣達,2,12,-28,-18,2025-04-09,2025-04-23,10,31.65,2025-05-20,Computex電腦展,2025
廣達,2,13,-28,-17,2025-04-09,2025-04-24,11,28.85,2025-05-20,Computex電腦展,2025
廣達,2,14,-28,-16,2025-04-09,2025-04-25,12,31.65,2025-05-20,Computex電腦展,2025
廣達,2,15,-28,-15,2025-04-09,2025-04-28,13,37.25,2025-05-20,Computex電腦展,2025
廣達,2,16,-28,-14,2025-04-09,2025-04-29,14,35.85,2025-05-20,Computex電腦展,2025
廣達,2,17,-28,-13,2025-04-09,2025-04-30,15,33.61,2025-05-20,Computex電腦展,2025
廣達,2,18,-28,-12,2025-04-09,2025-05-02,16,40.62,2025-05-20,Computex電腦展,2025
廣達,2,19,-28,-11,2025-04-09,2025-05-05,17,38.1,2025-05-20,Computex電腦展,2025
廣達,2,20,-28,-10,2025-04-09,2025-05-06,18,42.3,2025-05-20,Computex電腦展,2025
廣達,2,21,-28,-9,2025-04-09,2025-05-07,19,42.3,2025-05-20,Computex電腦展,2025
廣達,2,22,-28,-8,2025-04-09,2025-05-08,20,40.9,2025-05-20,Computex電腦展,2025
廣達,2,23,-28,-7,2025-04-09,2025-05-09,21,43.7,2025-05-20,Computex電腦展,2025
廣達,2,24,-28,-6,2025-04-09,2025-05-12,22,44.82,2025-05-20,Computex電腦展,2025
廣達,2,25,-28,-5,2025-04-09,2025-05-13,23,46.78,2025-05-20,Computex電腦展,2025
廣達,2,26,-28,-4,2025-04-09,2025-05-14,24,54.9,2025-05-20,Computex電腦展,2025
廣達,2,27,-28,-3,2025-04-09,2025-05-15,25,55.46,2025-05-20,Computex電腦展,2025
廣達,2,28,-28,-2,2025-04-09,2025-05-16,26,54.06,2025-05-20,Computex電腦展,2025
廣達,2,29,-28,-1,2025-04-09,2025-05-19,27,49.02,2025-05-20,Computex電腦展,2025
廣達,2,30,-28,0,2025-04-09,2025-05-20,28,49.3,2025-05-20,Computex電腦展,2025
廣達,2,31,-28,1,2025-04-09,2025-05-21,29,52.38,2025-05-20,Computex電腦展,2025
廣達,2,32,-28,2,2025-04-09,2025-05-22,30,49.86,2025-05-20,Computex電腦展,2025
廣達,2,33,-28,3,2025-04-09,2025-05-23,31,47.9,2025-05-20,Computex電腦展,2025
廣達,2,34,-28,4,2025-04-09,2025-05-26,32,48.74,2025-05-20,Computex電腦展,2025
廣達,2,35,-28,5,2025-04-09,2025-05-27,33,49.02,2025-05-20,Computex電腦展,2025
廣達,2,36,-28,6,2025-04-09,2025-05-28,34,50.7,2025-05-20,Computex電腦展,2025
廣達,2,37,-28,7,2025-04-09,2025-05-29,35,52.1,2025-05-20,Computex電腦展,2025
廣達,2,38,-28,8,2025-04-09,2025-06-02,36,51.82,2025-05-20,Computex電腦展,2025
廣達,2,39,-28,9,2025-04-09,2025-06-03,37,54.06,2025-05-20,Computex電腦展,2025
廣達,2,40,-28,10,2025-04-09,2025-06-04,38,56.86,2025-05-20,Computex電腦展,2025
廣達,2,41,-28,11,2025-04-09,2025-06-05,39,57.7,2025-05-20,Computex電腦展,2025
廣達,2,42,-28,12,2025-04-09,2025-06-06,40,54.62,2025-05-20,Computex電腦展,2025
廣達,2,43,-28,13,2025-04-09,2025-06-09,41,54.62,2025-05-20,Computex電腦展,2025
廣達,2,44,-28,14,2025-04-09,2025-06-10,42,58.82,2025-05-20,Computex電腦展,2025
廣達,2,45,-28,15,2025-04-09,2025-06-11,43,58.54,2025-05-20,Computex電腦展,2025
廣達,2,46,-28,16,2025-04-09,2025-06-12,44,60.5,2025-05-20,Computex電腦展,2025
廣達,3,4,-27,-26,2025-04-10,2025-04-11,1,9.95,2025-05-20,Computex電腦展,2025
廣達,3,5,-27,-25,2025-04-10,2025-04-14,2,16.33,2025-05-20,Computex電腦展,2025
廣達,3,6,-27,-24,2025-04-10,2025-04-15,3,16.33,2025-05-20,Computex電腦展,2025
廣達,3,7,-27,-23,2025-04-10,2025-04-16,4,15.82,2025-05-20,Computex電腦展,2025
廣達,3,8,-27,-22,2025-04-10,2025-04-17,5,17.35,2025-05-20,Computex電腦展,2025
廣達,3,9,-27,-21,2025-04-10,2025-04-18,6,17.6,2025-05-20,Computex電腦展,2025
廣達,3,10,-27,-20,2025-04-10,2025-04-21,7,18.37,2025-05-20,Computex電腦展,2025
廣達,3,11,-27,-19,2025-04-10,2025-04-22,8,14.03,2025-05-20,Computex電腦展,2025
廣達,3,12,-27,-18,2025-04-10,2025-04-23,9,19.9,2025-05-20,Computex電腦展,2025
廣達,3,13,-27,-17,2025-04-10,2025-04-24,10,17.35,2025-05-20,Computex電腦展,2025
廣達,3,14,-27,-16,2025-04-10,2025-04-25,11,19.9,2025-05-20,Computex電腦展,2025
廣達,3,15,-27,-15,2025-04-10,2025-04-28,12,25.0,2025-05-20,Computex電腦展,2025
廣達,3,16,-27,-14,2025-04-10,2025-04-29,13,23.72,2025-05-20,Computex電腦展,2025
廣達,3,17,-27,-13,2025-04-10,2025-04-30,14,21.68,2025-05-20,Computex電腦展,2025
廣達,3,18,-27,-12,2025-04-10,2025-05-02,15,28.06,2025-05-20,Computex電腦展,2025
廣達,3,19,-27,-11,2025-04-10,2025-05-05,16,25.77,2025-05-20,Computex電腦展,2025
廣達,3,20,-27,-10,2025-04-10,2025-05-06,17,29.59,2025-05-20,Computex電腦展,2025
廣達,3,21,-27,-9,2025-04-10,2025-05-07,18,29.59,2025-05-20,Computex電腦展,2025
廣達,3,22,-27,-8,2025-04-10,2025-05-08,19,28.32,2025-05-20,Computex電腦展,2025
廣達,3,23,-27,-7,2025-04-10,2025-05-09,20,30.87,2025-05-20,Computex電腦展,2025
廣達,3,24,-27,-6,2025-04-10,2025-05-12,21,31.89,2025-05-20,Computex電腦展,2025
廣達,3,25,-27,-5,2025-04-10,2025-05-13,22,33.67,2025-05-20,Computex電腦展,2025
廣達,3,26,-27,-4,2025-04-10,2025-05-14,23,41.07,2025-05-20,Computex電腦展,2025
廣達,3,27,-27,-3,2025-04-10,2025-05-15,24,41.58,2025-05-20,Computex電腦展,2025
廣達,3,28,-27,-2,2025-04-10,2025-05-16,25,40.31,2025-05-20,Computex電腦展,2025
廣達,3,29,-27,-1,2025-04-10,2025-05-19,26,35.71,2025-05-20,Computex電腦展,2025
廣達,3,30,-27,0,2025-04-10,2025-05-20,27,35.97,2025-05-20,Computex電腦展,2025
廣達,3,31,-27,1,2025-04-10,2025-05-21,28,38.78,2025-05-20,Computex電腦展,2025
廣達,3,32,-27,2,2025-04-10,2025-05-22,29,36.48,2025-05-20,Computex電腦展,2025
廣達,3,33,-27,3,2025-04-10,2025-05-23,30,34.69,2025-05-20,Computex電腦展,2025
廣達,3,34,-27,4,2025-04-10,2025-05-26,31,35.46,2025-05-20,Computex電腦展,2025
廣達,3,35,-27,5,2025-04-10,2025-05-27,32,35.71,2025-05-20,Computex電腦展,2025
廣達,3,36,-27,6,2025-04-10,2025-05-28,33,37.24,2025-05-20,Computex電腦展,2025
廣達,3,37,-27,7,2025-04-10,2025-05-29,34,38.52,2025-05-20,Computex電腦展,2025
廣達,3,38,-27,8,2025-04-10,2025-06-02,35,38.27,2025-05-20,Computex電腦展,2025
廣達,3,39,-27,9,2025-04-10,2025-06-03,36,40.31,2025-05-20,Computex電腦展,2025
廣達,3,40,-27,10,2025-04-10,2025-06-04,37,42.86,2025-05-20,Computex電腦展,2025
廣達,3,41,-27,11,2025-04-10,2025-06-05,38,43.62,2025-05-20,Computex電腦展,2025
廣達,3,42,-27,12,2025-04-10,2025-06-06,39,40.82,2025-05-20,Computex電腦展,2025
廣達,3,43,-27,13,2025-04-10,2025-06-09,40,40.82,2025-05-20,Computex電腦展,2025
廣達,3,44,-27,14,2025-04-10,2025-06-10,41,44.64,2025-05-20,Computex電腦展,2025
廣達,3,45,-27,15,2025-04-10,2025-06-11,42,44.39,2025-05-20,Computex電腦展,2025
廣達,3,46,-27,16,2025-04-10,2025-06-12,43,46.17,2025-05-20,Computex電腦展,2025
廣達,4,5,-26,-25,2025-04-11,2025-04-14,1,5.8,2025-05-20,Computex電腦展,2025
廣達,4,6,-26,-24,2025-04-11,2025-04-15,2,5.8,2025-05-20,Computex電腦展,2025
廣達,4,7,-26,-23,2025-04-11,2025-04-16,3,5.34,2025-05-20,Computex電腦展,2025
廣達,4,8,-26,-22,2025-04-11,2025-04-17,4,6.73,2025-05-20,Computex電腦展,2025
廣達,4,9,-26,-21,2025-04-11,2025-04-18,5,6.96,2025-05-20,Computex電腦展,2025
廣達,4,10,-26,-20,2025-04-11,2025-04-21,6,7.66,2025-05-20,Computex電腦展,2025
廣達,4,11,-26,-19,2025-04-11,2025-04-22,7,3.71,2025-05-20,Computex電腦展,2025
廣達,4,12,-26,-18,2025-04-11,2025-04-23,8,9.05,2025-05-20,Computex電腦展,2025
廣達,4,13,-26,-17,2025-04-11,2025-04-24,9,6.73,2025-05-20,Computex電腦展,2025
廣達,4,14,-26,-16,2025-04-11,2025-04-25,10,9.05,2025-05-20,Computex電腦展,2025
廣達,4,15,-26,-15,2025-04-11,2025-04-28,11,13.69,2025-05-20,Computex電腦展,2025
廣達,4,16,-26,-14,2025-04-11,2025-04-29,12,12.53,2025-05-20,Computex電腦展,2025
廣達,4,17,-26,-13,2025-04-11,2025-04-30,13,10.67,2025-05-20,Computex電腦展,2025
廣達,4,18,-26,-12,2025-04-11,2025-05-02,14,16.47,2025-05-20,Computex電腦展,2025
廣達,4,19,-26,-11,2025-04-11,2025-05-05,15,14.39,2025-05-20,Computex電腦展,2025
廣達,4,20,-26,-10,2025-04-11,2025-05-06,16,17.87,2025-05-20,Computex電腦展,2025
廣達,4,21,-26,-9,2025-04-11,2025-05-07,17,17.87,2025-05-20,Computex電腦展,2025
廣達,4,22,-26,-8,2025-04-11,2025-05-08,18,16.71,2025-05-20,Computex電腦展,2025
廣達,4,23,-26,-7,2025-04-11,2025-05-09,19,19.03,2025-05-20,Computex電腦展,2025
廣達,4,24,-26,-6,2025-04-11,2025-05-12,20,19.95,2025-05-20,Computex電腦展,2025
廣達,4,25,-26,-5,2025-04-11,2025-05-13,21,21.58,2025-05-20,Computex電腦展,2025
廣達,4,26,-26,-4,2025-04-11,2025-05-14,22,28.31,2025-05-20,Computex電腦展,2025
廣達,4,27,-26,-3,2025-04-11,2025-05-15,23,28.77,2025-05-20,Computex電腦展,2025
廣達,4,28,-26,-2,2025-04-11,2025-05-16,24,27.61,2025-05-20,Computex電腦展,2025
廣達,4,29,-26,-1,2025-04-11,2025-05-19,25,23.43,2025-05-20,Computex電腦展,2025
廣達,4,30,-26,0,2025-04-11,2025-05-20,26,23.67,2025-05-20,Computex電腦展,2025
廣達,4,31,-26,1,2025-04-11,2025-05-21,27,26.22,2025-05-20,Computex電腦展,2025
廣達,4,32,-26,2,2025-04-11,2025-05-22,28,24.13,2025-05-20,Computex電腦展,2025
廣達,4,33,-26,3,2025-04-11,2025-05-23,29,22.51,2025-05-20,Computex電腦展,2025
廣達,4,34,-26,4,2025-04-11,2025-05-26,30,23.2,2025-05-20,Computex電腦展,2025
廣達,4,35,-26,5,2025-04-11,2025-05-27,31,23.43,2025-05-20,Computex電腦展,2025
廣達,4,36,-26,6,2025-04-11,2025-05-28,32,24.83,2025-05-20,Computex電腦展,2025
廣達,4,37,-26,7,2025-04-11,2025-05-29,33,25.99,2025-05-20,Computex電腦展,2025
廣達,4,38,-26,8,2025-04-11,2025-06-02,34,25.75,2025-05-20,Computex電腦展,2025
廣達,4,39,-26,9,2025-04-11,2025-06-03,35,27.61,2025-05-20,Computex電腦展,2025
廣達,4,40,-26,10,2025-04-11,2025-06-04,36,29.93,2025-05-20,Computex電腦展,2025
廣達,4,41,-26,11,2025-04-11,2025-06-05,37,30.63,2025-05-20,Computex電腦展,2025
廣達,4,42,-26,12,2025-04-11,2025-06-06,38,28.07,2025-05-20,Computex電腦展,2025
廣達,4,43,-26,13,2025-04-11,2025-06-09,39,28.07,2025-05-20,Computex電腦展,2025
廣達,4,44,-26,14,2025-04-11,2025-06-10,40,31.55,2025-05-20,Computex電腦展,2025
廣達,4,45,-26,15,2025-04-11,2025-06-11,41,31.32,2025-05-20,Computex電腦展,2025
廣達,4,46,-26,16,2025-04-11,2025-06-12,42,32.95,2025-05-20,Computex電腦展,2025
廣達,5,6,-25,-24,2025-04-14,2025-04-15,1,0.0,2025-05-20,Computex電腦展,2025
廣達,5,7,-25,-23,2025-04-14,2025-04-16,2,-0.44,2025-05-20,Computex電腦展,2025
廣達,5,8,-25,-22,2025-04-14,2025-04-17,3,0.88,2025-05-20,Computex電腦展,2025
廣達,5,9,-25,-21,2025-04-14,2025-04-18,4,1.1,2025-05-20,Computex電腦展,2025
廣達,5,10,-25,-20,2025-04-14,2025-04-21,5,1.75,2025-05-20,Computex電腦展,2025
廣達,5,11,-25,-19,2025-04-14,2025-04-22,6,-1.97,2025-05-20,Computex電腦展,2025
廣達,5,12,-25,-18,2025-04-14,2025-04-23,7,3.07,2025-05-20,Computex電腦展,2025
廣達,5,13,-25,-17,2025-04-14,2025-04-24,8,0.88,2025-05-20,Computex電腦展,2025
廣達,5,14,-25,-16,2025-04-14,2025-04-25,9,3.07,2025-05-20,Computex電腦展,2025
廣達,5,15,-25,-15,2025-04-14,2025-04-28,10,7.46,2025-05-20,Computex電腦展,2025
廣達,5,16,-25,-14,2025-04-14,2025-04-29,11,6.36,2025-05-20,Computex電腦展,2025
廣達,5,17,-25,-13,2025-04-14,2025-04-30,12,4.61,2025-05-20,Computex電腦展,2025
廣達,5,18,-25,-12,2025-04-14,2025-05-02,13,10.09,2025-05-20,Computex電腦展,2025
廣達,5,19,-25,-11,2025-04-14,2025-05-05,14,8.11,2025-05-20,Computex電腦展,2025
廣達,5,20,-25,-10,2025-04-14,2025-05-06,15,11.4,2025-05-20,Computex電腦展,2025
廣達,5,21,-25,-9,2025-04-14,2025-05-07,16,11.4,2025-05-20,Computex電腦展,2025
廣達,5,22,-25,-8,2025-04-14,2025-05-08,17,10.31,2025-05-20,Computex電腦展,2025
廣達,5,23,-25,-7,2025-04-14,2025-05-09,18,12.5,2025-05-20,Computex電腦展,2025
廣達,5,24,-25,-6,2025-04-14,2025-05-12,19,13.38,2025-05-20,Computex電腦展,2025
廣達,5,25,-25,-5,2025-04-14,2025-05-13,20,14.91,2025-05-20,Computex電腦展,2025
廣達,5,26,-25,-4,2025-04-14,2025-05-14,21,21.27,2025-05-20,Computex電腦展,2025
廣達,5,27,-25,-3,2025-04-14,2025-05-15,22,21.71,2025-05-20,Computex電腦展,2025
廣達,5,28,-25,-2,2025-04-14,2025-05-16,23,20.61,2025-05-20,Computex電腦展,2025
廣達,5,29,-25,-1,2025-04-14,2025-05-19,24,16.67,2025-05-20,Computex電腦展,2025
廣達,5,30,-25,0,2025-04-14,2025-05-20,25,16.89,2025-05-20,Computex電腦展,2025
廣達,5,31,-25,1,2025-04-14,2025-05-21,26,19.3,2025-05-20,Computex電腦展,2025
廣達,5,32,-25,2,2025-04-14,2025-05-22,27,17.32,2025-05-20,Computex電腦展,2025
廣達,5,33,-25,3,2025-04-14,2025-05-23,28,15.79,2025-05-20,Computex電腦展,2025
廣達,5,34,-25,4,2025-04-14,2025-05-26,29,16.45,2025-05-20,Computex電腦展,2025
廣達,5,35,-25,5,2025-04-14,2025-05-27,30,16.67,2025-05-20,Computex電腦展,2025
廣達,5,36,-25,6,2025-04-14,2025-05-28,31,17.98,2025-05-20,Computex電腦展,2025
廣達,5,37,-25,7,2025-04-14,2025-05-29,32,19.08,2025-05-20,Computex電腦展,2025
廣達,5,38,-25,8,2025-04-14,2025-06-02,33,18.86,2025-05-20,Computex電腦展,2025
廣達,5,39,-25,9,2025-04-14,2025-06-03,34,20.61,2025-05-20,Computex電腦展,2025
廣達,5,40,-25,10,2025-04-14,2025-06-04,35,22.81,2025-05-20,Computex電腦展,2025
廣達,5,41,-25,11,2025-04-14,2025-06-05,36,23.46,2025-05-20,Computex電腦展,2025
廣達,5,42,-25,12,2025-04-14,2025-06-06,37,21.05,2025-05-20,Computex電腦展,2025
廣達,5,43,-25,13,2025-04-14,2025-06-09,38,21.05,2025-05-20,Computex電腦展,2025
廣達,5,44,-25,14,2025-04-14,2025-06-10,39,24.34,2025-05-20,Computex電腦展,2025
廣達,5,45,-25,15,2025-04-14,2025-06-11,40,24.12,2025-05-20,Computex電腦展,2025
廣達,5,46,-25,16,2025-04-14,2025-06-12,41,25.66,2025-05-20,Computex電腦展,2025
廣達,6,7,-24,-23,2025-04-15,2025-04-16,1,-0.44,2025-05-20,Computex電腦展,2025
廣達,6,8,-24,-22,2025-04-15,2025-04-17,2,0.88,2025-05-20,Computex電腦展,2025
廣達,6,9,-24,-21,2025-04-15,2025-04-18,3,1.1,2025-05-20,Computex電腦展,2025
廣達,6,10,-24,-20,2025-04-15,2025-04-21,4,1.75,2025-05-20,Computex電腦展,2025
廣達,6,11,-24,-19,2025-04-15,2025-04-22,5,-1.97,2025-05-20,Computex電腦展,2025
廣達,6,12,-24,-18,2025-04-15,2025-04-23,6,3.07,2025-05-20,Computex電腦展,2025
廣達,6,13,-24,-17,2025-04-15,2025-04-24,7,0.88,2025-05-20,Computex電腦展,2025
廣達,6,14,-24,-16,2025-04-15,2025-04-25,8,3.07,2025-05-20,Computex電腦展,2025
廣達,6,15,-24,-15,2025-04-15,2025-04-28,9,7.46,2025-05-20,Computex電腦展,2025
廣達,6,16,-24,-14,2025-04-15,2025-04-29,10,6.36,2025-05-20,Computex電腦展,2025
廣達,6,17,-24,-13,2025-04-15,2025-04-30,11,4.61,2025-05-20,Computex電腦展,2025
廣達,6,18,-24,-12,2025-04-15,2025-05-02,12,10.09,2025-05-20,Computex電腦展,2025
廣達,6,19,-24,-11,2025-04-15,2025-05-05,13,8.11,2025-05-20,Computex電腦展,2025
廣達,6,20,-24,-10,2025-04-15,2025-05-06,14,11.4,2025-05-20,Computex電腦展,2025
廣達,6,21,-24,-9,2025-04-15,2025-05-07,15,11.4,2025-05-20,Computex電腦展,2025
廣達,6,22,-24,-8,2025-04-15,2025-05-08,16,10.31,2025-05-20,Computex電腦展,2025
廣達,6,23,-24,-7,2025-04-15,2025-05-09,17,12.5,2025-05-20,Computex電腦展,2025
廣達,6,24,-24,-6,2025-04-15,2025-05-12,18,13.38,2025-05-20,Computex電腦展,2025
廣達,6,25,-24,-5,2025-04-15,2025-05-13,19,14.91,2025-05-20,Computex電腦展,2025
廣達,6,26,-24,-4,2025-04-15,2025-05-14,20,21.27,2025-05-20,Computex電腦展,2025
廣達,6,27,-24,-3,2025-04-15,2025-05-15,21,21.71,2025-05-20,Computex電腦展,2025
廣達,6,28,-24,-2,2025-04-15,2025-05-16,22,20.61,2025-05-20,Computex電腦展,2025
廣達,6,29,-24,-1,2025-04-15,2025-05-19,23,16.67,2025-05-20,Computex電腦展,2025
廣達,6,30,-24,0,2025-04-15,2025-05-20,24,16.89,2025-05-20,Computex電腦展,2025
廣達,6,31,-24,1,2025-04-15,2025-05-21,25,19.3,2025-05-20,Computex電腦展,2025
廣達,6,32,-24,2,2025-04-15,2025-05-22,26,17.32,2025-05-20,Computex電腦展,2025
廣達,6,33,-24,3,2025-04-15,2025-05-23,27,15.79,2025-05-20,Computex電腦展,2025
廣達,6,34,-24,4,2025-04-15,2025-05-26,28,16.45,2025-05-20,Computex電腦展,2025
廣達,6,35,-24,5,2025-04-15,2025-05-27,29,16.67,2025-05-20,Computex電腦展,2025
廣達,6,36,-24,6,2025-04-15,2025-05-28,30,17.98,2025-05-20,Computex電腦展,2025
廣達,6,37,-24,7,2025-04-15,2025-05-29,31,19.08,2025-05-20,Computex電腦展,2025
廣達,6,38,-24,8,2025-04-15,2025-06-02,32,18.86,2025-05-20,Computex電腦展,2025
廣達,6,39,-24,9,2025-04-15,2025-06-03,33,20.61,2025-05-20,Computex電腦展,2025
廣達,6,40,-24,10,2025-04-15,2025-06-04,34,22.81,2025-05-20,Computex電腦展,2025
廣達,6,41,-24,11,2025-04-15,2025-06-05,35,23.46,2025-05-20,Computex電腦展,2025
廣達,6,42,-24,12,2025-04-15,2025-06-06,36,21.05,2025-05-20,Computex電腦展,2025
廣達,6,43,-24,13,2025-04-15,2025-06-09,37,21.05,2025-05-20,Computex電腦展,2025
廣達,6,44,-24,14,2025-04-15,2025-06-10,38,24.34,2025-05-20,Computex電腦展,2025
廣達,6,45,-24,15,2025-04-15,2025-06-11,39,24.12,2025-05-20,Computex電腦展,2025
廣達,6,46,-24,16,2025-04-15,2025-06-12,40,25.66,2025-05-20,Computex電腦展,2025
廣達,7,8,-23,-22,2025-04-16,2025-04-17,1,1.32,2025-05-20,Computex電腦展,2025
廣達,7,9,-23,-21,2025-04-16,2025-04-18,2,1.54,2025-05-20,Computex電腦展,2025
廣達,7,10,-23,-20,2025-04-16,2025-04-21,3,2.2,2025-05-20,Computex電腦展,2025
廣達,7,11,-23,-19,2025-04-16,2025-04-22,4,-1.54,2025-05-20,Computex電腦展,2025
廣達,7,12,-23,-18,2025-04-16,2025-04-23,5,3.52,2025-05-20,Computex電腦展,2025
廣達,7,13,-23,-17,2025-04-16,2025-04-24,6,1.32,2025-05-20,Computex電腦展,2025
廣達,7,14,-23,-16,2025-04-16,2025-04-25,7,3.52,2025-05-20,Computex電腦展,2025
廣達,7,15,-23,-15,2025-04-16,2025-04-28,8,7.93,2025-05-20,Computex電腦展,2025
廣達,7,16,-23,-14,2025-04-16,2025-04-29,9,6.83,2025-05-20,Computex電腦展,2025
廣達,7,17,-23,-13,2025-04-16,2025-04-30,10,5.07,2025-05-20,Computex電腦展,2025
廣達,7,18,-23,-12,2025-04-16,2025-05-02,11,10.57,2025-05-20,Computex電腦展,2025
廣達,7,19,-23,-11,2025-04-16,2025-05-05,12,8.59,2025-05-20,Computex電腦展,2025
廣達,7,20,-23,-10,2025-04-16,2025-05-06,13,11.89,2025-05-20,Computex電腦展,2025
廣達,7,21,-23,-9,2025-04-16,2025-05-07,14,11.89,2025-05-20,Computex電腦展,2025
廣達,7,22,-23,-8,2025-04-16,2025-05-08,15,10.79,2025-05-20,Computex電腦展,2025
廣達,7,23,-23,-7,2025-04-16,2025-05-09,16,13.0,2025-05-20,Computex電腦展,2025
廣達,7,24,-23,-6,2025-04-16,2025-05-12,17,13.88,2025-05-20,Computex電腦展,2025
廣達,7,25,-23,-5,2025-04-16,2025-05-13,18,15.42,2025-05-20,Computex電腦展,2025
廣達,7,26,-23,-4,2025-04-16,2025-05-14,19,21.81,2025-05-20,Computex電腦展,2025
廣達,7,27,-23,-3,2025-04-16,2025-05-15,20,22.25,2025-05-20,Computex電腦展,2025
廣達,7,28,-23,-2,2025-04-16,2025-05-16,21,21.15,2025-05-20,Computex電腦展,2025
廣達,7,29,-23,-1,2025-04-16,2025-05-19,22,17.18,2025-05-20,Computex電腦展,2025
廣達,7,30,-23,0,2025-04-16,2025-05-20,23,17.4,2025-05-20,Computex電腦展,2025
廣達,7,31,-23,1,2025-04-16,2025-05-21,24,19.82,2025-05-20,Computex電腦展,2025
廣達,7,32,-23,2,2025-04-16,2025-05-22,25,17.84,2025-05-20,Computex電腦展,2025
廣達,7,33,-23,3,2025-04-16,2025-05-23,26,16.3,2025-05-20,Computex電腦展,2025
廣達,7,34,-23,4,2025-04-16,2025-05-26,27,16.96,2025-05-20,Computex電腦展,2025
廣達,7,35,-23,5,2025-04-16,2025-05-27,28,17.18,2025-05-20,Computex電腦展,2025
廣達,7,36,-23,6,2025-04-16,2025-05-28,29,18.5,2025-05-20,Computex電腦展,2025
廣達,7,37,-23,7,2025-04-16,2025-05-29,30,19.6,2025-05-20,Computex電腦展,2025
廣達,7,38,-23,8,2025-04-16,2025-06-02,31,19.38,2025-05-20,Computex電腦展,2025
廣達,7,39,-23,9,2025-04-16,2025-06-03,32,21.15,2025-05-20,Computex電腦展,2025
廣達,7,40,-23,10,2025-04-16,2025-06-04,33,23.35,2025-05-20,Computex電腦展,2025
廣達,7,41,-23,11,2025-04-16,2025-06-05,34,24.01,2025-05-20,Computex電腦展,2025
廣達,7,42,-23,12,2025-04-16,2025-06-06,35,21.59,2025-05-20,Computex電腦展,2025
廣達,7,43,-23,13,2025-04-16,2025-06-09,36,21.59,2025-05-20,Computex電腦展,2025
廣達,7,44,-23,14,2025-04-16,2025-06-10,37,24.89,2025-05-20,Computex電腦展,2025
廣達,7,45,-23,15,2025-04-16,2025-06-11,38,24.67,2025-05-20,Computex電腦展,2025
廣達,7,46,-23,16,2025-04-16,2025-06-12,39,26.21,2025-05-20,Computex電腦展,2025
廣達,8,9,-22,-21,2025-04-17,2025-04-18,1,0.22,2025-05-20,Computex電腦展,2025
廣達,8,10,-22,-20,2025-04-17,2025-04-21,2,0.87,2025-05-20,Computex電腦展,2025
廣達,8,11,-22,-19,2025-04-17,2025-04-22,3,-2.83,2025-05-20,Computex電腦展,2025
廣達,8,12,-22,-18,2025-04-17,2025-04-23,4,2.17,2025-05-20,Computex電腦展,2025
廣達,8,13,-22,-17,2025-04-17,2025-04-24,5,0.0,2025-05-20,Computex電腦展,2025
廣達,8,14,-22,-16,2025-04-17,2025-04-25,6,2.17,2025-05-20,Computex電腦展,2025
廣達,8,15,-22,-15,2025-04-17,2025-04-28,7,6.52,2025-05-20,Computex電腦展,2025
廣達,8,16,-22,-14,2025-04-17,2025-04-29,8,5.43,2025-05-20,Computex電腦展,2025
廣達,8,17,-22,-13,2025-04-17,2025-04-30,9,3.7,2025-05-20,Computex電腦展,2025
廣達,8,18,-22,-12,2025-04-17,2025-05-02,10,9.13,2025-05-20,Computex電腦展,2025
廣達,8,19,-22,-11,2025-04-17,2025-05-05,11,7.17,2025-05-20,Computex電腦展,2025
廣達,8,20,-22,-10,2025-04-17,2025-05-06,12,10.43,2025-05-20,Computex電腦展,2025
廣達,8,21,-22,-9,2025-04-17,2025-05-07,13,10.43,2025-05-20,Computex電腦展,2025
廣達,8,22,-22,-8,2025-04-17,2025-05-08,14,9.35,2025-05-20,Computex電腦展,2025
廣達,8,23,-22,-7,2025-04-17,2025-05-09,15,11.52,2025-05-20,Computex電腦展,2025
廣達,8,24,-22,-6,2025-04-17,2025-05-12,16,12.39,2025-05-20,Computex電腦展,2025
廣達,8,25,-22,-5,2025-04-17,2025-05-13,17,13.91,2025-05-20,Computex電腦展,2025
廣達,8,26,-22,-4,2025-04-17,2025-05-14,18,20.22,2025-05-20,Computex電腦展,2025
廣達,8,27,-22,-3,2025-04-17,2025-05-15,19,20.65,2025-05-20,Computex電腦展,2025
廣達,8,28,-22,-2,2025-04-17,2025-05-16,20,19.57,2025-05-20,Computex電腦展,2025
廣達,8,29,-22,-1,2025-04-17,2025-05-19,21,15.65,2025-05-20,Computex電腦展,2025
廣達,8,30,-22,0,2025-04-17,2025-05-20,22,15.87,2025-05-20,Computex電腦展,2025
廣達,8,31,-22,1,2025-04-17,2025-05-21,23,18.26,2025-05-20,Computex電腦展,2025
廣達,8,32,-22,2,2025-04-17,2025-05-22,24,16.3,2025-05-20,Computex電腦展,2025
廣達,8,33,-22,3,2025-04-17,2025-05-23,25,14.78,2025-05-20,Computex電腦展,2025
廣達,8,34,-22,4,2025-04-17,2025-05-26,26,15.43,2025-05-20,Computex電腦展,2025
廣達,8,35,-22,5,2025-04-17,2025-05-27,27,15.65,2025-05-20,Computex電腦展,2025
廣達,8,36,-22,6,2025-04-17,2025-05-28,28,16.96,2025-05-20,Computex電腦展,2025
廣達,8,37,-22,7,2025-04-17,2025-05-29,29,18.04,2025-05-20,Computex電腦展,2025
廣達,8,38,-22,8,2025-04-17,2025-06-02,30,17.83,2025-05-20,Computex電腦展,2025
廣達,8,39,-22,9,2025-04-17,2025-06-03,31,19.57,2025-05-20,Computex電腦展,2025
廣達,8,40,-22,10,2025-04-17,2025-06-04,32,21.74,2025-05-20,Computex電腦展,2025
廣達,8,41,-22,11,2025-04-17,2025-06-05,33,22.39,2025-05-20,Computex電腦展,2025
廣達,8,42,-22,12,2025-04-17,2025-06-06,34,20.0,2025-05-20,Computex電腦展,2025
廣達,8,43,-22,13,2025-04-17,2025-06-09,35,20.0,2025-05-20,Computex電腦展,2025
廣達,8,44,-22,14,2025-04-17,2025-06-10,36,23.26,2025-05-20,Computex電腦展,2025
廣達,8,45,-22,15,2025-04-17,2025-06-11,37,23.04,2025-05-20,Computex電腦展,2025
廣達,8,46,-22,16,2025-04-17,2025-06-12,38,24.57,2025-05-20,Computex電腦展,2025
廣達,9,10,-21,-20,2025-04-18,2025-04-21,1,0.65,2025-05-20,Computex電腦展,2025
廣達,9,11,-21,-19,2025-04-18,2025-04-22,2,-3.04,2025-05-20,Computex電腦展,2025
廣達,9,12,-21,-18,2025-04-18,2025-04-23,3,1.95,2025-05-20,Computex電腦展,2025
廣達,9,13,-21,-17,2025-04-18,2025-04-24,4,-0.22,2025-05-20,Computex電腦展,2025
廣達,9,14,-21,-16,2025-04-18,2025-04-25,5,1.95,2025-05-20,Computex電腦展,2025
廣達,9,15,-21,-15,2025-04-18,2025-04-28,6,6.29,2025-05-20,Computex電腦展,2025
廣達,9,16,-21,-14,2025-04-18,2025-04-29,7,5.21,2025-05-20,Computex電腦展,2025
廣達,9,17,-21,-13,2025-04-18,2025-04-30,8,3.47,2025-05-20,Computex電腦展,2025
廣達,9,18,-21,-12,2025-04-18,2025-05-02,9,8.89,2025-05-20,Computex電腦展,2025
廣達,9,19,-21,-11,2025-04-18,2025-05-05,10,6.94,2025-05-20,Computex電腦展,2025
廣達,9,20,-21,-10,2025-04-18,2025-05-06,11,10.2,2025-05-20,Computex電腦展,2025
廣達,9,21,-21,-9,2025-04-18,2025-05-07,12,10.2,2025-05-20,Computex電腦展,2025
廣達,9,22,-21,-8,2025-04-18,2025-05-08,13,9.11,2025-05-20,Computex電腦展,2025
廣達,9,23,-21,-7,2025-04-18,2025-05-09,14,11.28,2025-05-20,Computex電腦展,2025
廣達,9,24,-21,-6,2025-04-18,2025-05-12,15,12.15,2025-05-20,Computex電腦展,2025
廣達,9,25,-21,-5,2025-04-18,2025-05-13,16,13.67,2025-05-20,Computex電腦展,2025
廣達,9,26,-21,-4,2025-04-18,2025-05-14,17,19.96,2025-05-20,Computex電腦展,2025
廣達,9,27,-21,-3,2025-04-18,2025-05-15,18,20.39,2025-05-20,Computex電腦展,2025
廣達,9,28,-21,-2,2025-04-18,2025-05-16,19,19.31,2025-05-20,Computex電腦展,2025
廣達,9,29,-21,-1,2025-04-18,2025-05-19,20,15.4,2025-05-20,Computex電腦展,2025
廣達,9,30,-21,0,2025-04-18,2025-05-20,21,15.62,2025-05-20,Computex電腦展,2025
廣達,9,31,-21,1,2025-04-18,2025-05-21,22,18.0,2025-05-20,Computex電腦展,2025
廣達,9,32,-21,2,2025-04-18,2025-05-22,23,16.05,2025-05-20,Computex電腦展,2025
廣達,9,33,-21,3,2025-04-18,2025-05-23,24,14.53,2025-05-20,Computex電腦展,2025
廣達,9,34,-21,4,2025-04-18,2025-05-26,25,15.18,2025-05-20,Computex電腦展,2025
廣達,9,35,-21,5,2025-04-18,2025-05-27,26,15.4,2025-05-20,Computex電腦展,2025
廣達,9,36,-21,6,2025-04-18,2025-05-28,27,16.7,2025-05-20,Computex電腦展,2025
廣達,9,37,-21,7,2025-04-18,2025-05-29,28,17.79,2025-05-20,Computex電腦展,2025
廣達,9,38,-21,8,2025-04-18,2025-06-02,29,17.57,2025-05-20,Computex電腦展,2025
廣達,9,39,-21,9,2025-04-18,2025-06-03,30,19.31,2025-05-20,Computex電腦展,2025
廣達,9,40,-21,10,2025-04-18,2025-06-04,31,21.48,2025-05-20,Computex電腦展,2025
廣達,9,41,-21,11,2025-04-18,2025-06-05,32,22.13,2025-05-20,Computex電腦展,2025
廣達,9,42,-21,12,2025-04-18,2025-06-06,33,19.74,2025-05-20,Computex電腦展,2025
廣達,9,43,-21,13,2025-04-18,2025-06-09,34,19.74,2025-05-20,Computex電腦展,2025
廣達,9,44,-21,14,2025-04-18,2025-06-10,35,22.99,2025-05-20,Computex電腦展,2025
廣達,9,45,-21,15,2025-04-18,2025-06-11,36,22.78,2025-05-20,Computex電腦展,2025
廣達,9,46,-21,16,2025-04-18,2025-06-12,37,24.3,2025-05-20,Computex電腦展,2025
廣達,10,11,-20,-19,2025-04-21,2025-04-22,1,-3.66,2025-05-20,Computex電腦展,2025
廣達,10,12,-20,-18,2025-04-21,2025-04-23,2,1.29,2025-05-20,Computex電腦展,2025
廣達,10,13,-20,-17,2025-04-21,2025-04-24,3,-0.86,2025-05-20,Computex電腦展,2025
廣達,10,14,-20,-16,2025-04-21,2025-04-25,4,1.29,2025-05-20,Computex電腦展,2025
廣達,10,15,-20,-15,2025-04-21,2025-04-28,5,5.6,2025-05-20,Computex電腦展,2025
廣達,10,16,-20,-14,2025-04-21,2025-04-29,6,4.53,2025-05-20,Computex電腦展,2025
廣達,10,17,-20,-13,2025-04-21,2025-04-30,7,2.8,2025-05-20,Computex電腦展,2025
廣達,10,18,-20,-12,2025-04-21,2025-05-02,8,8.19,2025-05-20,Computex電腦展,2025
廣達,10,19,-20,-11,2025-04-21,2025-05-05,9,6.25,2025-05-20,Computex電腦展,2025
廣達,10,20,-20,-10,2025-04-21,2025-05-06,10,9.48,2025-05-20,Computex電腦展,2025
廣達,10,21,-20,-9,2025-04-21,2025-05-07,11,9.48,2025-05-20,Computex電腦展,2025
廣達,10,22,-20,-8,2025-04-21,2025-05-08,12,8.41,2025-05-20,Computex電腦展,2025
廣達,10,23,-20,-7,2025-04-21,2025-05-09,13,10.56,2025-05-20,Computex電腦展,2025
廣達,10,24,-20,-6,2025-04-21,2025-05-12,14,11.42,2025-05-20,Computex電腦展,2025
廣達,10,25,-20,-5,2025-04-21,2025-05-13,15,12.93,2025-05-20,Computex電腦展,2025
廣達,10,26,-20,-4,2025-04-21,2025-05-14,16,19.18,2025-05-20,Computex電腦展,2025
廣達,10,27,-20,-3,2025-04-21,2025-05-15,17,19.61,2025-05-20,Computex電腦展,2025
廣達,10,28,-20,-2,2025-04-21,2025-05-16,18,18.53,2025-05-20,Computex電腦展,2025
廣達,10,29,-20,-1,2025-04-21,2025-05-19,19,14.66,2025-05-20,Computex電腦展,2025
廣達,10,30,-20,0,2025-04-21,2025-05-20,20,14.87,2025-05-20,Computex電腦展,2025
廣達,10,31,-20,1,2025-04-21,2025-05-21,21,17.24,2025-05-20,Computex電腦展,2025
廣達,10,32,-20,2,2025-04-21,2025-05-22,22,15.3,2025-05-20,Computex電腦展,2025
廣達,10,33,-20,3,2025-04-21,2025-05-23,23,13.79,2025-05-20,Computex電腦展,2025
廣達,10,34,-20,4,2025-04-21,2025-05-26,24,14.44,2025-05-20,Computex電腦展,2025
廣達,10,35,-20,5,2025-04-21,2025-05-27,25,14.66,2025-05-20,Computex電腦展,2025
廣達,10,36,-20,6,2025-04-21,2025-05-28,26,15.95,2025-05-20,Computex電腦展,2025
廣達,10,37,-20,7,2025-04-21,2025-05-29,27,17.03,2025-05-20,Computex電腦展,2025
廣達,10,38,-20,8,2025-04-21,2025-06-02,28,16.81,2025-05-20,Computex電腦展,2025
廣達,10,39,-20,9,2025-04-21,2025-06-03,29,18.53,2025-05-20,Computex電腦展,2025
廣達,10,40,-20,10,2025-04-21,2025-06-04,30,20.69,2025-05-20,Computex電腦展,2025
廣達,10,41,-20,11,2025-04-21,2025-06-05,31,21.34,2025-05-20,Computex電腦展,2025
廣達,10,42,-20,12,2025-04-21,2025-06-06,32,18.97,2025-05-20,Computex電腦展,2025
廣達,10,43,-20,13,2025-04-21,2025-06-09,33,18.97,2025-05-20,Computex電腦展,2025
廣達,10,44,-20,14,2025-04-21,2025-06-10,34,22.2,2025-05-20,Computex電腦展,2025
廣達,10,45,-20,15,2025-04-21,2025-06-11,35,21.98,2025-05-20,Computex電腦展,2025
廣達,10,46,-20,16,2025-04-21,2025-06-12,36,23.49,2025-05-20,Computex電腦展,2025
廣達,11,12,-19,-18,2025-04-22,2025-04-23,1,5.15,2025-05-20,Computex電腦展,2025
廣達,11,13,-19,-17,2025-04-22,2025-04-24,2,2.91,2025-05-20,Computex電腦展,2025
廣達,11,14,-19,-16,2025-04-22,2025-04-25,3,5.15,2025-05-20,Computex電腦展,2025
廣達,11,15,-19,-15,2025-04-22,2025-04-28,4,9.62,2025-05-20,Computex電腦展,2025
廣達,11,16,-19,-14,2025-04-22,2025-04-29,5,8.5,2025-05-20,Computex電腦展,2025
廣達,11,17,-19,-13,2025-04-22,2025-04-30,6,6.71,2025-05-20,Computex電腦展,2025
廣達,11,18,-19,-12,2025-04-22,2025-05-02,7,12.3,2025-05-20,Computex電腦展,2025
廣達,11,19,-19,-11,2025-04-22,2025-05-05,8,10.29,2025-05-20,Computex電腦展,2025
廣達,11,20,-19,-10,2025-04-22,2025-05-06,9,13.65,2025-05-20,Computex電腦展,2025
廣達,11,21,-19,-9,2025-04-22,2025-05-07,10,13.65,2025-05-20,Computex電腦展,2025
廣達,11,22,-19,-8,2025-04-22,2025-05-08,11,12.53,2025-05-20,Computex電腦展,2025
廣達,11,23,-19,-7,2025-04-22,2025-05-09,12,14.77,2025-05-20,Computex電腦展,2025
廣達,11,24,-19,-6,2025-04-22,2025-05-12,13,15.66,2025-05-20,Computex電腦展,2025
廣達,11,25,-19,-5,2025-04-22,2025-05-13,14,17.23,2025-05-20,Computex電腦展,2025
廣達,11,26,-19,-4,2025-04-22,2025-05-14,15,23.71,2025-05-20,Computex電腦展,2025
廣達,11,27,-19,-3,2025-04-22,2025-05-15,16,24.16,2025-05-20,Computex電腦展,2025
廣達,11,28,-19,-2,2025-04-22,2025-05-16,17,23.04,2025-05-20,Computex電腦展,2025
廣達,11,29,-19,-1,2025-04-22,2025-05-19,18,19.02,2025-05-20,Computex電腦展,2025
廣達,11,30,-19,0,2025-04-22,2025-05-20,19,19.24,2025-05-20,Computex電腦展,2025
廣達,11,31,-19,1,2025-04-22,2025-05-21,20,21.7,2025-05-20,Computex電腦展,2025
廣達,11,32,-19,2,2025-04-22,2025-05-22,21,19.69,2025-05-20,Computex電腦展,2025
廣達,11,33,-19,3,2025-04-22,2025-05-23,22,18.12,2025-05-20,Computex電腦展,2025
廣達,11,34,-19,4,2025-04-22,2025-05-26,23,18.79,2025-05-20,Computex電腦展,2025
廣達,11,35,-19,5,2025-04-22,2025-05-27,24,19.02,2025-05-20,Computex電腦展,2025
廣達,11,36,-19,6,2025-04-22,2025-05-28,25,20.36,2025-05-20,Computex電腦展,2025
廣達,11,37,-19,7,2025-04-22,2025-05-29,26,21.48,2025-05-20,Computex電腦展,2025
廣達,11,38,-19,8,2025-04-22,2025-06-02,27,21.25,2025-05-20,Computex電腦展,2025
廣達,11,39,-19,9,2025-04-22,2025-06-03,28,23.04,2025-05-20,Computex電腦展,2025
廣達,11,40,-19,10,2025-04-22,2025-06-04,29,25.28,2025-05-20,Computex電腦展,2025
廣達,11,41,-19,11,2025-04-22,2025-06-05,30,25.95,2025-05-20,Computex電腦展,2025
廣達,11,42,-19,12,2025-04-22,2025-06-06,31,23.49,2025-05-20,Computex電腦展,2025
廣達,11,43,-19,13,2025-04-22,2025-06-09,32,23.49,2025-05-20,Computex電腦展,2025
廣達,11,44,-19,14,2025-04-22,2025-06-10,33,26.85,2025-05-20,Computex電腦展,2025
廣達,11,45,-19,15,2025-04-22,2025-06-11,34,26.62,2025-05-20,Computex電腦展,2025
廣達,11,46,-19,16,2025-04-22,2025-06-12,35,28.19,2025-05-20,Computex電腦展,2025
廣達,12,13,-18,-17,2025-04-23,2025-04-24,1,-2.13,2025-05-20,Computex電腦展,2025
廣達,12,14,-18,-16,2025-04-23,2025-04-25,2,0.0,2025-05-20,Computex電腦展,2025
廣達,12,15,-18,-15,2025-04-23,2025-04-28,3,4.26,2025-05-20,Computex電腦展,2025
廣達,12,16,-18,-14,2025-04-23,2025-04-29,4,3.19,2025-05-20,Computex電腦展,2025
廣達,12,17,-18,-13,2025-04-23,2025-04-30,5,1.49,2025-05-20,Computex電腦展,2025
廣達,12,18,-18,-12,2025-04-23,2025-05-02,6,6.81,2025-05-20,Computex電腦展,2025
廣達,12,19,-18,-11,2025-04-23,2025-05-05,7,4.89,2025-05-20,Computex電腦展,2025
廣達,12,20,-18,-10,2025-04-23,2025-05-06,8,8.09,2025-05-20,Computex電腦展,2025
廣達,12,21,-18,-9,2025-04-23,2025-05-07,9,8.09,2025-05-20,Computex電腦展,2025
廣達,12,22,-18,-8,2025-04-23,2025-05-08,10,7.02,2025-05-20,Computex電腦展,2025
廣達,12,23,-18,-7,2025-04-23,2025-05-09,11,9.15,2025-05-20,Computex電腦展,2025
廣達,12,24,-18,-6,2025-04-23,2025-05-12,12,10.0,2025-05-20,Computex電腦展,2025
廣達,12,25,-18,-5,2025-04-23,2025-05-13,13,11.49,2025-05-20,Computex電腦展,2025
廣達,12,26,-18,-4,2025-04-23,2025-05-14,14,17.66,2025-05-20,Computex電腦展,2025
廣達,12,27,-18,-3,2025-04-23,2025-05-15,15,18.09,2025-05-20,Computex電腦展,2025
廣達,12,28,-18,-2,2025-04-23,2025-05-16,16,17.02,2025-05-20,Computex電腦展,2025
廣達,12,29,-18,-1,2025-04-23,2025-05-19,17,13.19,2025-05-20,Computex電腦展,2025
廣達,12,30,-18,0,2025-04-23,2025-05-20,18,13.4,2025-05-20,Computex電腦展,2025
廣達,12,31,-18,1,2025-04-23,2025-05-21,19,15.74,2025-05-20,Computex電腦展,2025
廣達,12,32,-18,2,2025-04-23,2025-05-22,20,13.83,2025-05-20,Computex電腦展,2025
廣達,12,33,-18,3,2025-04-23,2025-05-23,21,12.34,2025-05-20,Computex電腦展,2025
廣達,12,34,-18,4,2025-04-23,2025-05-26,22,12.98,2025-05-20,Computex電腦展,2025
廣達,12,35,-18,5,2025-04-23,2025-05-27,23,13.19,2025-05-20,Computex電腦展,2025
廣達,12,36,-18,6,2025-04-23,2025-05-28,24,14.47,2025-05-20,Computex電腦展,2025
廣達,12,37,-18,7,2025-04-23,2025-05-29,25,15.53,2025-05-20,Computex電腦展,2025
廣達,12,38,-18,8,2025-04-23,2025-06-02,26,15.32,2025-05-20,Computex電腦展,2025
廣達,12,39,-18,9,2025-04-23,2025-06-03,27,17.02,2025-05-20,Computex電腦展,2025
廣達,12,40,-18,10,2025-04-23,2025-06-04,28,19.15,2025-05-20,Computex電腦展,2025
廣達,12,41,-18,11,2025-04-23,2025-06-05,29,19.79,2025-05-20,Computex電腦展,2025
廣達,12,42,-18,12,2025-04-23,2025-06-06,30,17.45,2025-05-20,Computex電腦展,2025
廣達,12,43,-18,13,2025-04-23,2025-06-09,31,17.45,2025-05-20,Computex電腦展,2025
廣達,12,44,-18,14,2025-04-23,2025-06-10,32,20.64,2025-05-20,Computex電腦展,2025
廣達,12,45,-18,15,2025-04-23,2025-06-11,33,20.43,2025-05-20,Computex電腦展,2025
廣達,12,46,-18,16,2025-04-23,2025-06-12,34,21.91,2025-05-20,Computex電腦展,2025
廣達,13,14,-17,-16,2025-04-24,2025-04-25,1,2.17,2025-05-20,Computex電腦展,2025
廣達,13,15,-17,-15,2025-04-24,2025-04-28,2,6.52,2025-05-20,Computex電腦展,2025
廣達,13,16,-17,-14,2025-04-24,2025-04-29,3,5.43,2025-05-20,Computex電腦展,2025
廣達,13,17,-17,-13,2025-04-24,2025-04-30,4,3.7,2025-05-20,Computex電腦展,2025
廣達,13,18,-17,-12,2025-04-24,2025-05-02,5,9.13,2025-05-20,Computex電腦展,2025
廣達,13,19,-17,-11,2025-04-24,2025-05-05,6,7.17,2025-05-20,Computex電腦展,2025
廣達,13,20,-17,-10,2025-04-24,2025-05-06,7,10.43,2025-05-20,Computex電腦展,2025
廣達,13,21,-17,-9,2025-04-24,2025-05-07,8,10.43,2025-05-20,Computex電腦展,2025
廣達,13,22,-17,-8,2025-04-24,2025-05-08,9,9.35,2025-05-20,Computex電腦展,2025
廣達,13,23,-17,-7,2025-04-24,2025-05-09,10,11.52,2025-05-20,Computex電腦展,2025
廣達,13,24,-17,-6,2025-04-24,2025-05-12,11,12.39,2025-05-20,Computex電腦展,2025
廣達,13,25,-17,-5,2025-04-24,2025-05-13,12,13.91,2025-05-20,Computex電腦展,2025
廣達,13,26,-17,-4,2025-04-24,2025-05-14,13,20.22,2025-05-20,Computex電腦展,2025
廣達,13,27,-17,-3,2025-04-24,2025-05-15,14,20.65,2025-05-20,Computex電腦展,2025
廣達,13,28,-17,-2,2025-04-24,2025-05-16,15,19.57,2025-05-20,Computex電腦展,2025
廣達,13,29,-17,-1,2025-04-24,2025-05-19,16,15.65,2025-05-20,Computex電腦展,2025
廣達,13,30,-17,0,2025-04-24,2025-05-20,17,15.87,2025-05-20,Computex電腦展,2025
廣達,13,31,-17,1,2025-04-24,2025-05-21,18,18.26,2025-05-20,Computex電腦展,2025
廣達,13,32,-17,2,2025-04-24,2025-05-22,19,16.3,2025-05-20,Computex電腦展,2025
廣達,13,33,-17,3,2025-04-24,2025-05-23,20,14.78,2025-05-20,Computex電腦展,2025
廣達,13,34,-17,4,2025-04-24,2025-05-26,21,15.43,2025-05-20,Computex電腦展,2025
廣達,13,35,-17,5,2025-04-24,2025-05-27,22,15.65,2025-05-20,Computex電腦展,2025
廣達,13,36,-17,6,2025-04-24,2025-05-28,23,16.96,2025-05-20,Computex電腦展,2025
廣達,13,37,-17,7,2025-04-24,2025-05-29,24,18.04,2025-05-20,Computex電腦展,2025
廣達,13,38,-17,8,2025-04-24,2025-06-02,25,17.83,2025-05-20,Computex電腦展,2025
廣達,13,39,-17,9,2025-04-24,2025-06-03,26,19.57,2025-05-20,Computex電腦展,2025
廣達,13,40,-17,10,2025-04-24,2025-06-04,27,21.74,2025-05-20,Computex電腦展,2025
廣達,13,41,-17,11,2025-04-24,2025-06-05,28,22.39,2025-05-20,Computex電腦展,2025
廣達,13,42,-17,12,2025-04-24,2025-06-06,29,20.0,2025-05-20,Computex電腦展,2025
廣達,13,43,-17,13,2025-04-24,2025-06-09,30,20.0,2025-05-20,Computex電腦展,2025
廣達,13,44,-17,14,2025-04-24,2025-06-10,31,23.26,2025-05-20,Computex電腦展,2025
廣達,13,45,-17,15,2025-04-24,2025-06-11,32,23.04,2025-05-20,Computex電腦展,2025
廣達,13,46,-17,16,2025-04-24,2025-06-12,33,24.57,2025-05-20,Computex電腦展,2025
廣達,14,15,-16,-15,2025-04-25,2025-04-28,1,4.26,2025-05-20,Computex電腦展,2025
廣達,14,16,-16,-14,2025-04-25,2025-04-29,2,3.19,2025-05-20,Computex電腦展,2025
廣達,14,17,-16,-13,2025-04-25,2025-04-30,3,1.49,2025-05-20,Computex電腦展,2025
廣達,14,18,-16,-12,2025-04-25,2025-05-02,4,6.81,2025-05-20,Computex電腦展,2025
廣達,14,19,-16,-11,2025-04-25,2025-05-05,5,4.89,2025-05-20,Computex電腦展,2025
廣達,14,20,-16,-10,2025-04-25,2025-05-06,6,8.09,2025-05-20,Computex電腦展,2025
廣達,14,21,-16,-9,2025-04-25,2025-05-07,7,8.09,2025-05-20,Computex電腦展,2025
廣達,14,22,-16,-8,2025-04-25,2025-05-08,8,7.02,2025-05-20,Computex電腦展,2025
廣達,14,23,-16,-7,2025-04-25,2025-05-09,9,9.15,2025-05-20,Computex電腦展,2025
廣達,14,24,-16,-6,2025-04-25,2025-05-12,10,10.0,2025-05-20,Computex電腦展,2025
廣達,14,25,-16,-5,2025-04-25,2025-05-13,11,11.49,2025-05-20,Computex電腦展,2025
廣達,14,26,-16,-4,2025-04-25,2025-05-14,12,17.66,2025-05-20,Computex電腦展,2025
廣達,14,27,-16,-3,2025-04-25,2025-05-15,13,18.09,2025-05-20,Computex電腦展,2025
廣達,14,28,-16,-2,2025-04-25,2025-05-16,14,17.02,2025-05-20,Computex電腦展,2025
廣達,14,29,-16,-1,2025-04-25,2025-05-19,15,13.19,2025-05-20,Computex電腦展,2025
廣達,14,30,-16,0,2025-04-25,2025-05-20,16,13.4,2025-05-20,Computex電腦展,2025
廣達,14,31,-16,1,2025-04-25,2025-05-21,17,15.74,2025-05-20,Computex電腦展,2025
廣達,14,32,-16,2,2025-04-25,2025-05-22,18,13.83,2025-05-20,Computex電腦展,2025
廣達,14,33,-16,3,2025-04-25,2025-05-23,19,12.34,2025-05-20,Computex電腦展,2025
廣達,14,34,-16,4,2025-04-25,2025-05-26,20,12.98,2025-05-20,Computex電腦展,2025
廣達,14,35,-16,5,2025-04-25,2025-05-27,21,13.19,2025-05-20,Computex電腦展,2025
廣達,14,36,-16,6,2025-04-25,2025-05-28,22,14.47,2025-05-20,Computex電腦展,2025
廣達,14,37,-16,7,2025-04-25,2025-05-29,23,15.53,2025-05-20,Computex電腦展,2025
廣達,14,38,-16,8,2025-04-25,2025-06-02,24,15.32,2025-05-20,Computex電腦展,2025
廣達,14,39,-16,9,2025-04-25,2025-06-03,25,17.02,2025-05-20,Computex電腦展,2025
廣達,14,40,-16,10,2025-04-25,2025-06-04,26,19.15,2025-05-20,Computex電腦展,2025
廣達,14,41,-16,11,2025-04-25,2025-06-05,27,19.79,2025-05-20,Computex電腦展,2025
廣達,14,42,-16,12,2025-04-25,2025-06-06,28,17.45,2025-05-20,Computex電腦展,2025
廣達,14,43,-16,13,2025-04-25,2025-06-09,29,17.45,2025-05-20,Computex電腦展,2025
廣達,14,44,-16,14,2025-04-25,2025-06-10,30,20.64,2025-05-20,Computex電腦展,2025
廣達,14,45,-16,15,2025-04-25,2025-06-11,31,20.43,2025-05-20,Computex電腦展,2025
廣達,14,46,-16,16,2025-04-25,2025-06-12,32,21.91,2025-05-20,Computex電腦展,2025
廣達,15,16,-15,-14,2025-04-28,2025-04-29,1,-1.02,2025-05-20,Computex電腦展,2025
廣達,15,17,-15,-13,2025-04-28,2025-04-30,2,-2.65,2025-05-20,Computex電腦展,2025
廣達,15,18,-15,-12,2025-04-28,2025-05-02,3,2.45,2025-05-20,Computex電腦展,2025
廣達,15,19,-15,-11,2025-04-28,2025-05-05,4,0.61,2025-05-20,Computex電腦展,2025
廣達,15,20,-15,-10,2025-04-28,2025-05-06,5,3.67,2025-05-20,Computex電腦展,2025
廣達,15,21,-15,-9,2025-04-28,2025-05-07,6,3.67,2025-05-20,Computex電腦展,2025
廣達,15,22,-15,-8,2025-04-28,2025-05-08,7,2.65,2025-05-20,Computex電腦展,2025
廣達,15,23,-15,-7,2025-04-28,2025-05-09,8,4.69,2025-05-20,Computex電腦展,2025
廣達,15,24,-15,-6,2025-04-28,2025-05-12,9,5.51,2025-05-20,Computex電腦展,2025
廣達,15,25,-15,-5,2025-04-28,2025-05-13,10,6.94,2025-05-20,Computex電腦展,2025
廣達,15,26,-15,-4,2025-04-28,2025-05-14,11,12.86,2025-05-20,Computex電腦展,2025
廣達,15,27,-15,-3,2025-04-28,2025-05-15,12,13.27,2025-05-20,Computex電腦展,2025
廣達,15,28,-15,-2,2025-04-28,2025-05-16,13,12.24,2025-05-20,Computex電腦展,2025
廣達,15,29,-15,-1,2025-04-28,2025-05-19,14,8.57,2025-05-20,Computex電腦展,2025
廣達,15,30,-15,0,2025-04-28,2025-05-20,15,8.78,2025-05-20,Computex電腦展,2025
廣達,15,31,-15,1,2025-04-28,2025-05-21,16,11.02,2025-05-20,Computex電腦展,2025
廣達,15,32,-15,2,2025-04-28,2025-05-22,17,9.18,2025-05-20,Computex電腦展,2025
廣達,15,33,-15,3,2025-04-28,2025-05-23,18,7.76,2025-05-20,Computex電腦展,2025
廣達,15,34,-15,4,2025-04-28,2025-05-26,19,8.37,2025-05-20,Computex電腦展,2025
廣達,15,35,-15,5,2025-04-28,2025-05-27,20,8.57,2025-05-20,Computex電腦展,2025
廣達,15,36,-15,6,2025-04-28,2025-05-28,21,9.8,2025-05-20,Computex電腦展,2025
廣達,15,37,-15,7,2025-04-28,2025-05-29,22,10.82,2025-05-20,Computex電腦展,2025
廣達,15,38,-15,8,2025-04-28,2025-06-02,23,10.61,2025-05-20,Computex電腦展,2025
廣達,15,39,-15,9,2025-04-28,2025-06-03,24,12.24,2025-05-20,Computex電腦展,2025
廣達,15,40,-15,10,2025-04-28,2025-06-04,25,14.29,2025-05-20,Computex電腦展,2025
廣達,15,41,-15,11,2025-04-28,2025-06-05,26,14.9,2025-05-20,Computex電腦展,2025
廣達,15,42,-15,12,2025-04-28,2025-06-06,27,12.65,2025-05-20,Computex電腦展,2025
廣達,15,43,-15,13,2025-04-28,2025-06-09,28,12.65,2025-05-20,Computex電腦展,2025
廣達,15,44,-15,14,2025-04-28,2025-06-10,29,15.71,2025-05-20,Computex電腦展,2025
廣達,15,45,-15,15,2025-04-28,2025-06-11,30,15.51,2025-05-20,Computex電腦展,2025
廣達,15,46,-15,16,2025-04-28,2025-06-12,31,16.94,2025-05-20,Computex電腦展,2025
廣達,16,17,-14,-13,2025-04-29,2025-04-30,1,-1.65,2025-05-20,Computex電腦展,2025
廣達,16,18,-14,-12,2025-04-29,2025-05-02,2,3.51,2025-05-20,Computex電腦展,2025
廣達,16,19,-14,-11,2025-04-29,2025-05-05,3,1.65,2025-05-20,Computex電腦展,2025
廣達,16,20,-14,-10,2025-04-29,2025-05-06,4,4.74,2025-05-20,Computex電腦展,2025
廣達,16,21,-14,-9,2025-04-29,2025-05-07,5,4.74,2025-05-20,Computex電腦展,2025
廣達,16,22,-14,-8,2025-04-29,2025-05-08,6,3.71,2025-05-20,Computex電腦展,2025
廣達,16,23,-14,-7,2025-04-29,2025-05-09,7,5.77,2025-05-20,Computex電腦展,2025
廣達,16,24,-14,-6,2025-04-29,2025-05-12,8,6.6,2025-05-20,Computex電腦展,2025
廣達,16,25,-14,-5,2025-04-29,2025-05-13,9,8.04,2025-05-20,Computex電腦展,2025
廣達,16,26,-14,-4,2025-04-29,2025-05-14,10,14.02,2025-05-20,Computex電腦展,2025
廣達,16,27,-14,-3,2025-04-29,2025-05-15,11,14.43,2025-05-20,Computex電腦展,2025
廣達,16,28,-14,-2,2025-04-29,2025-05-16,12,13.4,2025-05-20,Computex電腦展,2025
廣達,16,29,-14,-1,2025-04-29,2025-05-19,13,9.69,2025-05-20,Computex電腦展,2025
廣達,16,30,-14,0,2025-04-29,2025-05-20,14,9.9,2025-05-20,Computex電腦展,2025
廣達,16,31,-14,1,2025-04-29,2025-05-21,15,12.16,2025-05-20,Computex電腦展,2025
廣達,16,32,-14,2,2025-04-29,2025-05-22,16,10.31,2025-05-20,Computex電腦展,2025
廣達,16,33,-14,3,2025-04-29,2025-05-23,17,8.87,2025-05-20,Computex電腦展,2025
廣達,16,34,-14,4,2025-04-29,2025-05-26,18,9.48,2025-05-20,Computex電腦展,2025
廣達,16,35,-14,5,2025-04-29,2025-05-27,19,9.69,2025-05-20,Computex電腦展,2025
廣達,16,36,-14,6,2025-04-29,2025-05-28,20,10.93,2025-05-20,Computex電腦展,2025
廣達,16,37,-14,7,2025-04-29,2025-05-29,21,11.96,2025-05-20,Computex電腦展,2025
廣達,16,38,-14,8,2025-04-29,2025-06-02,22,11.75,2025-05-20,Computex電腦展,2025
廣達,16,39,-14,9,2025-04-29,2025-06-03,23,13.4,2025-05-20,Computex電腦展,2025
廣達,16,40,-14,10,2025-04-29,2025-06-04,24,15.46,2025-05-20,Computex電腦展,2025
廣達,16,41,-14,11,2025-04-29,2025-06-05,25,16.08,2025-05-20,Computex電腦展,2025
廣達,16,42,-14,12,2025-04-29,2025-06-06,26,13.81,2025-05-20,Computex電腦展,2025
廣達,16,43,-14,13,2025-04-29,2025-06-09,27,13.81,2025-05-20,Computex電腦展,2025
廣達,16,44,-14,14,2025-04-29,2025-06-10,28,16.91,2025-05-20,Computex電腦展,2025
廣達,16,45,-14,15,2025-04-29,2025-06-11,29,16.7,2025-05-20,Computex電腦展,2025
廣達,16,46,-14,16,2025-04-29,2025-06-12,30,18.14,2025-05-20,Computex電腦展,2025
廣達,17,18,-13,-12,2025-04-30,2025-05-02,1,5.24,2025-05-20,Computex電腦展,2025
廣達,17,19,-13,-11,2025-04-30,2025-05-05,2,3.35,2025-05-20,Computex電腦展,2025
廣達,17,20,-13,-10,2025-04-30,2025-05-06,3,6.5,2025-05-20,Computex電腦展,2025
廣達,17,21,-13,-9,2025-04-30,2025-05-07,4,6.5,2025-05-20,Computex電腦展,2025
廣達,17,22,-13,-8,2025-04-30,2025-05-08,5,5.45,2025-05-20,Computex電腦展,2025
廣達,17,23,-13,-7,2025-04-30,2025-05-09,6,7.55,2025-05-20,Computex電腦展,2025
廣達,17,24,-13,-6,2025-04-30,2025-05-12,7,8.39,2025-05-20,Computex電腦展,2025
廣達,17,25,-13,-5,2025-04-30,2025-05-13,8,9.85,2025-05-20,Computex電腦展,2025
廣達,17,26,-13,-4,2025-04-30,2025-05-14,9,15.93,2025-05-20,Computex電腦展,2025
廣達,17,27,-13,-3,2025-04-30,2025-05-15,10,16.35,2025-05-20,Computex電腦展,2025
廣達,17,28,-13,-2,2025-04-30,2025-05-16,11,15.3,2025-05-20,Computex電腦展,2025
廣達,17,29,-13,-1,2025-04-30,2025-05-19,12,11.53,2025-05-20,Computex電腦展,2025
廣達,17,30,-13,0,2025-04-30,2025-05-20,13,11.74,2025-05-20,Computex電腦展,2025
廣達,17,31,-13,1,2025-04-30,2025-05-21,14,14.05,2025-05-20,Computex電腦展,2025
廣達,17,32,-13,2,2025-04-30,2025-05-22,15,12.16,2025-05-20,Computex電腦展,2025
廣達,17,33,-13,3,2025-04-30,2025-05-23,16,10.69,2025-05-20,Computex電腦展,2025
廣達,17,34,-13,4,2025-04-30,2025-05-26,17,11.32,2025-05-20,Computex電腦展,2025
廣達,17,35,-13,5,2025-04-30,2025-05-27,18,11.53,2025-05-20,Computex電腦展,2025
廣達,17,36,-13,6,2025-04-30,2025-05-28,19,12.79,2025-05-20,Computex電腦展,2025
廣達,17,37,-13,7,2025-04-30,2025-05-29,20,13.84,2025-05-20,Computex電腦展,2025
廣達,17,38,-13,8,2025-04-30,2025-06-02,21,13.63,2025-05-20,Computex電腦展,2025
廣達,17,39,-13,9,2025-04-30,2025-06-03,22,15.3,2025-05-20,Computex電腦展,2025
廣達,17,40,-13,10,2025-04-30,2025-06-04,23,17.4,2025-05-20,Computex電腦展,2025
廣達,17,41,-13,11,2025-04-30,2025-06-05,24,18.03,2025-05-20,Computex電腦展,2025
廣達,17,42,-13,12,2025-04-30,2025-06-06,25,15.72,2025-05-20,Computex電腦展,2025
廣達,17,43,-13,13,2025-04-30,2025-06-09,26,15.72,2025-05-20,Computex電腦展,2025
廣達,17,44,-13,14,2025-04-30,2025-06-10,27,18.87,2025-05-20,Computex電腦展,2025
廣達,17,45,-13,15,2025-04-30,2025-06-11,28,18.66,2025-05-20,Computex電腦展,2025
廣達,17,46,-13,16,2025-04-30,2025-06-12,29,20.13,2025-05-20,Computex電腦展,2025
廣達,18,19,-12,-11,2025-05-02,2025-05-05,1,-1.79,2025-05-20,Computex電腦展,2025
廣達,18,20,-12,-10,2025-05-02,2025-05-06,2,1.2,2025-05-20,Computex電腦展,2025
廣達,18,21,-12,-9,2025-05-02,2025-05-07,3,1.2,2025-05-20,Computex電腦展,2025
廣達,18,22,-12,-8,2025-05-02,2025-05-08,4,0.2,2025-05-20,Computex電腦展,2025
廣達,18,23,-12,-7,2025-05-02,2025-05-09,5,2.19,2025-05-20,Computex電腦展,2025
廣達,18,24,-12,-6,2025-05-02,2025-05-12,6,2.99,2025-05-20,Computex電腦展,2025
廣達,18,25,-12,-5,2025-05-02,2025-05-13,7,4.38,2025-05-20,Computex電腦展,2025
廣達,18,26,-12,-4,2025-05-02,2025-05-14,8,10.16,2025-05-20,Computex電腦展,2025
廣達,18,27,-12,-3,2025-05-02,2025-05-15,9,10.56,2025-05-20,Computex電腦展,2025
廣達,18,28,-12,-2,2025-05-02,2025-05-16,10,9.56,2025-05-20,Computex電腦展,2025
廣達,18,29,-12,-1,2025-05-02,2025-05-19,11,5.98,2025-05-20,Computex電腦展,2025
廣達,18,30,-12,0,2025-05-02,2025-05-20,12,6.18,2025-05-20,Computex電腦展,2025
廣達,18,31,-12,1,2025-05-02,2025-05-21,13,8.37,2025-05-20,Computex電腦展,2025
廣達,18,32,-12,2,2025-05-02,2025-05-22,14,6.57,2025-05-20,Computex電腦展,2025
廣達,18,33,-12,3,2025-05-02,2025-05-23,15,5.18,2025-05-20,Computex電腦展,2025
廣達,18,34,-12,4,2025-05-02,2025-05-26,16,5.78,2025-05-20,Computex電腦展,2025
廣達,18,35,-12,5,2025-05-02,2025-05-27,17,5.98,2025-05-20,Computex電腦展,2025
廣達,18,36,-12,6,2025-05-02,2025-05-28,18,7.17,2025-05-20,Computex電腦展,2025
廣達,18,37,-12,7,2025-05-02,2025-05-29,19,8.17,2025-05-20,Computex電腦展,2025
廣達,18,38,-12,8,2025-05-02,2025-06-02,20,7.97,2025-05-20,Computex電腦展,2025
廣達,18,39,-12,9,2025-05-02,2025-06-03,21,9.56,2025-05-20,Computex電腦展,2025
廣達,18,40,-12,10,2025-05-02,2025-06-04,22,11.55,2025-05-20,Computex電腦展,2025
廣達,18,41,-12,11,2025-05-02,2025-06-05,23,12.15,2025-05-20,Computex電腦展,2025
廣達,18,42,-12,12,2025-05-02,2025-06-06,24,9.96,2025-05-20,Computex電腦展,2025
廣達,18,43,-12,13,2025-05-02,2025-06-09,25,9.96,2025-05-20,Computex電腦展,2025
廣達,18,44,-12,14,2025-05-02,2025-06-10,26,12.95,2025-05-20,Computex電腦展,2025
廣達,18,45,-12,15,2025-05-02,2025-06-11,27,12.75,2025-05-20,Computex電腦展,2025
廣達,18,46,-12,16,2025-05-02,2025-06-12,28,14.14,2025-05-20,Computex電腦展,2025
廣達,19,20,-11,-10,2025-05-05,2025-05-06,1,3.04,2025-05-20,Computex電腦展,2025
廣達,19,21,-11,-9,2025-05-05,2025-05-07,2,3.04,2025-05-20,Computex電腦展,2025
廣達,19,22,-11,-8,2025-05-05,2025-05-08,3,2.03,2025-05-20,Computex電腦展,2025
廣達,19,23,-11,-7,2025-05-05,2025-05-09,4,4.06,2025-05-20,Computex電腦展,2025
廣達,19,24,-11,-6,2025-05-05,2025-05-12,5,4.87,2025-05-20,Computex電腦展,2025
廣達,19,25,-11,-5,2025-05-05,2025-05-13,6,6.29,2025-05-20,Computex電腦展,2025
廣達,19,26,-11,-4,2025-05-05,2025-05-14,7,12.17,2025-05-20,Computex電腦展,2025
廣達,19,27,-11,-3,2025-05-05,2025-05-15,8,12.58,2025-05-20,Computex電腦展,2025
廣達,19,28,-11,-2,2025-05-05,2025-05-16,9,11.56,2025-05-20,Computex電腦展,2025
廣達,19,29,-11,-1,2025-05-05,2025-05-19,10,7.91,2025-05-20,Computex電腦展,2025
廣達,19,30,-11,0,2025-05-05,2025-05-20,11,8.11,2025-05-20,Computex電腦展,2025
廣達,19,31,-11,1,2025-05-05,2025-05-21,12,10.34,2025-05-20,Computex電腦展,2025
廣達,19,32,-11,2,2025-05-05,2025-05-22,13,8.52,2025-05-20,Computex電腦展,2025
廣達,19,33,-11,3,2025-05-05,2025-05-23,14,7.1,2025-05-20,Computex電腦展,2025
廣達,19,34,-11,4,2025-05-05,2025-05-26,15,7.71,2025-05-20,Computex電腦展,2025
廣達,19,35,-11,5,2025-05-05,2025-05-27,16,7.91,2025-05-20,Computex電腦展,2025
廣達,19,36,-11,6,2025-05-05,2025-05-28,17,9.13,2025-05-20,Computex電腦展,2025
廣達,19,37,-11,7,2025-05-05,2025-05-29,18,10.14,2025-05-20,Computex電腦展,2025
廣達,19,38,-11,8,2025-05-05,2025-06-02,19,9.94,2025-05-20,Computex電腦展,2025
廣達,19,39,-11,9,2025-05-05,2025-06-03,20,11.56,2025-05-20,Computex電腦展,2025
廣達,19,40,-11,10,2025-05-05,2025-06-04,21,13.59,2025-05-20,Computex電腦展,2025
廣達,19,41,-11,11,2025-05-05,2025-06-05,22,14.2,2025-05-20,Computex電腦展,2025
廣達,19,42,-11,12,2025-05-05,2025-06-06,23,11.97,2025-05-20,Computex電腦展,2025
廣達,19,43,-11,13,2025-05-05,2025-06-09,24,11.97,2025-05-20,Computex電腦展,2025
廣達,19,44,-11,14,2025-05-05,2025-06-10,25,15.01,2025-05-20,Computex電腦展,2025
廣達,19,45,-11,15,2025-05-05,2025-06-11,26,14.81,2025-05-20,Computex電腦展,2025
廣達,19,46,-11,16,2025-05-05,2025-06-12,27,16.23,2025-05-20,Computex電腦展,2025
廣達,20,21,-10,-9,2025-05-06,2025-05-07,1,0.0,2025-05-20,Computex電腦展,2025
廣達,20,22,-10,-8,2025-05-06,2025-05-08,2,-0.98,2025-05-20,Computex電腦展,2025
廣達,20,23,-10,-7,2025-05-06,2025-05-09,3,0.98,2025-05-20,Computex電腦展,2025
廣達,20,24,-10,-6,2025-05-06,2025-05-12,4,1.77,2025-05-20,Computex電腦展,2025
廣達,20,25,-10,-5,2025-05-06,2025-05-13,5,3.15,2025-05-20,Computex電腦展,2025
廣達,20,26,-10,-4,2025-05-06,2025-05-14,6,8.86,2025-05-20,Computex電腦展,2025
廣達,20,27,-10,-3,2025-05-06,2025-05-15,7,9.25,2025-05-20,Computex電腦展,2025
廣達,20,28,-10,-2,2025-05-06,2025-05-16,8,8.27,2025-05-20,Computex電腦展,2025
廣達,20,29,-10,-1,2025-05-06,2025-05-19,9,4.72,2025-05-20,Computex電腦展,2025
廣達,20,30,-10,0,2025-05-06,2025-05-20,10,4.92,2025-05-20,Computex電腦展,2025
廣達,20,31,-10,1,2025-05-06,2025-05-21,11,7.09,2025-05-20,Computex電腦展,2025
廣達,20,32,-10,2,2025-05-06,2025-05-22,12,5.31,2025-05-20,Computex電腦展,2025
廣達,20,33,-10,3,2025-05-06,2025-05-23,13,3.94,2025-05-20,Computex電腦展,2025
廣達,20,34,-10,4,2025-05-06,2025-05-26,14,4.53,2025-05-20,Computex電腦展,2025
廣達,20,35,-10,5,2025-05-06,2025-05-27,15,4.72,2025-05-20,Computex電腦展,2025
廣達,20,36,-10,6,2025-05-06,2025-05-28,16,5.91,2025-05-20,Computex電腦展,2025
廣達,20,37,-10,7,2025-05-06,2025-05-29,17,6.89,2025-05-20,Computex電腦展,2025
廣達,20,38,-10,8,2025-05-06,2025-06-02,18,6.69,2025-05-20,Computex電腦展,2025
廣達,20,39,-10,9,2025-05-06,2025-06-03,19,8.27,2025-05-20,Computex電腦展,2025
廣達,20,40,-10,10,2025-05-06,2025-06-04,20,10.24,2025-05-20,Computex電腦展,2025
廣達,20,41,-10,11,2025-05-06,2025-06-05,21,10.83,2025-05-20,Computex電腦展,2025
廣達,20,42,-10,12,2025-05-06,2025-06-06,22,8.66,2025-05-20,Computex電腦展,2025
廣達,20,43,-10,13,2025-05-06,2025-06-09,23,8.66,2025-05-20,Computex電腦展,2025
廣達,20,44,-10,14,2025-05-06,2025-06-10,24,11.61,2025-05-20,Computex電腦展,2025
廣達,20,45,-10,15,2025-05-06,2025-06-11,25,11.42,2025-05-20,Computex電腦展,2025
廣達,20,46,-10,16,2025-05-06,2025-06-12,26,12.8,2025-05-20,Computex電腦展,2025
廣達,21,22,-9,-8,2025-05-07,2025-05-08,1,-0.98,2025-05-20,Computex電腦展,2025
廣達,21,23,-9,-7,2025-05-07,2025-05-09,2,0.98,2025-05-20,Computex電腦展,2025
廣達,21,24,-9,-6,2025-05-07,2025-05-12,3,1.77,2025-05-20,Computex電腦展,2025
廣達,21,25,-9,-5,2025-05-07,2025-05-13,4,3.15,2025-05-20,Computex電腦展,2025
廣達,21,26,-9,-4,2025-05-07,2025-05-14,5,8.86,2025-05-20,Computex電腦展,2025
廣達,21,27,-9,-3,2025-05-07,2025-05-15,6,9.25,2025-05-20,Computex電腦展,2025
廣達,21,28,-9,-2,2025-05-07,2025-05-16,7,8.27,2025-05-20,Computex電腦展,2025
廣達,21,29,-9,-1,2025-05-07,2025-05-19,8,4.72,2025-05-20,Computex電腦展,2025
廣達,21,30,-9,0,2025-05-07,2025-05-20,9,4.92,2025-05-20,Computex電腦展,2025
廣達,21,31,-9,1,2025-05-07,2025-05-21,10,7.09,2025-05-20,Computex電腦展,2025
廣達,21,32,-9,2,2025-05-07,2025-05-22,11,5.31,2025-05-20,Computex電腦展,2025
廣達,21,33,-9,3,2025-05-07,2025-05-23,12,3.94,2025-05-20,Computex電腦展,2025
廣達,21,34,-9,4,2025-05-07,2025-05-26,13,4.53,2025-05-20,Computex電腦展,2025
廣達,21,35,-9,5,2025-05-07,2025-05-27,14,4.72,2025-05-20,Computex電腦展,2025
廣達,21,36,-9,6,2025-05-07,2025-05-28,15,5.91,2025-05-20,Computex電腦展,2025
廣達,21,37,-9,7,2025-05-07,2025-05-29,16,6.89,2025-05-20,Computex電腦展,2025
廣達,21,38,-9,8,2025-05-07,2025-06-02,17,6.69,2025-05-20,Computex電腦展,2025
廣達,21,39,-9,9,2025-05-07,2025-06-03,18,8.27,2025-05-20,Computex電腦展,2025
廣達,21,40,-9,10,2025-05-07,2025-06-04,19,10.24,2025-05-20,Computex電腦展,2025
廣達,21,41,-9,11,2025-05-07,2025-06-05,20,10.83,2025-05-20,Computex電腦展,2025
廣達,21,42,-9,12,2025-05-07,2025-06-06,21,8.66,2025-05-20,Computex電腦展,2025
廣達,21,43,-9,13,2025-05-07,2025-06-09,22,8.66,2025-05-20,Computex電腦展,2025
廣達,21,44,-9,14,2025-05-07,2025-06-10,23,11.61,2025-05-20,Computex電腦展,2025
廣達,21,45,-9,15,2025-05-07,2025-06-11,24,11.42,2025-05-20,Computex電腦展,2025
廣達,21,46,-9,16,2025-05-07,2025-06-12,25,12.8,2025-05-20,Computex電腦展,2025
廣達,22,23,-8,-7,2025-05-08,2025-05-09,1,1.99,2025-05-20,Computex電腦展,2025
廣達,22,24,-8,-6,2025-05-08,2025-05-12,2,2.78,2025-05-20,Computex電腦展,2025
廣達,22,25,-8,-5,2025-05-08,2025-05-13,3,4.17,2025-05-20,Computex電腦展,2025
廣達,22,26,-8,-4,2025-05-08,2025-05-14,4,9.94,2025-05-20,Computex電腦展,2025
廣達,22,27,-8,-3,2025-05-08,2025-05-15,5,10.34,2025-05-20,Computex電腦展,2025
廣達,22,28,-8,-2,2025-05-08,2025-05-16,6,9.34,2025-05-20,Computex電腦展,2025
廣達,22,29,-8,-1,2025-05-08,2025-05-19,7,5.77,2025-05-20,Computex電腦展,2025
廣達,22,30,-8,0,2025-05-08,2025-05-20,8,5.96,2025-05-20,Computex電腦展,2025
廣達,22,31,-8,1,2025-05-08,2025-05-21,9,8.15,2025-05-20,Computex電腦展,2025
廣達,22,32,-8,2,2025-05-08,2025-05-22,10,6.36,2025-05-20,Computex電腦展,2025
廣達,22,33,-8,3,2025-05-08,2025-05-23,11,4.97,2025-05-20,Computex電腦展,2025
廣達,22,34,-8,4,2025-05-08,2025-05-26,12,5.57,2025-05-20,Computex電腦展,2025
廣達,22,35,-8,5,2025-05-08,2025-05-27,13,5.77,2025-05-20,Computex電腦展,2025
廣達,22,36,-8,6,2025-05-08,2025-05-28,14,6.96,2025-05-20,Computex電腦展,2025
廣達,22,37,-8,7,2025-05-08,2025-05-29,15,7.95,2025-05-20,Computex電腦展,2025
廣達,22,38,-8,8,2025-05-08,2025-06-02,16,7.75,2025-05-20,Computex電腦展,2025
廣達,22,39,-8,9,2025-05-08,2025-06-03,17,9.34,2025-05-20,Computex電腦展,2025
廣達,22,40,-8,10,2025-05-08,2025-06-04,18,11.33,2025-05-20,Computex電腦展,2025
廣達,22,41,-8,11,2025-05-08,2025-06-05,19,11.93,2025-05-20,Computex電腦展,2025
廣達,22,42,-8,12,2025-05-08,2025-06-06,20,9.74,2025-05-20,Computex電腦展,2025
廣達,22,43,-8,13,2025-05-08,2025-06-09,21,9.74,2025-05-20,Computex電腦展,2025
廣達,22,44,-8,14,2025-05-08,2025-06-10,22,12.72,2025-05-20,Computex電腦展,2025
廣達,22,45,-8,15,2025-05-08,2025-06-11,23,12.52,2025-05-20,Computex電腦展,2025
廣達,22,46,-8,16,2025-05-08,2025-06-12,24,13.92,2025-05-20,Computex電腦展,2025
廣達,23,24,-7,-6,2025-05-09,2025-05-12,1,0.78,2025-05-20,Computex電腦展,2025
廣達,23,25,-7,-5,2025-05-09,2025-05-13,2,2.14,2025-05-20,Computex電腦展,2025
廣達,23,26,-7,-4,2025-05-09,2025-05-14,3,7.8,2025-05-20,Computex電腦展,2025
廣達,23,27,-7,-3,2025-05-09,2025-05-15,4,8.19,2025-05-20,Computex電腦展,2025
廣達,23,28,-7,-2,2025-05-09,2025-05-16,5,7.21,2025-05-20,Computex電腦展,2025
廣達,23,29,-7,-1,2025-05-09,2025-05-19,6,3.7,2025-05-20,Computex電腦展,2025
廣達,23,30,-7,0,2025-05-09,2025-05-20,7,3.9,2025-05-20,Computex電腦展,2025
廣達,23,31,-7,1,2025-05-09,2025-05-21,8,6.04,2025-05-20,Computex電腦展,2025
廣達,23,32,-7,2,2025-05-09,2025-05-22,9,4.29,2025-05-20,Computex電腦展,2025
廣達,23,33,-7,3,2025-05-09,2025-05-23,10,2.92,2025-05-20,Computex電腦展,2025
廣達,23,34,-7,4,2025-05-09,2025-05-26,11,3.51,2025-05-20,Computex電腦展,2025
廣達,23,35,-7,5,2025-05-09,2025-05-27,12,3.7,2025-05-20,Computex電腦展,2025
廣達,23,36,-7,6,2025-05-09,2025-05-28,13,4.87,2025-05-20,Computex電腦展,2025
廣達,23,37,-7,7,2025-05-09,2025-05-29,14,5.85,2025-05-20,Computex電腦展,2025
廣達,23,38,-7,8,2025-05-09,2025-06-02,15,5.65,2025-05-20,Computex電腦展,2025
廣達,23,39,-7,9,2025-05-09,2025-06-03,16,7.21,2025-05-20,Computex電腦展,2025
廣達,23,40,-7,10,2025-05-09,2025-06-04,17,9.16,2025-05-20,Computex電腦展,2025
廣達,23,41,-7,11,2025-05-09,2025-06-05,18,9.75,2025-05-20,Computex電腦展,2025
廣達,23,42,-7,12,2025-05-09,2025-06-06,19,7.6,2025-05-20,Computex電腦展,2025
廣達,23,43,-7,13,2025-05-09,2025-06-09,20,7.6,2025-05-20,Computex電腦展,2025
廣達,23,44,-7,14,2025-05-09,2025-06-10,21,10.53,2025-05-20,Computex電腦展,2025
廣達,23,45,-7,15,2025-05-09,2025-06-11,22,10.33,2025-05-20,Computex電腦展,2025
廣達,23,46,-7,16,2025-05-09,2025-06-12,23,11.7,2025-05-20,Computex電腦展,2025
廣達,24,25,-6,-5,2025-05-12,2025-05-13,1,1.35,2025-05-20,Computex電腦展,2025
廣達,24,26,-6,-4,2025-05-12,2025-05-14,2,6.96,2025-05-20,Computex電腦展,2025
廣達,24,27,-6,-3,2025-05-12,2025-05-15,3,7.35,2025-05-20,Computex電腦展,2025
廣達,24,28,-6,-2,2025-05-12,2025-05-16,4,6.38,2025-05-20,Computex電腦展,2025
廣達,24,29,-6,-1,2025-05-12,2025-05-19,5,2.9,2025-05-20,Computex電腦展,2025
廣達,24,30,-6,0,2025-05-12,2025-05-20,6,3.09,2025-05-20,Computex電腦展,2025
廣達,24,31,-6,1,2025-05-12,2025-05-21,7,5.22,2025-05-20,Computex電腦展,2025
廣達,24,32,-6,2,2025-05-12,2025-05-22,8,3.48,2025-05-20,Computex電腦展,2025
廣達,24,33,-6,3,2025-05-12,2025-05-23,9,2.13,2025-05-20,Computex電腦展,2025
廣達,24,34,-6,4,2025-05-12,2025-05-26,10,2.71,2025-05-20,Computex電腦展,2025
廣達,24,35,-6,5,2025-05-12,2025-05-27,11,2.9,2025-05-20,Computex電腦展,2025
廣達,24,36,-6,6,2025-05-12,2025-05-28,12,4.06,2025-05-20,Computex電腦展,2025
廣達,24,37,-6,7,2025-05-12,2025-05-29,13,5.03,2025-05-20,Computex電腦展,2025
廣達,24,38,-6,8,2025-05-12,2025-06-02,14,4.84,2025-05-20,Computex電腦展,2025
廣達,24,39,-6,9,2025-05-12,2025-06-03,15,6.38,2025-05-20,Computex電腦展,2025
廣達,24,40,-6,10,2025-05-12,2025-06-04,16,8.32,2025-05-20,Computex電腦展,2025
廣達,24,41,-6,11,2025-05-12,2025-06-05,17,8.9,2025-05-20,Computex電腦展,2025
廣達,24,42,-6,12,2025-05-12,2025-06-06,18,6.77,2025-05-20,Computex電腦展,2025
廣達,24,43,-6,13,2025-05-12,2025-06-09,19,6.77,2025-05-20,Computex電腦展,2025
廣達,24,44,-6,14,2025-05-12,2025-06-10,20,9.67,2025-05-20,Computex電腦展,2025
廣達,24,45,-6,15,2025-05-12,2025-06-11,21,9.48,2025-05-20,Computex電腦展,2025
廣達,24,46,-6,16,2025-05-12,2025-06-12,22,10.83,2025-05-20,Computex電腦展,2025
廣達,25,26,-5,-4,2025-05-13,2025-05-14,1,5.53,2025-05-20,Computex電腦展,2025
廣達,25,27,-5,-3,2025-05-13,2025-05-15,2,5.92,2025-05-20,Computex電腦展,2025
廣達,25,28,-5,-2,2025-05-13,2025-05-16,3,4.96,2025-05-20,Computex電腦展,2025
廣達,25,29,-5,-1,2025-05-13,2025-05-19,4,1.53,2025-05-20,Computex電腦展,2025
廣達,25,30,-5,0,2025-05-13,2025-05-20,5,1.72,2025-05-20,Computex電腦展,2025
廣達,25,31,-5,1,2025-05-13,2025-05-21,6,3.82,2025-05-20,Computex電腦展,2025
廣達,25,32,-5,2,2025-05-13,2025-05-22,7,2.1,2025-05-20,Computex電腦展,2025
廣達,25,33,-5,3,2025-05-13,2025-05-23,8,0.76,2025-05-20,Computex電腦展,2025
廣達,25,34,-5,4,2025-05-13,2025-05-26,9,1.34,2025-05-20,Computex電腦展,2025
廣達,25,35,-5,5,2025-05-13,2025-05-27,10,1.53,2025-05-20,Computex電腦展,2025
廣達,25,36,-5,6,2025-05-13,2025-05-28,11,2.67,2025-05-20,Computex電腦展,2025
廣達,25,37,-5,7,2025-05-13,2025-05-29,12,3.63,2025-05-20,Computex電腦展,2025
廣達,25,38,-5,8,2025-05-13,2025-06-02,13,3.44,2025-05-20,Computex電腦展,2025
廣達,25,39,-5,9,2025-05-13,2025-06-03,14,4.96,2025-05-20,Computex電腦展,2025
廣達,25,40,-5,10,2025-05-13,2025-06-04,15,6.87,2025-05-20,Computex電腦展,2025
廣達,25,41,-5,11,2025-05-13,2025-06-05,16,7.44,2025-05-20,Computex電腦展,2025
廣達,25,42,-5,12,2025-05-13,2025-06-06,17,5.34,2025-05-20,Computex電腦展,2025
廣達,25,43,-5,13,2025-05-13,2025-06-09,18,5.34,2025-05-20,Computex電腦展,2025
廣達,25,44,-5,14,2025-05-13,2025-06-10,19,8.21,2025-05-20,Computex電腦展,2025
廣達,25,45,-5,15,2025-05-13,2025-06-11,20,8.02,2025-05-20,Computex電腦展,2025
廣達,25,46,-5,16,2025-05-13,2025-06-12,21,9.35,2025-05-20,Computex電腦展,2025
廣達,26,27,-4,-3,2025-05-14,2025-05-15,1,0.36,2025-05-20,Computex電腦展,2025
廣達,26,28,-4,-2,2025-05-14,2025-05-16,2,-0.54,2025-05-20,Computex電腦展,2025
廣達,26,29,-4,-1,2025-05-14,2025-05-19,3,-3.8,2025-05-20,Computex電腦展,2025
廣達,26,30,-4,0,2025-05-14,2025-05-20,4,-3.62,2025-05-20,Computex電腦展,2025
廣達,26,31,-4,1,2025-05-14,2025-05-21,5,-1.63,2025-05-20,Computex電腦展,2025
廣達,26,32,-4,2,2025-05-14,2025-05-22,6,-3.25,2025-05-20,Computex電腦展,2025
廣達,26,33,-4,3,2025-05-14,2025-05-23,7,-4.52,2025-05-20,Computex電腦展,2025
廣達,26,34,-4,4,2025-05-14,2025-05-26,8,-3.98,2025-05-20,Computex電腦展,2025
廣達,26,35,-4,5,2025-05-14,2025-05-27,9,-3.8,2025-05-20,Computex電腦展,2025
廣達,26,36,-4,6,2025-05-14,2025-05-28,10,-2.71,2025-05-20,Computex電腦展,2025
廣達,26,37,-4,7,2025-05-14,2025-05-29,11,-1.81,2025-05-20,Computex電腦展,2025
廣達,26,38,-4,8,2025-05-14,2025-06-02,12,-1.99,2025-05-20,Computex電腦展,2025
廣達,26,39,-4,9,2025-05-14,2025-06-03,13,-0.54,2025-05-20,Computex電腦展,2025
廣達,26,40,-4,10,2025-05-14,2025-06-04,14,1.27,2025-05-20,Computex電腦展,2025
廣達,26,41,-4,11,2025-05-14,2025-06-05,15,1.81,2025-05-20,Computex電腦展,2025
廣達,26,42,-4,12,2025-05-14,2025-06-06,16,-0.18,2025-05-20,Computex電腦展,2025
廣達,26,43,-4,13,2025-05-14,2025-06-09,17,-0.18,2025-05-20,Computex電腦展,2025
廣達,26,44,-4,14,2025-05-14,2025-06-10,18,2.53,2025-05-20,Computex電腦展,2025
廣達,26,45,-4,15,2025-05-14,2025-06-11,19,2.35,2025-05-20,Computex電腦展,2025
廣達,26,46,-4,16,2025-05-14,2025-06-12,20,3.62,2025-05-20,Computex電腦展,2025
廣達,27,28,-3,-2,2025-05-15,2025-05-16,1,-0.9,2025-05-20,Computex電腦展,2025
廣達,27,29,-3,-1,2025-05-15,2025-05-19,2,-4.14,2025-05-20,Computex電腦展,2025
廣達,27,30,-3,0,2025-05-15,2025-05-20,3,-3.96,2025-05-20,Computex電腦展,2025
廣達,27,31,-3,1,2025-05-15,2025-05-21,4,-1.98,2025-05-20,Computex電腦展,2025
廣達,27,32,-3,2,2025-05-15,2025-05-22,5,-3.6,2025-05-20,Computex電腦展,2025
廣達,27,33,-3,3,2025-05-15,2025-05-23,6,-4.86,2025-05-20,Computex電腦展,2025
廣達,27,34,-3,4,2025-05-15,2025-05-26,7,-4.32,2025-05-20,Computex電腦展,2025
廣達,27,35,-3,5,2025-05-15,2025-05-27,8,-4.14,2025-05-20,Computex電腦展,2025
廣達,27,36,-3,6,2025-05-15,2025-05-28,9,-3.06,2025-05-20,Computex電腦展,2025
廣達,27,37,-3,7,2025-05-15,2025-05-29,10,-2.16,2025-05-20,Computex電腦展,2025
廣達,27,38,-3,8,2025-05-15,2025-06-02,11,-2.34,2025-05-20,Computex電腦展,2025
廣達,27,39,-3,9,2025-05-15,2025-06-03,12,-0.9,2025-05-20,Computex電腦展,2025
廣達,27,40,-3,10,2025-05-15,2025-06-04,13,0.9,2025-05-20,Computex電腦展,2025
廣達,27,41,-3,11,2025-05-15,2025-06-05,14,1.44,2025-05-20,Computex電腦展,2025
廣達,27,42,-3,12,2025-05-15,2025-06-06,15,-0.54,2025-05-20,Computex電腦展,2025
廣達,27,43,-3,13,2025-05-15,2025-06-09,16,-0.54,2025-05-20,Computex電腦展,2025
廣達,27,44,-3,14,2025-05-15,2025-06-10,17,2.16,2025-05-20,Computex電腦展,2025
廣達,27,45,-3,15,2025-05-15,2025-06-11,18,1.98,2025-05-20,Computex電腦展,2025
廣達,27,46,-3,16,2025-05-15,2025-06-12,19,3.24,2025-05-20,Computex電腦展,2025
廣達,28,29,-2,-1,2025-05-16,2025-05-19,1,-3.27,2025-05-20,Computex電腦展,2025
廣達,28,30,-2,0,2025-05-16,2025-05-20,2,-3.09,2025-05-20,Computex電腦展,2025
廣達,28,31,-2,1,2025-05-16,2025-05-21,3,-1.09,2025-05-20,Computex電腦展,2025
廣達,28,32,-2,2,2025-05-16,2025-05-22,4,-2.73,2025-05-20,Computex電腦展,2025
廣達,28,33,-2,3,2025-05-16,2025-05-23,5,-4.0,2025-05-20,Computex電腦展,2025
廣達,28,34,-2,4,2025-05-16,2025-05-26,6,-3.45,2025-05-20,Computex電腦展,2025
廣達,28,35,-2,5,2025-05-16,2025-05-27,7,-3.27,2025-05-20,Computex電腦展,2025
廣達,28,36,-2,6,2025-05-16,2025-05-28,8,-2.18,2025-05-20,Computex電腦展,2025
廣達,28,37,-2,7,2025-05-16,2025-05-29,9,-1.27,2025-05-20,Computex電腦展,2025
廣達,28,38,-2,8,2025-05-16,2025-06-02,10,-1.45,2025-05-20,Computex電腦展,2025
廣達,28,39,-2,9,2025-05-16,2025-06-03,11,0.0,2025-05-20,Computex電腦展,2025
廣達,28,40,-2,10,2025-05-16,2025-06-04,12,1.82,2025-05-20,Computex電腦展,2025
廣達,28,41,-2,11,2025-05-16,2025-06-05,13,2.36,2025-05-20,Computex電腦展,2025
廣達,28,42,-2,12,2025-05-16,2025-06-06,14,0.36,2025-05-20,Computex電腦展,2025
廣達,28,43,-2,13,2025-05-16,2025-06-09,15,0.36,2025-05-20,Computex電腦展,2025
廣達,28,44,-2,14,2025-05-16,2025-06-10,16,3.09,2025-05-20,Computex電腦展,2025
廣達,28,45,-2,15,2025-05-16,2025-06-11,17,2.91,2025-05-20,Computex電腦展,2025
廣達,28,46,-2,16,2025-05-16,2025-06-12,18,4.18,2025-05-20,Computex電腦展,2025
廣達,29,30,-1,0,2025-05-19,2025-05-20,1,0.19,2025-05-20,Computex電腦展,2025
廣達,29,31,-1,1,2025-05-19,2025-05-21,2,2.26,2025-05-20,Computex電腦展,2025
廣達,29,32,-1,2,2025-05-19,2025-05-22,3,0.56,2025-05-20,Computex電腦展,2025
廣達,29,33,-1,3,2025-05-19,2025-05-23,4,-0.75,2025-05-20,Computex電腦展,2025
廣達,29,34,-1,4,2025-05-19,2025-05-26,5,-0.19,2025-05-20,Computex電腦展,2025
廣達,29,35,-1,5,2025-05-19,2025-05-27,6,0.0,2025-05-20,Computex電腦展,2025
廣達,29,36,-1,6,2025-05-19,2025-05-28,7,1.13,2025-05-20,Computex電腦展,2025
廣達,29,37,-1,7,2025-05-19,2025-05-29,8,2.07,2025-05-20,Computex電腦展,2025
廣達,29,38,-1,8,2025-05-19,2025-06-02,9,1.88,2025-05-20,Computex電腦展,2025
廣達,29,39,-1,9,2025-05-19,2025-06-03,10,3.38,2025-05-20,Computex電腦展,2025
廣達,29,40,-1,10,2025-05-19,2025-06-04,11,5.26,2025-05-20,Computex電腦展,2025
廣達,29,41,-1,11,2025-05-19,2025-06-05,12,5.83,2025-05-20,Computex電腦展,2025
廣達,29,42,-1,12,2025-05-19,2025-06-06,13,3.76,2025-05-20,Computex電腦展,2025
廣達,29,43,-1,13,2025-05-19,2025-06-09,14,3.76,2025-05-20,Computex電腦展,2025
廣達,29,44,-1,14,2025-05-19,2025-06-10,15,6.58,2025-05-20,Computex電腦展,2025
廣達,29,45,-1,15,2025-05-19,2025-06-11,16,6.39,2025-05-20,Computex電腦展,2025
廣達,29,46,-1,16,2025-05-19,2025-06-12,17,7.71,2025-05-20,Computex電腦展,2025
廣達,30,31,0,1,2025-05-20,2025-05-21,1,2.06,2025-05-20,Computex電腦展,2025
廣達,30,32,0,2,2025-05-20,2025-05-22,2,0.38,2025-05-20,Computex電腦展,2025
廣達,30,33,0,3,2025-05-20,2025-05-23,3,-0.94,2025-05-20,Computex電腦展,2025
廣達,30,34,0,4,2025-05-20,2025-05-26,4,-0.38,2025-05-20,Computex電腦展,2025
廣達,30,35,0,5,2025-05-20,2025-05-27,5,-0.19,2025-05-20,Computex電腦展,2025
廣達,30,36,0,6,2025-05-20,2025-05-28,6,0.94,2025-05-20,Computex電腦展,2025
廣達,30,37,0,7,2025-05-20,2025-05-29,7,1.88,2025-05-20,Computex電腦展,2025
廣達,30,38,0,8,2025-05-20,2025-06-02,8,1.69,2025-05-20,Computex電腦展,2025
廣達,30,39,0,9,2025-05-20,2025-06-03,9,3.19,2025-05-20,Computex電腦展,2025
廣達,30,40,0,10,2025-05-20,2025-06-04,10,5.07,2025-05-20,Computex電腦展,2025
廣達,30,41,0,11,2025-05-20,2025-06-05,11,5.63,2025-05-20,Computex電腦展,2025
廣達,30,42,0,12,2025-05-20,2025-06-06,12,3.56,2025-05-20,Computex電腦展,2025
廣達,30,43,0,13,2025-05-20,2025-06-09,13,3.56,2025-05-20,Computex電腦展,2025
廣達,30,44,0,14,2025-05-20,2025-06-10,14,6.38,2025-05-20,Computex電腦展,2025
廣達,30,45,0,15,2025-05-20,2025-06-11,15,6.19,2025-05-20,Computex電腦展,2025
廣達,30,46,0,16,2025-05-20,2025-06-12,16,7.5,2025-05-20,Computex電腦展,2025
廣達,31,32,1,2,2025-05-21,2025-05-22,1,-1.65,2025-05-20,Computex電腦展,2025
廣達,31,33,1,3,2025-05-21,2025-05-23,2,-2.94,2025-05-20,Computex電腦展,2025
廣達,31,34,1,4,2025-05-21,2025-05-26,3,-2.39,2025-05-20,Computex電腦展,2025
廣達,31,35,1,5,2025-05-21,2025-05-27,4,-2.21,2025-05-20,Computex電腦展,2025
廣達,31,36,1,6,2025-05-21,2025-05-28,5,-1.1,2025-05-20,Computex電腦展,2025
廣達,31,37,1,7,2025-05-21,2025-05-29,6,-0.18,2025-05-20,Computex電腦展,2025
廣達,31,38,1,8,2025-05-21,2025-06-02,7,-0.37,2025-05-20,Computex電腦展,2025
廣達,31,39,1,9,2025-05-21,2025-06-03,8,1.1,2025-05-20,Computex電腦展,2025
廣達,31,40,1,10,2025-05-21,2025-06-04,9,2.94,2025-05-20,Computex電腦展,2025
廣達,31,41,1,11,2025-05-21,2025-06-05,10,3.49,2025-05-20,Computex電腦展,2025
廣達,31,42,1,12,2025-05-21,2025-06-06,11,1.47,2025-05-20,Computex電腦展,2025
廣達,31,43,1,13,2025-05-21,2025-06-09,12,1.47,2025-05-20,Computex電腦展,2025
廣達,31,44,1,14,2025-05-21,2025-06-10,13,4.23,2025-05-20,Computex電腦展,2025
廣達,31,45,1,15,2025-05-21,2025-06-11,14,4.04,2025-05-20,Computex電腦展,2025
廣達,31,46,1,16,2025-05-21,2025-06-12,15,5.33,2025-05-20,Computex電腦展,2025
廣達,32,33,2,3,2025-05-22,2025-05-23,1,-1.31,2025-05-20,Computex電腦展,2025
廣達,32,34,2,4,2025-05-22,2025-05-26,2,-0.75,2025-05-20,Computex電腦展,2025
廣達,32,35,2,5,2025-05-22,2025-05-27,3,-0.56,2025-05-20,Computex電腦展,2025
廣達,32,36,2,6,2025-05-22,2025-05-28,4,0.56,2025-05-20,Computex電腦展,2025
廣達,32,37,2,7,2025-05-22,2025-05-29,5,1.5,2025-05-20,Computex電腦展,2025
廣達,32,38,2,8,2025-05-22,2025-06-02,6,1.31,2025-05-20,Computex電腦展,2025
廣達,32,39,2,9,2025-05-22,2025-06-03,7,2.8,2025-05-20,Computex電腦展,2025
廣達,32,40,2,10,2025-05-22,2025-06-04,8,4.67,2025-05-20,Computex電腦展,2025
廣達,32,41,2,11,2025-05-22,2025-06-05,9,5.23,2025-05-20,Computex電腦展,2025
廣達,32,42,2,12,2025-05-22,2025-06-06,10,3.18,2025-05-20,Computex電腦展,2025
廣達,32,43,2,13,2025-05-22,2025-06-09,11,3.18,2025-05-20,Computex電腦展,2025
廣達,32,44,2,14,2025-05-22,2025-06-10,12,5.98,2025-05-20,Computex電腦展,2025
廣達,32,45,2,15,2025-05-22,2025-06-11,13,5.79,2025-05-20,Computex電腦展,2025
廣達,32,46,2,16,2025-05-22,2025-06-12,14,7.1,2025-05-20,Computex電腦展,2025
廣達,33,34,3,4,2025-05-23,2025-05-26,1,0.57,2025-05-20,Computex電腦展,2025
廣達,33,35,3,5,2025-05-23,2025-05-27,2,0.76,2025-05-20,Computex電腦展,2025
廣達,33,36,3,6,2025-05-23,2025-05-28,3,1.89,2025-05-20,Computex電腦展,2025
廣達,33,37,3,7,2025-05-23,2025-05-29,4,2.84,2025-05-20,Computex電腦展,2025
廣達,33,38,3,8,2025-05-23,2025-06-02,5,2.65,2025-05-20,Computex電腦展,2025
廣達,33,39,3,9,2025-05-23,2025-06-03,6,4.17,2025-05-20,Computex電腦展,2025
廣達,33,40,3,10,2025-05-23,2025-06-04,7,6.06,2025-05-20,Computex電腦展,2025
廣達,33,41,3,11,2025-05-23,2025-06-05,8,6.63,2025-05-20,Computex電腦展,2025
廣達,33,42,3,12,2025-05-23,2025-06-06,9,4.55,2025-05-20,Computex電腦展,2025
廣達,33,43,3,13,2025-05-23,2025-06-09,10,4.55,2025-05-20,Computex電腦展,2025
廣達,33,44,3,14,2025-05-23,2025-06-10,11,7.39,2025-05-20,Computex電腦展,2025
廣達,33,45,3,15,2025-05-23,2025-06-11,12,7.2,2025-05-20,Computex電腦展,2025
廣達,33,46,3,16,2025-05-23,2025-06-12,13,8.52,2025-05-20,Computex電腦展,2025
廣達,34,35,4,5,2025-05-26,2025-05-27,1,0.19,2025-05-20,Computex電腦展,2025
廣達,34,36,4,6,2025-05-26,2025-05-28,2,1.32,2025-05-20,Computex電腦展,2025
廣達,34,37,4,7,2025-05-26,2025-05-29,3,2.26,2025-05-20,Computex電腦展,2025
廣達,34,38,4,8,2025-05-26,2025-06-02,4,2.07,2025-05-20,Computex電腦展,2025
廣達,34,39,4,9,2025-05-26,2025-06-03,5,3.58,2025-05-20,Computex電腦展,2025
廣達,34,40,4,10,2025-05-26,2025-06-04,6,5.46,2025-05-20,Computex電腦展,2025
廣達,34,41,4,11,2025-05-26,2025-06-05,7,6.03,2025-05-20,Computex電腦展,2025
廣達,34,42,4,12,2025-05-26,2025-06-06,8,3.95,2025-05-20,Computex電腦展,2025
廣達,34,43,4,13,2025-05-26,2025-06-09,9,3.95,2025-05-20,Computex電腦展,2025
廣達,34,44,4,14,2025-05-26,2025-06-10,10,6.78,2025-05-20,Computex電腦展,2025
廣達,34,45,4,15,2025-05-26,2025-06-11,11,6.59,2025-05-20,Computex電腦展,2025
廣達,34,46,4,16,2025-05-26,2025-06-12,12,7.91,2025-05-20,Computex電腦展,2025
廣達,35,36,5,6,2025-05-27,2025-05-28,1,1.13,2025-05-20,Computex電腦展,2025
廣達,35,37,5,7,2025-05-27,2025-05-29,2,2.07,2025-05-20,Computex電腦展,2025
廣達,35,38,5,8,2025-05-27,2025-06-02,3,1.88,2025-05-20,Computex電腦展,2025
廣達,35,39,5,9,2025-05-27,2025-06-03,4,3.38,2025-05-20,Computex電腦展,2025
廣達,35,40,5,10,2025-05-27,2025-06-04,5,5.26,2025-05-20,Computex電腦展,2025
廣達,35,41,5,11,2025-05-27,2025-06-05,6,5.83,2025-05-20,Computex電腦展,2025
廣達,35,42,5,12,2025-05-27,2025-06-06,7,3.76,2025-05-20,Computex電腦展,2025
廣達,35,43,5,13,2025-05-27,2025-06-09,8,3.76,2025-05-20,Computex電腦展,2025
廣達,35,44,5,14,2025-05-27,2025-06-10,9,6.58,2025-05-20,Computex電腦展,2025
廣達,35,45,5,15,2025-05-27,2025-06-11,10,6.39,2025-05-20,Computex電腦展,2025
廣達,35,46,5,16,2025-05-27,2025-06-12,11,7.71,2025-05-20,Computex電腦展,2025
廣達,36,37,6,7,2025-05-28,2025-05-29,1,0.93,2025-05-20,Computex電腦展,2025
廣達,36,38,6,8,2025-05-28,2025-06-02,2,0.74,2025-05-20,Computex電腦展,2025
廣達,36,39,6,9,2025-05-28,2025-06-03,3,2.23,2025-05-20,Computex電腦展,2025
廣達,36,40,6,10,2025-05-28,2025-06-04,4,4.09,2025-05-20,Computex電腦展,2025
廣達,36,41,6,11,2025-05-28,2025-06-05,5,4.65,2025-05-20,Computex電腦展,2025
廣達,36,42,6,12,2025-05-28,2025-06-06,6,2.6,2025-05-20,Computex電腦展,2025
廣達,36,43,6,13,2025-05-28,2025-06-09,7,2.6,2025-05-20,Computex電腦展,2025
廣達,36,44,6,14,2025-05-28,2025-06-10,8,5.39,2025-05-20,Computex電腦展,2025
廣達,36,45,6,15,2025-05-28,2025-06-11,9,5.2,2025-05-20,Computex電腦展,2025
廣達,36,46,6,16,2025-05-28,2025-06-12,10,6.51,2025-05-20,Computex電腦展,2025
廣達,37,38,7,8,2025-05-29,2025-06-02,1,-0.18,2025-05-20,Computex電腦展,2025
廣達,37,39,7,9,2025-05-29,2025-06-03,2,1.29,2025-05-20,Computex電腦展,2025
廣達,37,40,7,10,2025-05-29,2025-06-04,3,3.13,2025-05-20,Computex電腦展,2025
廣達,37,41,7,11,2025-05-29,2025-06-05,4,3.68,2025-05-20,Computex電腦展,2025
廣達,37,42,7,12,2025-05-29,2025-06-06,5,1.66,2025-05-20,Computex電腦展,2025
廣達,37,43,7,13,2025-05-29,2025-06-09,6,1.66,2025-05-20,Computex電腦展,2025
廣達,37,44,7,14,2025-05-29,2025-06-10,7,4.42,2025-05-20,Computex電腦展,2025
廣達,37,45,7,15,2025-05-29,2025-06-11,8,4.24,2025-05-20,Computex電腦展,2025
廣達,37,46,7,16,2025-05-29,2025-06-12,9,5.52,2025-05-20,Computex電腦展,2025
廣達,38,39,8,9,2025-06-02,2025-06-03,1,1.48,2025-05-20,Computex電腦展,2025
廣達,38,40,8,10,2025-06-02,2025-06-04,2,3.32,2025-05-20,Computex電腦展,2025
廣達,38,41,8,11,2025-06-02,2025-06-05,3,3.87,2025-05-20,Computex電腦展,2025
廣達,38,42,8,12,2025-06-02,2025-06-06,4,1.85,2025-05-20,Computex電腦展,2025
廣達,38,43,8,13,2025-06-02,2025-06-09,5,1.85,2025-05-20,Computex電腦展,2025
廣達,38,44,8,14,2025-06-02,2025-06-10,6,4.61,2025-05-20,Computex電腦展,2025
廣達,38,45,8,15,2025-06-02,2025-06-11,7,4.43,2025-05-20,Computex電腦展,2025
廣達,38,46,8,16,2025-06-02,2025-06-12,8,5.72,2025-05-20,Computex電腦展,2025
廣達,39,40,9,10,2025-06-03,2025-06-04,1,1.82,2025-05-20,Computex電腦展,2025
廣達,39,41,9,11,2025-06-03,2025-06-05,2,2.36,2025-05-20,Computex電腦展,2025
廣達,39,42,9,12,2025-06-03,2025-06-06,3,0.36,2025-05-20,Computex電腦展,2025
廣達,39,43,9,13,2025-06-03,2025-06-09,4,0.36,2025-05-20,Computex電腦展,2025
廣達,39,44,9,14,2025-06-03,2025-06-10,5,3.09,2025-05-20,Computex電腦展,2025
廣達,39,45,9,15,2025-06-03,2025-06-11,6,2.91,2025-05-20,Computex電腦展,2025
廣達,39,46,9,16,2025-06-03,2025-06-12,7,4.18,2025-05-20,Computex電腦展,2025
廣達,40,41,10,11,2025-06-04,2025-06-05,1,0.54,2025-05-20,Computex電腦展,2025
廣達,40,42,10,12,2025-06-04,2025-06-06,2,-1.43,2025-05-20,Computex電腦展,2025
廣達,40,43,10,13,2025-06-04,2025-06-09,3,-1.43,2025-05-20,Computex電腦展,2025
廣達,40,44,10,14,2025-06-04,2025-06-10,4,1.25,2025-05-20,Computex電腦展,2025
廣達,40,45,10,15,2025-06-04,2025-06-11,5,1.07,2025-05-20,Computex電腦展,2025
廣達,40,46,10,16,2025-06-04,2025-06-12,6,2.32,2025-05-20,Computex電腦展,2025
廣達,41,42,11,12,2025-06-05,2025-06-06,1,-1.95,2025-05-20,Computex電腦展,2025
廣達,41,43,11,13,2025-06-05,2025-06-09,2,-1.95,2025-05-20,Computex電腦展,2025
廣達,41,44,11,14,2025-06-05,2025-06-10,3,0.71,2025-05-20,Computex電腦展,2025
廣達,41,45,11,15,2025-06-05,2025-06-11,4,0.53,2025-05-20,Computex電腦展,2025
廣達,41,46,11,16,2025-06-05,2025-06-12,5,1.78,2025-05-20,Computex電腦展,2025
廣達,42,43,12,13,2025-06-06,2025-06-09,1,0.0,2025-05-20,Computex電腦展,2025
廣達,42,44,12,14,2025-06-06,2025-06-10,2,2.72,2025-05-20,Computex電腦展,2025
廣達,42,45,12,15,2025-06-06,2025-06-11,3,2.54,2025-05-20,Computex電腦展,2025
廣達,42,46,12,16,2025-06-06,2025-06-12,4,3.8,2025-05-20,Computex電腦展,2025
廣達,43,44,13,14,2025-06-09,2025-06-10,1,2.72,2025-05-20,Computex電腦展,2025
廣達,43,45,13,15,2025-06-09,2025-06-11,2,2.54,2025-05-20,Computex電腦展,2025
廣達,43,46,13,16,2025-06-09,2025-06-12,3,3.8,2025-05-20,Computex電腦展,2025
廣達,44,45,14,15,2025-06-10,2025-06-11,1,-0.18,2025-05-20,Computex電腦展,2025
廣達,44,46,14,16,2025-06-10,2025-06-12,2,1.06,2025-05-20,Computex電腦展,2025
廣達,45,46,15,16,2025-06-11,2025-06-12,1,1.24,2025-05-20,Computex電腦展,2025
華碩,0,1,-30,-29,2025-04-07,2025-04-08,1,-9.93,2025-05-20,Computex電腦展,2025
華碩,0,2,-30,-28,2025-04-07,2025-04-09,2,-18.93,2025-05-20,Computex電腦展,2025
華碩,0,3,-30,-27,2025-04-07,2025-04-10,3,-10.85,2025-05-20,Computex電腦展,2025
華碩,0,4,-30,-26,2025-04-07,2025-04-11,4,-5.88,2025-05-20,Computex電腦展,2025
華碩,0,5,-30,-25,2025-04-07,2025-04-14,5,-0.37,2025-05-20,Computex電腦展,2025
華碩,0,6,-30,-24,2025-04-07,2025-04-15,6,3.49,2025-05-20,Computex電腦展,2025
華碩,0,7,-30,-23,2025-04-07,2025-04-16,7,1.65,2025-05-20,Computex電腦展,2025
華碩,0,8,-30,-22,2025-04-07,2025-04-17,8,-0.18,2025-05-20,Computex電腦展,2025
華碩,0,9,-30,-21,2025-04-07,2025-04-18,9,-0.18,2025-05-20,Computex電腦展,2025
華碩,0,10,-30,-20,2025-04-07,2025-04-21,10,-2.39,2025-05-20,Computex電腦展,2025
華碩,0,11,-30,-19,2025-04-07,2025-04-22,11,-5.88,2025-05-20,Computex電腦展,2025
華碩,0,12,-30,-18,2025-04-07,2025-04-23,12,-0.18,2025-05-20,Computex電腦展,2025
華碩,0,13,-30,-17,2025-04-07,2025-04-24,13,0.0,2025-05-20,Computex電腦展,2025
華碩,0,14,-30,-16,2025-04-07,2025-04-25,14,8.64,2025-05-20,Computex電腦展,2025
華碩,0,15,-30,-15,2025-04-07,2025-04-28,15,7.17,2025-05-20,Computex電腦展,2025
華碩,0,16,-30,-14,2025-04-07,2025-04-29,16,7.72,2025-05-20,Computex電腦展,2025
華碩,0,17,-30,-13,2025-04-07,2025-04-30,17,6.62,2025-05-20,Computex電腦展,2025
華碩,0,18,-30,-12,2025-04-07,2025-05-02,18,8.46,2025-05-20,Computex電腦展,2025
華碩,0,19,-30,-11,2025-04-07,2025-05-05,19,5.7,2025-05-20,Computex電腦展,2025
華碩,0,20,-30,-10,2025-04-07,2025-05-06,20,7.9,2025-05-20,Computex電腦展,2025
華碩,0,21,-30,-9,2025-04-07,2025-05-07,21,9.19,2025-05-20,Computex電腦展,2025
華碩,0,22,-30,-8,2025-04-07,2025-05-08,22,9.19,2025-05-20,Computex電腦展,2025
華碩,0,23,-30,-7,2025-04-07,2025-05-09,23,10.66,2025-05-20,Computex電腦展,2025
華碩,0,24,-30,-6,2025-04-07,2025-05-12,24,10.85,2025-05-20,Computex電腦展,2025
華碩,0,25,-30,-5,2025-04-07,2025-05-13,25,11.76,2025-05-20,Computex電腦展,2025
華碩,0,26,-30,-4,2025-04-07,2025-05-14,26,14.34,2025-05-20,Computex電腦展,2025
華碩,0,27,-30,-3,2025-04-07,2025-05-15,27,15.44,2025-05-20,Computex電腦展,2025
華碩,0,28,-30,-2,2025-04-07,2025-05-16,28,16.54,2025-05-20,Computex電腦展,2025
華碩,0,29,-30,-1,2025-04-07,2025-05-19,29,14.15,2025-05-20,Computex電腦展,2025
華碩,0,30,-30,0,2025-04-07,2025-05-20,30,16.18,2025-05-20,Computex電腦展,2025
華碩,0,31,-30,1,2025-04-07,2025-05-21,31,15.44,2025-05-20,Computex電腦展,2025
華碩,0,32,-30,2,2025-04-07,2025-05-22,32,16.18,2025-05-20,Computex電腦展,2025
華碩,0,33,-30,3,2025-04-07,2025-05-23,33,14.34,2025-05-20,Computex電腦展,2025
華碩,0,34,-30,4,2025-04-07,2025-05-26,34,15.26,2025-05-20,Computex電腦展,2025
華碩,0,35,-30,5,2025-04-07,2025-05-27,35,11.76,2025-05-20,Computex電腦展,2025
華碩,0,36,-30,6,2025-04-07,2025-05-28,36,13.79,2025-05-20,Computex電腦展,2025
華碩,0,37,-30,7,2025-04-07,2025-05-29,37,14.89,2025-05-20,Computex電腦展,2025
華碩,0,38,-30,8,2025-04-07,2025-06-02,38,14.34,2025-05-20,Computex電腦展,2025
華碩,0,39,-30,9,2025-04-07,2025-06-03,39,17.28,2025-05-20,Computex電腦展,2025
華碩,0,40,-30,10,2025-04-07,2025-06-04,40,17.28,2025-05-20,Computex電腦展,2025
華碩,0,41,-30,11,2025-04-07,2025-06-05,41,18.01,2025-05-20,Computex電腦展,2025
華碩,0,42,-30,12,2025-04-07,2025-06-06,42,18.57,2025-05-20,Computex電腦展,2025
華碩,0,43,-30,13,2025-04-07,2025-06-09,43,18.75,2025-05-20,Computex電腦展,2025
華碩,0,44,-30,14,2025-04-07,2025-06-10,44,21.14,2025-05-20,Computex電腦展,2025
華碩,0,45,-30,15,2025-04-07,2025-06-11,45,24.08,2025-05-20,Computex電腦展,2025
華碩,0,46,-30,16,2025-04-07,2025-06-12,46,25.37,2025-05-20,Computex電腦展,2025
華碩,1,2,-29,-28,2025-04-08,2025-04-09,1,-10.0,2025-05-20,Computex電腦展,2025
華碩,1,3,-29,-27,2025-04-08,2025-04-10,2,-1.02,2025-05-20,Computex電腦展,2025
華碩,1,4,-29,-26,2025-04-08,2025-04-11,3,4.49,2025-05-20,Computex電腦展,2025
華碩,1,5,-29,-25,2025-04-08,2025-04-14,4,10.61,2025-05-20,Computex電腦展,2025
華碩,1,6,-29,-24,2025-04-08,2025-04-15,5,14.9,2025-05-20,Computex電腦展,2025
華碩,1,7,-29,-23,2025-04-08,2025-04-16,6,12.86,2025-05-20,Computex電腦展,2025
華碩,1,8,-29,-22,2025-04-08,2025-04-17,7,10.82,2025-05-20,Computex電腦展,2025
華碩,1,9,-29,-21,2025-04-08,2025-04-18,8,10.82,2025-05-20,Computex電腦展,2025
華碩,1,10,-29,-20,2025-04-08,2025-04-21,9,8.37,2025-05-20,Computex電腦展,2025
華碩,1,11,-29,-19,2025-04-08,2025-04-22,10,4.49,2025-05-20,Computex電腦展,2025
華碩,1,12,-29,-18,2025-04-08,2025-04-23,11,10.82,2025-05-20,Computex電腦展,2025
華碩,1,13,-29,-17,2025-04-08,2025-04-24,12,11.02,2025-05-20,Computex電腦展,2025
華碩,1,14,-29,-16,2025-04-08,2025-04-25,13,20.61,2025-05-20,Computex電腦展,2025
華碩,1,15,-29,-15,2025-04-08,2025-04-28,14,18.98,2025-05-20,Computex電腦展,2025
華碩,1,16,-29,-14,2025-04-08,2025-04-29,15,19.59,2025-05-20,Computex電腦展,2025
華碩,1,17,-29,-13,2025-04-08,2025-04-30,16,18.37,2025-05-20,Computex電腦展,2025
華碩,1,18,-29,-12,2025-04-08,2025-05-02,17,20.41,2025-05-20,Computex電腦展,2025
華碩,1,19,-29,-11,2025-04-08,2025-05-05,18,17.35,2025-05-20,Computex電腦展,2025
華碩,1,20,-29,-10,2025-04-08,2025-05-06,19,19.8,2025-05-20,Computex電腦展,2025
華碩,1,21,-29,-9,2025-04-08,2025-05-07,20,21.22,2025-05-20,Computex電腦展,2025
華碩,1,22,-29,-8,2025-04-08,2025-05-08,21,21.22,2025-05-20,Computex電腦展,2025
華碩,1,23,-29,-7,2025-04-08,2025-05-09,22,22.86,2025-05-20,Computex電腦展,2025
華碩,1,24,-29,-6,2025-04-08,2025-05-12,23,23.06,2025-05-20,Computex電腦展,2025
華碩,1,25,-29,-5,2025-04-08,2025-05-13,24,24.08,2025-05-20,Computex電腦展,2025
華碩,1,26,-29,-4,2025-04-08,2025-05-14,25,26.94,2025-05-20,Computex電腦展,2025
華碩,1,27,-29,-3,2025-04-08,2025-05-15,26,28.16,2025-05-20,Computex電腦展,2025
華碩,1,28,-29,-2,2025-04-08,2025-05-16,27,29.39,2025-05-20,Computex電腦展,2025
華碩,1,29,-29,-1,2025-04-08,2025-05-19,28,26.73,2025-05-20,Computex電腦展,2025
華碩,1,30,-29,0,2025-04-08,2025-05-20,29,28.98,2025-05-20,Computex電腦展,2025
華碩,1,31,-29,1,2025-04-08,2025-05-21,30,28.16,2025-05-20,Computex電腦展,2025
華碩,1,32,-29,2,2025-04-08,2025-05-22,31,28.98,2025-05-20,Computex電腦展,2025
華碩,1,33,-29,3,2025-04-08,2025-05-23,32,26.94,2025-05-20,Computex電腦展,2025
華碩,1,34,-29,4,2025-04-08,2025-05-26,33,27.96,2025-05-20,Computex電腦展,2025
華碩,1,35,-29,5,2025-04-08,2025-05-27,34,24.08,2025-05-20,Computex電腦展,2025
華碩,1,36,-29,6,2025-04-08,2025-05-28,35,26.33,2025-05-20,Computex電腦展,2025
華碩,1,37,-29,7,2025-04-08,2025-05-29,36,27.55,2025-05-20,Computex電腦展,2025
華碩,1,38,-29,8,2025-04-08,2025-06-02,37,26.94,2025-05-20,Computex電腦展,2025
華碩,1,39,-29,9,2025-04-08,2025-06-03,38,30.2,2025-05-20,Computex電腦展,2025
華碩,1,40,-29,10,2025-04-08,2025-06-04,39,30.2,2025-05-20,Computex電腦展,2025
華碩,1,41,-29,11,2025-04-08,2025-06-05,40,31.02,2025-05-20,Computex電腦展,2025
華碩,1,42,-29,12,2025-04-08,2025-06-06,41,31.63,2025-05-20,Computex電腦展,2025
華碩,1,43,-29,13,2025-04-08,2025-06-09,42,31.84,2025-05-20,Computex電腦展,2025
華碩,1,44,-29,14,2025-04-08,2025-06-10,43,34.49,2025-05-20,Computex電腦展,2025
華碩,1,45,-29,15,2025-04-08,2025-06-11,44,37.76,2025-05-20,Computex電腦展,2025
華碩,1,46,-29,16,2025-04-08,2025-06-12,45,39.18,2025-05-20,Computex電腦展,2025
華碩,2,3,-28,-27,2025-04-09,2025-04-10,1,9.98,2025-05-20,Computex電腦展,2025
華碩,2,4,-28,-26,2025-04-09,2025-04-11,2,16.1,2025-05-20,Computex電腦展,2025
華碩,2,5,-28,-25,2025-04-09,2025-04-14,3,22.9,2025-05-20,Computex電腦展,2025
華碩,2,6,-28,-24,2025-04-09,2025-04-15,4,27.66,2025-05-20,Computex電腦展,2025
華碩,2,7,-28,-23,2025-04-09,2025-04-16,5,25.4,2025-05-20,Computex電腦展,2025
華碩,2,8,-28,-22,2025-04-09,2025-04-17,6,23.13,2025-05-20,Computex電腦展,2025
華碩,2,9,-28,-21,2025-04-09,2025-04-18,7,23.13,2025-05-20,Computex電腦展,2025
華碩,2,10,-28,-20,2025-04-09,2025-04-21,8,20.41,2025-05-20,Computex電腦展,2025
華碩,2,11,-28,-19,2025-04-09,2025-04-22,9,16.1,2025-05-20,Computex電腦展,2025
華碩,2,12,-28,-18,2025-04-09,2025-04-23,10,23.13,2025-05-20,Computex電腦展,2025
華碩,2,13,-28,-17,2025-04-09,2025-04-24,11,23.36,2025-05-20,Computex電腦展,2025
華碩,2,14,-28,-16,2025-04-09,2025-04-25,12,34.01,2025-05-20,Computex電腦展,2025
華碩,2,15,-28,-15,2025-04-09,2025-04-28,13,32.2,2025-05-20,Computex電腦展,2025
華碩,2,16,-28,-14,2025-04-09,2025-04-29,14,32.88,2025-05-20,Computex電腦展,2025
華碩,2,17,-28,-13,2025-04-09,2025-04-30,15,31.52,2025-05-20,Computex電腦展,2025
華碩,2,18,-28,-12,2025-04-09,2025-05-02,16,33.79,2025-05-20,Computex電腦展,2025
華碩,2,19,-28,-11,2025-04-09,2025-05-05,17,30.39,2025-05-20,Computex電腦展,2025
華碩,2,20,-28,-10,2025-04-09,2025-05-06,18,33.11,2025-05-20,Computex電腦展,2025
華碩,2,21,-28,-9,2025-04-09,2025-05-07,19,34.69,2025-05-20,Computex電腦展,2025
華碩,2,22,-28,-8,2025-04-09,2025-05-08,20,34.69,2025-05-20,Computex電腦展,2025
華碩,2,23,-28,-7,2025-04-09,2025-05-09,21,36.51,2025-05-20,Computex電腦展,2025
華碩,2,24,-28,-6,2025-04-09,2025-05-12,22,36.73,2025-05-20,Computex電腦展,2025
華碩,2,25,-28,-5,2025-04-09,2025-05-13,23,37.87,2025-05-20,Computex電腦展,2025
華碩,2,26,-28,-4,2025-04-09,2025-05-14,24,41.04,2025-05-20,Computex電腦展,2025
華碩,2,27,-28,-3,2025-04-09,2025-05-15,25,42.4,2025-05-20,Computex電腦展,2025
華碩,2,28,-28,-2,2025-04-09,2025-05-16,26,43.76,2025-05-20,Computex電腦展,2025
華碩,2,29,-28,-1,2025-04-09,2025-05-19,27,40.82,2025-05-20,Computex電腦展,2025
華碩,2,30,-28,0,2025-04-09,2025-05-20,28,43.31,2025-05-20,Computex電腦展,2025
華碩,2,31,-28,1,2025-04-09,2025-05-21,29,42.4,2025-05-20,Computex電腦展,2025
華碩,2,32,-28,2,2025-04-09,2025-05-22,30,43.31,2025-05-20,Computex電腦展,2025
華碩,2,33,-28,3,2025-04-09,2025-05-23,31,41.04,2025-05-20,Computex電腦展,2025
華碩,2,34,-28,4,2025-04-09,2025-05-26,32,42.18,2025-05-20,Computex電腦展,2025
華碩,2,35,-28,5,2025-04-09,2025-05-27,33,37.87,2025-05-20,Computex電腦展,2025
華碩,2,36,-28,6,2025-04-09,2025-05-28,34,40.36,2025-05-20,Computex電腦展,2025
華碩,2,37,-28,7,2025-04-09,2025-05-29,35,41.72,2025-05-20,Computex電腦展,2025
華碩,2,38,-28,8,2025-04-09,2025-06-02,36,41.04,2025-05-20,Computex電腦展,2025
華碩,2,39,-28,9,2025-04-09,2025-06-03,37,44.67,2025-05-20,Computex電腦展,2025
華碩,2,40,-28,10,2025-04-09,2025-06-04,38,44.67,2025-05-20,Computex電腦展,2025
華碩,2,41,-28,11,2025-04-09,2025-06-05,39,45.58,2025-05-20,Computex電腦展,2025
華碩,2,42,-28,12,2025-04-09,2025-06-06,40,46.26,2025-05-20,Computex電腦展,2025
華碩,2,43,-28,13,2025-04-09,2025-06-09,41,46.49,2025-05-20,Computex電腦展,2025
華碩,2,44,-28,14,2025-04-09,2025-06-10,42,49.43,2025-05-20,Computex電腦展,2025
華碩,2,45,-28,15,2025-04-09,2025-06-11,43,53.06,2025-05-20,Computex電腦展,2025
華碩,2,46,-28,16,2025-04-09,2025-06-12,44,54.65,2025-05-20,Computex電腦展,2025
華碩,3,4,-27,-26,2025-04-10,2025-04-11,1,5.57,2025-05-20,Computex電腦展,2025
華碩,3,5,-27,-25,2025-04-10,2025-04-14,2,11.75,2025-05-20,Computex電腦展,2025
華碩,3,6,-27,-24,2025-04-10,2025-04-15,3,16.08,2025-05-20,Computex電腦展,2025
華碩,3,7,-27,-23,2025-04-10,2025-04-16,4,14.02,2025-05-20,Computex電腦展,2025
華碩,3,8,-27,-22,2025-04-10,2025-04-17,5,11.96,2025-05-20,Computex電腦展,2025
華碩,3,9,-27,-21,2025-04-10,2025-04-18,6,11.96,2025-05-20,Computex電腦展,2025
華碩,3,10,-27,-20,2025-04-10,2025-04-21,7,9.48,2025-05-20,Computex電腦展,2025
華碩,3,11,-27,-19,2025-04-10,2025-04-22,8,5.57,2025-05-20,Computex電腦展,2025
華碩,3,12,-27,-18,2025-04-10,2025-04-23,9,11.96,2025-05-20,Computex電腦展,2025
華碩,3,13,-27,-17,2025-04-10,2025-04-24,10,12.16,2025-05-20,Computex電腦展,2025
華碩,3,14,-27,-16,2025-04-10,2025-04-25,11,21.86,2025-05-20,Computex電腦展,2025
華碩,3,15,-27,-15,2025-04-10,2025-04-28,12,20.21,2025-05-20,Computex電腦展,2025
華碩,3,16,-27,-14,2025-04-10,2025-04-29,13,20.82,2025-05-20,Computex電腦展,2025
華碩,3,17,-27,-13,2025-04-10,2025-04-30,14,19.59,2025-05-20,Computex電腦展,2025
華碩,3,18,-27,-12,2025-04-10,2025-05-02,15,21.65,2025-05-20,Computex電腦展,2025
華碩,3,19,-27,-11,2025-04-10,2025-05-05,16,18.56,2025-05-20,Computex電腦展,2025
華碩,3,20,-27,-10,2025-04-10,2025-05-06,17,21.03,2025-05-20,Computex電腦展,2025
華碩,3,21,-27,-9,2025-04-10,2025-05-07,18,22.47,2025-05-20,Computex電腦展,2025
華碩,3,22,-27,-8,2025-04-10,2025-05-08,19,22.47,2025-05-20,Computex電腦展,2025
華碩,3,23,-27,-7,2025-04-10,2025-05-09,20,24.12,2025-05-20,Computex電腦展,2025
華碩,3,24,-27,-6,2025-04-10,2025-05-12,21,24.33,2025-05-20,Computex電腦展,2025
華碩,3,25,-27,-5,2025-04-10,2025-05-13,22,25.36,2025-05-20,Computex電腦展,2025
華碩,3,26,-27,-4,2025-04-10,2025-05-14,23,28.25,2025-05-20,Computex電腦展,2025
華碩,3,27,-27,-3,2025-04-10,2025-05-15,24,29.48,2025-05-20,Computex電腦展,2025
華碩,3,28,-27,-2,2025-04-10,2025-05-16,25,30.72,2025-05-20,Computex電腦展,2025
華碩,3,29,-27,-1,2025-04-10,2025-05-19,26,28.04,2025-05-20,Computex電腦展,2025
華碩,3,30,-27,0,2025-04-10,2025-05-20,27,30.31,2025-05-20,Computex電腦展,2025
華碩,3,31,-27,1,2025-04-10,2025-05-21,28,29.48,2025-05-20,Computex電腦展,2025
華碩,3,32,-27,2,2025-04-10,2025-05-22,29,30.31,2025-05-20,Computex電腦展,2025
華碩,3,33,-27,3,2025-04-10,2025-05-23,30,28.25,2025-05-20,Computex電腦展,2025
華碩,3,34,-27,4,2025-04-10,2025-05-26,31,29.28,2025-05-20,Computex電腦展,2025
華碩,3,35,-27,5,2025-04-10,2025-05-27,32,25.36,2025-05-20,Computex電腦展,2025
華碩,3,36,-27,6,2025-04-10,2025-05-28,33,27.63,2025-05-20,Computex電腦展,2025
華碩,3,37,-27,7,2025-04-10,2025-05-29,34,28.87,2025-05-20,Computex電腦展,2025
華碩,3,38,-27,8,2025-04-10,2025-06-02,35,28.25,2025-05-20,Computex電腦展,2025
華碩,3,39,-27,9,2025-04-10,2025-06-03,36,31.55,2025-05-20,Computex電腦展,2025
華碩,3,40,-27,10,2025-04-10,2025-06-04,37,31.55,2025-05-20,Computex電腦展,2025
華碩,3,41,-27,11,2025-04-10,2025-06-05,38,32.37,2025-05-20,Computex電腦展,2025
華碩,3,42,-27,12,2025-04-10,2025-06-06,39,32.99,2025-05-20,Computex電腦展,2025
華碩,3,43,-27,13,2025-04-10,2025-06-09,40,33.2,2025-05-20,Computex電腦展,2025
華碩,3,44,-27,14,2025-04-10,2025-06-10,41,35.88,2025-05-20,Computex電腦展,2025
華碩,3,45,-27,15,2025-04-10,2025-06-11,42,39.18,2025-05-20,Computex電腦展,2025
華碩,3,46,-27,16,2025-04-10,2025-06-12,43,40.62,2025-05-20,Computex電腦展,2025
華碩,4,5,-26,-25,2025-04-11,2025-04-14,1,5.86,2025-05-20,Computex電腦展,2025
華碩,4,6,-26,-24,2025-04-11,2025-04-15,2,9.96,2025-05-20,Computex電腦展,2025
華碩,4,7,-26,-23,2025-04-11,2025-04-16,3,8.01,2025-05-20,Computex電腦展,2025
華碩,4,8,-26,-22,2025-04-11,2025-04-17,4,6.05,2025-05-20,Computex電腦展,2025
華碩,4,9,-26,-21,2025-04-11,2025-04-18,5,6.05,2025-05-20,Computex電腦展,2025
華碩,4,10,-26,-20,2025-04-11,2025-04-21,6,3.71,2025-05-20,Computex電腦展,2025
華碩,4,11,-26,-19,2025-04-11,2025-04-22,7,0.0,2025-05-20,Computex電腦展,2025
華碩,4,12,-26,-18,2025-04-11,2025-04-23,8,6.05,2025-05-20,Computex電腦展,2025
華碩,4,13,-26,-17,2025-04-11,2025-04-24,9,6.25,2025-05-20,Computex電腦展,2025
華碩,4,14,-26,-16,2025-04-11,2025-04-25,10,15.43,2025-05-20,Computex電腦展,2025
華碩,4,15,-26,-15,2025-04-11,2025-04-28,11,13.87,2025-05-20,Computex電腦展,2025
華碩,4,16,-26,-14,2025-04-11,2025-04-29,12,14.45,2025-05-20,Computex電腦展,2025
華碩,4,17,-26,-13,2025-04-11,2025-04-30,13,13.28,2025-05-20,Computex電腦展,2025
華碩,4,18,-26,-12,2025-04-11,2025-05-02,14,15.23,2025-05-20,Computex電腦展,2025
華碩,4,19,-26,-11,2025-04-11,2025-05-05,15,12.3,2025-05-20,Computex電腦展,2025
華碩,4,20,-26,-10,2025-04-11,2025-05-06,16,14.65,2025-05-20,Computex電腦展,2025
華碩,4,21,-26,-9,2025-04-11,2025-05-07,17,16.02,2025-05-20,Computex電腦展,2025
華碩,4,22,-26,-8,2025-04-11,2025-05-08,18,16.02,2025-05-20,Computex電腦展,2025
華碩,4,23,-26,-7,2025-04-11,2025-05-09,19,17.58,2025-05-20,Computex電腦展,2025
華碩,4,24,-26,-6,2025-04-11,2025-05-12,20,17.77,2025-05-20,Computex電腦展,2025
華碩,4,25,-26,-5,2025-04-11,2025-05-13,21,18.75,2025-05-20,Computex電腦展,2025
華碩,4,26,-26,-4,2025-04-11,2025-05-14,22,21.48,2025-05-20,Computex電腦展,2025
華碩,4,27,-26,-3,2025-04-11,2025-05-15,23,22.66,2025-05-20,Computex電腦展,2025
華碩,4,28,-26,-2,2025-04-11,2025-05-16,24,23.83,2025-05-20,Computex電腦展,2025
華碩,4,29,-26,-1,2025-04-11,2025-05-19,25,21.29,2025-05-20,Computex電腦展,2025
華碩,4,30,-26,0,2025-04-11,2025-05-20,26,23.44,2025-05-20,Computex電腦展,2025
華碩,4,31,-26,1,2025-04-11,2025-05-21,27,22.66,2025-05-20,Computex電腦展,2025
華碩,4,32,-26,2,2025-04-11,2025-05-22,28,23.44,2025-05-20,Computex電腦展,2025
華碩,4,33,-26,3,2025-04-11,2025-05-23,29,21.48,2025-05-20,Computex電腦展,2025
華碩,4,34,-26,4,2025-04-11,2025-05-26,30,22.46,2025-05-20,Computex電腦展,2025
華碩,4,35,-26,5,2025-04-11,2025-05-27,31,18.75,2025-05-20,Computex電腦展,2025
華碩,4,36,-26,6,2025-04-11,2025-05-28,32,20.9,2025-05-20,Computex電腦展,2025
華碩,4,37,-26,7,2025-04-11,2025-05-29,33,22.07,2025-05-20,Computex電腦展,2025
華碩,4,38,-26,8,2025-04-11,2025-06-02,34,21.48,2025-05-20,Computex電腦展,2025
華碩,4,39,-26,9,2025-04-11,2025-06-03,35,24.61,2025-05-20,Computex電腦展,2025
華碩,4,40,-26,10,2025-04-11,2025-06-04,36,24.61,2025-05-20,Computex電腦展,2025
華碩,4,41,-26,11,2025-04-11,2025-06-05,37,25.39,2025-05-20,Computex電腦展,2025
華碩,4,42,-26,12,2025-04-11,2025-06-06,38,25.98,2025-05-20,Computex電腦展,2025
華碩,4,43,-26,13,2025-04-11,2025-06-09,39,26.17,2025-05-20,Computex電腦展,2025
華碩,4,44,-26,14,2025-04-11,2025-06-10,40,28.71,2025-05-20,Computex電腦展,2025
華碩,4,45,-26,15,2025-04-11,2025-06-11,41,31.84,2025-05-20,Computex電腦展,2025
華碩,4,46,-26,16,2025-04-11,2025-06-12,42,33.2,2025-05-20,Computex電腦展,2025
華碩,5,6,-25,-24,2025-04-14,2025-04-15,1,3.87,2025-05-20,Computex電腦展,2025
華碩,5,7,-25,-23,2025-04-14,2025-04-16,2,2.03,2025-05-20,Computex電腦展,2025
華碩,5,8,-25,-22,2025-04-14,2025-04-17,3,0.18,2025-05-20,Computex電腦展,2025
華碩,5,9,-25,-21,2025-04-14,2025-04-18,4,0.18,2025-05-20,Computex電腦展,2025
華碩,5,10,-25,-20,2025-04-14,2025-04-21,5,-2.03,2025-05-20,Computex電腦展,2025
華碩,5,11,-25,-19,2025-04-14,2025-04-22,6,-5.54,2025-05-20,Computex電腦展,2025
華碩,5,12,-25,-18,2025-04-14,2025-04-23,7,0.18,2025-05-20,Computex電腦展,2025
華碩,5,13,-25,-17,2025-04-14,2025-04-24,8,0.37,2025-05-20,Computex電腦展,2025
華碩,5,14,-25,-16,2025-04-14,2025-04-25,9,9.04,2025-05-20,Computex電腦展,2025
華碩,5,15,-25,-15,2025-04-14,2025-04-28,10,7.56,2025-05-20,Computex電腦展,2025
華碩,5,16,-25,-14,2025-04-14,2025-04-29,11,8.12,2025-05-20,Computex電腦展,2025
華碩,5,17,-25,-13,2025-04-14,2025-04-30,12,7.01,2025-05-20,Computex電腦展,2025
華碩,5,18,-25,-12,2025-04-14,2025-05-02,13,8.86,2025-05-20,Computex電腦展,2025
華碩,5,19,-25,-11,2025-04-14,2025-05-05,14,6.09,2025-05-20,Computex電腦展,2025
華碩,5,20,-25,-10,2025-04-14,2025-05-06,15,8.3,2025-05-20,Computex電腦展,2025
華碩,5,21,-25,-9,2025-04-14,2025-05-07,16,9.59,2025-05-20,Computex電腦展,2025
華碩,5,22,-25,-8,2025-04-14,2025-05-08,17,9.59,2025-05-20,Computex電腦展,2025
華碩,5,23,-25,-7,2025-04-14,2025-05-09,18,11.07,2025-05-20,Computex電腦展,2025
華碩,5,24,-25,-6,2025-04-14,2025-05-12,19,11.25,2025-05-20,Computex電腦展,2025
華碩,5,25,-25,-5,2025-04-14,2025-05-13,20,12.18,2025-05-20,Computex電腦展,2025
華碩,5,26,-25,-4,2025-04-14,2025-05-14,21,14.76,2025-05-20,Computex電腦展,2025
華碩,5,27,-25,-3,2025-04-14,2025-05-15,22,15.87,2025-05-20,Computex電腦展,2025
華碩,5,28,-25,-2,2025-04-14,2025-05-16,23,16.97,2025-05-20,Computex電腦展,2025
華碩,5,29,-25,-1,2025-04-14,2025-05-19,24,14.58,2025-05-20,Computex電腦展,2025
華碩,5,30,-25,0,2025-04-14,2025-05-20,25,16.61,2025-05-20,Computex電腦展,2025
華碩,5,31,-25,1,2025-04-14,2025-05-21,26,15.87,2025-05-20,Computex電腦展,2025
華碩,5,32,-25,2,2025-04-14,2025-05-22,27,16.61,2025-05-20,Computex電腦展,2025
華碩,5,33,-25,3,2025-04-14,2025-05-23,28,14.76,2025-05-20,Computex電腦展,2025
華碩,5,34,-25,4,2025-04-14,2025-05-26,29,15.68,2025-05-20,Computex電腦展,2025
華碩,5,35,-25,5,2025-04-14,2025-05-27,30,12.18,2025-05-20,Computex電腦展,2025
華碩,5,36,-25,6,2025-04-14,2025-05-28,31,14.21,2025-05-20,Computex電腦展,2025
華碩,5,37,-25,7,2025-04-14,2025-05-29,32,15.31,2025-05-20,Computex電腦展,2025
華碩,5,38,-25,8,2025-04-14,2025-06-02,33,14.76,2025-05-20,Computex電腦展,2025
華碩,5,39,-25,9,2025-04-14,2025-06-03,34,17.71,2025-05-20,Computex電腦展,2025
華碩,5,40,-25,10,2025-04-14,2025-06-04,35,17.71,2025-05-20,Computex電腦展,2025
華碩,5,41,-25,11,2025-04-14,2025-06-05,36,18.45,2025-05-20,Computex電腦展,2025
華碩,5,42,-25,12,2025-04-14,2025-06-06,37,19.0,2025-05-20,Computex電腦展,2025
華碩,5,43,-25,13,2025-04-14,2025-06-09,38,19.19,2025-05-20,Computex電腦展,2025
華碩,5,44,-25,14,2025-04-14,2025-06-10,39,21.59,2025-05-20,Computex電腦展,2025
華碩,5,45,-25,15,2025-04-14,2025-06-11,40,24.54,2025-05-20,Computex電腦展,2025
華碩,5,46,-25,16,2025-04-14,2025-06-12,41,25.83,2025-05-20,Computex電腦展,2025
華碩,6,7,-24,-23,2025-04-15,2025-04-16,1,-1.78,2025-05-20,Computex電腦展,2025
華碩,6,8,-24,-22,2025-04-15,2025-04-17,2,-3.55,2025-05-20,Computex電腦展,2025
華碩,6,9,-24,-21,2025-04-15,2025-04-18,3,-3.55,2025-05-20,Computex電腦展,2025
華碩,6,10,-24,-20,2025-04-15,2025-04-21,4,-5.68,2025-05-20,Computex電腦展,2025
華碩,6,11,-24,-19,2025-04-15,2025-04-22,5,-9.06,2025-05-20,Computex電腦展,2025
華碩,6,12,-24,-18,2025-04-15,2025-04-23,6,-3.55,2025-05-20,Computex電腦展,2025
華碩,6,13,-24,-17,2025-04-15,2025-04-24,7,-3.37,2025-05-20,Computex電腦展,2025
華碩,6,14,-24,-16,2025-04-15,2025-04-25,8,4.97,2025-05-20,Computex電腦展,2025
華碩,6,15,-24,-15,2025-04-15,2025-04-28,9,3.55,2025-05-20,Computex電腦展,2025
華碩,6,16,-24,-14,2025-04-15,2025-04-29,10,4.09,2025-05-20,Computex電腦展,2025
華碩,6,17,-24,-13,2025-04-15,2025-04-30,11,3.02,2025-05-20,Computex電腦展,2025
華碩,6,18,-24,-12,2025-04-15,2025-05-02,12,4.8,2025-05-20,Computex電腦展,2025
華碩,6,19,-24,-11,2025-04-15,2025-05-05,13,2.13,2025-05-20,Computex電腦展,2025
華碩,6,20,-24,-10,2025-04-15,2025-05-06,14,4.26,2025-05-20,Computex電腦展,2025
華碩,6,21,-24,-9,2025-04-15,2025-05-07,15,5.51,2025-05-20,Computex電腦展,2025
華碩,6,22,-24,-8,2025-04-15,2025-05-08,16,5.51,2025-05-20,Computex電腦展,2025
華碩,6,23,-24,-7,2025-04-15,2025-05-09,17,6.93,2025-05-20,Computex電腦展,2025
華碩,6,24,-24,-6,2025-04-15,2025-05-12,18,7.1,2025-05-20,Computex電腦展,2025
華碩,6,25,-24,-5,2025-04-15,2025-05-13,19,7.99,2025-05-20,Computex電腦展,2025
華碩,6,26,-24,-4,2025-04-15,2025-05-14,20,10.48,2025-05-20,Computex電腦展,2025
華碩,6,27,-24,-3,2025-04-15,2025-05-15,21,11.55,2025-05-20,Computex電腦展,2025
華碩,6,28,-24,-2,2025-04-15,2025-05-16,22,12.61,2025-05-20,Computex電腦展,2025
華碩,6,29,-24,-1,2025-04-15,2025-05-19,23,10.3,2025-05-20,Computex電腦展,2025
華碩,6,30,-24,0,2025-04-15,2025-05-20,24,12.26,2025-05-20,Computex電腦展,2025
華碩,6,31,-24,1,2025-04-15,2025-05-21,25,11.55,2025-05-20,Computex電腦展,2025
華碩,6,32,-24,2,2025-04-15,2025-05-22,26,12.26,2025-05-20,Computex電腦展,2025
華碩,6,33,-24,3,2025-04-15,2025-05-23,27,10.48,2025-05-20,Computex電腦展,2025
華碩,6,34,-24,4,2025-04-15,2025-05-26,28,11.37,2025-05-20,Computex電腦展,2025
華碩,6,35,-24,5,2025-04-15,2025-05-27,29,7.99,2025-05-20,Computex電腦展,2025
華碩,6,36,-24,6,2025-04-15,2025-05-28,30,9.95,2025-05-20,Computex電腦展,2025
華碩,6,37,-24,7,2025-04-15,2025-05-29,31,11.01,2025-05-20,Computex電腦展,2025
華碩,6,38,-24,8,2025-04-15,2025-06-02,32,10.48,2025-05-20,Computex電腦展,2025
華碩,6,39,-24,9,2025-04-15,2025-06-03,33,13.32,2025-05-20,Computex電腦展,2025
華碩,6,40,-24,10,2025-04-15,2025-06-04,34,13.32,2025-05-20,Computex電腦展,2025
華碩,6,41,-24,11,2025-04-15,2025-06-05,35,14.03,2025-05-20,Computex電腦展,2025
華碩,6,42,-24,12,2025-04-15,2025-06-06,36,14.56,2025-05-20,Computex電腦展,2025
華碩,6,43,-24,13,2025-04-15,2025-06-09,37,14.74,2025-05-20,Computex電腦展,2025
華碩,6,44,-24,14,2025-04-15,2025-06-10,38,17.05,2025-05-20,Computex電腦展,2025
華碩,6,45,-24,15,2025-04-15,2025-06-11,39,19.89,2025-05-20,Computex電腦展,2025
華碩,6,46,-24,16,2025-04-15,2025-06-12,40,21.14,2025-05-20,Computex電腦展,2025
華碩,7,8,-23,-22,2025-04-16,2025-04-17,1,-1.81,2025-05-20,Computex電腦展,2025
華碩,7,9,-23,-21,2025-04-16,2025-04-18,2,-1.81,2025-05-20,Computex電腦展,2025
華碩,7,10,-23,-20,2025-04-16,2025-04-21,3,-3.98,2025-05-20,Computex電腦展,2025
華碩,7,11,-23,-19,2025-04-16,2025-04-22,4,-7.41,2025-05-20,Computex電腦展,2025
華碩,7,12,-23,-18,2025-04-16,2025-04-23,5,-1.81,2025-05-20,Computex電腦展,2025
華碩,7,13,-23,-17,2025-04-16,2025-04-24,6,-1.63,2025-05-20,Computex電腦展,2025
華碩,7,14,-23,-16,2025-04-16,2025-04-25,7,6.87,2025-05-20,Computex電腦展,2025
華碩,7,15,-23,-15,2025-04-16,2025-04-28,8,5.42,2025-05-20,Computex電腦展,2025
華碩,7,16,-23,-14,2025-04-16,2025-04-29,9,5.97,2025-05-20,Computex電腦展,2025
華碩,7,17,-23,-13,2025-04-16,2025-04-30,10,4.88,2025-05-20,Computex電腦展,2025
華碩,7,18,-23,-12,2025-04-16,2025-05-02,11,6.69,2025-05-20,Computex電腦展,2025
華碩,7,19,-23,-11,2025-04-16,2025-05-05,12,3.98,2025-05-20,Computex電腦展,2025
華碩,7,20,-23,-10,2025-04-16,2025-05-06,13,6.15,2025-05-20,Computex電腦展,2025
華碩,7,21,-23,-9,2025-04-16,2025-05-07,14,7.41,2025-05-20,Computex電腦展,2025
華碩,7,22,-23,-8,2025-04-16,2025-05-08,15,7.41,2025-05-20,Computex電腦展,2025
華碩,7,23,-23,-7,2025-04-16,2025-05-09,16,8.86,2025-05-20,Computex電腦展,2025
華碩,7,24,-23,-6,2025-04-16,2025-05-12,17,9.04,2025-05-20,Computex電腦展,2025
華碩,7,25,-23,-5,2025-04-16,2025-05-13,18,9.95,2025-05-20,Computex電腦展,2025
華碩,7,26,-23,-4,2025-04-16,2025-05-14,19,12.48,2025-05-20,Computex電腦展,2025
華碩,7,27,-23,-3,2025-04-16,2025-05-15,20,13.56,2025-05-20,Computex電腦展,2025
華碩,7,28,-23,-2,2025-04-16,2025-05-16,21,14.65,2025-05-20,Computex電腦展,2025
華碩,7,29,-23,-1,2025-04-16,2025-05-19,22,12.3,2025-05-20,Computex電腦展,2025
華碩,7,30,-23,0,2025-04-16,2025-05-20,23,14.29,2025-05-20,Computex電腦展,2025
華碩,7,31,-23,1,2025-04-16,2025-05-21,24,13.56,2025-05-20,Computex電腦展,2025
華碩,7,32,-23,2,2025-04-16,2025-05-22,25,14.29,2025-05-20,Computex電腦展,2025
華碩,7,33,-23,3,2025-04-16,2025-05-23,26,12.48,2025-05-20,Computex電腦展,2025
華碩,7,34,-23,4,2025-04-16,2025-05-26,27,13.38,2025-05-20,Computex電腦展,2025
華碩,7,35,-23,5,2025-04-16,2025-05-27,28,9.95,2025-05-20,Computex電腦展,2025
華碩,7,36,-23,6,2025-04-16,2025-05-28,29,11.93,2025-05-20,Computex電腦展,2025
華碩,7,37,-23,7,2025-04-16,2025-05-29,30,13.02,2025-05-20,Computex電腦展,2025
華碩,7,38,-23,8,2025-04-16,2025-06-02,31,12.48,2025-05-20,Computex電腦展,2025
華碩,7,39,-23,9,2025-04-16,2025-06-03,32,15.37,2025-05-20,Computex電腦展,2025
華碩,7,40,-23,10,2025-04-16,2025-06-04,33,15.37,2025-05-20,Computex電腦展,2025
華碩,7,41,-23,11,2025-04-16,2025-06-05,34,16.09,2025-05-20,Computex電腦展,2025
華碩,7,42,-23,12,2025-04-16,2025-06-06,35,16.64,2025-05-20,Computex電腦展,2025
華碩,7,43,-23,13,2025-04-16,2025-06-09,36,16.82,2025-05-20,Computex電腦展,2025
華碩,7,44,-23,14,2025-04-16,2025-06-10,37,19.17,2025-05-20,Computex電腦展,2025
華碩,7,45,-23,15,2025-04-16,2025-06-11,38,22.06,2025-05-20,Computex電腦展,2025
華碩,7,46,-23,16,2025-04-16,2025-06-12,39,23.33,2025-05-20,Computex電腦展,2025
華碩,8,9,-22,-21,2025-04-17,2025-04-18,1,0.0,2025-05-20,Computex電腦展,2025
華碩,8,10,-22,-20,2025-04-17,2025-04-21,2,-2.21,2025-05-20,Computex電腦展,2025
華碩,8,11,-22,-19,2025-04-17,2025-04-22,3,-5.71,2025-05-20,Computex電腦展,2025
華碩,8,12,-22,-18,2025-04-17,2025-04-23,4,0.0,2025-05-20,Computex電腦展,2025
華碩,8,13,-22,-17,2025-04-17,2025-04-24,5,0.18,2025-05-20,Computex電腦展,2025
華碩,8,14,-22,-16,2025-04-17,2025-04-25,6,8.84,2025-05-20,Computex電腦展,2025
華碩,8,15,-22,-15,2025-04-17,2025-04-28,7,7.37,2025-05-20,Computex電腦展,2025
華碩,8,16,-22,-14,2025-04-17,2025-04-29,8,7.92,2025-05-20,Computex電腦展,2025
華碩,8,17,-22,-13,2025-04-17,2025-04-30,9,6.81,2025-05-20,Computex電腦展,2025
華碩,8,18,-22,-12,2025-04-17,2025-05-02,10,8.66,2025-05-20,Computex電腦展,2025
華碩,8,19,-22,-11,2025-04-17,2025-05-05,11,5.89,2025-05-20,Computex電腦展,2025
華碩,8,20,-22,-10,2025-04-17,2025-05-06,12,8.1,2025-05-20,Computex電腦展,2025
華碩,8,21,-22,-9,2025-04-17,2025-05-07,13,9.39,2025-05-20,Computex電腦展,2025
華碩,8,22,-22,-8,2025-04-17,2025-05-08,14,9.39,2025-05-20,Computex電腦展,2025
華碩,8,23,-22,-7,2025-04-17,2025-05-09,15,10.87,2025-05-20,Computex電腦展,2025
華碩,8,24,-22,-6,2025-04-17,2025-05-12,16,11.05,2025-05-20,Computex電腦展,2025
華碩,8,25,-22,-5,2025-04-17,2025-05-13,17,11.97,2025-05-20,Computex電腦展,2025
華碩,8,26,-22,-4,2025-04-17,2025-05-14,18,14.55,2025-05-20,Computex電腦展,2025
華碩,8,27,-22,-3,2025-04-17,2025-05-15,19,15.65,2025-05-20,Computex電腦展,2025
華碩,8,28,-22,-2,2025-04-17,2025-05-16,20,16.76,2025-05-20,Computex電腦展,2025
華碩,8,29,-22,-1,2025-04-17,2025-05-19,21,14.36,2025-05-20,Computex電腦展,2025
華碩,8,30,-22,0,2025-04-17,2025-05-20,22,16.39,2025-05-20,Computex電腦展,2025
華碩,8,31,-22,1,2025-04-17,2025-05-21,23,15.65,2025-05-20,Computex電腦展,2025
華碩,8,32,-22,2,2025-04-17,2025-05-22,24,16.39,2025-05-20,Computex電腦展,2025
華碩,8,33,-22,3,2025-04-17,2025-05-23,25,14.55,2025-05-20,Computex電腦展,2025
華碩,8,34,-22,4,2025-04-17,2025-05-26,26,15.47,2025-05-20,Computex電腦展,2025
華碩,8,35,-22,5,2025-04-17,2025-05-27,27,11.97,2025-05-20,Computex電腦展,2025
華碩,8,36,-22,6,2025-04-17,2025-05-28,28,14.0,2025-05-20,Computex電腦展,2025
華碩,8,37,-22,7,2025-04-17,2025-05-29,29,15.1,2025-05-20,Computex電腦展,2025
華碩,8,38,-22,8,2025-04-17,2025-06-02,30,14.55,2025-05-20,Computex電腦展,2025
華碩,8,39,-22,9,2025-04-17,2025-06-03,31,17.5,2025-05-20,Computex電腦展,2025
華碩,8,40,-22,10,2025-04-17,2025-06-04,32,17.5,2025-05-20,Computex電腦展,2025
華碩,8,41,-22,11,2025-04-17,2025-06-05,33,18.23,2025-05-20,Computex電腦展,2025
華碩,8,42,-22,12,2025-04-17,2025-06-06,34,18.78,2025-05-20,Computex電腦展,2025
華碩,8,43,-22,13,2025-04-17,2025-06-09,35,18.97,2025-05-20,Computex電腦展,2025
華碩,8,44,-22,14,2025-04-17,2025-06-10,36,21.36,2025-05-20,Computex電腦展,2025
華碩,8,45,-22,15,2025-04-17,2025-06-11,37,24.31,2025-05-20,Computex電腦展,2025
華碩,8,46,-22,16,2025-04-17,2025-06-12,38,25.6,2025-05-20,Computex電腦展,2025
華碩,9,10,-21,-20,2025-04-18,2025-04-21,1,-2.21,2025-05-20,Computex電腦展,2025
華碩,9,11,-21,-19,2025-04-18,2025-04-22,2,-5.71,2025-05-20,Computex電腦展,2025
華碩,9,12,-21,-18,2025-04-18,2025-04-23,3,0.0,2025-05-20,Computex電腦展,2025
華碩,9,13,-21,-17,2025-04-18,2025-04-24,4,0.18,2025-05-20,Computex電腦展,2025
華碩,9,14,-21,-16,2025-04-18,2025-04-25,5,8.84,2025-05-20,Computex電腦展,2025
華碩,9,15,-21,-15,2025-04-18,2025-04-28,6,7.37,2025-05-20,Computex電腦展,2025
華碩,9,16,-21,-14,2025-04-18,2025-04-29,7,7.92,2025-05-20,Computex電腦展,2025
華碩,9,17,-21,-13,2025-04-18,2025-04-30,8,6.81,2025-05-20,Computex電腦展,2025
華碩,9,18,-21,-12,2025-04-18,2025-05-02,9,8.66,2025-05-20,Computex電腦展,2025
華碩,9,19,-21,-11,2025-04-18,2025-05-05,10,5.89,2025-05-20,Computex電腦展,2025
華碩,9,20,-21,-10,2025-04-18,2025-05-06,11,8.1,2025-05-20,Computex電腦展,2025
華碩,9,21,-21,-9,2025-04-18,2025-05-07,12,9.39,2025-05-20,Computex電腦展,2025
華碩,9,22,-21,-8,2025-04-18,2025-05-08,13,9.39,2025-05-20,Computex電腦展,2025
華碩,9,23,-21,-7,2025-04-18,2025-05-09,14,10.87,2025-05-20,Computex電腦展,2025
華碩,9,24,-21,-6,2025-04-18,2025-05-12,15,11.05,2025-05-20,Computex電腦展,2025
華碩,9,25,-21,-5,2025-04-18,2025-05-13,16,11.97,2025-05-20,Computex電腦展,2025
華碩,9,26,-21,-4,2025-04-18,2025-05-14,17,14.55,2025-05-20,Computex電腦展,2025
華碩,9,27,-21,-3,2025-04-18,2025-05-15,18,15.65,2025-05-20,Computex電腦展,2025
華碩,9,28,-21,-2,2025-04-18,2025-05-16,19,16.76,2025-05-20,Computex電腦展,2025
華碩,9,29,-21,-1,2025-04-18,2025-05-19,20,14.36,2025-05-20,Computex電腦展,2025
華碩,9,30,-21,0,2025-04-18,2025-05-20,21,16.39,2025-05-20,Computex電腦展,2025
華碩,9,31,-21,1,2025-04-18,2025-05-21,22,15.65,2025-05-20,Computex電腦展,2025
華碩,9,32,-21,2,2025-04-18,2025-05-22,23,16.39,2025-05-20,Computex電腦展,2025
華碩,9,33,-21,3,2025-04-18,2025-05-23,24,14.55,2025-05-20,Computex電腦展,2025
華碩,9,34,-21,4,2025-04-18,2025-05-26,25,15.47,2025-05-20,Computex電腦展,2025
華碩,9,35,-21,5,2025-04-18,2025-05-27,26,11.97,2025-05-20,Computex電腦展,2025
華碩,9,36,-21,6,2025-04-18,2025-05-28,27,14.0,2025-05-20,Computex電腦展,2025
華碩,9,37,-21,7,2025-04-18,2025-05-29,28,15.1,2025-05-20,Computex電腦展,2025
華碩,9,38,-21,8,2025-04-18,2025-06-02,29,14.55,2025-05-20,Computex電腦展,2025
華碩,9,39,-21,9,2025-04-18,2025-06-03,30,17.5,2025-05-20,Computex電腦展,2025
華碩,9,40,-21,10,2025-04-18,2025-06-04,31,17.5,2025-05-20,Computex電腦展,2025
華碩,9,41,-21,11,2025-04-18,2025-06-05,32,18.23,2025-05-20,Computex電腦展,2025
華碩,9,42,-21,12,2025-04-18,2025-06-06,33,18.78,2025-05-20,Computex電腦展,2025
華碩,9,43,-21,13,2025-04-18,2025-06-09,34,18.97,2025-05-20,Computex電腦展,2025
華碩,9,44,-21,14,2025-04-18,2025-06-10,35,21.36,2025-05-20,Computex電腦展,2025
華碩,9,45,-21,15,2025-04-18,2025-06-11,36,24.31,2025-05-20,Computex電腦展,2025
華碩,9,46,-21,16,2025-04-18,2025-06-12,37,25.6,2025-05-20,Computex電腦展,2025
華碩,10,11,-20,-19,2025-04-21,2025-04-22,1,-3.58,2025-05-20,Computex電腦展,2025
華碩,10,12,-20,-18,2025-04-21,2025-04-23,2,2.26,2025-05-20,Computex電腦展,2025
華碩,10,13,-20,-17,2025-04-21,2025-04-24,3,2.45,2025-05-20,Computex電腦展,2025
華碩,10,14,-20,-16,2025-04-21,2025-04-25,4,11.3,2025-05-20,Computex電腦展,2025
華碩,10,15,-20,-15,2025-04-21,2025-04-28,5,9.79,2025-05-20,Computex電腦展,2025
華碩,10,16,-20,-14,2025-04-21,2025-04-29,6,10.36,2025-05-20,Computex電腦展,2025
華碩,10,17,-20,-13,2025-04-21,2025-04-30,7,9.23,2025-05-20,Computex電腦展,2025
華碩,10,18,-20,-12,2025-04-21,2025-05-02,8,11.11,2025-05-20,Computex電腦展,2025
華碩,10,19,-20,-11,2025-04-21,2025-05-05,9,8.29,2025-05-20,Computex電腦展,2025
華碩,10,20,-20,-10,2025-04-21,2025-05-06,10,10.55,2025-05-20,Computex電腦展,2025
華碩,10,21,-20,-9,2025-04-21,2025-05-07,11,11.86,2025-05-20,Computex電腦展,2025
華碩,10,22,-20,-8,2025-04-21,2025-05-08,12,11.86,2025-05-20,Computex電腦展,2025
華碩,10,23,-20,-7,2025-04-21,2025-05-09,13,13.37,2025-05-20,Computex電腦展,2025
華碩,10,24,-20,-6,2025-04-21,2025-05-12,14,13.56,2025-05-20,Computex電腦展,2025
華碩,10,25,-20,-5,2025-04-21,2025-05-13,15,14.5,2025-05-20,Computex電腦展,2025
華碩,10,26,-20,-4,2025-04-21,2025-05-14,16,17.14,2025-05-20,Computex電腦展,2025
華碩,10,27,-20,-3,2025-04-21,2025-05-15,17,18.27,2025-05-20,Computex電腦展,2025
華碩,10,28,-20,-2,2025-04-21,2025-05-16,18,19.4,2025-05-20,Computex電腦展,2025
華碩,10,29,-20,-1,2025-04-21,2025-05-19,19,16.95,2025-05-20,Computex電腦展,2025
華碩,10,30,-20,0,2025-04-21,2025-05-20,20,19.02,2025-05-20,Computex電腦展,2025
華碩,10,31,-20,1,2025-04-21,2025-05-21,21,18.27,2025-05-20,Computex電腦展,2025
華碩,10,32,-20,2,2025-04-21,2025-05-22,22,19.02,2025-05-20,Computex電腦展,2025
華碩,10,33,-20,3,2025-04-21,2025-05-23,23,17.14,2025-05-20,Computex電腦展,2025
華碩,10,34,-20,4,2025-04-21,2025-05-26,24,18.08,2025-05-20,Computex電腦展,2025
華碩,10,35,-20,5,2025-04-21,2025-05-27,25,14.5,2025-05-20,Computex電腦展,2025
華碩,10,36,-20,6,2025-04-21,2025-05-28,26,16.57,2025-05-20,Computex電腦展,2025
華碩,10,37,-20,7,2025-04-21,2025-05-29,27,17.7,2025-05-20,Computex電腦展,2025
華碩,10,38,-20,8,2025-04-21,2025-06-02,28,17.14,2025-05-20,Computex電腦展,2025
華碩,10,39,-20,9,2025-04-21,2025-06-03,29,20.15,2025-05-20,Computex電腦展,2025
華碩,10,40,-20,10,2025-04-21,2025-06-04,30,20.15,2025-05-20,Computex電腦展,2025
華碩,10,41,-20,11,2025-04-21,2025-06-05,31,20.9,2025-05-20,Computex電腦展,2025
華碩,10,42,-20,12,2025-04-21,2025-06-06,32,21.47,2025-05-20,Computex電腦展,2025
華碩,10,43,-20,13,2025-04-21,2025-06-09,33,21.66,2025-05-20,Computex電腦展,2025
華碩,10,44,-20,14,2025-04-21,2025-06-10,34,24.11,2025-05-20,Computex電腦展,2025
華碩,10,45,-20,15,2025-04-21,2025-06-11,35,27.12,2025-05-20,Computex電腦展,2025
華碩,10,46,-20,16,2025-04-21,2025-06-12,36,28.44,2025-05-20,Computex電腦展,2025
華碩,11,12,-19,-18,2025-04-22,2025-04-23,1,6.05,2025-05-20,Computex電腦展,2025
華碩,11,13,-19,-17,2025-04-22,2025-04-24,2,6.25,2025-05-20,Computex電腦展,2025
華碩,11,14,-19,-16,2025-04-22,2025-04-25,3,15.43,2025-05-20,Computex電腦展,2025
華碩,11,15,-19,-15,2025-04-22,2025-04-28,4,13.87,2025-05-20,Computex電腦展,2025
華碩,11,16,-19,-14,2025-04-22,2025-04-29,5,14.45,2025-05-20,Computex電腦展,2025
華碩,11,17,-19,-13,2025-04-22,2025-04-30,6,13.28,2025-05-20,Computex電腦展,2025
華碩,11,18,-19,-12,2025-04-22,2025-05-02,7,15.23,2025-05-20,Computex電腦展,2025
華碩,11,19,-19,-11,2025-04-22,2025-05-05,8,12.3,2025-05-20,Computex電腦展,2025
華碩,11,20,-19,-10,2025-04-22,2025-05-06,9,14.65,2025-05-20,Computex電腦展,2025
華碩,11,21,-19,-9,2025-04-22,2025-05-07,10,16.02,2025-05-20,Computex電腦展,2025
華碩,11,22,-19,-8,2025-04-22,2025-05-08,11,16.02,2025-05-20,Computex電腦展,2025
華碩,11,23,-19,-7,2025-04-22,2025-05-09,12,17.58,2025-05-20,Computex電腦展,2025
華碩,11,24,-19,-6,2025-04-22,2025-05-12,13,17.77,2025-05-20,Computex電腦展,2025
華碩,11,25,-19,-5,2025-04-22,2025-05-13,14,18.75,2025-05-20,Computex電腦展,2025
華碩,11,26,-19,-4,2025-04-22,2025-05-14,15,21.48,2025-05-20,Computex電腦展,2025
華碩,11,27,-19,-3,2025-04-22,2025-05-15,16,22.66,2025-05-20,Computex電腦展,2025
華碩,11,28,-19,-2,2025-04-22,2025-05-16,17,23.83,2025-05-20,Computex電腦展,2025
華碩,11,29,-19,-1,2025-04-22,2025-05-19,18,21.29,2025-05-20,Computex電腦展,2025
華碩,11,30,-19,0,2025-04-22,2025-05-20,19,23.44,2025-05-20,Computex電腦展,2025
華碩,11,31,-19,1,2025-04-22,2025-05-21,20,22.66,2025-05-20,Computex電腦展,2025
華碩,11,32,-19,2,2025-04-22,2025-05-22,21,23.44,2025-05-20,Computex電腦展,2025
華碩,11,33,-19,3,2025-04-22,2025-05-23,22,21.48,2025-05-20,Computex電腦展,2025
華碩,11,34,-19,4,2025-04-22,2025-05-26,23,22.46,2025-05-20,Computex電腦展,2025
華碩,11,35,-19,5,2025-04-22,2025-05-27,24,18.75,2025-05-20,Computex電腦展,2025
華碩,11,36,-19,6,2025-04-22,2025-05-28,25,20.9,2025-05-20,Computex電腦展,2025
華碩,11,37,-19,7,2025-04-22,2025-05-29,26,22.07,2025-05-20,Computex電腦展,2025
華碩,11,38,-19,8,2025-04-22,2025-06-02,27,21.48,2025-05-20,Computex電腦展,2025
華碩,11,39,-19,9,2025-04-22,2025-06-03,28,24.61,2025-05-20,Computex電腦展,2025
華碩,11,40,-19,10,2025-04-22,2025-06-04,29,24.61,2025-05-20,Computex電腦展,2025
華碩,11,41,-19,11,2025-04-22,2025-06-05,30,25.39,2025-05-20,Computex電腦展,2025
華碩,11,42,-19,12,2025-04-22,2025-06-06,31,25.98,2025-05-20,Computex電腦展,2025
華碩,11,43,-19,13,2025-04-22,2025-06-09,32,26.17,2025-05-20,Computex電腦展,2025
華碩,11,44,-19,14,2025-04-22,2025-06-10,33,28.71,2025-05-20,Computex電腦展,2025
華碩,11,45,-19,15,2025-04-22,2025-06-11,34,31.84,2025-05-20,Computex電腦展,2025
華碩,11,46,-19,16,2025-04-22,2025-06-12,35,33.2,2025-05-20,Computex電腦展,2025
華碩,12,13,-18,-17,2025-04-23,2025-04-24,1,0.18,2025-05-20,Computex電腦展,2025
華碩,12,14,-18,-16,2025-04-23,2025-04-25,2,8.84,2025-05-20,Computex電腦展,2025
華碩,12,15,-18,-15,2025-04-23,2025-04-28,3,7.37,2025-05-20,Computex電腦展,2025
華碩,12,16,-18,-14,2025-04-23,2025-04-29,4,7.92,2025-05-20,Computex電腦展,2025
華碩,12,17,-18,-13,2025-04-23,2025-04-30,5,6.81,2025-05-20,Computex電腦展,2025
華碩,12,18,-18,-12,2025-04-23,2025-05-02,6,8.66,2025-05-20,Computex電腦展,2025
華碩,12,19,-18,-11,2025-04-23,2025-05-05,7,5.89,2025-05-20,Computex電腦展,2025
華碩,12,20,-18,-10,2025-04-23,2025-05-06,8,8.1,2025-05-20,Computex電腦展,2025
華碩,12,21,-18,-9,2025-04-23,2025-05-07,9,9.39,2025-05-20,Computex電腦展,2025
華碩,12,22,-18,-8,2025-04-23,2025-05-08,10,9.39,2025-05-20,Computex電腦展,2025
華碩,12,23,-18,-7,2025-04-23,2025-05-09,11,10.87,2025-05-20,Computex電腦展,2025
華碩,12,24,-18,-6,2025-04-23,2025-05-12,12,11.05,2025-05-20,Computex電腦展,2025
華碩,12,25,-18,-5,2025-04-23,2025-05-13,13,11.97,2025-05-20,Computex電腦展,2025
華碩,12,26,-18,-4,2025-04-23,2025-05-14,14,14.55,2025-05-20,Computex電腦展,2025
華碩,12,27,-18,-3,2025-04-23,2025-05-15,15,15.65,2025-05-20,Computex電腦展,2025
華碩,12,28,-18,-2,2025-04-23,2025-05-16,16,16.76,2025-05-20,Computex電腦展,2025
華碩,12,29,-18,-1,2025-04-23,2025-05-19,17,14.36,2025-05-20,Computex電腦展,2025
華碩,12,30,-18,0,2025-04-23,2025-05-20,18,16.39,2025-05-20,Computex電腦展,2025
華碩,12,31,-18,1,2025-04-23,2025-05-21,19,15.65,2025-05-20,Computex電腦展,2025
華碩,12,32,-18,2,2025-04-23,2025-05-22,20,16.39,2025-05-20,Computex電腦展,2025
華碩,12,33,-18,3,2025-04-23,2025-05-23,21,14.55,2025-05-20,Computex電腦展,2025
華碩,12,34,-18,4,2025-04-23,2025-05-26,22,15.47,2025-05-20,Computex電腦展,2025
華碩,12,35,-18,5,2025-04-23,2025-05-27,23,11.97,2025-05-20,Computex電腦展,2025
華碩,12,36,-18,6,2025-04-23,2025-05-28,24,14.0,2025-05-20,Computex電腦展,2025
華碩,12,37,-18,7,2025-04-23,2025-05-29,25,15.1,2025-05-20,Computex電腦展,2025
華碩,12,38,-18,8,2025-04-23,2025-06-02,26,14.55,2025-05-20,Computex電腦展,2025
華碩,12,39,-18,9,2025-04-23,2025-06-03,27,17.5,2025-05-20,Computex電腦展,2025
華碩,12,40,-18,10,2025-04-23,2025-06-04,28,17.5,2025-05-20,Computex電腦展,2025
華碩,12,41,-18,11,2025-04-23,2025-06-05,29,18.23,2025-05-20,Computex電腦展,2025
華碩,12,42,-18,12,2025-04-23,2025-06-06,30,18.78,2025-05-20,Computex電腦展,2025
華碩,12,43,-18,13,2025-04-23,2025-06-09,31,18.97,2025-05-20,Computex電腦展,2025
華碩,12,44,-18,14,2025-04-23,2025-06-10,32,21.36,2025-05-20,Computex電腦展,2025
華碩,12,45,-18,15,2025-04-23,2025-06-11,33,24.31,2025-05-20,Computex電腦展,2025
華碩,12,46,-18,16,2025-04-23,2025-06-12,34,25.6,2025-05-20,Computex電腦展,2025
華碩,13,14,-17,-16,2025-04-24,2025-04-25,1,8.64,2025-05-20,Computex電腦展,2025
華碩,13,15,-17,-15,2025-04-24,2025-04-28,2,7.17,2025-05-20,Computex電腦展,2025
華碩,13,16,-17,-14,2025-04-24,2025-04-29,3,7.72,2025-05-20,Computex電腦展,2025
華碩,13,17,-17,-13,2025-04-24,2025-04-30,4,6.62,2025-05-20,Computex電腦展,2025
華碩,13,18,-17,-12,2025-04-24,2025-05-02,5,8.46,2025-05-20,Computex電腦展,2025
華碩,13,19,-17,-11,2025-04-24,2025-05-05,6,5.7,2025-05-20,Computex電腦展,2025
華碩,13,20,-17,-10,2025-04-24,2025-05-06,7,7.9,2025-05-20,Computex電腦展,2025
華碩,13,21,-17,-9,2025-04-24,2025-05-07,8,9.19,2025-05-20,Computex電腦展,2025
華碩,13,22,-17,-8,2025-04-24,2025-05-08,9,9.19,2025-05-20,Computex電腦展,2025
華碩,13,23,-17,-7,2025-04-24,2025-05-09,10,10.66,2025-05-20,Computex電腦展,2025
華碩,13,24,-17,-6,2025-04-24,2025-05-12,11,10.85,2025-05-20,Computex電腦展,2025
華碩,13,25,-17,-5,2025-04-24,2025-05-13,12,11.76,2025-05-20,Computex電腦展,2025
華碩,13,26,-17,-4,2025-04-24,2025-05-14,13,14.34,2025-05-20,Computex電腦展,2025
華碩,13,27,-17,-3,2025-04-24,2025-05-15,14,15.44,2025-05-20,Computex電腦展,2025
華碩,13,28,-17,-2,2025-04-24,2025-05-16,15,16.54,2025-05-20,Computex電腦展,2025
華碩,13,29,-17,-1,2025-04-24,2025-05-19,16,14.15,2025-05-20,Computex電腦展,2025
華碩,13,30,-17,0,2025-04-24,2025-05-20,17,16.18,2025-05-20,Computex電腦展,2025
華碩,13,31,-17,1,2025-04-24,2025-05-21,18,15.44,2025-05-20,Computex電腦展,2025
華碩,13,32,-17,2,2025-04-24,2025-05-22,19,16.18,2025-05-20,Computex電腦展,2025
華碩,13,33,-17,3,2025-04-24,2025-05-23,20,14.34,2025-05-20,Computex電腦展,2025
華碩,13,34,-17,4,2025-04-24,2025-05-26,21,15.26,2025-05-20,Computex電腦展,2025
華碩,13,35,-17,5,2025-04-24,2025-05-27,22,11.76,2025-05-20,Computex電腦展,2025
華碩,13,36,-17,6,2025-04-24,2025-05-28,23,13.79,2025-05-20,Computex電腦展,2025
華碩,13,37,-17,7,2025-04-24,2025-05-29,24,14.89,2025-05-20,Computex電腦展,2025
華碩,13,38,-17,8,2025-04-24,2025-06-02,25,14.34,2025-05-20,Computex電腦展,2025
華碩,13,39,-17,9,2025-04-24,2025-06-03,26,17.28,2025-05-20,Computex電腦展,2025
華碩,13,40,-17,10,2025-04-24,2025-06-04,27,17.28,2025-05-20,Computex電腦展,2025
華碩,13,41,-17,11,2025-04-24,2025-06-05,28,18.01,2025-05-20,Computex電腦展,2025
華碩,13,42,-17,12,2025-04-24,2025-06-06,29,18.57,2025-05-20,Computex電腦展,2025
華碩,13,43,-17,13,2025-04-24,2025-06-09,30,18.75,2025-05-20,Computex電腦展,2025
華碩,13,44,-17,14,2025-04-24,2025-06-10,31,21.14,2025-05-20,Computex電腦展,2025
華碩,13,45,-17,15,2025-04-24,2025-06-11,32,24.08,2025-05-20,Computex電腦展,2025
華碩,13,46,-17,16,2025-04-24,2025-06-12,33,25.37,2025-05-20,Computex電腦展,2025
華碩,14,15,-16,-15,2025-04-25,2025-04-28,1,-1.35,2025-05-20,Computex電腦展,2025
華碩,14,16,-16,-14,2025-04-25,2025-04-29,2,-0.85,2025-05-20,Computex電腦展,2025
華碩,14,17,-16,-13,2025-04-25,2025-04-30,3,-1.86,2025-05-20,Computex電腦展,2025
華碩,14,18,-16,-12,2025-04-25,2025-05-02,4,-0.17,2025-05-20,Computex電腦展,2025
華碩,14,19,-16,-11,2025-04-25,2025-05-05,5,-2.71,2025-05-20,Computex電腦展,2025
華碩,14,20,-16,-10,2025-04-25,2025-05-06,6,-0.68,2025-05-20,Computex電腦展,2025
華碩,14,21,-16,-9,2025-04-25,2025-05-07,7,0.51,2025-05-20,Computex電腦展,2025
華碩,14,22,-16,-8,2025-04-25,2025-05-08,8,0.51,2025-05-20,Computex電腦展,2025
華碩,14,23,-16,-7,2025-04-25,2025-05-09,9,1.86,2025-05-20,Computex電腦展,2025
華碩,14,24,-16,-6,2025-04-25,2025-05-12,10,2.03,2025-05-20,Computex電腦展,2025
華碩,14,25,-16,-5,2025-04-25,2025-05-13,11,2.88,2025-05-20,Computex電腦展,2025
華碩,14,26,-16,-4,2025-04-25,2025-05-14,12,5.25,2025-05-20,Computex電腦展,2025
華碩,14,27,-16,-3,2025-04-25,2025-05-15,13,6.26,2025-05-20,Computex電腦展,2025
華碩,14,28,-16,-2,2025-04-25,2025-05-16,14,7.28,2025-05-20,Computex電腦展,2025
華碩,14,29,-16,-1,2025-04-25,2025-05-19,15,5.08,2025-05-20,Computex電腦展,2025
華碩,14,30,-16,0,2025-04-25,2025-05-20,16,6.94,2025-05-20,Computex電腦展,2025
華碩,14,31,-16,1,2025-04-25,2025-05-21,17,6.26,2025-05-20,Computex電腦展,2025
華碩,14,32,-16,2,2025-04-25,2025-05-22,18,6.94,2025-05-20,Computex電腦展,2025
華碩,14,33,-16,3,2025-04-25,2025-05-23,19,5.25,2025-05-20,Computex電腦展,2025
華碩,14,34,-16,4,2025-04-25,2025-05-26,20,6.09,2025-05-20,Computex電腦展,2025
華碩,14,35,-16,5,2025-04-25,2025-05-27,21,2.88,2025-05-20,Computex電腦展,2025
華碩,14,36,-16,6,2025-04-25,2025-05-28,22,4.74,2025-05-20,Computex電腦展,2025
華碩,14,37,-16,7,2025-04-25,2025-05-29,23,5.75,2025-05-20,Computex電腦展,2025
華碩,14,38,-16,8,2025-04-25,2025-06-02,24,5.25,2025-05-20,Computex電腦展,2025
華碩,14,39,-16,9,2025-04-25,2025-06-03,25,7.95,2025-05-20,Computex電腦展,2025
華碩,14,40,-16,10,2025-04-25,2025-06-04,26,7.95,2025-05-20,Computex電腦展,2025
華碩,14,41,-16,11,2025-04-25,2025-06-05,27,8.63,2025-05-20,Computex電腦展,2025
華碩,14,42,-16,12,2025-04-25,2025-06-06,28,9.14,2025-05-20,Computex電腦展,2025
華碩,14,43,-16,13,2025-04-25,2025-06-09,29,9.31,2025-05-20,Computex電腦展,2025
華碩,14,44,-16,14,2025-04-25,2025-06-10,30,11.51,2025-05-20,Computex電腦展,2025
華碩,14,45,-16,15,2025-04-25,2025-06-11,31,14.21,2025-05-20,Computex電腦展,2025
華碩,14,46,-16,16,2025-04-25,2025-06-12,32,15.4,2025-05-20,Computex電腦展,2025
華碩,15,16,-15,-14,2025-04-28,2025-04-29,1,0.51,2025-05-20,Computex電腦展,2025
華碩,15,17,-15,-13,2025-04-28,2025-04-30,2,-0.51,2025-05-20,Computex電腦展,2025
華碩,15,18,-15,-12,2025-04-28,2025-05-02,3,1.2,2025-05-20,Computex電腦展,2025
華碩,15,19,-15,-11,2025-04-28,2025-05-05,4,-1.37,2025-05-20,Computex電腦展,2025
華碩,15,20,-15,-10,2025-04-28,2025-05-06,5,0.69,2025-05-20,Computex電腦展,2025
華碩,15,21,-15,-9,2025-04-28,2025-05-07,6,1.89,2025-05-20,Computex電腦展,2025
華碩,15,22,-15,-8,2025-04-28,2025-05-08,7,1.89,2025-05-20,Computex電腦展,2025
華碩,15,23,-15,-7,2025-04-28,2025-05-09,8,3.26,2025-05-20,Computex電腦展,2025
華碩,15,24,-15,-6,2025-04-28,2025-05-12,9,3.43,2025-05-20,Computex電腦展,2025
華碩,15,25,-15,-5,2025-04-28,2025-05-13,10,4.29,2025-05-20,Computex電腦展,2025
華碩,15,26,-15,-4,2025-04-28,2025-05-14,11,6.69,2025-05-20,Computex電腦展,2025
華碩,15,27,-15,-3,2025-04-28,2025-05-15,12,7.72,2025-05-20,Computex電腦展,2025
華碩,15,28,-15,-2,2025-04-28,2025-05-16,13,8.75,2025-05-20,Computex電腦展,2025
華碩,15,29,-15,-1,2025-04-28,2025-05-19,14,6.52,2025-05-20,Computex電腦展,2025
華碩,15,30,-15,0,2025-04-28,2025-05-20,15,8.4,2025-05-20,Computex電腦展,2025
華碩,15,31,-15,1,2025-04-28,2025-05-21,16,7.72,2025-05-20,Computex電腦展,2025
華碩,15,32,-15,2,2025-04-28,2025-05-22,17,8.4,2025-05-20,Computex電腦展,2025
華碩,15,33,-15,3,2025-04-28,2025-05-23,18,6.69,2025-05-20,Computex電腦展,2025
華碩,15,34,-15,4,2025-04-28,2025-05-26,19,7.55,2025-05-20,Computex電腦展,2025
華碩,15,35,-15,5,2025-04-28,2025-05-27,20,4.29,2025-05-20,Computex電腦展,2025
華碩,15,36,-15,6,2025-04-28,2025-05-28,21,6.17,2025-05-20,Computex電腦展,2025
華碩,15,37,-15,7,2025-04-28,2025-05-29,22,7.2,2025-05-20,Computex電腦展,2025
華碩,15,38,-15,8,2025-04-28,2025-06-02,23,6.69,2025-05-20,Computex電腦展,2025
華碩,15,39,-15,9,2025-04-28,2025-06-03,24,9.43,2025-05-20,Computex電腦展,2025
華碩,15,40,-15,10,2025-04-28,2025-06-04,25,9.43,2025-05-20,Computex電腦展,2025
華碩,15,41,-15,11,2025-04-28,2025-06-05,26,10.12,2025-05-20,Computex電腦展,2025
華碩,15,42,-15,12,2025-04-28,2025-06-06,27,10.63,2025-05-20,Computex電腦展,2025
華碩,15,43,-15,13,2025-04-28,2025-06-09,28,10.81,2025-05-20,Computex電腦展,2025
華碩,15,44,-15,14,2025-04-28,2025-06-10,29,13.04,2025-05-20,Computex電腦展,2025
華碩,15,45,-15,15,2025-04-28,2025-06-11,30,15.78,2025-05-20,Computex電腦展,2025
華碩,15,46,-15,16,2025-04-28,2025-06-12,31,16.98,2025-05-20,Computex電腦展,2025
華碩,16,17,-14,-13,2025-04-29,2025-04-30,1,-1.02,2025-05-20,Computex電腦展,2025
華碩,16,18,-14,-12,2025-04-29,2025-05-02,2,0.68,2025-05-20,Computex電腦展,2025
華碩,16,19,-14,-11,2025-04-29,2025-05-05,3,-1.88,2025-05-20,Computex電腦展,2025
華碩,16,20,-14,-10,2025-04-29,2025-05-06,4,0.17,2025-05-20,Computex電腦展,2025
華碩,16,21,-14,-9,2025-04-29,2025-05-07,5,1.37,2025-05-20,Computex電腦展,2025
華碩,16,22,-14,-8,2025-04-29,2025-05-08,6,1.37,2025-05-20,Computex電腦展,2025
華碩,16,23,-14,-7,2025-04-29,2025-05-09,7,2.73,2025-05-20,Computex電腦展,2025
華碩,16,24,-14,-6,2025-04-29,2025-05-12,8,2.9,2025-05-20,Computex電腦展,2025
華碩,16,25,-14,-5,2025-04-29,2025-05-13,9,3.75,2025-05-20,Computex電腦展,2025
華碩,16,26,-14,-4,2025-04-29,2025-05-14,10,6.14,2025-05-20,Computex電腦展,2025
華碩,16,27,-14,-3,2025-04-29,2025-05-15,11,7.17,2025-05-20,Computex電腦展,2025
華碩,16,28,-14,-2,2025-04-29,2025-05-16,12,8.19,2025-05-20,Computex電腦展,2025
華碩,16,29,-14,-1,2025-04-29,2025-05-19,13,5.97,2025-05-20,Computex電腦展,2025
華碩,16,30,-14,0,2025-04-29,2025-05-20,14,7.85,2025-05-20,Computex電腦展,2025
華碩,16,31,-14,1,2025-04-29,2025-05-21,15,7.17,2025-05-20,Computex電腦展,2025
華碩,16,32,-14,2,2025-04-29,2025-05-22,16,7.85,2025-05-20,Computex電腦展,2025
華碩,16,33,-14,3,2025-04-29,2025-05-23,17,6.14,2025-05-20,Computex電腦展,2025
華碩,16,34,-14,4,2025-04-29,2025-05-26,18,7.0,2025-05-20,Computex電腦展,2025
華碩,16,35,-14,5,2025-04-29,2025-05-27,19,3.75,2025-05-20,Computex電腦展,2025
華碩,16,36,-14,6,2025-04-29,2025-05-28,20,5.63,2025-05-20,Computex電腦展,2025
華碩,16,37,-14,7,2025-04-29,2025-05-29,21,6.66,2025-05-20,Computex電腦展,2025
華碩,16,38,-14,8,2025-04-29,2025-06-02,22,6.14,2025-05-20,Computex電腦展,2025
華碩,16,39,-14,9,2025-04-29,2025-06-03,23,8.87,2025-05-20,Computex電腦展,2025
華碩,16,40,-14,10,2025-04-29,2025-06-04,24,8.87,2025-05-20,Computex電腦展,2025
華碩,16,41,-14,11,2025-04-29,2025-06-05,25,9.56,2025-05-20,Computex電腦展,2025
華碩,16,42,-14,12,2025-04-29,2025-06-06,26,10.07,2025-05-20,Computex電腦展,2025
華碩,16,43,-14,13,2025-04-29,2025-06-09,27,10.24,2025-05-20,Computex電腦展,2025
華碩,16,44,-14,14,2025-04-29,2025-06-10,28,12.46,2025-05-20,Computex電腦展,2025
華碩,16,45,-14,15,2025-04-29,2025-06-11,29,15.19,2025-05-20,Computex電腦展,2025
華碩,16,46,-14,16,2025-04-29,2025-06-12,30,16.38,2025-05-20,Computex電腦展,2025
華碩,17,18,-13,-12,2025-04-30,2025-05-02,1,1.72,2025-05-20,Computex電腦展,2025
華碩,17,19,-13,-11,2025-04-30,2025-05-05,2,-0.86,2025-05-20,Computex電腦展,2025
華碩,17,20,-13,-10,2025-04-30,2025-05-06,3,1.21,2025-05-20,Computex電腦展,2025
華碩,17,21,-13,-9,2025-04-30,2025-05-07,4,2.41,2025-05-20,Computex電腦展,2025
華碩,17,22,-13,-8,2025-04-30,2025-05-08,5,2.41,2025-05-20,Computex電腦展,2025
華碩,17,23,-13,-7,2025-04-30,2025-05-09,6,3.79,2025-05-20,Computex電腦展,2025
華碩,17,24,-13,-6,2025-04-30,2025-05-12,7,3.97,2025-05-20,Computex電腦展,2025
華碩,17,25,-13,-5,2025-04-30,2025-05-13,8,4.83,2025-05-20,Computex電腦展,2025
華碩,17,26,-13,-4,2025-04-30,2025-05-14,9,7.24,2025-05-20,Computex電腦展,2025
華碩,17,27,-13,-3,2025-04-30,2025-05-15,10,8.28,2025-05-20,Computex電腦展,2025
華碩,17,28,-13,-2,2025-04-30,2025-05-16,11,9.31,2025-05-20,Computex電腦展,2025
華碩,17,29,-13,-1,2025-04-30,2025-05-19,12,7.07,2025-05-20,Computex電腦展,2025
華碩,17,30,-13,0,2025-04-30,2025-05-20,13,8.97,2025-05-20,Computex電腦展,2025
華碩,17,31,-13,1,2025-04-30,2025-05-21,14,8.28,2025-05-20,Computex電腦展,2025
華碩,17,32,-13,2,2025-04-30,2025-05-22,15,8.97,2025-05-20,Computex電腦展,2025
華碩,17,33,-13,3,2025-04-30,2025-05-23,16,7.24,2025-05-20,Computex電腦展,2025
華碩,17,34,-13,4,2025-04-30,2025-05-26,17,8.1,2025-05-20,Computex電腦展,2025
華碩,17,35,-13,5,2025-04-30,2025-05-27,18,4.83,2025-05-20,Computex電腦展,2025
華碩,17,36,-13,6,2025-04-30,2025-05-28,19,6.72,2025-05-20,Computex電腦展,2025
華碩,17,37,-13,7,2025-04-30,2025-05-29,20,7.76,2025-05-20,Computex電腦展,2025
華碩,17,38,-13,8,2025-04-30,2025-06-02,21,7.24,2025-05-20,Computex電腦展,2025
華碩,17,39,-13,9,2025-04-30,2025-06-03,22,10.0,2025-05-20,Computex電腦展,2025
華碩,17,40,-13,10,2025-04-30,2025-06-04,23,10.0,2025-05-20,Computex電腦展,2025
華碩,17,41,-13,11,2025-04-30,2025-06-05,24,10.69,2025-05-20,Computex電腦展,2025
華碩,17,42,-13,12,2025-04-30,2025-06-06,25,11.21,2025-05-20,Computex電腦展,2025
華碩,17,43,-13,13,2025-04-30,2025-06-09,26,11.38,2025-05-20,Computex電腦展,2025
華碩,17,44,-13,14,2025-04-30,2025-06-10,27,13.62,2025-05-20,Computex電腦展,2025
華碩,17,45,-13,15,2025-04-30,2025-06-11,28,16.38,2025-05-20,Computex電腦展,2025
華碩,17,46,-13,16,2025-04-30,2025-06-12,29,17.59,2025-05-20,Computex電腦展,2025
華碩,18,19,-12,-11,2025-05-02,2025-05-05,1,-2.54,2025-05-20,Computex電腦展,2025
華碩,18,20,-12,-10,2025-05-02,2025-05-06,2,-0.51,2025-05-20,Computex電腦展,2025
華碩,18,21,-12,-9,2025-05-02,2025-05-07,3,0.68,2025-05-20,Computex電腦展,2025
華碩,18,22,-12,-8,2025-05-02,2025-05-08,4,0.68,2025-05-20,Computex電腦展,2025
華碩,18,23,-12,-7,2025-05-02,2025-05-09,5,2.03,2025-05-20,Computex電腦展,2025
華碩,18,24,-12,-6,2025-05-02,2025-05-12,6,2.2,2025-05-20,Computex電腦展,2025
華碩,18,25,-12,-5,2025-05-02,2025-05-13,7,3.05,2025-05-20,Computex電腦展,2025
華碩,18,26,-12,-4,2025-05-02,2025-05-14,8,5.42,2025-05-20,Computex電腦展,2025
華碩,18,27,-12,-3,2025-05-02,2025-05-15,9,6.44,2025-05-20,Computex電腦展,2025
華碩,18,28,-12,-2,2025-05-02,2025-05-16,10,7.46,2025-05-20,Computex電腦展,2025
華碩,18,29,-12,-1,2025-05-02,2025-05-19,11,5.25,2025-05-20,Computex電腦展,2025
華碩,18,30,-12,0,2025-05-02,2025-05-20,12,7.12,2025-05-20,Computex電腦展,2025
華碩,18,31,-12,1,2025-05-02,2025-05-21,13,6.44,2025-05-20,Computex電腦展,2025
華碩,18,32,-12,2,2025-05-02,2025-05-22,14,7.12,2025-05-20,Computex電腦展,2025
華碩,18,33,-12,3,2025-05-02,2025-05-23,15,5.42,2025-05-20,Computex電腦展,2025
華碩,18,34,-12,4,2025-05-02,2025-05-26,16,6.27,2025-05-20,Computex電腦展,2025
華碩,18,35,-12,5,2025-05-02,2025-05-27,17,3.05,2025-05-20,Computex電腦展,2025
華碩,18,36,-12,6,2025-05-02,2025-05-28,18,4.92,2025-05-20,Computex電腦展,2025
華碩,18,37,-12,7,2025-05-02,2025-05-29,19,5.93,2025-05-20,Computex電腦展,2025
華碩,18,38,-12,8,2025-05-02,2025-06-02,20,5.42,2025-05-20,Computex電腦展,2025
華碩,18,39,-12,9,2025-05-02,2025-06-03,21,8.14,2025-05-20,Computex電腦展,2025
華碩,18,40,-12,10,2025-05-02,2025-06-04,22,8.14,2025-05-20,Computex電腦展,2025
華碩,18,41,-12,11,2025-05-02,2025-06-05,23,8.81,2025-05-20,Computex電腦展,2025
華碩,18,42,-12,12,2025-05-02,2025-06-06,24,9.32,2025-05-20,Computex電腦展,2025
華碩,18,43,-12,13,2025-05-02,2025-06-09,25,9.49,2025-05-20,Computex電腦展,2025
華碩,18,44,-12,14,2025-05-02,2025-06-10,26,11.69,2025-05-20,Computex電腦展,2025
華碩,18,45,-12,15,2025-05-02,2025-06-11,27,14.41,2025-05-20,Computex電腦展,2025
華碩,18,46,-12,16,2025-05-02,2025-06-12,28,15.59,2025-05-20,Computex電腦展,2025
華碩,19,20,-11,-10,2025-05-05,2025-05-06,1,2.09,2025-05-20,Computex電腦展,2025
華碩,19,21,-11,-9,2025-05-05,2025-05-07,2,3.3,2025-05-20,Computex電腦展,2025
華碩,19,22,-11,-8,2025-05-05,2025-05-08,3,3.3,2025-05-20,Computex電腦展,2025
華碩,19,23,-11,-7,2025-05-05,2025-05-09,4,4.7,2025-05-20,Computex電腦展,2025
華碩,19,24,-11,-6,2025-05-05,2025-05-12,5,4.87,2025-05-20,Computex電腦展,2025
華碩,19,25,-11,-5,2025-05-05,2025-05-13,6,5.74,2025-05-20,Computex電腦展,2025
華碩,19,26,-11,-4,2025-05-05,2025-05-14,7,8.17,2025-05-20,Computex電腦展,2025
華碩,19,27,-11,-3,2025-05-05,2025-05-15,8,9.22,2025-05-20,Computex電腦展,2025
華碩,19,28,-11,-2,2025-05-05,2025-05-16,9,10.26,2025-05-20,Computex電腦展,2025
華碩,19,29,-11,-1,2025-05-05,2025-05-19,10,8.0,2025-05-20,Computex電腦展,2025
華碩,19,30,-11,0,2025-05-05,2025-05-20,11,9.91,2025-05-20,Computex電腦展,2025
華碩,19,31,-11,1,2025-05-05,2025-05-21,12,9.22,2025-05-20,Computex電腦展,2025
華碩,19,32,-11,2,2025-05-05,2025-05-22,13,9.91,2025-05-20,Computex電腦展,2025
華碩,19,33,-11,3,2025-05-05,2025-05-23,14,8.17,2025-05-20,Computex電腦展,2025
華碩,19,34,-11,4,2025-05-05,2025-05-26,15,9.04,2025-05-20,Computex電腦展,2025
華碩,19,35,-11,5,2025-05-05,2025-05-27,16,5.74,2025-05-20,Computex電腦展,2025
華碩,19,36,-11,6,2025-05-05,2025-05-28,17,7.65,2025-05-20,Computex電腦展,2025
華碩,19,37,-11,7,2025-05-05,2025-05-29,18,8.7,2025-05-20,Computex電腦展,2025
華碩,19,38,-11,8,2025-05-05,2025-06-02,19,8.17,2025-05-20,Computex電腦展,2025
華碩,19,39,-11,9,2025-05-05,2025-06-03,20,10.96,2025-05-20,Computex電腦展,2025
華碩,19,40,-11,10,2025-05-05,2025-06-04,21,10.96,2025-05-20,Computex電腦展,2025
華碩,19,41,-11,11,2025-05-05,2025-06-05,22,11.65,2025-05-20,Computex電腦展,2025
華碩,19,42,-11,12,2025-05-05,2025-06-06,23,12.17,2025-05-20,Computex電腦展,2025
華碩,19,43,-11,13,2025-05-05,2025-06-09,24,12.35,2025-05-20,Computex電腦展,2025
華碩,19,44,-11,14,2025-05-05,2025-06-10,25,14.61,2025-05-20,Computex電腦展,2025
華碩,19,45,-11,15,2025-05-05,2025-06-11,26,17.39,2025-05-20,Computex電腦展,2025
華碩,19,46,-11,16,2025-05-05,2025-06-12,27,18.61,2025-05-20,Computex電腦展,2025
華碩,20,21,-10,-9,2025-05-06,2025-05-07,1,1.19,2025-05-20,Computex電腦展,2025
華碩,20,22,-10,-8,2025-05-06,2025-05-08,2,1.19,2025-05-20,Computex電腦展,2025
華碩,20,23,-10,-7,2025-05-06,2025-05-09,3,2.56,2025-05-20,Computex電腦展,2025
華碩,20,24,-10,-6,2025-05-06,2025-05-12,4,2.73,2025-05-20,Computex電腦展,2025
華碩,20,25,-10,-5,2025-05-06,2025-05-13,5,3.58,2025-05-20,Computex電腦展,2025
華碩,20,26,-10,-4,2025-05-06,2025-05-14,6,5.96,2025-05-20,Computex電腦展,2025
華碩,20,27,-10,-3,2025-05-06,2025-05-15,7,6.98,2025-05-20,Computex電腦展,2025
華碩,20,28,-10,-2,2025-05-06,2025-05-16,8,8.01,2025-05-20,Computex電腦展,2025
華碩,20,29,-10,-1,2025-05-06,2025-05-19,9,5.79,2025-05-20,Computex電腦展,2025
華碩,20,30,-10,0,2025-05-06,2025-05-20,10,7.67,2025-05-20,Computex電腦展,2025
華碩,20,31,-10,1,2025-05-06,2025-05-21,11,6.98,2025-05-20,Computex電腦展,2025
華碩,20,32,-10,2,2025-05-06,2025-05-22,12,7.67,2025-05-20,Computex電腦展,2025
華碩,20,33,-10,3,2025-05-06,2025-05-23,13,5.96,2025-05-20,Computex電腦展,2025
華碩,20,34,-10,4,2025-05-06,2025-05-26,14,6.81,2025-05-20,Computex電腦展,2025
華碩,20,35,-10,5,2025-05-06,2025-05-27,15,3.58,2025-05-20,Computex電腦展,2025
華碩,20,36,-10,6,2025-05-06,2025-05-28,16,5.45,2025-05-20,Computex電腦展,2025
華碩,20,37,-10,7,2025-05-06,2025-05-29,17,6.47,2025-05-20,Computex電腦展,2025
華碩,20,38,-10,8,2025-05-06,2025-06-02,18,5.96,2025-05-20,Computex電腦展,2025
華碩,20,39,-10,9,2025-05-06,2025-06-03,19,8.69,2025-05-20,Computex電腦展,2025
華碩,20,40,-10,10,2025-05-06,2025-06-04,20,8.69,2025-05-20,Computex電腦展,2025
華碩,20,41,-10,11,2025-05-06,2025-06-05,21,9.37,2025-05-20,Computex電腦展,2025
華碩,20,42,-10,12,2025-05-06,2025-06-06,22,9.88,2025-05-20,Computex電腦展,2025
華碩,20,43,-10,13,2025-05-06,2025-06-09,23,10.05,2025-05-20,Computex電腦展,2025
華碩,20,44,-10,14,2025-05-06,2025-06-10,24,12.27,2025-05-20,Computex電腦展,2025
華碩,20,45,-10,15,2025-05-06,2025-06-11,25,14.99,2025-05-20,Computex電腦展,2025
華碩,20,46,-10,16,2025-05-06,2025-06-12,26,16.18,2025-05-20,Computex電腦展,2025
華碩,21,22,-9,-8,2025-05-07,2025-05-08,1,0.0,2025-05-20,Computex電腦展,2025
華碩,21,23,-9,-7,2025-05-07,2025-05-09,2,1.35,2025-05-20,Computex電腦展,2025
華碩,21,24,-9,-6,2025-05-07,2025-05-12,3,1.52,2025-05-20,Computex電腦展,2025
華碩,21,25,-9,-5,2025-05-07,2025-05-13,4,2.36,2025-05-20,Computex電腦展,2025
華碩,21,26,-9,-4,2025-05-07,2025-05-14,5,4.71,2025-05-20,Computex電腦展,2025
華碩,21,27,-9,-3,2025-05-07,2025-05-15,6,5.72,2025-05-20,Computex電腦展,2025
華碩,21,28,-9,-2,2025-05-07,2025-05-16,7,6.73,2025-05-20,Computex電腦展,2025
華碩,21,29,-9,-1,2025-05-07,2025-05-19,8,4.55,2025-05-20,Computex電腦展,2025
華碩,21,30,-9,0,2025-05-07,2025-05-20,9,6.4,2025-05-20,Computex電腦展,2025
華碩,21,31,-9,1,2025-05-07,2025-05-21,10,5.72,2025-05-20,Computex電腦展,2025
華碩,21,32,-9,2,2025-05-07,2025-05-22,11,6.4,2025-05-20,Computex電腦展,2025
華碩,21,33,-9,3,2025-05-07,2025-05-23,12,4.71,2025-05-20,Computex電腦展,2025
華碩,21,34,-9,4,2025-05-07,2025-05-26,13,5.56,2025-05-20,Computex電腦展,2025
華碩,21,35,-9,5,2025-05-07,2025-05-27,14,2.36,2025-05-20,Computex電腦展,2025
華碩,21,36,-9,6,2025-05-07,2025-05-28,15,4.21,2025-05-20,Computex電腦展,2025
華碩,21,37,-9,7,2025-05-07,2025-05-29,16,5.22,2025-05-20,Computex電腦展,2025
華碩,21,38,-9,8,2025-05-07,2025-06-02,17,4.71,2025-05-20,Computex電腦展,2025
華碩,21,39,-9,9,2025-05-07,2025-06-03,18,7.41,2025-05-20,Computex電腦展,2025
華碩,21,40,-9,10,2025-05-07,2025-06-04,19,7.41,2025-05-20,Computex電腦展,2025
華碩,21,41,-9,11,2025-05-07,2025-06-05,20,8.08,2025-05-20,Computex電腦展,2025
華碩,21,42,-9,12,2025-05-07,2025-06-06,21,8.59,2025-05-20,Computex電腦展,2025
華碩,21,43,-9,13,2025-05-07,2025-06-09,22,8.75,2025-05-20,Computex電腦展,2025
華碩,21,44,-9,14,2025-05-07,2025-06-10,23,10.94,2025-05-20,Computex電腦展,2025
華碩,21,45,-9,15,2025-05-07,2025-06-11,24,13.64,2025-05-20,Computex電腦展,2025
華碩,21,46,-9,16,2025-05-07,2025-06-12,25,14.81,2025-05-20,Computex電腦展,2025
華碩,22,23,-8,-7,2025-05-08,2025-05-09,1,1.35,2025-05-20,Computex電腦展,2025
華碩,22,24,-8,-6,2025-05-08,2025-05-12,2,1.52,2025-05-20,Computex電腦展,2025
華碩,22,25,-8,-5,2025-05-08,2025-05-13,3,2.36,2025-05-20,Computex電腦展,2025
華碩,22,26,-8,-4,2025-05-08,2025-05-14,4,4.71,2025-05-20,Computex電腦展,2025
華碩,22,27,-8,-3,2025-05-08,2025-05-15,5,5.72,2025-05-20,Computex電腦展,2025
華碩,22,28,-8,-2,2025-05-08,2025-05-16,6,6.73,2025-05-20,Computex電腦展,2025
華碩,22,29,-8,-1,2025-05-08,2025-05-19,7,4.55,2025-05-20,Computex電腦展,2025
華碩,22,30,-8,0,2025-05-08,2025-05-20,8,6.4,2025-05-20,Computex電腦展,2025
華碩,22,31,-8,1,2025-05-08,2025-05-21,9,5.72,2025-05-20,Computex電腦展,2025
華碩,22,32,-8,2,2025-05-08,2025-05-22,10,6.4,2025-05-20,Computex電腦展,2025
華碩,22,33,-8,3,2025-05-08,2025-05-23,11,4.71,2025-05-20,Computex電腦展,2025
華碩,22,34,-8,4,2025-05-08,2025-05-26,12,5.56,2025-05-20,Computex電腦展,2025
華碩,22,35,-8,5,2025-05-08,2025-05-27,13,2.36,2025-05-20,Computex電腦展,2025
華碩,22,36,-8,6,2025-05-08,2025-05-28,14,4.21,2025-05-20,Computex電腦展,2025
華碩,22,37,-8,7,2025-05-08,2025-05-29,15,5.22,2025-05-20,Computex電腦展,2025
華碩,22,38,-8,8,2025-05-08,2025-06-02,16,4.71,2025-05-20,Computex電腦展,2025
華碩,22,39,-8,9,2025-05-08,2025-06-03,17,7.41,2025-05-20,Computex電腦展,2025
華碩,22,40,-8,10,2025-05-08,2025-06-04,18,7.41,2025-05-20,Computex電腦展,2025
華碩,22,41,-8,11,2025-05-08,2025-06-05,19,8.08,2025-05-20,Computex電腦展,2025
華碩,22,42,-8,12,2025-05-08,2025-06-06,20,8.59,2025-05-20,Computex電腦展,2025
華碩,22,43,-8,13,2025-05-08,2025-06-09,21,8.75,2025-05-20,Computex電腦展,2025
華碩,22,44,-8,14,2025-05-08,2025-06-10,22,10.94,2025-05-20,Computex電腦展,2025
華碩,22,45,-8,15,2025-05-08,2025-06-11,23,13.64,2025-05-20,Computex電腦展,2025
華碩,22,46,-8,16,2025-05-08,2025-06-12,24,14.81,2025-05-20,Computex電腦展,2025
華碩,23,24,-7,-6,2025-05-09,2025-05-12,1,0.17,2025-05-20,Computex電腦展,2025
華碩,23,25,-7,-5,2025-05-09,2025-05-13,2,1.0,2025-05-20,Computex電腦展,2025
華碩,23,26,-7,-4,2025-05-09,2025-05-14,3,3.32,2025-05-20,Computex電腦展,2025
華碩,23,27,-7,-3,2025-05-09,2025-05-15,4,4.32,2025-05-20,Computex電腦展,2025
華碩,23,28,-7,-2,2025-05-09,2025-05-16,5,5.32,2025-05-20,Computex電腦展,2025
華碩,23,29,-7,-1,2025-05-09,2025-05-19,6,3.16,2025-05-20,Computex電腦展,2025
華碩,23,30,-7,0,2025-05-09,2025-05-20,7,4.98,2025-05-20,Computex電腦展,2025
華碩,23,31,-7,1,2025-05-09,2025-05-21,8,4.32,2025-05-20,Computex電腦展,2025
華碩,23,32,-7,2,2025-05-09,2025-05-22,9,4.98,2025-05-20,Computex電腦展,2025
華碩,23,33,-7,3,2025-05-09,2025-05-23,10,3.32,2025-05-20,Computex電腦展,2025
華碩,23,34,-7,4,2025-05-09,2025-05-26,11,4.15,2025-05-20,Computex電腦展,2025
華碩,23,35,-7,5,2025-05-09,2025-05-27,12,1.0,2025-05-20,Computex電腦展,2025
華碩,23,36,-7,6,2025-05-09,2025-05-28,13,2.82,2025-05-20,Computex電腦展,2025
華碩,23,37,-7,7,2025-05-09,2025-05-29,14,3.82,2025-05-20,Computex電腦展,2025
華碩,23,38,-7,8,2025-05-09,2025-06-02,15,3.32,2025-05-20,Computex電腦展,2025
華碩,23,39,-7,9,2025-05-09,2025-06-03,16,5.98,2025-05-20,Computex電腦展,2025
華碩,23,40,-7,10,2025-05-09,2025-06-04,17,5.98,2025-05-20,Computex電腦展,2025
華碩,23,41,-7,11,2025-05-09,2025-06-05,18,6.64,2025-05-20,Computex電腦展,2025
華碩,23,42,-7,12,2025-05-09,2025-06-06,19,7.14,2025-05-20,Computex電腦展,2025
華碩,23,43,-7,13,2025-05-09,2025-06-09,20,7.31,2025-05-20,Computex電腦展,2025
華碩,23,44,-7,14,2025-05-09,2025-06-10,21,9.47,2025-05-20,Computex電腦展,2025
華碩,23,45,-7,15,2025-05-09,2025-06-11,22,12.13,2025-05-20,Computex電腦展,2025
華碩,23,46,-7,16,2025-05-09,2025-06-12,23,13.29,2025-05-20,Computex電腦展,2025
華碩,24,25,-6,-5,2025-05-12,2025-05-13,1,0.83,2025-05-20,Computex電腦展,2025
華碩,24,26,-6,-4,2025-05-12,2025-05-14,2,3.15,2025-05-20,Computex電腦展,2025
華碩,24,27,-6,-3,2025-05-12,2025-05-15,3,4.15,2025-05-20,Computex電腦展,2025
華碩,24,28,-6,-2,2025-05-12,2025-05-16,4,5.14,2025-05-20,Computex電腦展,2025
華碩,24,29,-6,-1,2025-05-12,2025-05-19,5,2.99,2025-05-20,Computex電腦展,2025
華碩,24,30,-6,0,2025-05-12,2025-05-20,6,4.81,2025-05-20,Computex電腦展,2025
華碩,24,31,-6,1,2025-05-12,2025-05-21,7,4.15,2025-05-20,Computex電腦展,2025
華碩,24,32,-6,2,2025-05-12,2025-05-22,8,4.81,2025-05-20,Computex電腦展,2025
華碩,24,33,-6,3,2025-05-12,2025-05-23,9,3.15,2025-05-20,Computex電腦展,2025
華碩,24,34,-6,4,2025-05-12,2025-05-26,10,3.98,2025-05-20,Computex電腦展,2025
華碩,24,35,-6,5,2025-05-12,2025-05-27,11,0.83,2025-05-20,Computex電腦展,2025
華碩,24,36,-6,6,2025-05-12,2025-05-28,12,2.65,2025-05-20,Computex電腦展,2025
華碩,24,37,-6,7,2025-05-12,2025-05-29,13,3.65,2025-05-20,Computex電腦展,2025
華碩,24,38,-6,8,2025-05-12,2025-06-02,14,3.15,2025-05-20,Computex電腦展,2025
華碩,24,39,-6,9,2025-05-12,2025-06-03,15,5.8,2025-05-20,Computex電腦展,2025
華碩,24,40,-6,10,2025-05-12,2025-06-04,16,5.8,2025-05-20,Computex電腦展,2025
華碩,24,41,-6,11,2025-05-12,2025-06-05,17,6.47,2025-05-20,Computex電腦展,2025
華碩,24,42,-6,12,2025-05-12,2025-06-06,18,6.97,2025-05-20,Computex電腦展,2025
華碩,24,43,-6,13,2025-05-12,2025-06-09,19,7.13,2025-05-20,Computex電腦展,2025
華碩,24,44,-6,14,2025-05-12,2025-06-10,20,9.29,2025-05-20,Computex電腦展,2025
華碩,24,45,-6,15,2025-05-12,2025-06-11,21,11.94,2025-05-20,Computex電腦展,2025
華碩,24,46,-6,16,2025-05-12,2025-06-12,22,13.1,2025-05-20,Computex電腦展,2025
華碩,25,26,-5,-4,2025-05-13,2025-05-14,1,2.3,2025-05-20,Computex電腦展,2025
華碩,25,27,-5,-3,2025-05-13,2025-05-15,2,3.29,2025-05-20,Computex電腦展,2025
華碩,25,28,-5,-2,2025-05-13,2025-05-16,3,4.28,2025-05-20,Computex電腦展,2025
華碩,25,29,-5,-1,2025-05-13,2025-05-19,4,2.14,2025-05-20,Computex電腦展,2025
華碩,25,30,-5,0,2025-05-13,2025-05-20,5,3.95,2025-05-20,Computex電腦展,2025
華碩,25,31,-5,1,2025-05-13,2025-05-21,6,3.29,2025-05-20,Computex電腦展,2025
華碩,25,32,-5,2,2025-05-13,2025-05-22,7,3.95,2025-05-20,Computex電腦展,2025
華碩,25,33,-5,3,2025-05-13,2025-05-23,8,2.3,2025-05-20,Computex電腦展,2025
華碩,25,34,-5,4,2025-05-13,2025-05-26,9,3.12,2025-05-20,Computex電腦展,2025
華碩,25,35,-5,5,2025-05-13,2025-05-27,10,0.0,2025-05-20,Computex電腦展,2025
華碩,25,36,-5,6,2025-05-13,2025-05-28,11,1.81,2025-05-20,Computex電腦展,2025
華碩,25,37,-5,7,2025-05-13,2025-05-29,12,2.8,2025-05-20,Computex電腦展,2025
華碩,25,38,-5,8,2025-05-13,2025-06-02,13,2.3,2025-05-20,Computex電腦展,2025
華碩,25,39,-5,9,2025-05-13,2025-06-03,14,4.93,2025-05-20,Computex電腦展,2025
華碩,25,40,-5,10,2025-05-13,2025-06-04,15,4.93,2025-05-20,Computex電腦展,2025
華碩,25,41,-5,11,2025-05-13,2025-06-05,16,5.59,2025-05-20,Computex電腦展,2025
華碩,25,42,-5,12,2025-05-13,2025-06-06,17,6.09,2025-05-20,Computex電腦展,2025
華碩,25,43,-5,13,2025-05-13,2025-06-09,18,6.25,2025-05-20,Computex電腦展,2025
華碩,25,44,-5,14,2025-05-13,2025-06-10,19,8.39,2025-05-20,Computex電腦展,2025
華碩,25,45,-5,15,2025-05-13,2025-06-11,20,11.02,2025-05-20,Computex電腦展,2025
華碩,25,46,-5,16,2025-05-13,2025-06-12,21,12.17,2025-05-20,Computex電腦展,2025
華碩,26,27,-4,-3,2025-05-14,2025-05-15,1,0.96,2025-05-20,Computex電腦展,2025
華碩,26,28,-4,-2,2025-05-14,2025-05-16,2,1.93,2025-05-20,Computex電腦展,2025
華碩,26,29,-4,-1,2025-05-14,2025-05-19,3,-0.16,2025-05-20,Computex電腦展,2025
華碩,26,30,-4,0,2025-05-14,2025-05-20,4,1.61,2025-05-20,Computex電腦展,2025
華碩,26,31,-4,1,2025-05-14,2025-05-21,5,0.96,2025-05-20,Computex電腦展,2025
華碩,26,32,-4,2,2025-05-14,2025-05-22,6,1.61,2025-05-20,Computex電腦展,2025
華碩,26,33,-4,3,2025-05-14,2025-05-23,7,0.0,2025-05-20,Computex電腦展,2025
華碩,26,34,-4,4,2025-05-14,2025-05-26,8,0.8,2025-05-20,Computex電腦展,2025
華碩,26,35,-4,5,2025-05-14,2025-05-27,9,-2.25,2025-05-20,Computex電腦展,2025
華碩,26,36,-4,6,2025-05-14,2025-05-28,10,-0.48,2025-05-20,Computex電腦展,2025
華碩,26,37,-4,7,2025-05-14,2025-05-29,11,0.48,2025-05-20,Computex電腦展,2025
華碩,26,38,-4,8,2025-05-14,2025-06-02,12,0.0,2025-05-20,Computex電腦展,2025
華碩,26,39,-4,9,2025-05-14,2025-06-03,13,2.57,2025-05-20,Computex電腦展,2025
華碩,26,40,-4,10,2025-05-14,2025-06-04,14,2.57,2025-05-20,Computex電腦展,2025
華碩,26,41,-4,11,2025-05-14,2025-06-05,15,3.22,2025-05-20,Computex電腦展,2025
華碩,26,42,-4,12,2025-05-14,2025-06-06,16,3.7,2025-05-20,Computex電腦展,2025
華碩,26,43,-4,13,2025-05-14,2025-06-09,17,3.86,2025-05-20,Computex電腦展,2025
華碩,26,44,-4,14,2025-05-14,2025-06-10,18,5.95,2025-05-20,Computex電腦展,2025
華碩,26,45,-4,15,2025-05-14,2025-06-11,19,8.52,2025-05-20,Computex電腦展,2025
華碩,26,46,-4,16,2025-05-14,2025-06-12,20,9.65,2025-05-20,Computex電腦展,2025
華碩,27,28,-3,-2,2025-05-15,2025-05-16,1,0.96,2025-05-20,Computex電腦展,2025
華碩,27,29,-3,-1,2025-05-15,2025-05-19,2,-1.11,2025-05-20,Computex電腦展,2025
華碩,27,30,-3,0,2025-05-15,2025-05-20,3,0.64,2025-05-20,Computex電腦展,2025
華碩,27,31,-3,1,2025-05-15,2025-05-21,4,0.0,2025-05-20,Computex電腦展,2025
華碩,27,32,-3,2,2025-05-15,2025-05-22,5,0.64,2025-05-20,Computex電腦展,2025
華碩,27,33,-3,3,2025-05-15,2025-05-23,6,-0.96,2025-05-20,Computex電腦展,2025
華碩,27,34,-3,4,2025-05-15,2025-05-26,7,-0.16,2025-05-20,Computex電腦展,2025
華碩,27,35,-3,5,2025-05-15,2025-05-27,8,-3.18,2025-05-20,Computex電腦展,2025
華碩,27,36,-3,6,2025-05-15,2025-05-28,9,-1.43,2025-05-20,Computex電腦展,2025
華碩,27,37,-3,7,2025-05-15,2025-05-29,10,-0.48,2025-05-20,Computex電腦展,2025
華碩,27,38,-3,8,2025-05-15,2025-06-02,11,-0.96,2025-05-20,Computex電腦展,2025
華碩,27,39,-3,9,2025-05-15,2025-06-03,12,1.59,2025-05-20,Computex電腦展,2025
華碩,27,40,-3,10,2025-05-15,2025-06-04,13,1.59,2025-05-20,Computex電腦展,2025
華碩,27,41,-3,11,2025-05-15,2025-06-05,14,2.23,2025-05-20,Computex電腦展,2025
華碩,27,42,-3,12,2025-05-15,2025-06-06,15,2.71,2025-05-20,Computex電腦展,2025
華碩,27,43,-3,13,2025-05-15,2025-06-09,16,2.87,2025-05-20,Computex電腦展,2025
華碩,27,44,-3,14,2025-05-15,2025-06-10,17,4.94,2025-05-20,Computex電腦展,2025
華碩,27,45,-3,15,2025-05-15,2025-06-11,18,7.48,2025-05-20,Computex電腦展,2025
華碩,27,46,-3,16,2025-05-15,2025-06-12,19,8.6,2025-05-20,Computex電腦展,2025
華碩,28,29,-2,-1,2025-05-16,2025-05-19,1,-2.05,2025-05-20,Computex電腦展,2025
華碩,28,30,-2,0,2025-05-16,2025-05-20,2,-0.32,2025-05-20,Computex電腦展,2025
華碩,28,31,-2,1,2025-05-16,2025-05-21,3,-0.95,2025-05-20,Computex電腦展,2025
華碩,28,32,-2,2,2025-05-16,2025-05-22,4,-0.32,2025-05-20,Computex電腦展,2025
華碩,28,33,-2,3,2025-05-16,2025-05-23,5,-1.89,2025-05-20,Computex電腦展,2025
華碩,28,34,-2,4,2025-05-16,2025-05-26,6,-1.1,2025-05-20,Computex電腦展,2025
華碩,28,35,-2,5,2025-05-16,2025-05-27,7,-4.1,2025-05-20,Computex電腦展,2025
華碩,28,36,-2,6,2025-05-16,2025-05-28,8,-2.37,2025-05-20,Computex電腦展,2025
華碩,28,37,-2,7,2025-05-16,2025-05-29,9,-1.42,2025-05-20,Computex電腦展,2025
華碩,28,38,-2,8,2025-05-16,2025-06-02,10,-1.89,2025-05-20,Computex電腦展,2025
華碩,28,39,-2,9,2025-05-16,2025-06-03,11,0.63,2025-05-20,Computex電腦展,2025
華碩,28,40,-2,10,2025-05-16,2025-06-04,12,0.63,2025-05-20,Computex電腦展,2025
華碩,28,41,-2,11,2025-05-16,2025-06-05,13,1.26,2025-05-20,Computex電腦展,2025
華碩,28,42,-2,12,2025-05-16,2025-06-06,14,1.74,2025-05-20,Computex電腦展,2025
華碩,28,43,-2,13,2025-05-16,2025-06-09,15,1.89,2025-05-20,Computex電腦展,2025
華碩,28,44,-2,14,2025-05-16,2025-06-10,16,3.94,2025-05-20,Computex電腦展,2025
華碩,28,45,-2,15,2025-05-16,2025-06-11,17,6.47,2025-05-20,Computex電腦展,2025
華碩,28,46,-2,16,2025-05-16,2025-06-12,18,7.57,2025-05-20,Computex電腦展,2025
華碩,29,30,-1,0,2025-05-19,2025-05-20,1,1.77,2025-05-20,Computex電腦展,2025
華碩,29,31,-1,1,2025-05-19,2025-05-21,2,1.13,2025-05-20,Computex電腦展,2025
華碩,29,32,-1,2,2025-05-19,2025-05-22,3,1.77,2025-05-20,Computex電腦展,2025
華碩,29,33,-1,3,2025-05-19,2025-05-23,4,0.16,2025-05-20,Computex電腦展,2025
華碩,29,34,-1,4,2025-05-19,2025-05-26,5,0.97,2025-05-20,Computex電腦展,2025
華碩,29,35,-1,5,2025-05-19,2025-05-27,6,-2.09,2025-05-20,Computex電腦展,2025
華碩,29,36,-1,6,2025-05-19,2025-05-28,7,-0.32,2025-05-20,Computex電腦展,2025
華碩,29,37,-1,7,2025-05-19,2025-05-29,8,0.64,2025-05-20,Computex電腦展,2025
華碩,29,38,-1,8,2025-05-19,2025-06-02,9,0.16,2025-05-20,Computex電腦展,2025
華碩,29,39,-1,9,2025-05-19,2025-06-03,10,2.74,2025-05-20,Computex電腦展,2025
華碩,29,40,-1,10,2025-05-19,2025-06-04,11,2.74,2025-05-20,Computex電腦展,2025
華碩,29,41,-1,11,2025-05-19,2025-06-05,12,3.38,2025-05-20,Computex電腦展,2025
華碩,29,42,-1,12,2025-05-19,2025-06-06,13,3.86,2025-05-20,Computex電腦展,2025
華碩,29,43,-1,13,2025-05-19,2025-06-09,14,4.03,2025-05-20,Computex電腦展,2025
華碩,29,44,-1,14,2025-05-19,2025-06-10,15,6.12,2025-05-20,Computex電腦展,2025
華碩,29,45,-1,15,2025-05-19,2025-06-11,16,8.7,2025-05-20,Computex電腦展,2025
華碩,29,46,-1,16,2025-05-19,2025-06-12,17,9.82,2025-05-20,Computex電腦展,2025
華碩,30,31,0,1,2025-05-20,2025-05-21,1,-0.63,2025-05-20,Computex電腦展,2025
華碩,30,32,0,2,2025-05-20,2025-05-22,2,0.0,2025-05-20,Computex電腦展,2025
華碩,30,33,0,3,2025-05-20,2025-05-23,3,-1.58,2025-05-20,Computex電腦展,2025
華碩,30,34,0,4,2025-05-20,2025-05-26,4,-0.79,2025-05-20,Computex電腦展,2025
華碩,30,35,0,5,2025-05-20,2025-05-27,5,-3.8,2025-05-20,Computex電腦展,2025
華碩,30,36,0,6,2025-05-20,2025-05-28,6,-2.06,2025-05-20,Computex電腦展,2025
華碩,30,37,0,7,2025-05-20,2025-05-29,7,-1.11,2025-05-20,Computex電腦展,2025
華碩,30,38,0,8,2025-05-20,2025-06-02,8,-1.58,2025-05-20,Computex電腦展,2025
華碩,30,39,0,9,2025-05-20,2025-06-03,9,0.95,2025-05-20,Computex電腦展,2025
華碩,30,40,0,10,2025-05-20,2025-06-04,10,0.95,2025-05-20,Computex電腦展,2025
華碩,30,41,0,11,2025-05-20,2025-06-05,11,1.58,2025-05-20,Computex電腦展,2025
華碩,30,42,0,12,2025-05-20,2025-06-06,12,2.06,2025-05-20,Computex電腦展,2025
華碩,30,43,0,13,2025-05-20,2025-06-09,13,2.22,2025-05-20,Computex電腦展,2025
華碩,30,44,0,14,2025-05-20,2025-06-10,14,4.27,2025-05-20,Computex電腦展,2025
華碩,30,45,0,15,2025-05-20,2025-06-11,15,6.8,2025-05-20,Computex電腦展,2025
華碩,30,46,0,16,2025-05-20,2025-06-12,16,7.91,2025-05-20,Computex電腦展,2025
華碩,31,32,1,2,2025-05-21,2025-05-22,1,0.64,2025-05-20,Computex電腦展,2025
華碩,31,33,1,3,2025-05-21,2025-05-23,2,-0.96,2025-05-20,Computex電腦展,2025
華碩,31,34,1,4,2025-05-21,2025-05-26,3,-0.16,2025-05-20,Computex電腦展,2025
華碩,31,35,1,5,2025-05-21,2025-05-27,4,-3.18,2025-05-20,Computex電腦展,2025
華碩,31,36,1,6,2025-05-21,2025-05-28,5,-1.43,2025-05-20,Computex電腦展,2025
華碩,31,37,1,7,2025-05-21,2025-05-29,6,-0.48,2025-05-20,Computex電腦展,2025
華碩,31,38,1,8,2025-05-21,2025-06-02,7,-0.96,2025-05-20,Computex電腦展,2025
華碩,31,39,1,9,2025-05-21,2025-06-03,8,1.59,2025-05-20,Computex電腦展,2025
華碩,31,40,1,10,2025-05-21,2025-06-04,9,1.59,2025-05-20,Computex電腦展,2025
華碩,31,41,1,11,2025-05-21,2025-06-05,10,2.23,2025-05-20,Computex電腦展,2025
華碩,31,42,1,12,2025-05-21,2025-06-06,11,2.71,2025-05-20,Computex電腦展,2025
華碩,31,43,1,13,2025-05-21,2025-06-09,12,2.87,2025-05-20,Computex電腦展,2025
華碩,31,44,1,14,2025-05-21,2025-06-10,13,4.94,2025-05-20,Computex電腦展,2025
華碩,31,45,1,15,2025-05-21,2025-06-11,14,7.48,2025-05-20,Computex電腦展,2025
華碩,31,46,1,16,2025-05-21,2025-06-12,15,8.6,2025-05-20,Computex電腦展,2025
華碩,32,33,2,3,2025-05-22,2025-05-23,1,-1.58,2025-05-20,Computex電腦展,2025
華碩,32,34,2,4,2025-05-22,2025-05-26,2,-0.79,2025-05-20,Computex電腦展,2025
華碩,32,35,2,5,2025-05-22,2025-05-27,3,-3.8,2025-05-20,Computex電腦展,2025
華碩,32,36,2,6,2025-05-22,2025-05-28,4,-2.06,2025-05-20,Computex電腦展,2025
華碩,32,37,2,7,2025-05-22,2025-05-29,5,-1.11,2025-05-20,Computex電腦展,2025
華碩,32,38,2,8,2025-05-22,2025-06-02,6,-1.58,2025-05-20,Computex電腦展,2025
華碩,32,39,2,9,2025-05-22,2025-06-03,7,0.95,2025-05-20,Computex電腦展,2025
華碩,32,40,2,10,2025-05-22,2025-06-04,8,0.95,2025-05-20,Computex電腦展,2025
華碩,32,41,2,11,2025-05-22,2025-06-05,9,1.58,2025-05-20,Computex電腦展,2025
華碩,32,42,2,12,2025-05-22,2025-06-06,10,2.06,2025-05-20,Computex電腦展,2025
華碩,32,43,2,13,2025-05-22,2025-06-09,11,2.22,2025-05-20,Computex電腦展,2025
華碩,32,44,2,14,2025-05-22,2025-06-10,12,4.27,2025-05-20,Computex電腦展,2025
華碩,32,45,2,15,2025-05-22,2025-06-11,13,6.8,2025-05-20,Computex電腦展,2025
華碩,32,46,2,16,2025-05-22,2025-06-12,14,7.91,2025-05-20,Computex電腦展,2025
華碩,33,34,3,4,2025-05-23,2025-05-26,1,0.8,2025-05-20,Computex電腦展,2025
華碩,33,35,3,5,2025-05-23,2025-05-27,2,-2.25,2025-05-20,Computex電腦展,2025
華碩,33,36,3,6,2025-05-23,2025-05-28,3,-0.48,2025-05-20,Computex電腦展,2025
華碩,33,37,3,7,2025-05-23,2025-05-29,4,0.48,2025-05-20,Computex電腦展,2025
華碩,33,38,3,8,2025-05-23,2025-06-02,5,0.0,2025-05-20,Computex電腦展,2025
華碩,33,39,3,9,2025-05-23,2025-06-03,6,2.57,2025-05-20,Computex電腦展,2025
華碩,33,40,3,10,2025-05-23,2025-06-04,7,2.57,2025-05-20,Computex電腦展,2025
華碩,33,41,3,11,2025-05-23,2025-06-05,8,3.22,2025-05-20,Computex電腦展,2025
華碩,33,42,3,12,2025-05-23,2025-06-06,9,3.7,2025-05-20,Computex電腦展,2025
華碩,33,43,3,13,2025-05-23,2025-06-09,10,3.86,2025-05-20,Computex電腦展,2025
華碩,33,44,3,14,2025-05-23,2025-06-10,11,5.95,2025-05-20,Computex電腦展,2025
華碩,33,45,3,15,2025-05-23,2025-06-11,12,8.52,2025-05-20,Computex電腦展,2025
華碩,33,46,3,16,2025-05-23,2025-06-12,13,9.65,2025-05-20,Computex電腦展,2025
華碩,34,35,4,5,2025-05-26,2025-05-27,1,-3.03,2025-05-20,Computex電腦展,2025
華碩,34,36,4,6,2025-05-26,2025-05-28,2,-1.28,2025-05-20,Computex電腦展,2025
華碩,34,37,4,7,2025-05-26,2025-05-29,3,-0.32,2025-05-20,Computex電腦展,2025
華碩,34,38,4,8,2025-05-26,2025-06-02,4,-0.8,2025-05-20,Computex電腦展,2025
華碩,34,39,4,9,2025-05-26,2025-06-03,5,1.75,2025-05-20,Computex電腦展,2025
華碩,34,40,4,10,2025-05-26,2025-06-04,6,1.75,2025-05-20,Computex電腦展,2025
華碩,34,41,4,11,2025-05-26,2025-06-05,7,2.39,2025-05-20,Computex電腦展,2025
華碩,34,42,4,12,2025-05-26,2025-06-06,8,2.87,2025-05-20,Computex電腦展,2025
華碩,34,43,4,13,2025-05-26,2025-06-09,9,3.03,2025-05-20,Computex電腦展,2025
華碩,34,44,4,14,2025-05-26,2025-06-10,10,5.1,2025-05-20,Computex電腦展,2025
華碩,34,45,4,15,2025-05-26,2025-06-11,11,7.66,2025-05-20,Computex電腦展,2025
華碩,34,46,4,16,2025-05-26,2025-06-12,12,8.77,2025-05-20,Computex電腦展,2025
華碩,35,36,5,6,2025-05-27,2025-05-28,1,1.81,2025-05-20,Computex電腦展,2025
華碩,35,37,5,7,2025-05-27,2025-05-29,2,2.8,2025-05-20,Computex電腦展,2025
華碩,35,38,5,8,2025-05-27,2025-06-02,3,2.3,2025-05-20,Computex電腦展,2025
華碩,35,39,5,9,2025-05-27,2025-06-03,4,4.93,2025-05-20,Computex電腦展,2025
華碩,35,40,5,10,2025-05-27,2025-06-04,5,4.93,2025-05-20,Computex電腦展,2025
華碩,35,41,5,11,2025-05-27,2025-06-05,6,5.59,2025-05-20,Computex電腦展,2025
華碩,35,42,5,12,2025-05-27,2025-06-06,7,6.09,2025-05-20,Computex電腦展,2025
華碩,35,43,5,13,2025-05-27,2025-06-09,8,6.25,2025-05-20,Computex電腦展,2025
華碩,35,44,5,14,2025-05-27,2025-06-10,9,8.39,2025-05-20,Computex電腦展,2025
華碩,35,45,5,15,2025-05-27,2025-06-11,10,11.02,2025-05-20,Computex電腦展,2025
華碩,35,46,5,16,2025-05-27,2025-06-12,11,12.17,2025-05-20,Computex電腦展,2025
華碩,36,37,6,7,2025-05-28,2025-05-29,1,0.97,2025-05-20,Computex電腦展,2025
華碩,36,38,6,8,2025-05-28,2025-06-02,2,0.48,2025-05-20,Computex電腦展,2025
華碩,36,39,6,9,2025-05-28,2025-06-03,3,3.07,2025-05-20,Computex電腦展,2025
華碩,36,40,6,10,2025-05-28,2025-06-04,4,3.07,2025-05-20,Computex電腦展,2025
華碩,36,41,6,11,2025-05-28,2025-06-05,5,3.72,2025-05-20,Computex電腦展,2025
華碩,36,42,6,12,2025-05-28,2025-06-06,6,4.2,2025-05-20,Computex電腦展,2025
華碩,36,43,6,13,2025-05-28,2025-06-09,7,4.36,2025-05-20,Computex電腦展,2025
華碩,36,44,6,14,2025-05-28,2025-06-10,8,6.46,2025-05-20,Computex電腦展,2025
華碩,36,45,6,15,2025-05-28,2025-06-11,9,9.05,2025-05-20,Computex電腦展,2025
華碩,36,46,6,16,2025-05-28,2025-06-12,10,10.18,2025-05-20,Computex電腦展,2025
華碩,37,38,7,8,2025-05-29,2025-06-02,1,-0.48,2025-05-20,Computex電腦展,2025
華碩,37,39,7,9,2025-05-29,2025-06-03,2,2.08,2025-05-20,Computex電腦展,2025
華碩,37,40,7,10,2025-05-29,2025-06-04,3,2.08,2025-05-20,Computex電腦展,2025
華碩,37,41,7,11,2025-05-29,2025-06-05,4,2.72,2025-05-20,Computex電腦展,2025
華碩,37,42,7,12,2025-05-29,2025-06-06,5,3.2,2025-05-20,Computex電腦展,2025
華碩,37,43,7,13,2025-05-29,2025-06-09,6,3.36,2025-05-20,Computex電腦展,2025
華碩,37,44,7,14,2025-05-29,2025-06-10,7,5.44,2025-05-20,Computex電腦展,2025
華碩,37,45,7,15,2025-05-29,2025-06-11,8,8.0,2025-05-20,Computex電腦展,2025
華碩,37,46,7,16,2025-05-29,2025-06-12,9,9.12,2025-05-20,Computex電腦展,2025
華碩,38,39,8,9,2025-06-02,2025-06-03,1,2.57,2025-05-20,Computex電腦展,2025
華碩,38,40,8,10,2025-06-02,2025-06-04,2,2.57,2025-05-20,Computex電腦展,2025
華碩,38,41,8,11,2025-06-02,2025-06-05,3,3.22,2025-05-20,Computex電腦展,2025
華碩,38,42,8,12,2025-06-02,2025-06-06,4,3.7,2025-05-20,Computex電腦展,2025
華碩,38,43,8,13,2025-06-02,2025-06-09,5,3.86,2025-05-20,Computex電腦展,2025
華碩,38,44,8,14,2025-06-02,2025-06-10,6,5.95,2025-05-20,Computex電腦展,2025
華碩,38,45,8,15,2025-06-02,2025-06-11,7,8.52,2025-05-20,Computex電腦展,2025
華碩,38,46,8,16,2025-06-02,2025-06-12,8,9.65,2025-05-20,Computex電腦展,2025
華碩,39,40,9,10,2025-06-03,2025-06-04,1,0.0,2025-05-20,Computex電腦展,2025
華碩,39,41,9,11,2025-06-03,2025-06-05,2,0.63,2025-05-20,Computex電腦展,2025
華碩,39,42,9,12,2025-06-03,2025-06-06,3,1.1,2025-05-20,Computex電腦展,2025
華碩,39,43,9,13,2025-06-03,2025-06-09,4,1.25,2025-05-20,Computex電腦展,2025
華碩,39,44,9,14,2025-06-03,2025-06-10,5,3.29,2025-05-20,Computex電腦展,2025
華碩,39,45,9,15,2025-06-03,2025-06-11,6,5.8,2025-05-20,Computex電腦展,2025
華碩,39,46,9,16,2025-06-03,2025-06-12,7,6.9,2025-05-20,Computex電腦展,2025
華碩,40,41,10,11,2025-06-04,2025-06-05,1,0.63,2025-05-20,Computex電腦展,2025
華碩,40,42,10,12,2025-06-04,2025-06-06,2,1.1,2025-05-20,Computex電腦展,2025
華碩,40,43,10,13,2025-06-04,2025-06-09,3,1.25,2025-05-20,Computex電腦展,2025
華碩,40,44,10,14,2025-06-04,2025-06-10,4,3.29,2025-05-20,Computex電腦展,2025
華碩,40,45,10,15,2025-06-04,2025-06-11,5,5.8,2025-05-20,Computex電腦展,2025
華碩,40,46,10,16,2025-06-04,2025-06-12,6,6.9,2025-05-20,Computex電腦展,2025
華碩,41,42,11,12,2025-06-05,2025-06-06,1,0.47,2025-05-20,Computex電腦展,2025
華碩,41,43,11,13,2025-06-05,2025-06-09,2,0.62,2025-05-20,Computex電腦展,2025
華碩,41,44,11,14,2025-06-05,2025-06-10,3,2.65,2025-05-20,Computex電腦展,2025
華碩,41,45,11,15,2025-06-05,2025-06-11,4,5.14,2025-05-20,Computex電腦展,2025
華碩,41,46,11,16,2025-06-05,2025-06-12,5,6.23,2025-05-20,Computex電腦展,2025
華碩,42,43,12,13,2025-06-06,2025-06-09,1,0.16,2025-05-20,Computex電腦展,2025
華碩,42,44,12,14,2025-06-06,2025-06-10,2,2.17,2025-05-20,Computex電腦展,2025
華碩,42,45,12,15,2025-06-06,2025-06-11,3,4.65,2025-05-20,Computex電腦展,2025
華碩,42,46,12,16,2025-06-06,2025-06-12,4,5.74,2025-05-20,Computex電腦展,2025
華碩,43,44,13,14,2025-06-09,2025-06-10,1,2.01,2025-05-20,Computex電腦展,2025
華碩,43,45,13,15,2025-06-09,2025-06-11,2,4.49,2025-05-20,Computex電腦展,2025
華碩,43,46,13,16,2025-06-09,2025-06-12,3,5.57,2025-05-20,Computex電腦展,2025
華碩,44,45,14,15,2025-06-10,2025-06-11,1,2.43,2025-05-20,Computex電腦展,2025
華碩,44,46,14,16,2025-06-10,2025-06-12,2,3.49,2025-05-20,Computex電腦展,2025
華碩,45,46,15,16,2025-06-11,2025-06-12,1,1.04,2025-05-20,Computex電腦展,2025
威盛,0,1,-30,-29,2025-04-07,2025-04-08,1,-9.92,2025-05-20,Computex電腦展,2025
威盛,0,2,-30,-28,2025-04-07,2025-04-09,2,-18.85,2025-05-20,Computex電腦展,2025
威盛,0,3,-30,-27,2025-04-07,2025-04-10,3,-10.75,2025-05-20,Computex電腦展,2025
威盛,0,4,-30,-26,2025-04-07,2025-04-11,4,-8.38,2025-05-20,Computex電腦展,2025
威盛,0,5,-30,-25,2025-04-07,2025-04-14,5,-5.03,2025-05-20,Computex電腦展,2025
威盛,0,6,-30,-24,2025-04-07,2025-04-15,6,-0.42,2025-05-20,Computex電腦展,2025
威盛,0,7,-30,-23,2025-04-07,2025-04-16,7,-4.05,2025-05-20,Computex電腦展,2025
威盛,0,8,-30,-22,2025-04-07,2025-04-17,8,-2.79,2025-05-20,Computex電腦展,2025
威盛,0,9,-30,-21,2025-04-07,2025-04-18,9,-3.07,2025-05-20,Computex電腦展,2025
威盛,0,10,-30,-20,2025-04-07,2025-04-21,10,-7.12,2025-05-20,Computex電腦展,2025
威盛,0,11,-30,-19,2025-04-07,2025-04-22,11,-8.1,2025-05-20,Computex電腦展,2025
威盛,0,12,-30,-18,2025-04-07,2025-04-23,12,-4.33,2025-05-20,Computex電腦展,2025
威盛,0,13,-30,-17,2025-04-07,2025-04-24,13,-3.35,2025-05-20,Computex電腦展,2025
威盛,0,14,-30,-16,2025-04-07,2025-04-25,14,-0.84,2025-05-20,Computex電腦展,2025
威盛,0,15,-30,-15,2025-04-07,2025-04-28,15,1.12,2025-05-20,Computex電腦展,2025
威盛,0,16,-30,-14,2025-04-07,2025-04-29,16,4.75,2025-05-20,Computex電腦展,2025
威盛,0,17,-30,-13,2025-04-07,2025-04-30,17,1.26,2025-05-20,Computex電腦展,2025
威盛,0,18,-30,-12,2025-04-07,2025-05-02,18,2.65,2025-05-20,Computex電腦展,2025
威盛,0,19,-30,-11,2025-04-07,2025-05-05,19,-0.28,2025-05-20,Computex電腦展,2025
威盛,0,20,-30,-10,2025-04-07,2025-05-06,20,-0.28,2025-05-20,Computex電腦展,2025
威盛,0,21,-30,-9,2025-04-07,2025-05-07,21,-0.14,2025-05-20,Computex電腦展,2025
威盛,0,22,-30,-8,2025-04-07,2025-05-08,22,2.65,2025-05-20,Computex電腦展,2025
威盛,0,23,-30,-7,2025-04-07,2025-05-09,23,2.51,2025-05-20,Computex電腦展,2025
威盛,0,24,-30,-6,2025-04-07,2025-05-12,24,2.93,2025-05-20,Computex電腦展,2025
威盛,0,25,-30,-5,2025-04-07,2025-05-13,25,1.82,2025-05-20,Computex電腦展,2025
威盛,0,26,-30,-4,2025-04-07,2025-05-14,26,2.37,2025-05-20,Computex電腦展,2025
威盛,0,27,-30,-3,2025-04-07,2025-05-15,27,0.7,2025-05-20,Computex電腦展,2025
威盛,0,28,-30,-2,2025-04-07,2025-05-16,28,0.56,2025-05-20,Computex電腦展,2025
威盛,0,29,-30,-1,2025-04-07,2025-05-19,29,-4.33,2025-05-20,Computex電腦展,2025
威盛,0,30,-30,0,2025-04-07,2025-05-20,30,-4.19,2025-05-20,Computex電腦展,2025
威盛,0,31,-30,1,2025-04-07,2025-05-21,31,-2.79,2025-05-20,Computex電腦展,2025
威盛,0,32,-30,2,2025-04-07,2025-05-22,32,-5.17,2025-05-20,Computex電腦展,2025
威盛,0,33,-30,3,2025-04-07,2025-05-23,33,-5.87,2025-05-20,Computex電腦展,2025
威盛,0,34,-30,4,2025-04-07,2025-05-26,34,-5.73,2025-05-20,Computex電腦展,2025
威盛,0,35,-30,5,2025-04-07,2025-05-27,35,-7.82,2025-05-20,Computex電腦展,2025
威盛,0,36,-30,6,2025-04-07,2025-05-28,36,-7.82,2025-05-20,Computex電腦展,2025
威盛,0,37,-30,7,2025-04-07,2025-05-29,37,-6.42,2025-05-20,Computex電腦展,2025
威盛,0,38,-30,8,2025-04-07,2025-06-02,38,-12.29,2025-05-20,Computex電腦展,2025
威盛,0,39,-30,9,2025-04-07,2025-06-03,39,-12.43,2025-05-20,Computex電腦展,2025
威盛,0,40,-30,10,2025-04-07,2025-06-04,40,-10.47,2025-05-20,Computex電腦展,2025
威盛,0,41,-30,11,2025-04-07,2025-06-05,41,-8.52,2025-05-20,Computex電腦展,2025
威盛,0,42,-30,12,2025-04-07,2025-06-06,42,-8.66,2025-05-20,Computex電腦展,2025
威盛,0,43,-30,13,2025-04-07,2025-06-09,43,-10.61,2025-05-20,Computex電腦展,2025
威盛,0,44,-30,14,2025-04-07,2025-06-10,44,-11.03,2025-05-20,Computex電腦展,2025
威盛,0,45,-30,15,2025-04-07,2025-06-11,45,-7.54,2025-05-20,Computex電腦展,2025
威盛,0,46,-30,16,2025-04-07,2025-06-12,46,-7.26,2025-05-20,Computex電腦展,2025
威盛,1,2,-29,-28,2025-04-08,2025-04-09,1,-9.92,2025-05-20,Computex電腦展,2025
威盛,1,3,-29,-27,2025-04-08,2025-04-10,2,-0.93,2025-05-20,Computex電腦展,2025
威盛,1,4,-29,-26,2025-04-08,2025-04-11,3,1.71,2025-05-20,Computex電腦展,2025
威盛,1,5,-29,-25,2025-04-08,2025-04-14,4,5.43,2025-05-20,Computex電腦展,2025
威盛,1,6,-29,-24,2025-04-08,2025-04-15,5,10.54,2025-05-20,Computex電腦展,2025
威盛,1,7,-29,-23,2025-04-08,2025-04-16,6,6.51,2025-05-20,Computex電腦展,2025
威盛,1,8,-29,-22,2025-04-08,2025-04-17,7,7.91,2025-05-20,Computex電腦展,2025
威盛,1,9,-29,-21,2025-04-08,2025-04-18,8,7.6,2025-05-20,Computex電腦展,2025
威盛,1,10,-29,-20,2025-04-08,2025-04-21,9,3.1,2025-05-20,Computex電腦展,2025
威盛,1,11,-29,-19,2025-04-08,2025-04-22,10,2.02,2025-05-20,Computex電腦展,2025
威盛,1,12,-29,-18,2025-04-08,2025-04-23,11,6.2,2025-05-20,Computex電腦展,2025
威盛,1,13,-29,-17,2025-04-08,2025-04-24,12,7.29,2025-05-20,Computex電腦展,2025
威盛,1,14,-29,-16,2025-04-08,2025-04-25,13,10.08,2025-05-20,Computex電腦展,2025
威盛,1,15,-29,-15,2025-04-08,2025-04-28,14,12.25,2025-05-20,Computex電腦展,2025
威盛,1,16,-29,-14,2025-04-08,2025-04-29,15,16.28,2025-05-20,Computex電腦展,2025
威盛,1,17,-29,-13,2025-04-08,2025-04-30,16,12.4,2025-05-20,Computex電腦展,2025
威盛,1,18,-29,-12,2025-04-08,2025-05-02,17,13.95,2025-05-20,Computex電腦展,2025
威盛,1,19,-29,-11,2025-04-08,2025-05-05,18,10.7,2025-05-20,Computex電腦展,2025
威盛,1,20,-29,-10,2025-04-08,2025-05-06,19,10.7,2025-05-20,Computex電腦展,2025
威盛,1,21,-29,-9,2025-04-08,2025-05-07,20,10.85,2025-05-20,Computex電腦展,2025
威盛,1,22,-29,-8,2025-04-08,2025-05-08,21,13.95,2025-05-20,Computex電腦展,2025
威盛,1,23,-29,-7,2025-04-08,2025-05-09,22,13.8,2025-05-20,Computex電腦展,2025
威盛,1,24,-29,-6,2025-04-08,2025-05-12,23,14.26,2025-05-20,Computex電腦展,2025
威盛,1,25,-29,-5,2025-04-08,2025-05-13,24,13.02,2025-05-20,Computex電腦展,2025
威盛,1,26,-29,-4,2025-04-08,2025-05-14,25,13.64,2025-05-20,Computex電腦展,2025
威盛,1,27,-29,-3,2025-04-08,2025-05-15,26,11.78,2025-05-20,Computex電腦展,2025
威盛,1,28,-29,-2,2025-04-08,2025-05-16,27,11.63,2025-05-20,Computex電腦展,2025
威盛,1,29,-29,-1,2025-04-08,2025-05-19,28,6.2,2025-05-20,Computex電腦展,2025
威盛,1,30,-29,0,2025-04-08,2025-05-20,29,6.36,2025-05-20,Computex電腦展,2025
威盛,1,31,-29,1,2025-04-08,2025-05-21,30,7.91,2025-05-20,Computex電腦展,2025
威盛,1,32,-29,2,2025-04-08,2025-05-22,31,5.27,2025-05-20,Computex電腦展,2025
威盛,1,33,-29,3,2025-04-08,2025-05-23,32,4.5,2025-05-20,Computex電腦展,2025
威盛,1,34,-29,4,2025-04-08,2025-05-26,33,4.65,2025-05-20,Computex電腦展,2025
威盛,1,35,-29,5,2025-04-08,2025-05-27,34,2.33,2025-05-20,Computex電腦展,2025
威盛,1,36,-29,6,2025-04-08,2025-05-28,35,2.33,2025-05-20,Computex電腦展,2025
威盛,1,37,-29,7,2025-04-08,2025-05-29,36,3.88,2025-05-20,Computex電腦展,2025
威盛,1,38,-29,8,2025-04-08,2025-06-02,37,-2.64,2025-05-20,Computex電腦展,2025
威盛,1,39,-29,9,2025-04-08,2025-06-03,38,-2.79,2025-05-20,Computex電腦展,2025
威盛,1,40,-29,10,2025-04-08,2025-06-04,39,-0.62,2025-05-20,Computex電腦展,2025
威盛,1,41,-29,11,2025-04-08,2025-06-05,40,1.55,2025-05-20,Computex電腦展,2025
威盛,1,42,-29,12,2025-04-08,2025-06-06,41,1.4,2025-05-20,Computex電腦展,2025
威盛,1,43,-29,13,2025-04-08,2025-06-09,42,-0.78,2025-05-20,Computex電腦展,2025
威盛,1,44,-29,14,2025-04-08,2025-06-10,43,-1.24,2025-05-20,Computex電腦展,2025
威盛,1,45,-29,15,2025-04-08,2025-06-11,44,2.64,2025-05-20,Computex電腦展,2025
威盛,1,46,-29,16,2025-04-08,2025-06-12,45,2.95,2025-05-20,Computex電腦展,2025
威盛,2,3,-28,-27,2025-04-09,2025-04-10,1,9.98,2025-05-20,Computex電腦展,2025
威盛,2,4,-28,-26,2025-04-09,2025-04-11,2,12.91,2025-05-20,Computex電腦展,2025
威盛,2,5,-28,-25,2025-04-09,2025-04-14,3,17.04,2025-05-20,Computex電腦展,2025
威盛,2,6,-28,-24,2025-04-09,2025-04-15,4,22.72,2025-05-20,Computex電腦展,2025
威盛,2,7,-28,-23,2025-04-09,2025-04-16,5,18.24,2025-05-20,Computex電腦展,2025
威盛,2,8,-28,-22,2025-04-09,2025-04-17,6,19.79,2025-05-20,Computex電腦展,2025
威盛,2,9,-28,-21,2025-04-09,2025-04-18,7,19.45,2025-05-20,Computex電腦展,2025
威盛,2,10,-28,-20,2025-04-09,2025-04-21,8,14.46,2025-05-20,Computex電腦展,2025
威盛,2,11,-28,-19,2025-04-09,2025-04-22,9,13.25,2025-05-20,Computex電腦展,2025
威盛,2,12,-28,-18,2025-04-09,2025-04-23,10,17.9,2025-05-20,Computex電腦展,2025
威盛,2,13,-28,-17,2025-04-09,2025-04-24,11,19.1,2025-05-20,Computex電腦展,2025
威盛,2,14,-28,-16,2025-04-09,2025-04-25,12,22.2,2025-05-20,Computex電腦展,2025
威盛,2,15,-28,-15,2025-04-09,2025-04-28,13,24.61,2025-05-20,Computex電腦展,2025
威盛,2,16,-28,-14,2025-04-09,2025-04-29,14,29.09,2025-05-20,Computex電腦展,2025
威盛,2,17,-28,-13,2025-04-09,2025-04-30,15,24.78,2025-05-20,Computex電腦展,2025
威盛,2,18,-28,-12,2025-04-09,2025-05-02,16,26.51,2025-05-20,Computex電腦展,2025
威盛,2,19,-28,-11,2025-04-09,2025-05-05,17,22.89,2025-05-20,Computex電腦展,2025
威盛,2,20,-28,-10,2025-04-09,2025-05-06,18,22.89,2025-05-20,Computex電腦展,2025
威盛,2,21,-28,-9,2025-04-09,2025-05-07,19,23.06,2025-05-20,Computex電腦展,2025
威盛,2,22,-28,-8,2025-04-09,2025-05-08,20,26.51,2025-05-20,Computex電腦展,2025
威盛,2,23,-28,-7,2025-04-09,2025-05-09,21,26.33,2025-05-20,Computex電腦展,2025
威盛,2,24,-28,-6,2025-04-09,2025-05-12,22,26.85,2025-05-20,Computex電腦展,2025
威盛,2,25,-28,-5,2025-04-09,2025-05-13,23,25.47,2025-05-20,Computex電腦展,2025
威盛,2,26,-28,-4,2025-04-09,2025-05-14,24,26.16,2025-05-20,Computex電腦展,2025
威盛,2,27,-28,-3,2025-04-09,2025-05-15,25,24.1,2025-05-20,Computex電腦展,2025
威盛,2,28,-28,-2,2025-04-09,2025-05-16,26,23.92,2025-05-20,Computex電腦展,2025
威盛,2,29,-28,-1,2025-04-09,2025-05-19,27,17.9,2025-05-20,Computex電腦展,2025
威盛,2,30,-28,0,2025-04-09,2025-05-20,28,18.07,2025-05-20,Computex電腦展,2025
威盛,2,31,-28,1,2025-04-09,2025-05-21,29,19.79,2025-05-20,Computex電腦展,2025
威盛,2,32,-28,2,2025-04-09,2025-05-22,30,16.87,2025-05-20,Computex電腦展,2025
威盛,2,33,-28,3,2025-04-09,2025-05-23,31,16.01,2025-05-20,Computex電腦展,2025
威盛,2,34,-28,4,2025-04-09,2025-05-26,32,16.18,2025-05-20,Computex電腦展,2025
威盛,2,35,-28,5,2025-04-09,2025-05-27,33,13.6,2025-05-20,Computex電腦展,2025
威盛,2,36,-28,6,2025-04-09,2025-05-28,34,13.6,2025-05-20,Computex電腦展,2025
威盛,2,37,-28,7,2025-04-09,2025-05-29,35,15.32,2025-05-20,Computex電腦展,2025
威盛,2,38,-28,8,2025-04-09,2025-06-02,36,8.09,2025-05-20,Computex電腦展,2025
威盛,2,39,-28,9,2025-04-09,2025-06-03,37,7.92,2025-05-20,Computex電腦展,2025
威盛,2,40,-28,10,2025-04-09,2025-06-04,38,10.33,2025-05-20,Computex電腦展,2025
威盛,2,41,-28,11,2025-04-09,2025-06-05,39,12.74,2025-05-20,Computex電腦展,2025
威盛,2,42,-28,12,2025-04-09,2025-06-06,40,12.56,2025-05-20,Computex電腦展,2025
威盛,2,43,-28,13,2025-04-09,2025-06-09,41,10.15,2025-05-20,Computex電腦展,2025
威盛,2,44,-28,14,2025-04-09,2025-06-10,42,9.64,2025-05-20,Computex電腦展,2025
威盛,2,45,-28,15,2025-04-09,2025-06-11,43,13.94,2025-05-20,Computex電腦展,2025
威盛,2,46,-28,16,2025-04-09,2025-06-12,44,14.29,2025-05-20,Computex電腦展,2025
威盛,3,4,-27,-26,2025-04-10,2025-04-11,1,2.66,2025-05-20,Computex電腦展,2025
威盛,3,5,-27,-25,2025-04-10,2025-04-14,2,6.42,2025-05-20,Computex電腦展,2025
威盛,3,6,-27,-24,2025-04-10,2025-04-15,3,11.58,2025-05-20,Computex電腦展,2025
威盛,3,7,-27,-23,2025-04-10,2025-04-16,4,7.51,2025-05-20,Computex電腦展,2025
威盛,3,8,-27,-22,2025-04-10,2025-04-17,5,8.92,2025-05-20,Computex電腦展,2025
威盛,3,9,-27,-21,2025-04-10,2025-04-18,6,8.61,2025-05-20,Computex電腦展,2025
威盛,3,10,-27,-20,2025-04-10,2025-04-21,7,4.07,2025-05-20,Computex電腦展,2025
威盛,3,11,-27,-19,2025-04-10,2025-04-22,8,2.97,2025-05-20,Computex電腦展,2025
威盛,3,12,-27,-18,2025-04-10,2025-04-23,9,7.2,2025-05-20,Computex電腦展,2025
威盛,3,13,-27,-17,2025-04-10,2025-04-24,10,8.29,2025-05-20,Computex電腦展,2025
威盛,3,14,-27,-16,2025-04-10,2025-04-25,11,11.11,2025-05-20,Computex電腦展,2025
威盛,3,15,-27,-15,2025-04-10,2025-04-28,12,13.3,2025-05-20,Computex電腦展,2025
威盛,3,16,-27,-14,2025-04-10,2025-04-29,13,17.37,2025-05-20,Computex電腦展,2025
威盛,3,17,-27,-13,2025-04-10,2025-04-30,14,13.46,2025-05-20,Computex電腦展,2025
威盛,3,18,-27,-12,2025-04-10,2025-05-02,15,15.02,2025-05-20,Computex電腦展,2025
威盛,3,19,-27,-11,2025-04-10,2025-05-05,16,11.74,2025-05-20,Computex電腦展,2025
威盛,3,20,-27,-10,2025-04-10,2025-05-06,17,11.74,2025-05-20,Computex電腦展,2025
威盛,3,21,-27,-9,2025-04-10,2025-05-07,18,11.89,2025-05-20,Computex電腦展,2025
威盛,3,22,-27,-8,2025-04-10,2025-05-08,19,15.02,2025-05-20,Computex電腦展,2025
威盛,3,23,-27,-7,2025-04-10,2025-05-09,20,14.87,2025-05-20,Computex電腦展,2025
威盛,3,24,-27,-6,2025-04-10,2025-05-12,21,15.34,2025-05-20,Computex電腦展,2025
威盛,3,25,-27,-5,2025-04-10,2025-05-13,22,14.08,2025-05-20,Computex電腦展,2025
威盛,3,26,-27,-4,2025-04-10,2025-05-14,23,14.71,2025-05-20,Computex電腦展,2025
威盛,3,27,-27,-3,2025-04-10,2025-05-15,24,12.83,2025-05-20,Computex電腦展,2025
威盛,3,28,-27,-2,2025-04-10,2025-05-16,25,12.68,2025-05-20,Computex電腦展,2025
威盛,3,29,-27,-1,2025-04-10,2025-05-19,26,7.2,2025-05-20,Computex電腦展,2025
威盛,3,30,-27,0,2025-04-10,2025-05-20,27,7.36,2025-05-20,Computex電腦展,2025
威盛,3,31,-27,1,2025-04-10,2025-05-21,28,8.92,2025-05-20,Computex電腦展,2025
威盛,3,32,-27,2,2025-04-10,2025-05-22,29,6.26,2025-05-20,Computex電腦展,2025
威盛,3,33,-27,3,2025-04-10,2025-05-23,30,5.48,2025-05-20,Computex電腦展,2025
威盛,3,34,-27,4,2025-04-10,2025-05-26,31,5.63,2025-05-20,Computex電腦展,2025
威盛,3,35,-27,5,2025-04-10,2025-05-27,32,3.29,2025-05-20,Computex電腦展,2025
威盛,3,36,-27,6,2025-04-10,2025-05-28,33,3.29,2025-05-20,Computex電腦展,2025
威盛,3,37,-27,7,2025-04-10,2025-05-29,34,4.85,2025-05-20,Computex電腦展,2025
威盛,3,38,-27,8,2025-04-10,2025-06-02,35,-1.72,2025-05-20,Computex電腦展,2025
威盛,3,39,-27,9,2025-04-10,2025-06-03,36,-1.88,2025-05-20,Computex電腦展,2025
威盛,3,40,-27,10,2025-04-10,2025-06-04,37,0.31,2025-05-20,Computex電腦展,2025
威盛,3,41,-27,11,2025-04-10,2025-06-05,38,2.5,2025-05-20,Computex電腦展,2025
威盛,3,42,-27,12,2025-04-10,2025-06-06,39,2.35,2025-05-20,Computex電腦展,2025
威盛,3,43,-27,13,2025-04-10,2025-06-09,40,0.16,2025-05-20,Computex電腦展,2025
威盛,3,44,-27,14,2025-04-10,2025-06-10,41,-0.31,2025-05-20,Computex電腦展,2025
威盛,3,45,-27,15,2025-04-10,2025-06-11,42,3.6,2025-05-20,Computex電腦展,2025
威盛,3,46,-27,16,2025-04-10,2025-06-12,43,3.91,2025-05-20,Computex電腦展,2025
威盛,4,5,-26,-25,2025-04-11,2025-04-14,1,3.66,2025-05-20,Computex電腦展,2025
威盛,4,6,-26,-24,2025-04-11,2025-04-15,2,8.69,2025-05-20,Computex電腦展,2025
威盛,4,7,-26,-23,2025-04-11,2025-04-16,3,4.73,2025-05-20,Computex電腦展,2025
威盛,4,8,-26,-22,2025-04-11,2025-04-17,4,6.1,2025-05-20,Computex電腦展,2025
威盛,4,9,-26,-21,2025-04-11,2025-04-18,5,5.79,2025-05-20,Computex電腦展,2025
威盛,4,10,-26,-20,2025-04-11,2025-04-21,6,1.37,2025-05-20,Computex電腦展,2025
威盛,4,11,-26,-19,2025-04-11,2025-04-22,7,0.3,2025-05-20,Computex電腦展,2025
威盛,4,12,-26,-18,2025-04-11,2025-04-23,8,4.42,2025-05-20,Computex電腦展,2025
威盛,4,13,-26,-17,2025-04-11,2025-04-24,9,5.49,2025-05-20,Computex電腦展,2025
威盛,4,14,-26,-16,2025-04-11,2025-04-25,10,8.23,2025-05-20,Computex電腦展,2025
威盛,4,15,-26,-15,2025-04-11,2025-04-28,11,10.37,2025-05-20,Computex電腦展,2025
威盛,4,16,-26,-14,2025-04-11,2025-04-29,12,14.33,2025-05-20,Computex電腦展,2025
威盛,4,17,-26,-13,2025-04-11,2025-04-30,13,10.52,2025-05-20,Computex電腦展,2025
威盛,4,18,-26,-12,2025-04-11,2025-05-02,14,12.04,2025-05-20,Computex電腦展,2025
威盛,4,19,-26,-11,2025-04-11,2025-05-05,15,8.84,2025-05-20,Computex電腦展,2025
威盛,4,20,-26,-10,2025-04-11,2025-05-06,16,8.84,2025-05-20,Computex電腦展,2025
威盛,4,21,-26,-9,2025-04-11,2025-05-07,17,8.99,2025-05-20,Computex電腦展,2025
威盛,4,22,-26,-8,2025-04-11,2025-05-08,18,12.04,2025-05-20,Computex電腦展,2025
威盛,4,23,-26,-7,2025-04-11,2025-05-09,19,11.89,2025-05-20,Computex電腦展,2025
威盛,4,24,-26,-6,2025-04-11,2025-05-12,20,12.35,2025-05-20,Computex電腦展,2025
威盛,4,25,-26,-5,2025-04-11,2025-05-13,21,11.13,2025-05-20,Computex電腦展,2025
威盛,4,26,-26,-4,2025-04-11,2025-05-14,22,11.74,2025-05-20,Computex電腦展,2025
威盛,4,27,-26,-3,2025-04-11,2025-05-15,23,9.91,2025-05-20,Computex電腦展,2025
威盛,4,28,-26,-2,2025-04-11,2025-05-16,24,9.76,2025-05-20,Computex電腦展,2025
威盛,4,29,-26,-1,2025-04-11,2025-05-19,25,4.42,2025-05-20,Computex電腦展,2025
威盛,4,30,-26,0,2025-04-11,2025-05-20,26,4.57,2025-05-20,Computex電腦展,2025
威盛,4,31,-26,1,2025-04-11,2025-05-21,27,6.1,2025-05-20,Computex電腦展,2025
威盛,4,32,-26,2,2025-04-11,2025-05-22,28,3.51,2025-05-20,Computex電腦展,2025
威盛,4,33,-26,3,2025-04-11,2025-05-23,29,2.74,2025-05-20,Computex電腦展,2025
威盛,4,34,-26,4,2025-04-11,2025-05-26,30,2.9,2025-05-20,Computex電腦展,2025
威盛,4,35,-26,5,2025-04-11,2025-05-27,31,0.61,2025-05-20,Computex電腦展,2025
威盛,4,36,-26,6,2025-04-11,2025-05-28,32,0.61,2025-05-20,Computex電腦展,2025
威盛,4,37,-26,7,2025-04-11,2025-05-29,33,2.13,2025-05-20,Computex電腦展,2025
威盛,4,38,-26,8,2025-04-11,2025-06-02,34,-4.27,2025-05-20,Computex電腦展,2025
威盛,4,39,-26,9,2025-04-11,2025-06-03,35,-4.42,2025-05-20,Computex電腦展,2025
威盛,4,40,-26,10,2025-04-11,2025-06-04,36,-2.29,2025-05-20,Computex電腦展,2025
威盛,4,41,-26,11,2025-04-11,2025-06-05,37,-0.15,2025-05-20,Computex電腦展,2025
威盛,4,42,-26,12,2025-04-11,2025-06-06,38,-0.3,2025-05-20,Computex電腦展,2025
威盛,4,43,-26,13,2025-04-11,2025-06-09,39,-2.44,2025-05-20,Computex電腦展,2025
威盛,4,44,-26,14,2025-04-11,2025-06-10,40,-2.9,2025-05-20,Computex電腦展,2025
威盛,4,45,-26,15,2025-04-11,2025-06-11,41,0.91,2025-05-20,Computex電腦展,2025
威盛,4,46,-26,16,2025-04-11,2025-06-12,42,1.22,2025-05-20,Computex電腦展,2025
威盛,5,6,-25,-24,2025-04-14,2025-04-15,1,4.85,2025-05-20,Computex電腦展,2025
威盛,5,7,-25,-23,2025-04-14,2025-04-16,2,1.03,2025-05-20,Computex電腦展,2025
威盛,5,8,-25,-22,2025-04-14,2025-04-17,3,2.35,2025-05-20,Computex電腦展,2025
威盛,5,9,-25,-21,2025-04-14,2025-04-18,4,2.06,2025-05-20,Computex電腦展,2025
威盛,5,10,-25,-20,2025-04-14,2025-04-21,5,-2.21,2025-05-20,Computex電腦展,2025
威盛,5,11,-25,-19,2025-04-14,2025-04-22,6,-3.24,2025-05-20,Computex電腦展,2025
威盛,5,12,-25,-18,2025-04-14,2025-04-23,7,0.74,2025-05-20,Computex電腦展,2025
威盛,5,13,-25,-17,2025-04-14,2025-04-24,8,1.76,2025-05-20,Computex電腦展,2025
威盛,5,14,-25,-16,2025-04-14,2025-04-25,9,4.41,2025-05-20,Computex電腦展,2025
威盛,5,15,-25,-15,2025-04-14,2025-04-28,10,6.47,2025-05-20,Computex電腦展,2025
威盛,5,16,-25,-14,2025-04-14,2025-04-29,11,10.29,2025-05-20,Computex電腦展,2025
威盛,5,17,-25,-13,2025-04-14,2025-04-30,12,6.62,2025-05-20,Computex電腦展,2025
威盛,5,18,-25,-12,2025-04-14,2025-05-02,13,8.09,2025-05-20,Computex電腦展,2025
威盛,5,19,-25,-11,2025-04-14,2025-05-05,14,5.0,2025-05-20,Computex電腦展,2025
威盛,5,20,-25,-10,2025-04-14,2025-05-06,15,5.0,2025-05-20,Computex電腦展,2025
威盛,5,21,-25,-9,2025-04-14,2025-05-07,16,5.15,2025-05-20,Computex電腦展,2025
威盛,5,22,-25,-8,2025-04-14,2025-05-08,17,8.09,2025-05-20,Computex電腦展,2025
威盛,5,23,-25,-7,2025-04-14,2025-05-09,18,7.94,2025-05-20,Computex電腦展,2025
威盛,5,24,-25,-6,2025-04-14,2025-05-12,19,8.38,2025-05-20,Computex電腦展,2025
威盛,5,25,-25,-5,2025-04-14,2025-05-13,20,7.21,2025-05-20,Computex電腦展,2025
威盛,5,26,-25,-4,2025-04-14,2025-05-14,21,7.79,2025-05-20,Computex電腦展,2025
威盛,5,27,-25,-3,2025-04-14,2025-05-15,22,6.03,2025-05-20,Computex電腦展,2025
威盛,5,28,-25,-2,2025-04-14,2025-05-16,23,5.88,2025-05-20,Computex電腦展,2025
威盛,5,29,-25,-1,2025-04-14,2025-05-19,24,0.74,2025-05-20,Computex電腦展,2025
威盛,5,30,-25,0,2025-04-14,2025-05-20,25,0.88,2025-05-20,Computex電腦展,2025
威盛,5,31,-25,1,2025-04-14,2025-05-21,26,2.35,2025-05-20,Computex電腦展,2025
威盛,5,32,-25,2,2025-04-14,2025-05-22,27,-0.15,2025-05-20,Computex電腦展,2025
威盛,5,33,-25,3,2025-04-14,2025-05-23,28,-0.88,2025-05-20,Computex電腦展,2025
威盛,5,34,-25,4,2025-04-14,2025-05-26,29,-0.74,2025-05-20,Computex電腦展,2025
威盛,5,35,-25,5,2025-04-14,2025-05-27,30,-2.94,2025-05-20,Computex電腦展,2025
威盛,5,36,-25,6,2025-04-14,2025-05-28,31,-2.94,2025-05-20,Computex電腦展,2025
威盛,5,37,-25,7,2025-04-14,2025-05-29,32,-1.47,2025-05-20,Computex電腦展,2025
威盛,5,38,-25,8,2025-04-14,2025-06-02,33,-7.65,2025-05-20,Computex電腦展,2025
威盛,5,39,-25,9,2025-04-14,2025-06-03,34,-7.79,2025-05-20,Computex電腦展,2025
威盛,5,40,-25,10,2025-04-14,2025-06-04,35,-5.74,2025-05-20,Computex電腦展,2025
威盛,5,41,-25,11,2025-04-14,2025-06-05,36,-3.68,2025-05-20,Computex電腦展,2025
威盛,5,42,-25,12,2025-04-14,2025-06-06,37,-3.82,2025-05-20,Computex電腦展,2025
威盛,5,43,-25,13,2025-04-14,2025-06-09,38,-5.88,2025-05-20,Computex電腦展,2025
威盛,5,44,-25,14,2025-04-14,2025-06-10,39,-6.32,2025-05-20,Computex電腦展,2025
威盛,5,45,-25,15,2025-04-14,2025-06-11,40,-2.65,2025-05-20,Computex電腦展,2025
威盛,5,46,-25,16,2025-04-14,2025-06-12,41,-2.35,2025-05-20,Computex電腦展,2025
威盛,6,7,-24,-23,2025-04-15,2025-04-16,1,-3.65,2025-05-20,Computex電腦展,2025
威盛,6,8,-24,-22,2025-04-15,2025-04-17,2,-2.38,2025-05-20,Computex電腦展,2025
威盛,6,9,-24,-21,2025-04-15,2025-04-18,3,-2.66,2025-05-20,Computex電腦展,2025
威盛,6,10,-24,-20,2025-04-15,2025-04-21,4,-6.73,2025-05-20,Computex電腦展,2025
威盛,6,11,-24,-19,2025-04-15,2025-04-22,5,-7.71,2025-05-20,Computex電腦展,2025
威盛,6,12,-24,-18,2025-04-15,2025-04-23,6,-3.93,2025-05-20,Computex電腦展,2025
威盛,6,13,-24,-17,2025-04-15,2025-04-24,7,-2.95,2025-05-20,Computex電腦展,2025
威盛,6,14,-24,-16,2025-04-15,2025-04-25,8,-0.42,2025-05-20,Computex電腦展,2025
威盛,6,15,-24,-15,2025-04-15,2025-04-28,9,1.54,2025-05-20,Computex電腦展,2025
威盛,6,16,-24,-14,2025-04-15,2025-04-29,10,5.19,2025-05-20,Computex電腦展,2025
威盛,6,17,-24,-13,2025-04-15,2025-04-30,11,1.68,2025-05-20,Computex電腦展,2025
威盛,6,18,-24,-12,2025-04-15,2025-05-02,12,3.09,2025-05-20,Computex電腦展,2025
威盛,6,19,-24,-11,2025-04-15,2025-05-05,13,0.14,2025-05-20,Computex電腦展,2025
威盛,6,20,-24,-10,2025-04-15,2025-05-06,14,0.14,2025-05-20,Computex電腦展,2025
威盛,6,21,-24,-9,2025-04-15,2025-05-07,15,0.28,2025-05-20,Computex電腦展,2025
威盛,6,22,-24,-8,2025-04-15,2025-05-08,16,3.09,2025-05-20,Computex電腦展,2025
威盛,6,23,-24,-7,2025-04-15,2025-05-09,17,2.95,2025-05-20,Computex電腦展,2025
威盛,6,24,-24,-6,2025-04-15,2025-05-12,18,3.37,2025-05-20,Computex電腦展,2025
威盛,6,25,-24,-5,2025-04-15,2025-05-13,19,2.24,2025-05-20,Computex電腦展,2025
威盛,6,26,-24,-4,2025-04-15,2025-05-14,20,2.81,2025-05-20,Computex電腦展,2025
威盛,6,27,-24,-3,2025-04-15,2025-05-15,21,1.12,2025-05-20,Computex電腦展,2025
威盛,6,28,-24,-2,2025-04-15,2025-05-16,22,0.98,2025-05-20,Computex電腦展,2025
威盛,6,29,-24,-1,2025-04-15,2025-05-19,23,-3.93,2025-05-20,Computex電腦展,2025
威盛,6,30,-24,0,2025-04-15,2025-05-20,24,-3.79,2025-05-20,Computex電腦展,2025
威盛,6,31,-24,1,2025-04-15,2025-05-21,25,-2.38,2025-05-20,Computex電腦展,2025
威盛,6,32,-24,2,2025-04-15,2025-05-22,26,-4.77,2025-05-20,Computex電腦展,2025
威盛,6,33,-24,3,2025-04-15,2025-05-23,27,-5.47,2025-05-20,Computex電腦展,2025
威盛,6,34,-24,4,2025-04-15,2025-05-26,28,-5.33,2025-05-20,Computex電腦展,2025
威盛,6,35,-24,5,2025-04-15,2025-05-27,29,-7.43,2025-05-20,Computex電腦展,2025
威盛,6,36,-24,6,2025-04-15,2025-05-28,30,-7.43,2025-05-20,Computex電腦展,2025
威盛,6,37,-24,7,2025-04-15,2025-05-29,31,-6.03,2025-05-20,Computex電腦展,2025
威盛,6,38,-24,8,2025-04-15,2025-06-02,32,-11.92,2025-05-20,Computex電腦展,2025
威盛,6,39,-24,9,2025-04-15,2025-06-03,33,-12.06,2025-05-20,Computex電腦展,2025
威盛,6,40,-24,10,2025-04-15,2025-06-04,34,-10.1,2025-05-20,Computex電腦展,2025
威盛,6,41,-24,11,2025-04-15,2025-06-05,35,-8.13,2025-05-20,Computex電腦展,2025
威盛,6,42,-24,12,2025-04-15,2025-06-06,36,-8.27,2025-05-20,Computex電腦展,2025
威盛,6,43,-24,13,2025-04-15,2025-06-09,37,-10.24,2025-05-20,Computex電腦展,2025
威盛,6,44,-24,14,2025-04-15,2025-06-10,38,-10.66,2025-05-20,Computex電腦展,2025
威盛,6,45,-24,15,2025-04-15,2025-06-11,39,-7.15,2025-05-20,Computex電腦展,2025
威盛,6,46,-24,16,2025-04-15,2025-06-12,40,-6.87,2025-05-20,Computex電腦展,2025
威盛,7,8,-23,-22,2025-04-16,2025-04-17,1,1.31,2025-05-20,Computex電腦展,2025
威盛,7,9,-23,-21,2025-04-16,2025-04-18,2,1.02,2025-05-20,Computex電腦展,2025
威盛,7,10,-23,-20,2025-04-16,2025-04-21,3,-3.2,2025-05-20,Computex電腦展,2025
威盛,7,11,-23,-19,2025-04-16,2025-04-22,4,-4.22,2025-05-20,Computex電腦展,2025
威盛,7,12,-23,-18,2025-04-16,2025-04-23,5,-0.29,2025-05-20,Computex電腦展,2025
威盛,7,13,-23,-17,2025-04-16,2025-04-24,6,0.73,2025-05-20,Computex電腦展,2025
威盛,7,14,-23,-16,2025-04-16,2025-04-25,7,3.35,2025-05-20,Computex電腦展,2025
威盛,7,15,-23,-15,2025-04-16,2025-04-28,8,5.39,2025-05-20,Computex電腦展,2025
威盛,7,16,-23,-14,2025-04-16,2025-04-29,9,9.17,2025-05-20,Computex電腦展,2025
威盛,7,17,-23,-13,2025-04-16,2025-04-30,10,5.53,2025-05-20,Computex電腦展,2025
威盛,7,18,-23,-12,2025-04-16,2025-05-02,11,6.99,2025-05-20,Computex電腦展,2025
威盛,7,19,-23,-11,2025-04-16,2025-05-05,12,3.93,2025-05-20,Computex電腦展,2025
威盛,7,20,-23,-10,2025-04-16,2025-05-06,13,3.93,2025-05-20,Computex電腦展,2025
威盛,7,21,-23,-9,2025-04-16,2025-05-07,14,4.08,2025-05-20,Computex電腦展,2025
威盛,7,22,-23,-8,2025-04-16,2025-05-08,15,6.99,2025-05-20,Computex電腦展,2025
威盛,7,23,-23,-7,2025-04-16,2025-05-09,16,6.84,2025-05-20,Computex電腦展,2025
威盛,7,24,-23,-6,2025-04-16,2025-05-12,17,7.28,2025-05-20,Computex電腦展,2025
威盛,7,25,-23,-5,2025-04-16,2025-05-13,18,6.11,2025-05-20,Computex電腦展,2025
威盛,7,26,-23,-4,2025-04-16,2025-05-14,19,6.7,2025-05-20,Computex電腦展,2025
威盛,7,27,-23,-3,2025-04-16,2025-05-15,20,4.95,2025-05-20,Computex電腦展,2025
威盛,7,28,-23,-2,2025-04-16,2025-05-16,21,4.8,2025-05-20,Computex電腦展,2025
威盛,7,29,-23,-1,2025-04-16,2025-05-19,22,-0.29,2025-05-20,Computex電腦展,2025
威盛,7,30,-23,0,2025-04-16,2025-05-20,23,-0.15,2025-05-20,Computex電腦展,2025
威盛,7,31,-23,1,2025-04-16,2025-05-21,24,1.31,2025-05-20,Computex電腦展,2025
威盛,7,32,-23,2,2025-04-16,2025-05-22,25,-1.16,2025-05-20,Computex電腦展,2025
威盛,7,33,-23,3,2025-04-16,2025-05-23,26,-1.89,2025-05-20,Computex電腦展,2025
威盛,7,34,-23,4,2025-04-16,2025-05-26,27,-1.75,2025-05-20,Computex電腦展,2025
威盛,7,35,-23,5,2025-04-16,2025-05-27,28,-3.93,2025-05-20,Computex電腦展,2025
威盛,7,36,-23,6,2025-04-16,2025-05-28,29,-3.93,2025-05-20,Computex電腦展,2025
威盛,7,37,-23,7,2025-04-16,2025-05-29,30,-2.47,2025-05-20,Computex電腦展,2025
威盛,7,38,-23,8,2025-04-16,2025-06-02,31,-8.59,2025-05-20,Computex電腦展,2025
威盛,7,39,-23,9,2025-04-16,2025-06-03,32,-8.73,2025-05-20,Computex電腦展,2025
威盛,7,40,-23,10,2025-04-16,2025-06-04,33,-6.7,2025-05-20,Computex電腦展,2025
威盛,7,41,-23,11,2025-04-16,2025-06-05,34,-4.66,2025-05-20,Computex電腦展,2025
威盛,7,42,-23,12,2025-04-16,2025-06-06,35,-4.8,2025-05-20,Computex電腦展,2025
威盛,7,43,-23,13,2025-04-16,2025-06-09,36,-6.84,2025-05-20,Computex電腦展,2025
威盛,7,44,-23,14,2025-04-16,2025-06-10,37,-7.28,2025-05-20,Computex電腦展,2025
威盛,7,45,-23,15,2025-04-16,2025-06-11,38,-3.64,2025-05-20,Computex電腦展,2025
威盛,7,46,-23,16,2025-04-16,2025-06-12,39,-3.35,2025-05-20,Computex電腦展,2025
威盛,8,9,-22,-21,2025-04-17,2025-04-18,1,-0.29,2025-05-20,Computex電腦展,2025
威盛,8,10,-22,-20,2025-04-17,2025-04-21,2,-4.45,2025-05-20,Computex電腦展,2025
威盛,8,11,-22,-19,2025-04-17,2025-04-22,3,-5.46,2025-05-20,Computex電腦展,2025
威盛,8,12,-22,-18,2025-04-17,2025-04-23,4,-1.58,2025-05-20,Computex電腦展,2025
威盛,8,13,-22,-17,2025-04-17,2025-04-24,5,-0.57,2025-05-20,Computex電腦展,2025
威盛,8,14,-22,-16,2025-04-17,2025-04-25,6,2.01,2025-05-20,Computex電腦展,2025
威盛,8,15,-22,-15,2025-04-17,2025-04-28,7,4.02,2025-05-20,Computex電腦展,2025
威盛,8,16,-22,-14,2025-04-17,2025-04-29,8,7.76,2025-05-20,Computex電腦展,2025
威盛,8,17,-22,-13,2025-04-17,2025-04-30,9,4.17,2025-05-20,Computex電腦展,2025
威盛,8,18,-22,-12,2025-04-17,2025-05-02,10,5.6,2025-05-20,Computex電腦展,2025
威盛,8,19,-22,-11,2025-04-17,2025-05-05,11,2.59,2025-05-20,Computex電腦展,2025
威盛,8,20,-22,-10,2025-04-17,2025-05-06,12,2.59,2025-05-20,Computex電腦展,2025
威盛,8,21,-22,-9,2025-04-17,2025-05-07,13,2.73,2025-05-20,Computex電腦展,2025
威盛,8,22,-22,-8,2025-04-17,2025-05-08,14,5.6,2025-05-20,Computex電腦展,2025
威盛,8,23,-22,-7,2025-04-17,2025-05-09,15,5.46,2025-05-20,Computex電腦展,2025
威盛,8,24,-22,-6,2025-04-17,2025-05-12,16,5.89,2025-05-20,Computex電腦展,2025
威盛,8,25,-22,-5,2025-04-17,2025-05-13,17,4.74,2025-05-20,Computex電腦展,2025
威盛,8,26,-22,-4,2025-04-17,2025-05-14,18,5.32,2025-05-20,Computex電腦展,2025
威盛,8,27,-22,-3,2025-04-17,2025-05-15,19,3.59,2025-05-20,Computex電腦展,2025
威盛,8,28,-22,-2,2025-04-17,2025-05-16,20,3.45,2025-05-20,Computex電腦展,2025
威盛,8,29,-22,-1,2025-04-17,2025-05-19,21,-1.58,2025-05-20,Computex電腦展,2025
威盛,8,30,-22,0,2025-04-17,2025-05-20,22,-1.44,2025-05-20,Computex電腦展,2025
威盛,8,31,-22,1,2025-04-17,2025-05-21,23,0.0,2025-05-20,Computex電腦展,2025
威盛,8,32,-22,2,2025-04-17,2025-05-22,24,-2.44,2025-05-20,Computex電腦展,2025
威盛,8,33,-22,3,2025-04-17,2025-05-23,25,-3.16,2025-05-20,Computex電腦展,2025
威盛,8,34,-22,4,2025-04-17,2025-05-26,26,-3.02,2025-05-20,Computex電腦展,2025
威盛,8,35,-22,5,2025-04-17,2025-05-27,27,-5.17,2025-05-20,Computex電腦展,2025
威盛,8,36,-22,6,2025-04-17,2025-05-28,28,-5.17,2025-05-20,Computex電腦展,2025
威盛,8,37,-22,7,2025-04-17,2025-05-29,29,-3.74,2025-05-20,Computex電腦展,2025
威盛,8,38,-22,8,2025-04-17,2025-06-02,30,-9.77,2025-05-20,Computex電腦展,2025
威盛,8,39,-22,9,2025-04-17,2025-06-03,31,-9.91,2025-05-20,Computex電腦展,2025
威盛,8,40,-22,10,2025-04-17,2025-06-04,32,-7.9,2025-05-20,Computex電腦展,2025
威盛,8,41,-22,11,2025-04-17,2025-06-05,33,-5.89,2025-05-20,Computex電腦展,2025
威盛,8,42,-22,12,2025-04-17,2025-06-06,34,-6.03,2025-05-20,Computex電腦展,2025
威盛,8,43,-22,13,2025-04-17,2025-06-09,35,-8.05,2025-05-20,Computex電腦展,2025
威盛,8,44,-22,14,2025-04-17,2025-06-10,36,-8.48,2025-05-20,Computex電腦展,2025
威盛,8,45,-22,15,2025-04-17,2025-06-11,37,-4.89,2025-05-20,Computex電腦展,2025
威盛,8,46,-22,16,2025-04-17,2025-06-12,38,-4.6,2025-05-20,Computex電腦展,2025
威盛,9,10,-21,-20,2025-04-18,2025-04-21,1,-4.18,2025-05-20,Computex電腦展,2025
威盛,9,11,-21,-19,2025-04-18,2025-04-22,2,-5.19,2025-05-20,Computex電腦展,2025
威盛,9,12,-21,-18,2025-04-18,2025-04-23,3,-1.3,2025-05-20,Computex電腦展,2025
威盛,9,13,-21,-17,2025-04-18,2025-04-24,4,-0.29,2025-05-20,Computex電腦展,2025
威盛,9,14,-21,-16,2025-04-18,2025-04-25,5,2.31,2025-05-20,Computex電腦展,2025
威盛,9,15,-21,-15,2025-04-18,2025-04-28,6,4.32,2025-05-20,Computex電腦展,2025
威盛,9,16,-21,-14,2025-04-18,2025-04-29,7,8.07,2025-05-20,Computex電腦展,2025
威盛,9,17,-21,-13,2025-04-18,2025-04-30,8,4.47,2025-05-20,Computex電腦展,2025
威盛,9,18,-21,-12,2025-04-18,2025-05-02,9,5.91,2025-05-20,Computex電腦展,2025
威盛,9,19,-21,-11,2025-04-18,2025-05-05,10,2.88,2025-05-20,Computex電腦展,2025
威盛,9,20,-21,-10,2025-04-18,2025-05-06,11,2.88,2025-05-20,Computex電腦展,2025
威盛,9,21,-21,-9,2025-04-18,2025-05-07,12,3.03,2025-05-20,Computex電腦展,2025
威盛,9,22,-21,-8,2025-04-18,2025-05-08,13,5.91,2025-05-20,Computex電腦展,2025
威盛,9,23,-21,-7,2025-04-18,2025-05-09,14,5.76,2025-05-20,Computex電腦展,2025
威盛,9,24,-21,-6,2025-04-18,2025-05-12,15,6.2,2025-05-20,Computex電腦展,2025
威盛,9,25,-21,-5,2025-04-18,2025-05-13,16,5.04,2025-05-20,Computex電腦展,2025
威盛,9,26,-21,-4,2025-04-18,2025-05-14,17,5.62,2025-05-20,Computex電腦展,2025
威盛,9,27,-21,-3,2025-04-18,2025-05-15,18,3.89,2025-05-20,Computex電腦展,2025
威盛,9,28,-21,-2,2025-04-18,2025-05-16,19,3.75,2025-05-20,Computex電腦展,2025
威盛,9,29,-21,-1,2025-04-18,2025-05-19,20,-1.3,2025-05-20,Computex電腦展,2025
威盛,9,30,-21,0,2025-04-18,2025-05-20,21,-1.15,2025-05-20,Computex電腦展,2025
威盛,9,31,-21,1,2025-04-18,2025-05-21,22,0.29,2025-05-20,Computex電腦展,2025
威盛,9,32,-21,2,2025-04-18,2025-05-22,23,-2.16,2025-05-20,Computex電腦展,2025
威盛,9,33,-21,3,2025-04-18,2025-05-23,24,-2.88,2025-05-20,Computex電腦展,2025
威盛,9,34,-21,4,2025-04-18,2025-05-26,25,-2.74,2025-05-20,Computex電腦展,2025
威盛,9,35,-21,5,2025-04-18,2025-05-27,26,-4.9,2025-05-20,Computex電腦展,2025
威盛,9,36,-21,6,2025-04-18,2025-05-28,27,-4.9,2025-05-20,Computex電腦展,2025
威盛,9,37,-21,7,2025-04-18,2025-05-29,28,-3.46,2025-05-20,Computex電腦展,2025
威盛,9,38,-21,8,2025-04-18,2025-06-02,29,-9.51,2025-05-20,Computex電腦展,2025
威盛,9,39,-21,9,2025-04-18,2025-06-03,30,-9.65,2025-05-20,Computex電腦展,2025
威盛,9,40,-21,10,2025-04-18,2025-06-04,31,-7.64,2025-05-20,Computex電腦展,2025
威盛,9,41,-21,11,2025-04-18,2025-06-05,32,-5.62,2025-05-20,Computex電腦展,2025
威盛,9,42,-21,12,2025-04-18,2025-06-06,33,-5.76,2025-05-20,Computex電腦展,2025
威盛,9,43,-21,13,2025-04-18,2025-06-09,34,-7.78,2025-05-20,Computex電腦展,2025
威盛,9,44,-21,14,2025-04-18,2025-06-10,35,-8.21,2025-05-20,Computex電腦展,2025
威盛,9,45,-21,15,2025-04-18,2025-06-11,36,-4.61,2025-05-20,Computex電腦展,2025
威盛,9,46,-21,16,2025-04-18,2025-06-12,37,-4.32,2025-05-20,Computex電腦展,2025
威盛,10,11,-20,-19,2025-04-21,2025-04-22,1,-1.05,2025-05-20,Computex電腦展,2025
威盛,10,12,-20,-18,2025-04-21,2025-04-23,2,3.01,2025-05-20,Computex電腦展,2025
威盛,10,13,-20,-17,2025-04-21,2025-04-24,3,4.06,2025-05-20,Computex電腦展,2025
威盛,10,14,-20,-16,2025-04-21,2025-04-25,4,6.77,2025-05-20,Computex電腦展,2025
威盛,10,15,-20,-15,2025-04-21,2025-04-28,5,8.87,2025-05-20,Computex電腦展,2025
威盛,10,16,-20,-14,2025-04-21,2025-04-29,6,12.78,2025-05-20,Computex電腦展,2025
威盛,10,17,-20,-13,2025-04-21,2025-04-30,7,9.02,2025-05-20,Computex電腦展,2025
威盛,10,18,-20,-12,2025-04-21,2025-05-02,8,10.53,2025-05-20,Computex電腦展,2025
威盛,10,19,-20,-11,2025-04-21,2025-05-05,9,7.37,2025-05-20,Computex電腦展,2025
威盛,10,20,-20,-10,2025-04-21,2025-05-06,10,7.37,2025-05-20,Computex電腦展,2025
威盛,10,21,-20,-9,2025-04-21,2025-05-07,11,7.52,2025-05-20,Computex電腦展,2025
威盛,10,22,-20,-8,2025-04-21,2025-05-08,12,10.53,2025-05-20,Computex電腦展,2025
威盛,10,23,-20,-7,2025-04-21,2025-05-09,13,10.38,2025-05-20,Computex電腦展,2025
威盛,10,24,-20,-6,2025-04-21,2025-05-12,14,10.83,2025-05-20,Computex電腦展,2025
威盛,10,25,-20,-5,2025-04-21,2025-05-13,15,9.62,2025-05-20,Computex電腦展,2025
威盛,10,26,-20,-4,2025-04-21,2025-05-14,16,10.23,2025-05-20,Computex電腦展,2025
威盛,10,27,-20,-3,2025-04-21,2025-05-15,17,8.42,2025-05-20,Computex電腦展,2025
威盛,10,28,-20,-2,2025-04-21,2025-05-16,18,8.27,2025-05-20,Computex電腦展,2025
威盛,10,29,-20,-1,2025-04-21,2025-05-19,19,3.01,2025-05-20,Computex電腦展,2025
威盛,10,30,-20,0,2025-04-21,2025-05-20,20,3.16,2025-05-20,Computex電腦展,2025
威盛,10,31,-20,1,2025-04-21,2025-05-21,21,4.66,2025-05-20,Computex電腦展,2025
威盛,10,32,-20,2,2025-04-21,2025-05-22,22,2.11,2025-05-20,Computex電腦展,2025
威盛,10,33,-20,3,2025-04-21,2025-05-23,23,1.35,2025-05-20,Computex電腦展,2025
威盛,10,34,-20,4,2025-04-21,2025-05-26,24,1.5,2025-05-20,Computex電腦展,2025
威盛,10,35,-20,5,2025-04-21,2025-05-27,25,-0.75,2025-05-20,Computex電腦展,2025
威盛,10,36,-20,6,2025-04-21,2025-05-28,26,-0.75,2025-05-20,Computex電腦展,2025
威盛,10,37,-20,7,2025-04-21,2025-05-29,27,0.75,2025-05-20,Computex電腦展,2025
威盛,10,38,-20,8,2025-04-21,2025-06-02,28,-5.56,2025-05-20,Computex電腦展,2025
威盛,10,39,-20,9,2025-04-21,2025-06-03,29,-5.71,2025-05-20,Computex電腦展,2025
威盛,10,40,-20,10,2025-04-21,2025-06-04,30,-3.61,2025-05-20,Computex電腦展,2025
威盛,10,41,-20,11,2025-04-21,2025-06-05,31,-1.5,2025-05-20,Computex電腦展,2025
威盛,10,42,-20,12,2025-04-21,2025-06-06,32,-1.65,2025-05-20,Computex電腦展,2025
威盛,10,43,-20,13,2025-04-21,2025-06-09,33,-3.76,2025-05-20,Computex電腦展,2025
威盛,10,44,-20,14,2025-04-21,2025-06-10,34,-4.21,2025-05-20,Computex電腦展,2025
威盛,10,45,-20,15,2025-04-21,2025-06-11,35,-0.45,2025-05-20,Computex電腦展,2025
威盛,10,46,-20,16,2025-04-21,2025-06-12,36,-0.15,2025-05-20,Computex電腦展,2025
威盛,11,12,-19,-18,2025-04-22,2025-04-23,1,4.1,2025-05-20,Computex電腦展,2025
威盛,11,13,-19,-17,2025-04-22,2025-04-24,2,5.17,2025-05-20,Computex電腦展,2025
威盛,11,14,-19,-16,2025-04-22,2025-04-25,3,7.9,2025-05-20,Computex電腦展,2025
威盛,11,15,-19,-15,2025-04-22,2025-04-28,4,10.03,2025-05-20,Computex電腦展,2025
威盛,11,16,-19,-14,2025-04-22,2025-04-29,5,13.98,2025-05-20,Computex電腦展,2025
威盛,11,17,-19,-13,2025-04-22,2025-04-30,6,10.18,2025-05-20,Computex電腦展,2025
威盛,11,18,-19,-12,2025-04-22,2025-05-02,7,11.7,2025-05-20,Computex電腦展,2025
威盛,11,19,-19,-11,2025-04-22,2025-05-05,8,8.51,2025-05-20,Computex電腦展,2025
威盛,11,20,-19,-10,2025-04-22,2025-05-06,9,8.51,2025-05-20,Computex電腦展,2025
威盛,11,21,-19,-9,2025-04-22,2025-05-07,10,8.66,2025-05-20,Computex電腦展,2025
威盛,11,22,-19,-8,2025-04-22,2025-05-08,11,11.7,2025-05-20,Computex電腦展,2025
威盛,11,23,-19,-7,2025-04-22,2025-05-09,12,11.55,2025-05-20,Computex電腦展,2025
威盛,11,24,-19,-6,2025-04-22,2025-05-12,13,12.01,2025-05-20,Computex電腦展,2025
威盛,11,25,-19,-5,2025-04-22,2025-05-13,14,10.79,2025-05-20,Computex電腦展,2025
威盛,11,26,-19,-4,2025-04-22,2025-05-14,15,11.4,2025-05-20,Computex電腦展,2025
威盛,11,27,-19,-3,2025-04-22,2025-05-15,16,9.57,2025-05-20,Computex電腦展,2025
威盛,11,28,-19,-2,2025-04-22,2025-05-16,17,9.42,2025-05-20,Computex電腦展,2025
威盛,11,29,-19,-1,2025-04-22,2025-05-19,18,4.1,2025-05-20,Computex電腦展,2025
威盛,11,30,-19,0,2025-04-22,2025-05-20,19,4.26,2025-05-20,Computex電腦展,2025
威盛,11,31,-19,1,2025-04-22,2025-05-21,20,5.78,2025-05-20,Computex電腦展,2025
威盛,11,32,-19,2,2025-04-22,2025-05-22,21,3.19,2025-05-20,Computex電腦展,2025
威盛,11,33,-19,3,2025-04-22,2025-05-23,22,2.43,2025-05-20,Computex電腦展,2025
威盛,11,34,-19,4,2025-04-22,2025-05-26,23,2.58,2025-05-20,Computex電腦展,2025
威盛,11,35,-19,5,2025-04-22,2025-05-27,24,0.3,2025-05-20,Computex電腦展,2025
威盛,11,36,-19,6,2025-04-22,2025-05-28,25,0.3,2025-05-20,Computex電腦展,2025
威盛,11,37,-19,7,2025-04-22,2025-05-29,26,1.82,2025-05-20,Computex電腦展,2025
威盛,11,38,-19,8,2025-04-22,2025-06-02,27,-4.56,2025-05-20,Computex電腦展,2025
威盛,11,39,-19,9,2025-04-22,2025-06-03,28,-4.71,2025-05-20,Computex電腦展,2025
威盛,11,40,-19,10,2025-04-22,2025-06-04,29,-2.58,2025-05-20,Computex電腦展,2025
威盛,11,41,-19,11,2025-04-22,2025-06-05,30,-0.46,2025-05-20,Computex電腦展,2025
威盛,11,42,-19,12,2025-04-22,2025-06-06,31,-0.61,2025-05-20,Computex電腦展,2025
威盛,11,43,-19,13,2025-04-22,2025-06-09,32,-2.74,2025-05-20,Computex電腦展,2025
威盛,11,44,-19,14,2025-04-22,2025-06-10,33,-3.19,2025-05-20,Computex電腦展,2025
威盛,11,45,-19,15,2025-04-22,2025-06-11,34,0.61,2025-05-20,Computex電腦展,2025
威盛,11,46,-19,16,2025-04-22,2025-06-12,35,0.91,2025-05-20,Computex電腦展,2025
威盛,12,13,-18,-17,2025-04-23,2025-04-24,1,1.02,2025-05-20,Computex電腦展,2025
威盛,12,14,-18,-16,2025-04-23,2025-04-25,2,3.65,2025-05-20,Computex電腦展,2025
威盛,12,15,-18,-15,2025-04-23,2025-04-28,3,5.69,2025-05-20,Computex電腦展,2025
威盛,12,16,-18,-14,2025-04-23,2025-04-29,4,9.49,2025-05-20,Computex電腦展,2025
威盛,12,17,-18,-13,2025-04-23,2025-04-30,5,5.84,2025-05-20,Computex電腦展,2025
威盛,12,18,-18,-12,2025-04-23,2025-05-02,6,7.3,2025-05-20,Computex電腦展,2025
威盛,12,19,-18,-11,2025-04-23,2025-05-05,7,4.23,2025-05-20,Computex電腦展,2025
威盛,12,20,-18,-10,2025-04-23,2025-05-06,8,4.23,2025-05-20,Computex電腦展,2025
威盛,12,21,-18,-9,2025-04-23,2025-05-07,9,4.38,2025-05-20,Computex電腦展,2025
威盛,12,22,-18,-8,2025-04-23,2025-05-08,10,7.3,2025-05-20,Computex電腦展,2025
威盛,12,23,-18,-7,2025-04-23,2025-05-09,11,7.15,2025-05-20,Computex電腦展,2025
威盛,12,24,-18,-6,2025-04-23,2025-05-12,12,7.59,2025-05-20,Computex電腦展,2025
威盛,12,25,-18,-5,2025-04-23,2025-05-13,13,6.42,2025-05-20,Computex電腦展,2025
威盛,12,26,-18,-4,2025-04-23,2025-05-14,14,7.01,2025-05-20,Computex電腦展,2025
威盛,12,27,-18,-3,2025-04-23,2025-05-15,15,5.26,2025-05-20,Computex電腦展,2025
威盛,12,28,-18,-2,2025-04-23,2025-05-16,16,5.11,2025-05-20,Computex電腦展,2025
威盛,12,29,-18,-1,2025-04-23,2025-05-19,17,0.0,2025-05-20,Computex電腦展,2025
威盛,12,30,-18,0,2025-04-23,2025-05-20,18,0.15,2025-05-20,Computex電腦展,2025
威盛,12,31,-18,1,2025-04-23,2025-05-21,19,1.61,2025-05-20,Computex電腦展,2025
威盛,12,32,-18,2,2025-04-23,2025-05-22,20,-0.88,2025-05-20,Computex電腦展,2025
威盛,12,33,-18,3,2025-04-23,2025-05-23,21,-1.61,2025-05-20,Computex電腦展,2025
威盛,12,34,-18,4,2025-04-23,2025-05-26,22,-1.46,2025-05-20,Computex電腦展,2025
威盛,12,35,-18,5,2025-04-23,2025-05-27,23,-3.65,2025-05-20,Computex電腦展,2025
威盛,12,36,-18,6,2025-04-23,2025-05-28,24,-3.65,2025-05-20,Computex電腦展,2025
威盛,12,37,-18,7,2025-04-23,2025-05-29,25,-2.19,2025-05-20,Computex電腦展,2025
威盛,12,38,-18,8,2025-04-23,2025-06-02,26,-8.32,2025-05-20,Computex電腦展,2025
威盛,12,39,-18,9,2025-04-23,2025-06-03,27,-8.47,2025-05-20,Computex電腦展,2025
威盛,12,40,-18,10,2025-04-23,2025-06-04,28,-6.42,2025-05-20,Computex電腦展,2025
威盛,12,41,-18,11,2025-04-23,2025-06-05,29,-4.38,2025-05-20,Computex電腦展,2025
威盛,12,42,-18,12,2025-04-23,2025-06-06,30,-4.53,2025-05-20,Computex電腦展,2025
威盛,12,43,-18,13,2025-04-23,2025-06-09,31,-6.57,2025-05-20,Computex電腦展,2025
威盛,12,44,-18,14,2025-04-23,2025-06-10,32,-7.01,2025-05-20,Computex電腦展,2025
威盛,12,45,-18,15,2025-04-23,2025-06-11,33,-3.36,2025-05-20,Computex電腦展,2025
威盛,12,46,-18,16,2025-04-23,2025-06-12,34,-3.07,2025-05-20,Computex電腦展,2025
威盛,13,14,-17,-16,2025-04-24,2025-04-25,1,2.6,2025-05-20,Computex電腦展,2025
威盛,13,15,-17,-15,2025-04-24,2025-04-28,2,4.62,2025-05-20,Computex電腦展,2025
威盛,13,16,-17,-14,2025-04-24,2025-04-29,3,8.38,2025-05-20,Computex電腦展,2025
威盛,13,17,-17,-13,2025-04-24,2025-04-30,4,4.77,2025-05-20,Computex電腦展,2025
威盛,13,18,-17,-12,2025-04-24,2025-05-02,5,6.21,2025-05-20,Computex電腦展,2025
威盛,13,19,-17,-11,2025-04-24,2025-05-05,6,3.18,2025-05-20,Computex電腦展,2025
威盛,13,20,-17,-10,2025-04-24,2025-05-06,7,3.18,2025-05-20,Computex電腦展,2025
威盛,13,21,-17,-9,2025-04-24,2025-05-07,8,3.32,2025-05-20,Computex電腦展,2025
威盛,13,22,-17,-8,2025-04-24,2025-05-08,9,6.21,2025-05-20,Computex電腦展,2025
威盛,13,23,-17,-7,2025-04-24,2025-05-09,10,6.07,2025-05-20,Computex電腦展,2025
威盛,13,24,-17,-6,2025-04-24,2025-05-12,11,6.5,2025-05-20,Computex電腦展,2025
威盛,13,25,-17,-5,2025-04-24,2025-05-13,12,5.35,2025-05-20,Computex電腦展,2025
威盛,13,26,-17,-4,2025-04-24,2025-05-14,13,5.92,2025-05-20,Computex電腦展,2025
威盛,13,27,-17,-3,2025-04-24,2025-05-15,14,4.19,2025-05-20,Computex電腦展,2025
威盛,13,28,-17,-2,2025-04-24,2025-05-16,15,4.05,2025-05-20,Computex電腦展,2025
威盛,13,29,-17,-1,2025-04-24,2025-05-19,16,-1.01,2025-05-20,Computex電腦展,2025
威盛,13,30,-17,0,2025-04-24,2025-05-20,17,-0.87,2025-05-20,Computex電腦展,2025
威盛,13,31,-17,1,2025-04-24,2025-05-21,18,0.58,2025-05-20,Computex電腦展,2025
威盛,13,32,-17,2,2025-04-24,2025-05-22,19,-1.88,2025-05-20,Computex電腦展,2025
威盛,13,33,-17,3,2025-04-24,2025-05-23,20,-2.6,2025-05-20,Computex電腦展,2025
威盛,13,34,-17,4,2025-04-24,2025-05-26,21,-2.46,2025-05-20,Computex電腦展,2025
威盛,13,35,-17,5,2025-04-24,2025-05-27,22,-4.62,2025-05-20,Computex電腦展,2025
威盛,13,36,-17,6,2025-04-24,2025-05-28,23,-4.62,2025-05-20,Computex電腦展,2025
威盛,13,37,-17,7,2025-04-24,2025-05-29,24,-3.18,2025-05-20,Computex電腦展,2025
威盛,13,38,-17,8,2025-04-24,2025-06-02,25,-9.25,2025-05-20,Computex電腦展,2025
威盛,13,39,-17,9,2025-04-24,2025-06-03,26,-9.39,2025-05-20,Computex電腦展,2025
威盛,13,40,-17,10,2025-04-24,2025-06-04,27,-7.37,2025-05-20,Computex電腦展,2025
威盛,13,41,-17,11,2025-04-24,2025-06-05,28,-5.35,2025-05-20,Computex電腦展,2025
威盛,13,42,-17,12,2025-04-24,2025-06-06,29,-5.49,2025-05-20,Computex電腦展,2025
威盛,13,43,-17,13,2025-04-24,2025-06-09,30,-7.51,2025-05-20,Computex電腦展,2025
威盛,13,44,-17,14,2025-04-24,2025-06-10,31,-7.95,2025-05-20,Computex電腦展,2025
威盛,13,45,-17,15,2025-04-24,2025-06-11,32,-4.34,2025-05-20,Computex電腦展,2025
威盛,13,46,-17,16,2025-04-24,2025-06-12,33,-4.05,2025-05-20,Computex電腦展,2025
威盛,14,15,-16,-15,2025-04-25,2025-04-28,1,1.97,2025-05-20,Computex電腦展,2025
威盛,14,16,-16,-14,2025-04-25,2025-04-29,2,5.63,2025-05-20,Computex電腦展,2025
威盛,14,17,-16,-13,2025-04-25,2025-04-30,3,2.11,2025-05-20,Computex電腦展,2025
威盛,14,18,-16,-12,2025-04-25,2025-05-02,4,3.52,2025-05-20,Computex電腦展,2025
威盛,14,19,-16,-11,2025-04-25,2025-05-05,5,0.56,2025-05-20,Computex電腦展,2025
威盛,14,20,-16,-10,2025-04-25,2025-05-06,6,0.56,2025-05-20,Computex電腦展,2025
威盛,14,21,-16,-9,2025-04-25,2025-05-07,7,0.7,2025-05-20,Computex電腦展,2025
威盛,14,22,-16,-8,2025-04-25,2025-05-08,8,3.52,2025-05-20,Computex電腦展,2025
威盛,14,23,-16,-7,2025-04-25,2025-05-09,9,3.38,2025-05-20,Computex電腦展,2025
威盛,14,24,-16,-6,2025-04-25,2025-05-12,10,3.8,2025-05-20,Computex電腦展,2025
威盛,14,25,-16,-5,2025-04-25,2025-05-13,11,2.68,2025-05-20,Computex電腦展,2025
威盛,14,26,-16,-4,2025-04-25,2025-05-14,12,3.24,2025-05-20,Computex電腦展,2025
威盛,14,27,-16,-3,2025-04-25,2025-05-15,13,1.55,2025-05-20,Computex電腦展,2025
威盛,14,28,-16,-2,2025-04-25,2025-05-16,14,1.41,2025-05-20,Computex電腦展,2025
威盛,14,29,-16,-1,2025-04-25,2025-05-19,15,-3.52,2025-05-20,Computex電腦展,2025
威盛,14,30,-16,0,2025-04-25,2025-05-20,16,-3.38,2025-05-20,Computex電腦展,2025
威盛,14,31,-16,1,2025-04-25,2025-05-21,17,-1.97,2025-05-20,Computex電腦展,2025
威盛,14,32,-16,2,2025-04-25,2025-05-22,18,-4.37,2025-05-20,Computex電腦展,2025
威盛,14,33,-16,3,2025-04-25,2025-05-23,19,-5.07,2025-05-20,Computex電腦展,2025
威盛,14,34,-16,4,2025-04-25,2025-05-26,20,-4.93,2025-05-20,Computex電腦展,2025
威盛,14,35,-16,5,2025-04-25,2025-05-27,21,-7.04,2025-05-20,Computex電腦展,2025
威盛,14,36,-16,6,2025-04-25,2025-05-28,22,-7.04,2025-05-20,Computex電腦展,2025
威盛,14,37,-16,7,2025-04-25,2025-05-29,23,-5.63,2025-05-20,Computex電腦展,2025
威盛,14,38,-16,8,2025-04-25,2025-06-02,24,-11.55,2025-05-20,Computex電腦展,2025
威盛,14,39,-16,9,2025-04-25,2025-06-03,25,-11.69,2025-05-20,Computex電腦展,2025
威盛,14,40,-16,10,2025-04-25,2025-06-04,26,-9.72,2025-05-20,Computex電腦展,2025
威盛,14,41,-16,11,2025-04-25,2025-06-05,27,-7.75,2025-05-20,Computex電腦展,2025
威盛,14,42,-16,12,2025-04-25,2025-06-06,28,-7.89,2025-05-20,Computex電腦展,2025
威盛,14,43,-16,13,2025-04-25,2025-06-09,29,-9.86,2025-05-20,Computex電腦展,2025
威盛,14,44,-16,14,2025-04-25,2025-06-10,30,-10.28,2025-05-20,Computex電腦展,2025
威盛,14,45,-16,15,2025-04-25,2025-06-11,31,-6.76,2025-05-20,Computex電腦展,2025
威盛,14,46,-16,16,2025-04-25,2025-06-12,32,-6.48,2025-05-20,Computex電腦展,2025
威盛,15,16,-15,-14,2025-04-28,2025-04-29,1,3.59,2025-05-20,Computex電腦展,2025
威盛,15,17,-15,-13,2025-04-28,2025-04-30,2,0.14,2025-05-20,Computex電腦展,2025
威盛,15,18,-15,-12,2025-04-28,2025-05-02,3,1.52,2025-05-20,Computex電腦展,2025
威盛,15,19,-15,-11,2025-04-28,2025-05-05,4,-1.38,2025-05-20,Computex電腦展,2025
威盛,15,20,-15,-10,2025-04-28,2025-05-06,5,-1.38,2025-05-20,Computex電腦展,2025
威盛,15,21,-15,-9,2025-04-28,2025-05-07,6,-1.24,2025-05-20,Computex電腦展,2025
威盛,15,22,-15,-8,2025-04-28,2025-05-08,7,1.52,2025-05-20,Computex電腦展,2025
威盛,15,23,-15,-7,2025-04-28,2025-05-09,8,1.38,2025-05-20,Computex電腦展,2025
威盛,15,24,-15,-6,2025-04-28,2025-05-12,9,1.8,2025-05-20,Computex電腦展,2025
威盛,15,25,-15,-5,2025-04-28,2025-05-13,10,0.69,2025-05-20,Computex電腦展,2025
威盛,15,26,-15,-4,2025-04-28,2025-05-14,11,1.24,2025-05-20,Computex電腦展,2025
威盛,15,27,-15,-3,2025-04-28,2025-05-15,12,-0.41,2025-05-20,Computex電腦展,2025
威盛,15,28,-15,-2,2025-04-28,2025-05-16,13,-0.55,2025-05-20,Computex電腦展,2025
威盛,15,29,-15,-1,2025-04-28,2025-05-19,14,-5.39,2025-05-20,Computex電腦展,2025
威盛,15,30,-15,0,2025-04-28,2025-05-20,15,-5.25,2025-05-20,Computex電腦展,2025
威盛,15,31,-15,1,2025-04-28,2025-05-21,16,-3.87,2025-05-20,Computex電腦展,2025
威盛,15,32,-15,2,2025-04-28,2025-05-22,17,-6.22,2025-05-20,Computex電腦展,2025
威盛,15,33,-15,3,2025-04-28,2025-05-23,18,-6.91,2025-05-20,Computex電腦展,2025
威盛,15,34,-15,4,2025-04-28,2025-05-26,19,-6.77,2025-05-20,Computex電腦展,2025
威盛,15,35,-15,5,2025-04-28,2025-05-27,20,-8.84,2025-05-20,Computex電腦展,2025
威盛,15,36,-15,6,2025-04-28,2025-05-28,21,-8.84,2025-05-20,Computex電腦展,2025
威盛,15,37,-15,7,2025-04-28,2025-05-29,22,-7.46,2025-05-20,Computex電腦展,2025
威盛,15,38,-15,8,2025-04-28,2025-06-02,23,-13.26,2025-05-20,Computex電腦展,2025
威盛,15,39,-15,9,2025-04-28,2025-06-03,24,-13.4,2025-05-20,Computex電腦展,2025
威盛,15,40,-15,10,2025-04-28,2025-06-04,25,-11.46,2025-05-20,Computex電腦展,2025
威盛,15,41,-15,11,2025-04-28,2025-06-05,26,-9.53,2025-05-20,Computex電腦展,2025
威盛,15,42,-15,12,2025-04-28,2025-06-06,27,-9.67,2025-05-20,Computex電腦展,2025
威盛,15,43,-15,13,2025-04-28,2025-06-09,28,-11.6,2025-05-20,Computex電腦展,2025
威盛,15,44,-15,14,2025-04-28,2025-06-10,29,-12.02,2025-05-20,Computex電腦展,2025
威盛,15,45,-15,15,2025-04-28,2025-06-11,30,-8.56,2025-05-20,Computex電腦展,2025
威盛,15,46,-15,16,2025-04-28,2025-06-12,31,-8.29,2025-05-20,Computex電腦展,2025
威盛,16,17,-14,-13,2025-04-29,2025-04-30,1,-3.33,2025-05-20,Computex電腦展,2025
威盛,16,18,-14,-12,2025-04-29,2025-05-02,2,-2.0,2025-05-20,Computex電腦展,2025
威盛,16,19,-14,-11,2025-04-29,2025-05-05,3,-4.8,2025-05-20,Computex電腦展,2025
威盛,16,20,-14,-10,2025-04-29,2025-05-06,4,-4.8,2025-05-20,Computex電腦展,2025
威盛,16,21,-14,-9,2025-04-29,2025-05-07,5,-4.67,2025-05-20,Computex電腦展,2025
威盛,16,22,-14,-8,2025-04-29,2025-05-08,6,-2.0,2025-05-20,Computex電腦展,2025
威盛,16,23,-14,-7,2025-04-29,2025-05-09,7,-2.13,2025-05-20,Computex電腦展,2025
威盛,16,24,-14,-6,2025-04-29,2025-05-12,8,-1.73,2025-05-20,Computex電腦展,2025
威盛,16,25,-14,-5,2025-04-29,2025-05-13,9,-2.8,2025-05-20,Computex電腦展,2025
威盛,16,26,-14,-4,2025-04-29,2025-05-14,10,-2.27,2025-05-20,Computex電腦展,2025
威盛,16,27,-14,-3,2025-04-29,2025-05-15,11,-3.87,2025-05-20,Computex電腦展,2025
威盛,16,28,-14,-2,2025-04-29,2025-05-16,12,-4.0,2025-05-20,Computex電腦展,2025
威盛,16,29,-14,-1,2025-04-29,2025-05-19,13,-8.67,2025-05-20,Computex電腦展,2025
威盛,16,30,-14,0,2025-04-29,2025-05-20,14,-8.53,2025-05-20,Computex電腦展,2025
威盛,16,31,-14,1,2025-04-29,2025-05-21,15,-7.2,2025-05-20,Computex電腦展,2025
威盛,16,32,-14,2,2025-04-29,2025-05-22,16,-9.47,2025-05-20,Computex電腦展,2025
威盛,16,33,-14,3,2025-04-29,2025-05-23,17,-10.13,2025-05-20,Computex電腦展,2025
威盛,16,34,-14,4,2025-04-29,2025-05-26,18,-10.0,2025-05-20,Computex電腦展,2025
威盛,16,35,-14,5,2025-04-29,2025-05-27,19,-12.0,2025-05-20,Computex電腦展,2025
威盛,16,36,-14,6,2025-04-29,2025-05-28,20,-12.0,2025-05-20,Computex電腦展,2025
威盛,16,37,-14,7,2025-04-29,2025-05-29,21,-10.67,2025-05-20,Computex電腦展,2025
威盛,16,38,-14,8,2025-04-29,2025-06-02,22,-16.27,2025-05-20,Computex電腦展,2025
威盛,16,39,-14,9,2025-04-29,2025-06-03,23,-16.4,2025-05-20,Computex電腦展,2025
威盛,16,40,-14,10,2025-04-29,2025-06-04,24,-14.53,2025-05-20,Computex電腦展,2025
威盛,16,41,-14,11,2025-04-29,2025-06-05,25,-12.67,2025-05-20,Computex電腦展,2025
威盛,16,42,-14,12,2025-04-29,2025-06-06,26,-12.8,2025-05-20,Computex電腦展,2025
威盛,16,43,-14,13,2025-04-29,2025-06-09,27,-14.67,2025-05-20,Computex電腦展,2025
威盛,16,44,-14,14,2025-04-29,2025-06-10,28,-15.07,2025-05-20,Computex電腦展,2025
威盛,16,45,-14,15,2025-04-29,2025-06-11,29,-11.73,2025-05-20,Computex電腦展,2025
威盛,16,46,-14,16,2025-04-29,2025-06-12,30,-11.47,2025-05-20,Computex電腦展,2025
威盛,17,18,-13,-12,2025-04-30,2025-05-02,1,1.38,2025-05-20,Computex電腦展,2025
威盛,17,19,-13,-11,2025-04-30,2025-05-05,2,-1.52,2025-05-20,Computex電腦展,2025
威盛,17,20,-13,-10,2025-04-30,2025-05-06,3,-1.52,2025-05-20,Computex電腦展,2025
威盛,17,21,-13,-9,2025-04-30,2025-05-07,4,-1.38,2025-05-20,Computex電腦展,2025
威盛,17,22,-13,-8,2025-04-30,2025-05-08,5,1.38,2025-05-20,Computex電腦展,2025
威盛,17,23,-13,-7,2025-04-30,2025-05-09,6,1.24,2025-05-20,Computex電腦展,2025
威盛,17,24,-13,-6,2025-04-30,2025-05-12,7,1.66,2025-05-20,Computex電腦展,2025
威盛,17,25,-13,-5,2025-04-30,2025-05-13,8,0.55,2025-05-20,Computex電腦展,2025
威盛,17,26,-13,-4,2025-04-30,2025-05-14,9,1.1,2025-05-20,Computex電腦展,2025
威盛,17,27,-13,-3,2025-04-30,2025-05-15,10,-0.55,2025-05-20,Computex電腦展,2025
威盛,17,28,-13,-2,2025-04-30,2025-05-16,11,-0.69,2025-05-20,Computex電腦展,2025
威盛,17,29,-13,-1,2025-04-30,2025-05-19,12,-5.52,2025-05-20,Computex電腦展,2025
威盛,17,30,-13,0,2025-04-30,2025-05-20,13,-5.38,2025-05-20,Computex電腦展,2025
威盛,17,31,-13,1,2025-04-30,2025-05-21,14,-4.0,2025-05-20,Computex電腦展,2025
威盛,17,32,-13,2,2025-04-30,2025-05-22,15,-6.34,2025-05-20,Computex電腦展,2025
威盛,17,33,-13,3,2025-04-30,2025-05-23,16,-7.03,2025-05-20,Computex電腦展,2025
威盛,17,34,-13,4,2025-04-30,2025-05-26,17,-6.9,2025-05-20,Computex電腦展,2025
威盛,17,35,-13,5,2025-04-30,2025-05-27,18,-8.97,2025-05-20,Computex電腦展,2025
威盛,17,36,-13,6,2025-04-30,2025-05-28,19,-8.97,2025-05-20,Computex電腦展,2025
威盛,17,37,-13,7,2025-04-30,2025-05-29,20,-7.59,2025-05-20,Computex電腦展,2025
威盛,17,38,-13,8,2025-04-30,2025-06-02,21,-13.38,2025-05-20,Computex電腦展,2025
威盛,17,39,-13,9,2025-04-30,2025-06-03,22,-13.52,2025-05-20,Computex電腦展,2025
威盛,17,40,-13,10,2025-04-30,2025-06-04,23,-11.59,2025-05-20,Computex電腦展,2025
威盛,17,41,-13,11,2025-04-30,2025-06-05,24,-9.66,2025-05-20,Computex電腦展,2025
威盛,17,42,-13,12,2025-04-30,2025-06-06,25,-9.79,2025-05-20,Computex電腦展,2025
威盛,17,43,-13,13,2025-04-30,2025-06-09,26,-11.72,2025-05-20,Computex電腦展,2025
威盛,17,44,-13,14,2025-04-30,2025-06-10,27,-12.14,2025-05-20,Computex電腦展,2025
威盛,17,45,-13,15,2025-04-30,2025-06-11,28,-8.69,2025-05-20,Computex電腦展,2025
威盛,17,46,-13,16,2025-04-30,2025-06-12,29,-8.41,2025-05-20,Computex電腦展,2025
威盛,18,19,-12,-11,2025-05-02,2025-05-05,1,-2.86,2025-05-20,Computex電腦展,2025
威盛,18,20,-12,-10,2025-05-02,2025-05-06,2,-2.86,2025-05-20,Computex電腦展,2025
威盛,18,21,-12,-9,2025-05-02,2025-05-07,3,-2.72,2025-05-20,Computex電腦展,2025
威盛,18,22,-12,-8,2025-05-02,2025-05-08,4,0.0,2025-05-20,Computex電腦展,2025
威盛,18,23,-12,-7,2025-05-02,2025-05-09,5,-0.14,2025-05-20,Computex電腦展,2025
威盛,18,24,-12,-6,2025-05-02,2025-05-12,6,0.27,2025-05-20,Computex電腦展,2025
威盛,18,25,-12,-5,2025-05-02,2025-05-13,7,-0.82,2025-05-20,Computex電腦展,2025
威盛,18,26,-12,-4,2025-05-02,2025-05-14,8,-0.27,2025-05-20,Computex電腦展,2025
威盛,18,27,-12,-3,2025-05-02,2025-05-15,9,-1.9,2025-05-20,Computex電腦展,2025
威盛,18,28,-12,-2,2025-05-02,2025-05-16,10,-2.04,2025-05-20,Computex電腦展,2025
威盛,18,29,-12,-1,2025-05-02,2025-05-19,11,-6.8,2025-05-20,Computex電腦展,2025
威盛,18,30,-12,0,2025-05-02,2025-05-20,12,-6.67,2025-05-20,Computex電腦展,2025
威盛,18,31,-12,1,2025-05-02,2025-05-21,13,-5.31,2025-05-20,Computex電腦展,2025
威盛,18,32,-12,2,2025-05-02,2025-05-22,14,-7.62,2025-05-20,Computex電腦展,2025
威盛,18,33,-12,3,2025-05-02,2025-05-23,15,-8.3,2025-05-20,Computex電腦展,2025
威盛,18,34,-12,4,2025-05-02,2025-05-26,16,-8.16,2025-05-20,Computex電腦展,2025
威盛,18,35,-12,5,2025-05-02,2025-05-27,17,-10.2,2025-05-20,Computex電腦展,2025
威盛,18,36,-12,6,2025-05-02,2025-05-28,18,-10.2,2025-05-20,Computex電腦展,2025
威盛,18,37,-12,7,2025-05-02,2025-05-29,19,-8.84,2025-05-20,Computex電腦展,2025
威盛,18,38,-12,8,2025-05-02,2025-06-02,20,-14.56,2025-05-20,Computex電腦展,2025
威盛,18,39,-12,9,2025-05-02,2025-06-03,21,-14.69,2025-05-20,Computex電腦展,2025
威盛,18,40,-12,10,2025-05-02,2025-06-04,22,-12.79,2025-05-20,Computex電腦展,2025
威盛,18,41,-12,11,2025-05-02,2025-06-05,23,-10.88,2025-05-20,Computex電腦展,2025
威盛,18,42,-12,12,2025-05-02,2025-06-06,24,-11.02,2025-05-20,Computex電腦展,2025
威盛,18,43,-12,13,2025-05-02,2025-06-09,25,-12.93,2025-05-20,Computex電腦展,2025
威盛,18,44,-12,14,2025-05-02,2025-06-10,26,-13.33,2025-05-20,Computex電腦展,2025
威盛,18,45,-12,15,2025-05-02,2025-06-11,27,-9.93,2025-05-20,Computex電腦展,2025
威盛,18,46,-12,16,2025-05-02,2025-06-12,28,-9.66,2025-05-20,Computex電腦展,2025
威盛,19,20,-11,-10,2025-05-05,2025-05-06,1,0.0,2025-05-20,Computex電腦展,2025
威盛,19,21,-11,-9,2025-05-05,2025-05-07,2,0.14,2025-05-20,Computex電腦展,2025
威盛,19,22,-11,-8,2025-05-05,2025-05-08,3,2.94,2025-05-20,Computex電腦展,2025
威盛,19,23,-11,-7,2025-05-05,2025-05-09,4,2.8,2025-05-20,Computex電腦展,2025
威盛,19,24,-11,-6,2025-05-05,2025-05-12,5,3.22,2025-05-20,Computex電腦展,2025
威盛,19,25,-11,-5,2025-05-05,2025-05-13,6,2.1,2025-05-20,Computex電腦展,2025
威盛,19,26,-11,-4,2025-05-05,2025-05-14,7,2.66,2025-05-20,Computex電腦展,2025
威盛,19,27,-11,-3,2025-05-05,2025-05-15,8,0.98,2025-05-20,Computex電腦展,2025
威盛,19,28,-11,-2,2025-05-05,2025-05-16,9,0.84,2025-05-20,Computex電腦展,2025
威盛,19,29,-11,-1,2025-05-05,2025-05-19,10,-4.06,2025-05-20,Computex電腦展,2025
威盛,19,30,-11,0,2025-05-05,2025-05-20,11,-3.92,2025-05-20,Computex電腦展,2025
威盛,19,31,-11,1,2025-05-05,2025-05-21,12,-2.52,2025-05-20,Computex電腦展,2025
威盛,19,32,-11,2,2025-05-05,2025-05-22,13,-4.9,2025-05-20,Computex電腦展,2025
威盛,19,33,-11,3,2025-05-05,2025-05-23,14,-5.6,2025-05-20,Computex電腦展,2025
威盛,19,34,-11,4,2025-05-05,2025-05-26,15,-5.46,2025-05-20,Computex電腦展,2025
威盛,19,35,-11,5,2025-05-05,2025-05-27,16,-7.56,2025-05-20,Computex電腦展,2025
威盛,19,36,-11,6,2025-05-05,2025-05-28,17,-7.56,2025-05-20,Computex電腦展,2025
威盛,19,37,-11,7,2025-05-05,2025-05-29,18,-6.16,2025-05-20,Computex電腦展,2025
威盛,19,38,-11,8,2025-05-05,2025-06-02,19,-12.04,2025-05-20,Computex電腦展,2025
威盛,19,39,-11,9,2025-05-05,2025-06-03,20,-12.18,2025-05-20,Computex電腦展,2025
威盛,19,40,-11,10,2025-05-05,2025-06-04,21,-10.22,2025-05-20,Computex電腦展,2025
威盛,19,41,-11,11,2025-05-05,2025-06-05,22,-8.26,2025-05-20,Computex電腦展,2025
威盛,19,42,-11,12,2025-05-05,2025-06-06,23,-8.4,2025-05-20,Computex電腦展,2025
威盛,19,43,-11,13,2025-05-05,2025-06-09,24,-10.36,2025-05-20,Computex電腦展,2025
威盛,19,44,-11,14,2025-05-05,2025-06-10,25,-10.78,2025-05-20,Computex電腦展,2025
威盛,19,45,-11,15,2025-05-05,2025-06-11,26,-7.28,2025-05-20,Computex電腦展,2025
威盛,19,46,-11,16,2025-05-05,2025-06-12,27,-7.0,2025-05-20,Computex電腦展,2025
威盛,20,21,-10,-9,2025-05-06,2025-05-07,1,0.14,2025-05-20,Computex電腦展,2025
威盛,20,22,-10,-8,2025-05-06,2025-05-08,2,2.94,2025-05-20,Computex電腦展,2025
威盛,20,23,-10,-7,2025-05-06,2025-05-09,3,2.8,2025-05-20,Computex電腦展,2025
威盛,20,24,-10,-6,2025-05-06,2025-05-12,4,3.22,2025-05-20,Computex電腦展,2025
威盛,20,25,-10,-5,2025-05-06,2025-05-13,5,2.1,2025-05-20,Computex電腦展,2025
威盛,20,26,-10,-4,2025-05-06,2025-05-14,6,2.66,2025-05-20,Computex電腦展,2025
威盛,20,27,-10,-3,2025-05-06,2025-05-15,7,0.98,2025-05-20,Computex電腦展,2025
威盛,20,28,-10,-2,2025-05-06,2025-05-16,8,0.84,2025-05-20,Computex電腦展,2025
威盛,20,29,-10,-1,2025-05-06,2025-05-19,9,-4.06,2025-05-20,Computex電腦展,2025
威盛,20,30,-10,0,2025-05-06,2025-05-20,10,-3.92,2025-05-20,Computex電腦展,2025
威盛,20,31,-10,1,2025-05-06,2025-05-21,11,-2.52,2025-05-20,Computex電腦展,2025
威盛,20,32,-10,2,2025-05-06,2025-05-22,12,-4.9,2025-05-20,Computex電腦展,2025
威盛,20,33,-10,3,2025-05-06,2025-05-23,13,-5.6,2025-05-20,Computex電腦展,2025
威盛,20,34,-10,4,2025-05-06,2025-05-26,14,-5.46,2025-05-20,Computex電腦展,2025
威盛,20,35,-10,5,2025-05-06,2025-05-27,15,-7.56,2025-05-20,Computex電腦展,2025
威盛,20,36,-10,6,2025-05-06,2025-05-28,16,-7.56,2025-05-20,Computex電腦展,2025
威盛,20,37,-10,7,2025-05-06,2025-05-29,17,-6.16,2025-05-20,Computex電腦展,2025
威盛,20,38,-10,8,2025-05-06,2025-06-02,18,-12.04,2025-05-20,Computex電腦展,2025
威盛,20,39,-10,9,2025-05-06,2025-06-03,19,-12.18,2025-05-20,Computex電腦展,2025
威盛,20,40,-10,10,2025-05-06,2025-06-04,20,-10.22,2025-05-20,Computex電腦展,2025
威盛,20,41,-10,11,2025-05-06,2025-06-05,21,-8.26,2025-05-20,Computex電腦展,2025
威盛,20,42,-10,12,2025-05-06,2025-06-06,22,-8.4,2025-05-20,Computex電腦展,2025
威盛,20,43,-10,13,2025-05-06,2025-06-09,23,-10.36,2025-05-20,Computex電腦展,2025
威盛,20,44,-10,14,2025-05-06,2025-06-10,24,-10.78,2025-05-20,Computex電腦展,2025
威盛,20,45,-10,15,2025-05-06,2025-06-11,25,-7.28,2025-05-20,Computex電腦展,2025
威盛,20,46,-10,16,2025-05-06,2025-06-12,26,-7.0,2025-05-20,Computex電腦展,2025
威盛,21,22,-9,-8,2025-05-07,2025-05-08,1,2.8,2025-05-20,Computex電腦展,2025
威盛,21,23,-9,-7,2025-05-07,2025-05-09,2,2.66,2025-05-20,Computex電腦展,2025
威盛,21,24,-9,-6,2025-05-07,2025-05-12,3,3.08,2025-05-20,Computex電腦展,2025
威盛,21,25,-9,-5,2025-05-07,2025-05-13,4,1.96,2025-05-20,Computex電腦展,2025
威盛,21,26,-9,-4,2025-05-07,2025-05-14,5,2.52,2025-05-20,Computex電腦展,2025
威盛,21,27,-9,-3,2025-05-07,2025-05-15,6,0.84,2025-05-20,Computex電腦展,2025
威盛,21,28,-9,-2,2025-05-07,2025-05-16,7,0.7,2025-05-20,Computex電腦展,2025
威盛,21,29,-9,-1,2025-05-07,2025-05-19,8,-4.2,2025-05-20,Computex電腦展,2025
威盛,21,30,-9,0,2025-05-07,2025-05-20,9,-4.06,2025-05-20,Computex電腦展,2025
威盛,21,31,-9,1,2025-05-07,2025-05-21,10,-2.66,2025-05-20,Computex電腦展,2025
威盛,21,32,-9,2,2025-05-07,2025-05-22,11,-5.03,2025-05-20,Computex電腦展,2025
威盛,21,33,-9,3,2025-05-07,2025-05-23,12,-5.73,2025-05-20,Computex電腦展,2025
威盛,21,34,-9,4,2025-05-07,2025-05-26,13,-5.59,2025-05-20,Computex電腦展,2025
威盛,21,35,-9,5,2025-05-07,2025-05-27,14,-7.69,2025-05-20,Computex電腦展,2025
威盛,21,36,-9,6,2025-05-07,2025-05-28,15,-7.69,2025-05-20,Computex電腦展,2025
威盛,21,37,-9,7,2025-05-07,2025-05-29,16,-6.29,2025-05-20,Computex電腦展,2025
威盛,21,38,-9,8,2025-05-07,2025-06-02,17,-12.17,2025-05-20,Computex電腦展,2025
威盛,21,39,-9,9,2025-05-07,2025-06-03,18,-12.31,2025-05-20,Computex電腦展,2025
威盛,21,40,-9,10,2025-05-07,2025-06-04,19,-10.35,2025-05-20,Computex電腦展,2025
威盛,21,41,-9,11,2025-05-07,2025-06-05,20,-8.39,2025-05-20,Computex電腦展,2025
威盛,21,42,-9,12,2025-05-07,2025-06-06,21,-8.53,2025-05-20,Computex電腦展,2025
威盛,21,43,-9,13,2025-05-07,2025-06-09,22,-10.49,2025-05-20,Computex電腦展,2025
威盛,21,44,-9,14,2025-05-07,2025-06-10,23,-10.91,2025-05-20,Computex電腦展,2025
威盛,21,45,-9,15,2025-05-07,2025-06-11,24,-7.41,2025-05-20,Computex電腦展,2025
威盛,21,46,-9,16,2025-05-07,2025-06-12,25,-7.13,2025-05-20,Computex電腦展,2025
威盛,22,23,-8,-7,2025-05-08,2025-05-09,1,-0.14,2025-05-20,Computex電腦展,2025
威盛,22,24,-8,-6,2025-05-08,2025-05-12,2,0.27,2025-05-20,Computex電腦展,2025
威盛,22,25,-8,-5,2025-05-08,2025-05-13,3,-0.82,2025-05-20,Computex電腦展,2025
威盛,22,26,-8,-4,2025-05-08,2025-05-14,4,-0.27,2025-05-20,Computex電腦展,2025
威盛,22,27,-8,-3,2025-05-08,2025-05-15,5,-1.9,2025-05-20,Computex電腦展,2025
威盛,22,28,-8,-2,2025-05-08,2025-05-16,6,-2.04,2025-05-20,Computex電腦展,2025
威盛,22,29,-8,-1,2025-05-08,2025-05-19,7,-6.8,2025-05-20,Computex電腦展,2025
威盛,22,30,-8,0,2025-05-08,2025-05-20,8,-6.67,2025-05-20,Computex電腦展,2025
威盛,22,31,-8,1,2025-05-08,2025-05-21,9,-5.31,2025-05-20,Computex電腦展,2025
威盛,22,32,-8,2,2025-05-08,2025-05-22,10,-7.62,2025-05-20,Computex電腦展,2025
威盛,22,33,-8,3,2025-05-08,2025-05-23,11,-8.3,2025-05-20,Computex電腦展,2025
威盛,22,34,-8,4,2025-05-08,2025-05-26,12,-8.16,2025-05-20,Computex電腦展,2025
威盛,22,35,-8,5,2025-05-08,2025-05-27,13,-10.2,2025-05-20,Computex電腦展,2025
威盛,22,36,-8,6,2025-05-08,2025-05-28,14,-10.2,2025-05-20,Computex電腦展,2025
威盛,22,37,-8,7,2025-05-08,2025-05-29,15,-8.84,2025-05-20,Computex電腦展,2025
威盛,22,38,-8,8,2025-05-08,2025-06-02,16,-14.56,2025-05-20,Computex電腦展,2025
威盛,22,39,-8,9,2025-05-08,2025-06-03,17,-14.69,2025-05-20,Computex電腦展,2025
威盛,22,40,-8,10,2025-05-08,2025-06-04,18,-12.79,2025-05-20,Computex電腦展,2025
威盛,22,41,-8,11,2025-05-08,2025-06-05,19,-10.88,2025-05-20,Computex電腦展,2025
威盛,22,42,-8,12,2025-05-08,2025-06-06,20,-11.02,2025-05-20,Computex電腦展,2025
威盛,22,43,-8,13,2025-05-08,2025-06-09,21,-12.93,2025-05-20,Computex電腦展,2025
威盛,22,44,-8,14,2025-05-08,2025-06-10,22,-13.33,2025-05-20,Computex電腦展,2025
威盛,22,45,-8,15,2025-05-08,2025-06-11,23,-9.93,2025-05-20,Computex電腦展,2025
威盛,22,46,-8,16,2025-05-08,2025-06-12,24,-9.66,2025-05-20,Computex電腦展,2025
威盛,23,24,-7,-6,2025-05-09,2025-05-12,1,0.41,2025-05-20,Computex電腦展,2025
威盛,23,25,-7,-5,2025-05-09,2025-05-13,2,-0.68,2025-05-20,Computex電腦展,2025
威盛,23,26,-7,-4,2025-05-09,2025-05-14,3,-0.14,2025-05-20,Computex電腦展,2025
威盛,23,27,-7,-3,2025-05-09,2025-05-15,4,-1.77,2025-05-20,Computex電腦展,2025
威盛,23,28,-7,-2,2025-05-09,2025-05-16,5,-1.91,2025-05-20,Computex電腦展,2025
威盛,23,29,-7,-1,2025-05-09,2025-05-19,6,-6.68,2025-05-20,Computex電腦展,2025
威盛,23,30,-7,0,2025-05-09,2025-05-20,7,-6.54,2025-05-20,Computex電腦展,2025
威盛,23,31,-7,1,2025-05-09,2025-05-21,8,-5.18,2025-05-20,Computex電腦展,2025
威盛,23,32,-7,2,2025-05-09,2025-05-22,9,-7.49,2025-05-20,Computex電腦展,2025
威盛,23,33,-7,3,2025-05-09,2025-05-23,10,-8.17,2025-05-20,Computex電腦展,2025
威盛,23,34,-7,4,2025-05-09,2025-05-26,11,-8.04,2025-05-20,Computex電腦展,2025
威盛,23,35,-7,5,2025-05-09,2025-05-27,12,-10.08,2025-05-20,Computex電腦展,2025
威盛,23,36,-7,6,2025-05-09,2025-05-28,13,-10.08,2025-05-20,Computex電腦展,2025
威盛,23,37,-7,7,2025-05-09,2025-05-29,14,-8.72,2025-05-20,Computex電腦展,2025
威盛,23,38,-7,8,2025-05-09,2025-06-02,15,-14.44,2025-05-20,Computex電腦展,2025
威盛,23,39,-7,9,2025-05-09,2025-06-03,16,-14.58,2025-05-20,Computex電腦展,2025
威盛,23,40,-7,10,2025-05-09,2025-06-04,17,-12.67,2025-05-20,Computex電腦展,2025
威盛,23,41,-7,11,2025-05-09,2025-06-05,18,-10.76,2025-05-20,Computex電腦展,2025
威盛,23,42,-7,12,2025-05-09,2025-06-06,19,-10.9,2025-05-20,Computex電腦展,2025
威盛,23,43,-7,13,2025-05-09,2025-06-09,20,-12.81,2025-05-20,Computex電腦展,2025
威盛,23,44,-7,14,2025-05-09,2025-06-10,21,-13.22,2025-05-20,Computex電腦展,2025
威盛,23,45,-7,15,2025-05-09,2025-06-11,22,-9.81,2025-05-20,Computex電腦展,2025
威盛,23,46,-7,16,2025-05-09,2025-06-12,23,-9.54,2025-05-20,Computex電腦展,2025
威盛,24,25,-6,-5,2025-05-12,2025-05-13,1,-1.09,2025-05-20,Computex電腦展,2025
威盛,24,26,-6,-4,2025-05-12,2025-05-14,2,-0.54,2025-05-20,Computex電腦展,2025
威盛,24,27,-6,-3,2025-05-12,2025-05-15,3,-2.17,2025-05-20,Computex電腦展,2025
威盛,24,28,-6,-2,2025-05-12,2025-05-16,4,-2.31,2025-05-20,Computex電腦展,2025
威盛,24,29,-6,-1,2025-05-12,2025-05-19,5,-7.06,2025-05-20,Computex電腦展,2025
威盛,24,30,-6,0,2025-05-12,2025-05-20,6,-6.92,2025-05-20,Computex電腦展,2025
威盛,24,31,-6,1,2025-05-12,2025-05-21,7,-5.56,2025-05-20,Computex電腦展,2025
威盛,24,32,-6,2,2025-05-12,2025-05-22,8,-7.87,2025-05-20,Computex電腦展,2025
威盛,24,33,-6,3,2025-05-12,2025-05-23,9,-8.55,2025-05-20,Computex電腦展,2025
威盛,24,34,-6,4,2025-05-12,2025-05-26,10,-8.41,2025-05-20,Computex電腦展,2025
威盛,24,35,-6,5,2025-05-12,2025-05-27,11,-10.45,2025-05-20,Computex電腦展,2025
威盛,24,36,-6,6,2025-05-12,2025-05-28,12,-10.45,2025-05-20,Computex電腦展,2025
威盛,24,37,-6,7,2025-05-12,2025-05-29,13,-9.09,2025-05-20,Computex電腦展,2025
威盛,24,38,-6,8,2025-05-12,2025-06-02,14,-14.79,2025-05-20,Computex電腦展,2025
威盛,24,39,-6,9,2025-05-12,2025-06-03,15,-14.93,2025-05-20,Computex電腦展,2025
威盛,24,40,-6,10,2025-05-12,2025-06-04,16,-13.03,2025-05-20,Computex電腦展,2025
威盛,24,41,-6,11,2025-05-12,2025-06-05,17,-11.13,2025-05-20,Computex電腦展,2025
威盛,24,42,-6,12,2025-05-12,2025-06-06,18,-11.26,2025-05-20,Computex電腦展,2025
威盛,24,43,-6,13,2025-05-12,2025-06-09,19,-13.16,2025-05-20,Computex電腦展,2025
威盛,24,44,-6,14,2025-05-12,2025-06-10,20,-13.57,2025-05-20,Computex電腦展,2025
威盛,24,45,-6,15,2025-05-12,2025-06-11,21,-10.18,2025-05-20,Computex電腦展,2025
威盛,24,46,-6,16,2025-05-12,2025-06-12,22,-9.91,2025-05-20,Computex電腦展,2025
威盛,25,26,-5,-4,2025-05-13,2025-05-14,1,0.55,2025-05-20,Computex電腦展,2025
威盛,25,27,-5,-3,2025-05-13,2025-05-15,2,-1.1,2025-05-20,Computex電腦展,2025
威盛,25,28,-5,-2,2025-05-13,2025-05-16,3,-1.23,2025-05-20,Computex電腦展,2025
威盛,25,29,-5,-1,2025-05-13,2025-05-19,4,-6.04,2025-05-20,Computex電腦展,2025
威盛,25,30,-5,0,2025-05-13,2025-05-20,5,-5.9,2025-05-20,Computex電腦展,2025
威盛,25,31,-5,1,2025-05-13,2025-05-21,6,-4.53,2025-05-20,Computex電腦展,2025
威盛,25,32,-5,2,2025-05-13,2025-05-22,7,-6.86,2025-05-20,Computex電腦展,2025
威盛,25,33,-5,3,2025-05-13,2025-05-23,8,-7.54,2025-05-20,Computex電腦展,2025
威盛,25,34,-5,4,2025-05-13,2025-05-26,9,-7.41,2025-05-20,Computex電腦展,2025
威盛,25,35,-5,5,2025-05-13,2025-05-27,10,-9.47,2025-05-20,Computex電腦展,2025
威盛,25,36,-5,6,2025-05-13,2025-05-28,11,-9.47,2025-05-20,Computex電腦展,2025
威盛,25,37,-5,7,2025-05-13,2025-05-29,12,-8.09,2025-05-20,Computex電腦展,2025
威盛,25,38,-5,8,2025-05-13,2025-06-02,13,-13.85,2025-05-20,Computex電腦展,2025
威盛,25,39,-5,9,2025-05-13,2025-06-03,14,-13.99,2025-05-20,Computex電腦展,2025
威盛,25,40,-5,10,2025-05-13,2025-06-04,15,-12.07,2025-05-20,Computex電腦展,2025
威盛,25,41,-5,11,2025-05-13,2025-06-05,16,-10.15,2025-05-20,Computex電腦展,2025
威盛,25,42,-5,12,2025-05-13,2025-06-06,17,-10.29,2025-05-20,Computex電腦展,2025
威盛,25,43,-5,13,2025-05-13,2025-06-09,18,-12.21,2025-05-20,Computex電腦展,2025
威盛,25,44,-5,14,2025-05-13,2025-06-10,19,-12.62,2025-05-20,Computex電腦展,2025
威盛,25,45,-5,15,2025-05-13,2025-06-11,20,-9.19,2025-05-20,Computex電腦展,2025
威盛,25,46,-5,16,2025-05-13,2025-06-12,21,-8.92,2025-05-20,Computex電腦展,2025
威盛,26,27,-4,-3,2025-05-14,2025-05-15,1,-1.64,2025-05-20,Computex電腦展,2025
威盛,26,28,-4,-2,2025-05-14,2025-05-16,2,-1.77,2025-05-20,Computex電腦展,2025
威盛,26,29,-4,-1,2025-05-14,2025-05-19,3,-6.55,2025-05-20,Computex電腦展,2025
威盛,26,30,-4,0,2025-05-14,2025-05-20,4,-6.41,2025-05-20,Computex電腦展,2025
威盛,26,31,-4,1,2025-05-14,2025-05-21,5,-5.05,2025-05-20,Computex電腦展,2025
威盛,26,32,-4,2,2025-05-14,2025-05-22,6,-7.37,2025-05-20,Computex電腦展,2025
威盛,26,33,-4,3,2025-05-14,2025-05-23,7,-8.05,2025-05-20,Computex電腦展,2025
威盛,26,34,-4,4,2025-05-14,2025-05-26,8,-7.91,2025-05-20,Computex電腦展,2025
威盛,26,35,-4,5,2025-05-14,2025-05-27,9,-9.96,2025-05-20,Computex電腦展,2025
威盛,26,36,-4,6,2025-05-14,2025-05-28,10,-9.96,2025-05-20,Computex電腦展,2025
威盛,26,37,-4,7,2025-05-14,2025-05-29,11,-8.59,2025-05-20,Computex電腦展,2025
威盛,26,38,-4,8,2025-05-14,2025-06-02,12,-14.32,2025-05-20,Computex電腦展,2025
威盛,26,39,-4,9,2025-05-14,2025-06-03,13,-14.46,2025-05-20,Computex電腦展,2025
威盛,26,40,-4,10,2025-05-14,2025-06-04,14,-12.55,2025-05-20,Computex電腦展,2025
威盛,26,41,-4,11,2025-05-14,2025-06-05,15,-10.64,2025-05-20,Computex電腦展,2025
威盛,26,42,-4,12,2025-05-14,2025-06-06,16,-10.78,2025-05-20,Computex電腦展,2025
威盛,26,43,-4,13,2025-05-14,2025-06-09,17,-12.69,2025-05-20,Computex電腦展,2025
威盛,26,44,-4,14,2025-05-14,2025-06-10,18,-13.1,2025-05-20,Computex電腦展,2025
威盛,26,45,-4,15,2025-05-14,2025-06-11,19,-9.69,2025-05-20,Computex電腦展,2025
威盛,26,46,-4,16,2025-05-14,2025-06-12,20,-9.41,2025-05-20,Computex電腦展,2025
威盛,27,28,-3,-2,2025-05-15,2025-05-16,1,-0.14,2025-05-20,Computex電腦展,2025
威盛,27,29,-3,-1,2025-05-15,2025-05-19,2,-4.99,2025-05-20,Computex電腦展,2025
威盛,27,30,-3,0,2025-05-15,2025-05-20,3,-4.85,2025-05-20,Computex電腦展,2025
威盛,27,31,-3,1,2025-05-15,2025-05-21,4,-3.47,2025-05-20,Computex電腦展,2025
威盛,27,32,-3,2,2025-05-15,2025-05-22,5,-5.83,2025-05-20,Computex電腦展,2025
威盛,27,33,-3,3,2025-05-15,2025-05-23,6,-6.52,2025-05-20,Computex電腦展,2025
威盛,27,34,-3,4,2025-05-15,2025-05-26,7,-6.38,2025-05-20,Computex電腦展,2025
威盛,27,35,-3,5,2025-05-15,2025-05-27,8,-8.46,2025-05-20,Computex電腦展,2025
威盛,27,36,-3,6,2025-05-15,2025-05-28,9,-8.46,2025-05-20,Computex電腦展,2025
威盛,27,37,-3,7,2025-05-15,2025-05-29,10,-7.07,2025-05-20,Computex電腦展,2025
威盛,27,38,-3,8,2025-05-15,2025-06-02,11,-12.9,2025-05-20,Computex電腦展,2025
威盛,27,39,-3,9,2025-05-15,2025-06-03,12,-13.04,2025-05-20,Computex電腦展,2025
威盛,27,40,-3,10,2025-05-15,2025-06-04,13,-11.1,2025-05-20,Computex電腦展,2025
威盛,27,41,-3,11,2025-05-15,2025-06-05,14,-9.15,2025-05-20,Computex電腦展,2025
威盛,27,42,-3,12,2025-05-15,2025-06-06,15,-9.29,2025-05-20,Computex電腦展,2025
威盛,27,43,-3,13,2025-05-15,2025-06-09,16,-11.23,2025-05-20,Computex電腦展,2025
威盛,27,44,-3,14,2025-05-15,2025-06-10,17,-11.65,2025-05-20,Computex電腦展,2025
威盛,27,45,-3,15,2025-05-15,2025-06-11,18,-8.18,2025-05-20,Computex電腦展,2025
威盛,27,46,-3,16,2025-05-15,2025-06-12,19,-7.91,2025-05-20,Computex電腦展,2025
威盛,28,29,-2,-1,2025-05-16,2025-05-19,1,-4.86,2025-05-20,Computex電腦展,2025
威盛,28,30,-2,0,2025-05-16,2025-05-20,2,-4.72,2025-05-20,Computex電腦展,2025
威盛,28,31,-2,1,2025-05-16,2025-05-21,3,-3.33,2025-05-20,Computex電腦展,2025
威盛,28,32,-2,2,2025-05-16,2025-05-22,4,-5.69,2025-05-20,Computex電腦展,2025
威盛,28,33,-2,3,2025-05-16,2025-05-23,5,-6.39,2025-05-20,Computex電腦展,2025
威盛,28,34,-2,4,2025-05-16,2025-05-26,6,-6.25,2025-05-20,Computex電腦展,2025
威盛,28,35,-2,5,2025-05-16,2025-05-27,7,-8.33,2025-05-20,Computex電腦展,2025
威盛,28,36,-2,6,2025-05-16,2025-05-28,8,-8.33,2025-05-20,Computex電腦展,2025
威盛,28,37,-2,7,2025-05-16,2025-05-29,9,-6.94,2025-05-20,Computex電腦展,2025
威盛,28,38,-2,8,2025-05-16,2025-06-02,10,-12.78,2025-05-20,Computex電腦展,2025
威盛,28,39,-2,9,2025-05-16,2025-06-03,11,-12.92,2025-05-20,Computex電腦展,2025
威盛,28,40,-2,10,2025-05-16,2025-06-04,12,-10.97,2025-05-20,Computex電腦展,2025
威盛,28,41,-2,11,2025-05-16,2025-06-05,13,-9.03,2025-05-20,Computex電腦展,2025
威盛,28,42,-2,12,2025-05-16,2025-06-06,14,-9.17,2025-05-20,Computex電腦展,2025
威盛,28,43,-2,13,2025-05-16,2025-06-09,15,-11.11,2025-05-20,Computex電腦展,2025
威盛,28,44,-2,14,2025-05-16,2025-06-10,16,-11.53,2025-05-20,Computex電腦展,2025
威盛,28,45,-2,15,2025-05-16,2025-06-11,17,-8.06,2025-05-20,Computex電腦展,2025
威盛,28,46,-2,16,2025-05-16,2025-06-12,18,-7.78,2025-05-20,Computex電腦展,2025
威盛,29,30,-1,0,2025-05-19,2025-05-20,1,0.15,2025-05-20,Computex電腦展,2025
威盛,29,31,-1,1,2025-05-19,2025-05-21,2,1.61,2025-05-20,Computex電腦展,2025
威盛,29,32,-1,2,2025-05-19,2025-05-22,3,-0.88,2025-05-20,Computex電腦展,2025
威盛,29,33,-1,3,2025-05-19,2025-05-23,4,-1.61,2025-05-20,Computex電腦展,2025
威盛,29,34,-1,4,2025-05-19,2025-05-26,5,-1.46,2025-05-20,Computex電腦展,2025
威盛,29,35,-1,5,2025-05-19,2025-05-27,6,-3.65,2025-05-20,Computex電腦展,2025
威盛,29,36,-1,6,2025-05-19,2025-05-28,7,-3.65,2025-05-20,Computex電腦展,2025
威盛,29,37,-1,7,2025-05-19,2025-05-29,8,-2.19,2025-05-20,Computex電腦展,2025
威盛,29,38,-1,8,2025-05-19,2025-06-02,9,-8.32,2025-05-20,Computex電腦展,2025
威盛,29,39,-1,9,2025-05-19,2025-06-03,10,-8.47,2025-05-20,Computex電腦展,2025
威盛,29,40,-1,10,2025-05-19,2025-06-04,11,-6.42,2025-05-20,Computex電腦展,2025
威盛,29,41,-1,11,2025-05-19,2025-06-05,12,-4.38,2025-05-20,Computex電腦展,2025
威盛,29,42,-1,12,2025-05-19,2025-06-06,13,-4.53,2025-05-20,Computex電腦展,2025
威盛,29,43,-1,13,2025-05-19,2025-06-09,14,-6.57,2025-05-20,Computex電腦展,2025
威盛,29,44,-1,14,2025-05-19,2025-06-10,15,-7.01,2025-05-20,Computex電腦展,2025
威盛,29,45,-1,15,2025-05-19,2025-06-11,16,-3.36,2025-05-20,Computex電腦展,2025
威盛,29,46,-1,16,2025-05-19,2025-06-12,17,-3.07,2025-05-20,Computex電腦展,2025
威盛,30,31,0,1,2025-05-20,2025-05-21,1,1.46,2025-05-20,Computex電腦展,2025
威盛,30,32,0,2,2025-05-20,2025-05-22,2,-1.02,2025-05-20,Computex電腦展,2025
威盛,30,33,0,3,2025-05-20,2025-05-23,3,-1.75,2025-05-20,Computex電腦展,2025
威盛,30,34,0,4,2025-05-20,2025-05-26,4,-1.6,2025-05-20,Computex電腦展,2025
威盛,30,35,0,5,2025-05-20,2025-05-27,5,-3.79,2025-05-20,Computex電腦展,2025
威盛,30,36,0,6,2025-05-20,2025-05-28,6,-3.79,2025-05-20,Computex電腦展,2025
威盛,30,37,0,7,2025-05-20,2025-05-29,7,-2.33,2025-05-20,Computex電腦展,2025
威盛,30,38,0,8,2025-05-20,2025-06-02,8,-8.45,2025-05-20,Computex電腦展,2025
威盛,30,39,0,9,2025-05-20,2025-06-03,9,-8.6,2025-05-20,Computex電腦展,2025
威盛,30,40,0,10,2025-05-20,2025-06-04,10,-6.56,2025-05-20,Computex電腦展,2025
威盛,30,41,0,11,2025-05-20,2025-06-05,11,-4.52,2025-05-20,Computex電腦展,2025
威盛,30,42,0,12,2025-05-20,2025-06-06,12,-4.66,2025-05-20,Computex電腦展,2025
威盛,30,43,0,13,2025-05-20,2025-06-09,13,-6.71,2025-05-20,Computex電腦展,2025
威盛,30,44,0,14,2025-05-20,2025-06-10,14,-7.14,2025-05-20,Computex電腦展,2025
威盛,30,45,0,15,2025-05-20,2025-06-11,15,-3.5,2025-05-20,Computex電腦展,2025
威盛,30,46,0,16,2025-05-20,2025-06-12,16,-3.21,2025-05-20,Computex電腦展,2025
威盛,31,32,1,2,2025-05-21,2025-05-22,1,-2.44,2025-05-20,Computex電腦展,2025
威盛,31,33,1,3,2025-05-21,2025-05-23,2,-3.16,2025-05-20,Computex電腦展,2025
威盛,31,34,1,4,2025-05-21,2025-05-26,3,-3.02,2025-05-20,Computex電腦展,2025
威盛,31,35,1,5,2025-05-21,2025-05-27,4,-5.17,2025-05-20,Computex電腦展,2025
威盛,31,36,1,6,2025-05-21,2025-05-28,5,-5.17,2025-05-20,Computex電腦展,2025
威盛,31,37,1,7,2025-05-21,2025-05-29,6,-3.74,2025-05-20,Computex電腦展,2025
威盛,31,38,1,8,2025-05-21,2025-06-02,7,-9.77,2025-05-20,Computex電腦展,2025
威盛,31,39,1,9,2025-05-21,2025-06-03,8,-9.91,2025-05-20,Computex電腦展,2025
威盛,31,40,1,10,2025-05-21,2025-06-04,9,-7.9,2025-05-20,Computex電腦展,2025
威盛,31,41,1,11,2025-05-21,2025-06-05,10,-5.89,2025-05-20,Computex電腦展,2025
威盛,31,42,1,12,2025-05-21,2025-06-06,11,-6.03,2025-05-20,Computex電腦展,2025
威盛,31,43,1,13,2025-05-21,2025-06-09,12,-8.05,2025-05-20,Computex電腦展,2025
威盛,31,44,1,14,2025-05-21,2025-06-10,13,-8.48,2025-05-20,Computex電腦展,2025
威盛,31,45,1,15,2025-05-21,2025-06-11,14,-4.89,2025-05-20,Computex電腦展,2025
威盛,31,46,1,16,2025-05-21,2025-06-12,15,-4.6,2025-05-20,Computex電腦展,2025
威盛,32,33,2,3,2025-05-22,2025-05-23,1,-0.74,2025-05-20,Computex電腦展,2025
威盛,32,34,2,4,2025-05-22,2025-05-26,2,-0.59,2025-05-20,Computex電腦展,2025
威盛,32,35,2,5,2025-05-22,2025-05-27,3,-2.8,2025-05-20,Computex電腦展,2025
威盛,32,36,2,6,2025-05-22,2025-05-28,4,-2.8,2025-05-20,Computex電腦展,2025
威盛,32,37,2,7,2025-05-22,2025-05-29,5,-1.33,2025-05-20,Computex電腦展,2025
威盛,32,38,2,8,2025-05-22,2025-06-02,6,-7.51,2025-05-20,Computex電腦展,2025
威盛,32,39,2,9,2025-05-22,2025-06-03,7,-7.66,2025-05-20,Computex電腦展,2025
威盛,32,40,2,10,2025-05-22,2025-06-04,8,-5.6,2025-05-20,Computex電腦展,2025
威盛,32,41,2,11,2025-05-22,2025-06-05,9,-3.53,2025-05-20,Computex電腦展,2025
威盛,32,42,2,12,2025-05-22,2025-06-06,10,-3.68,2025-05-20,Computex電腦展,2025
威盛,32,43,2,13,2025-05-22,2025-06-09,11,-5.74,2025-05-20,Computex電腦展,2025
威盛,32,44,2,14,2025-05-22,2025-06-10,12,-6.19,2025-05-20,Computex電腦展,2025
威盛,32,45,2,15,2025-05-22,2025-06-11,13,-2.5,2025-05-20,Computex電腦展,2025
威盛,32,46,2,16,2025-05-22,2025-06-12,14,-2.21,2025-05-20,Computex電腦展,2025
威盛,33,34,3,4,2025-05-23,2025-05-26,1,0.15,2025-05-20,Computex電腦展,2025
威盛,33,35,3,5,2025-05-23,2025-05-27,2,-2.08,2025-05-20,Computex電腦展,2025
威盛,33,36,3,6,2025-05-23,2025-05-28,3,-2.08,2025-05-20,Computex電腦展,2025
威盛,33,37,3,7,2025-05-23,2025-05-29,4,-0.59,2025-05-20,Computex電腦展,2025
威盛,33,38,3,8,2025-05-23,2025-06-02,5,-6.82,2025-05-20,Computex電腦展,2025
威盛,33,39,3,9,2025-05-23,2025-06-03,6,-6.97,2025-05-20,Computex電腦展,2025
威盛,33,40,3,10,2025-05-23,2025-06-04,7,-4.9,2025-05-20,Computex電腦展,2025
威盛,33,41,3,11,2025-05-23,2025-06-05,8,-2.82,2025-05-20,Computex電腦展,2025
威盛,33,42,3,12,2025-05-23,2025-06-06,9,-2.97,2025-05-20,Computex電腦展,2025
威盛,33,43,3,13,2025-05-23,2025-06-09,10,-5.04,2025-05-20,Computex電腦展,2025
威盛,33,44,3,14,2025-05-23,2025-06-10,11,-5.49,2025-05-20,Computex電腦展,2025
威盛,33,45,3,15,2025-05-23,2025-06-11,12,-1.78,2025-05-20,Computex電腦展,2025
威盛,33,46,3,16,2025-05-23,2025-06-12,13,-1.48,2025-05-20,Computex電腦展,2025
威盛,34,35,4,5,2025-05-26,2025-05-27,1,-2.22,2025-05-20,Computex電腦展,2025
威盛,34,36,4,6,2025-05-26,2025-05-28,2,-2.22,2025-05-20,Computex電腦展,2025
威盛,34,37,4,7,2025-05-26,2025-05-29,3,-0.74,2025-05-20,Computex電腦展,2025
威盛,34,38,4,8,2025-05-26,2025-06-02,4,-6.96,2025-05-20,Computex電腦展,2025
威盛,34,39,4,9,2025-05-26,2025-06-03,5,-7.11,2025-05-20,Computex電腦展,2025
威盛,34,40,4,10,2025-05-26,2025-06-04,6,-5.04,2025-05-20,Computex電腦展,2025
威盛,34,41,4,11,2025-05-26,2025-06-05,7,-2.96,2025-05-20,Computex電腦展,2025
威盛,34,42,4,12,2025-05-26,2025-06-06,8,-3.11,2025-05-20,Computex電腦展,2025
威盛,34,43,4,13,2025-05-26,2025-06-09,9,-5.19,2025-05-20,Computex電腦展,2025
威盛,34,44,4,14,2025-05-26,2025-06-10,10,-5.63,2025-05-20,Computex電腦展,2025
威盛,34,45,4,15,2025-05-26,2025-06-11,11,-1.93,2025-05-20,Computex電腦展,2025
威盛,34,46,4,16,2025-05-26,2025-06-12,12,-1.63,2025-05-20,Computex電腦展,2025
威盛,35,36,5,6,2025-05-27,2025-05-28,1,0.0,2025-05-20,Computex電腦展,2025
威盛,35,37,5,7,2025-05-27,2025-05-29,2,1.52,2025-05-20,Computex電腦展,2025
威盛,35,38,5,8,2025-05-27,2025-06-02,3,-4.85,2025-05-20,Computex電腦展,2025
威盛,35,39,5,9,2025-05-27,2025-06-03,4,-5.0,2025-05-20,Computex電腦展,2025
威盛,35,40,5,10,2025-05-27,2025-06-04,5,-2.88,2025-05-20,Computex電腦展,2025
威盛,35,41,5,11,2025-05-27,2025-06-05,6,-0.76,2025-05-20,Computex電腦展,2025
威盛,35,42,5,12,2025-05-27,2025-06-06,7,-0.91,2025-05-20,Computex電腦展,2025
威盛,35,43,5,13,2025-05-27,2025-06-09,8,-3.03,2025-05-20,Computex電腦展,2025
威盛,35,44,5,14,2025-05-27,2025-06-10,9,-3.48,2025-05-20,Computex電腦展,2025
威盛,35,45,5,15,2025-05-27,2025-06-11,10,0.3,2025-05-20,Computex電腦展,2025
威盛,35,46,5,16,2025-05-27,2025-06-12,11,0.61,2025-05-20,Computex電腦展,2025
威盛,36,37,6,7,2025-05-28,2025-05-29,1,1.52,2025-05-20,Computex電腦展,2025
威盛,36,38,6,8,2025-05-28,2025-06-02,2,-4.85,2025-05-20,Computex電腦展,2025
威盛,36,39,6,9,2025-05-28,2025-06-03,3,-5.0,2025-05-20,Computex電腦展,2025
威盛,36,40,6,10,2025-05-28,2025-06-04,4,-2.88,2025-05-20,Computex電腦展,2025
威盛,36,41,6,11,2025-05-28,2025-06-05,5,-0.76,2025-05-20,Computex電腦展,2025
威盛,36,42,6,12,2025-05-28,2025-06-06,6,-0.91,2025-05-20,Computex電腦展,2025
威盛,36,43,6,13,2025-05-28,2025-06-09,7,-3.03,2025-05-20,Computex電腦展,2025
威盛,36,44,6,14,2025-05-28,2025-06-10,8,-3.48,2025-05-20,Computex電腦展,2025
威盛,36,45,6,15,2025-05-28,2025-06-11,9,0.3,2025-05-20,Computex電腦展,2025
威盛,36,46,6,16,2025-05-28,2025-06-12,10,0.61,2025-05-20,Computex電腦展,2025
威盛,37,38,7,8,2025-05-29,2025-06-02,1,-6.27,2025-05-20,Computex電腦展,2025
威盛,37,39,7,9,2025-05-29,2025-06-03,2,-6.42,2025-05-20,Computex電腦展,2025
威盛,37,40,7,10,2025-05-29,2025-06-04,3,-4.33,2025-05-20,Computex電腦展,2025
威盛,37,41,7,11,2025-05-29,2025-06-05,4,-2.24,2025-05-20,Computex電腦展,2025
威盛,37,42,7,12,2025-05-29,2025-06-06,5,-2.39,2025-05-20,Computex電腦展,2025
威盛,37,43,7,13,2025-05-29,2025-06-09,6,-4.48,2025-05-20,Computex電腦展,2025
威盛,37,44,7,14,2025-05-29,2025-06-10,7,-4.93,2025-05-20,Computex電腦展,2025
威盛,37,45,7,15,2025-05-29,2025-06-11,8,-1.19,2025-05-20,Computex電腦展,2025
威盛,37,46,7,16,2025-05-29,2025-06-12,9,-0.9,2025-05-20,Computex電腦展,2025
威盛,38,39,8,9,2025-06-02,2025-06-03,1,-0.16,2025-05-20,Computex電腦展,2025
威盛,38,40,8,10,2025-06-02,2025-06-04,2,2.07,2025-05-20,Computex電腦展,2025
威盛,38,41,8,11,2025-06-02,2025-06-05,3,4.3,2025-05-20,Computex電腦展,2025
威盛,38,42,8,12,2025-06-02,2025-06-06,4,4.14,2025-05-20,Computex電腦展,2025
威盛,38,43,8,13,2025-06-02,2025-06-09,5,1.91,2025-05-20,Computex電腦展,2025
威盛,38,44,8,14,2025-06-02,2025-06-10,6,1.43,2025-05-20,Computex電腦展,2025
威盛,38,45,8,15,2025-06-02,2025-06-11,7,5.41,2025-05-20,Computex電腦展,2025
威盛,38,46,8,16,2025-06-02,2025-06-12,8,5.73,2025-05-20,Computex電腦展,2025
威盛,39,40,9,10,2025-06-03,2025-06-04,1,2.23,2025-05-20,Computex電腦展,2025
威盛,39,41,9,11,2025-06-03,2025-06-05,2,4.47,2025-05-20,Computex電腦展,2025
威盛,39,42,9,12,2025-06-03,2025-06-06,3,4.31,2025-05-20,Computex電腦展,2025
威盛,39,43,9,13,2025-06-03,2025-06-09,4,2.07,2025-05-20,Computex電腦展,2025
威盛,39,44,9,14,2025-06-03,2025-06-10,5,1.59,2025-05-20,Computex電腦展,2025
威盛,39,45,9,15,2025-06-03,2025-06-11,6,5.58,2025-05-20,Computex電腦展,2025
威盛,39,46,9,16,2025-06-03,2025-06-12,7,5.9,2025-05-20,Computex電腦展,2025
威盛,40,41,10,11,2025-06-04,2025-06-05,1,2.18,2025-05-20,Computex電腦展,2025
威盛,40,42,10,12,2025-06-04,2025-06-06,2,2.03,2025-05-20,Computex電腦展,2025
威盛,40,43,10,13,2025-06-04,2025-06-09,3,-0.16,2025-05-20,Computex電腦展,2025
威盛,40,44,10,14,2025-06-04,2025-06-10,4,-0.62,2025-05-20,Computex電腦展,2025
威盛,40,45,10,15,2025-06-04,2025-06-11,5,3.28,2025-05-20,Computex電腦展,2025
威盛,40,46,10,16,2025-06-04,2025-06-12,6,3.59,2025-05-20,Computex電腦展,2025
威盛,41,42,11,12,2025-06-05,2025-06-06,1,-0.15,2025-05-20,Computex電腦展,2025
威盛,41,43,11,13,2025-06-05,2025-06-09,2,-2.29,2025-05-20,Computex電腦展,2025
威盛,41,44,11,14,2025-06-05,2025-06-10,3,-2.75,2025-05-20,Computex電腦展,2025
威盛,41,45,11,15,2025-06-05,2025-06-11,4,1.07,2025-05-20,Computex電腦展,2025
威盛,41,46,11,16,2025-06-05,2025-06-12,5,1.37,2025-05-20,Computex電腦展,2025
威盛,42,43,12,13,2025-06-06,2025-06-09,1,-2.14,2025-05-20,Computex電腦展,2025
威盛,42,44,12,14,2025-06-06,2025-06-10,2,-2.6,2025-05-20,Computex電腦展,2025
威盛,42,45,12,15,2025-06-06,2025-06-11,3,1.22,2025-05-20,Computex電腦展,2025
威盛,42,46,12,16,2025-06-06,2025-06-12,4,1.53,2025-05-20,Computex電腦展,2025
威盛,43,44,13,14,2025-06-09,2025-06-10,1,-0.47,2025-05-20,Computex電腦展,2025
威盛,43,45,13,15,2025-06-09,2025-06-11,2,3.44,2025-05-20,Computex電腦展,2025
威盛,43,46,13,16,2025-06-09,2025-06-12,3,3.75,2025-05-20,Computex電腦展,2025
威盛,44,45,14,15,2025-06-10,2025-06-11,1,3.92,2025-05-20,Computex電腦展,2025
威盛,44,46,14,16,2025-06-10,2025-06-12,2,4.24,2025-05-20,Computex電腦展,2025
威盛,45,46,15,16,2025-06-11,2025-06-12,1,0.3,2025-05-20,Computex電腦展,2025
迎廣,0,1,-30,-29,2025-04-07,2025-04-08,1,-9.9,2025-05-20,Computex電腦展,2025
迎廣,0,2,-30,-28,2025-04-07,2025-04-09,2,-18.89,2025-05-20,Computex電腦展,2025
迎廣,0,3,-30,-27,2025-04-07,2025-04-10,3,-10.8,2025-05-20,Computex電腦展,2025
迎廣,0,4,-30,-26,2025-04-07,2025-04-11,4,-8.1,2025-05-20,Computex電腦展,2025
迎廣,0,5,-30,-25,2025-04-07,2025-04-14,5,-4.11,2025-05-20,Computex電腦展,2025
迎廣,0,6,-30,-24,2025-04-07,2025-04-15,6,2.96,2025-05-20,Computex電腦展,2025
迎廣,0,7,-30,-23,2025-04-07,2025-04-16,7,-1.29,2025-05-20,Computex電腦展,2025
迎廣,0,8,-30,-22,2025-04-07,2025-04-17,8,-0.39,2025-05-20,Computex電腦展,2025
迎廣,0,9,-30,-21,2025-04-07,2025-04-18,9,1.67,2025-05-20,Computex電腦展,2025
迎廣,0,10,-30,-20,2025-04-07,2025-04-21,10,-2.57,2025-05-20,Computex電腦展,2025
迎廣,0,11,-30,-19,2025-04-07,2025-04-22,11,0.13,2025-05-20,Computex電腦展,2025
迎廣,0,12,-30,-18,2025-04-07,2025-04-23,12,2.19,2025-05-20,Computex電腦展,2025
迎廣,0,13,-30,-17,2025-04-07,2025-04-24,13,0.13,2025-05-20,Computex電腦展,2025
迎廣,0,14,-30,-16,2025-04-07,2025-04-25,14,4.11,2025-05-20,Computex電腦展,2025
迎廣,0,15,-30,-15,2025-04-07,2025-04-28,15,7.46,2025-05-20,Computex電腦展,2025
迎廣,0,16,-30,-14,2025-04-07,2025-04-29,16,8.48,2025-05-20,Computex電腦展,2025
迎廣,0,17,-30,-13,2025-04-07,2025-04-30,17,5.78,2025-05-20,Computex電腦展,2025
迎廣,0,18,-30,-12,2025-04-07,2025-05-02,18,7.07,2025-05-20,Computex電腦展,2025
迎廣,0,19,-30,-11,2025-04-07,2025-05-05,19,-0.9,2025-05-20,Computex電腦展,2025
迎廣,0,20,-30,-10,2025-04-07,2025-05-06,20,1.16,2025-05-20,Computex電腦展,2025
迎廣,0,21,-30,-9,2025-04-07,2025-05-07,21,-0.13,2025-05-20,Computex電腦展,2025
迎廣,0,22,-30,-8,2025-04-07,2025-05-08,22,1.41,2025-05-20,Computex電腦展,2025
迎廣,0,23,-30,-7,2025-04-07,2025-05-09,23,3.47,2025-05-20,Computex電腦展,2025
迎廣,0,24,-30,-6,2025-04-07,2025-05-12,24,5.78,2025-05-20,Computex電腦展,2025
迎廣,0,25,-30,-5,2025-04-07,2025-05-13,25,8.1,2025-05-20,Computex電腦展,2025
迎廣,0,26,-30,-4,2025-04-07,2025-05-14,26,18.89,2025-05-20,Computex電腦展,2025
迎廣,0,27,-30,-3,2025-04-07,2025-05-15,27,18.25,2025-05-20,Computex電腦展,2025
迎廣,0,28,-30,-2,2025-04-07,2025-05-16,28,17.22,2025-05-20,Computex電腦展,2025
迎廣,0,29,-30,-1,2025-04-07,2025-05-19,29,17.22,2025-05-20,Computex電腦展,2025
迎廣,0,30,-30,0,2025-04-07,2025-05-20,30,21.72,2025-05-20,Computex電腦展,2025
迎廣,0,31,-30,1,2025-04-07,2025-05-21,31,23.52,2025-05-20,Computex電腦展,2025
迎廣,0,32,-30,2,2025-04-07,2025-05-22,32,20.31,2025-05-20,Computex電腦展,2025
迎廣,0,33,-30,3,2025-04-07,2025-05-23,33,21.72,2025-05-20,Computex電腦展,2025
迎廣,0,34,-30,4,2025-04-07,2025-05-26,34,22.37,2025-05-20,Computex電腦展,2025
迎廣,0,35,-30,5,2025-04-07,2025-05-27,35,29.18,2025-05-20,Computex電腦展,2025
迎廣,0,36,-30,6,2025-04-07,2025-05-28,36,29.18,2025-05-20,Computex電腦展,2025
迎廣,0,37,-30,7,2025-04-07,2025-05-29,37,21.59,2025-05-20,Computex電腦展,2025
迎廣,0,38,-30,8,2025-04-07,2025-06-02,38,19.02,2025-05-20,Computex電腦展,2025
迎廣,0,39,-30,9,2025-04-07,2025-06-03,39,17.99,2025-05-20,Computex電腦展,2025
迎廣,0,40,-30,10,2025-04-07,2025-06-04,40,21.59,2025-05-20,Computex電腦展,2025
迎廣,0,41,-30,11,2025-04-07,2025-06-05,41,20.57,2025-05-20,Computex電腦展,2025
迎廣,0,42,-30,12,2025-04-07,2025-06-06,42,21.72,2025-05-20,Computex電腦展,2025
迎廣,0,43,-30,13,2025-04-07,2025-06-09,43,24.04,2025-05-20,Computex電腦展,2025
迎廣,0,44,-30,14,2025-04-07,2025-06-10,44,29.82,2025-05-20,Computex電腦展,2025
迎廣,0,45,-30,15,2025-04-07,2025-06-11,45,27.25,2025-05-20,Computex電腦展,2025
迎廣,0,46,-30,16,2025-04-07,2025-06-12,46,26.09,2025-05-20,Computex電腦展,2025
迎廣,1,2,-29,-28,2025-04-08,2025-04-09,1,-9.99,2025-05-20,Computex電腦展,2025
迎廣,1,3,-29,-27,2025-04-08,2025-04-10,2,-1.0,2025-05-20,Computex電腦展,2025
迎廣,1,4,-29,-26,2025-04-08,2025-04-11,3,2.0,2025-05-20,Computex電腦展,2025
迎廣,1,5,-29,-25,2025-04-08,2025-04-14,4,6.42,2025-05-20,Computex電腦展,2025
迎廣,1,6,-29,-24,2025-04-08,2025-04-15,5,14.27,2025-05-20,Computex電腦展,2025
迎廣,1,7,-29,-23,2025-04-08,2025-04-16,6,9.56,2025-05-20,Computex電腦展,2025
迎廣,1,8,-29,-22,2025-04-08,2025-04-17,7,10.56,2025-05-20,Computex電腦展,2025
迎廣,1,9,-29,-21,2025-04-08,2025-04-18,8,12.84,2025-05-20,Computex電腦展,2025
迎廣,1,10,-29,-20,2025-04-08,2025-04-21,9,8.13,2025-05-20,Computex電腦展,2025
迎廣,1,11,-29,-19,2025-04-08,2025-04-22,10,11.13,2025-05-20,Computex電腦展,2025
迎廣,1,12,-29,-18,2025-04-08,2025-04-23,11,13.41,2025-05-20,Computex電腦展,2025
迎廣,1,13,-29,-17,2025-04-08,2025-04-24,12,11.13,2025-05-20,Computex電腦展,2025
迎廣,1,14,-29,-16,2025-04-08,2025-04-25,13,15.55,2025-05-20,Computex電腦展,2025
迎廣,1,15,-29,-15,2025-04-08,2025-04-28,14,19.26,2025-05-20,Computex電腦展,2025
迎廣,1,16,-29,-14,2025-04-08,2025-04-29,15,20.4,2025-05-20,Computex電腦展,2025
迎廣,1,17,-29,-13,2025-04-08,2025-04-30,16,17.4,2025-05-20,Computex電腦展,2025
迎廣,1,18,-29,-12,2025-04-08,2025-05-02,17,18.83,2025-05-20,Computex電腦展,2025
迎廣,1,19,-29,-11,2025-04-08,2025-05-05,18,9.99,2025-05-20,Computex電腦展,2025
迎廣,1,20,-29,-10,2025-04-08,2025-05-06,19,12.27,2025-05-20,Computex電腦展,2025
迎廣,1,21,-29,-9,2025-04-08,2025-05-07,20,10.84,2025-05-20,Computex電腦展,2025
迎廣,1,22,-29,-8,2025-04-08,2025-05-08,21,12.55,2025-05-20,Computex電腦展,2025
迎廣,1,23,-29,-7,2025-04-08,2025-05-09,22,14.84,2025-05-20,Computex電腦展,2025
迎廣,1,24,-29,-6,2025-04-08,2025-05-12,23,17.4,2025-05-20,Computex電腦展,2025
迎廣,1,25,-29,-5,2025-04-08,2025-05-13,24,19.97,2025-05-20,Computex電腦展,2025
迎廣,1,26,-29,-4,2025-04-08,2025-05-14,25,31.95,2025-05-20,Computex電腦展,2025
迎廣,1,27,-29,-3,2025-04-08,2025-05-15,26,31.24,2025-05-20,Computex電腦展,2025
迎廣,1,28,-29,-2,2025-04-08,2025-05-16,27,30.1,2025-05-20,Computex電腦展,2025
迎廣,1,29,-29,-1,2025-04-08,2025-05-19,28,30.1,2025-05-20,Computex電腦展,2025
迎廣,1,30,-29,0,2025-04-08,2025-05-20,29,35.09,2025-05-20,Computex電腦展,2025
迎廣,1,31,-29,1,2025-04-08,2025-05-21,30,37.09,2025-05-20,Computex電腦展,2025
迎廣,1,32,-29,2,2025-04-08,2025-05-22,31,33.52,2025-05-20,Computex電腦展,2025
迎廣,1,33,-29,3,2025-04-08,2025-05-23,32,35.09,2025-05-20,Computex電腦展,2025
迎廣,1,34,-29,4,2025-04-08,2025-05-26,33,35.81,2025-05-20,Computex電腦展,2025
迎廣,1,35,-29,5,2025-04-08,2025-05-27,34,43.37,2025-05-20,Computex電腦展,2025
迎廣,1,36,-29,6,2025-04-08,2025-05-28,35,43.37,2025-05-20,Computex電腦展,2025
迎廣,1,37,-29,7,2025-04-08,2025-05-29,36,34.95,2025-05-20,Computex電腦展,2025
迎廣,1,38,-29,8,2025-04-08,2025-06-02,37,32.1,2025-05-20,Computex電腦展,2025
迎廣,1,39,-29,9,2025-04-08,2025-06-03,38,30.96,2025-05-20,Computex電腦展,2025
迎廣,1,40,-29,10,2025-04-08,2025-06-04,39,34.95,2025-05-20,Computex電腦展,2025
迎廣,1,41,-29,11,2025-04-08,2025-06-05,40,33.81,2025-05-20,Computex電腦展,2025
迎廣,1,42,-29,12,2025-04-08,2025-06-06,41,35.09,2025-05-20,Computex電腦展,2025
迎廣,1,43,-29,13,2025-04-08,2025-06-09,42,37.66,2025-05-20,Computex電腦展,2025
迎廣,1,44,-29,14,2025-04-08,2025-06-10,43,44.08,2025-05-20,Computex電腦展,2025
迎廣,1,45,-29,15,2025-04-08,2025-06-11,44,41.23,2025-05-20,Computex電腦展,2025
迎廣,1,46,-29,16,2025-04-08,2025-06-12,45,39.94,2025-05-20,Computex電腦展,2025
迎廣,2,3,-28,-27,2025-04-09,2025-04-10,1,9.98,2025-05-20,Computex電腦展,2025
迎廣,2,4,-28,-26,2025-04-09,2025-04-11,2,13.31,2025-05-20,Computex電腦展,2025
迎廣,2,5,-28,-25,2025-04-09,2025-04-14,3,18.23,2025-05-20,Computex電腦展,2025
迎廣,2,6,-28,-24,2025-04-09,2025-04-15,4,26.94,2025-05-20,Computex電腦展,2025
迎廣,2,7,-28,-23,2025-04-09,2025-04-16,5,21.71,2025-05-20,Computex電腦展,2025
迎廣,2,8,-28,-22,2025-04-09,2025-04-17,6,22.82,2025-05-20,Computex電腦展,2025
迎廣,2,9,-28,-21,2025-04-09,2025-04-18,7,25.36,2025-05-20,Computex電腦展,2025
迎廣,2,10,-28,-20,2025-04-09,2025-04-21,8,20.13,2025-05-20,Computex電腦展,2025
迎廣,2,11,-28,-19,2025-04-09,2025-04-22,9,23.45,2025-05-20,Computex電腦展,2025
迎廣,2,12,-28,-18,2025-04-09,2025-04-23,10,25.99,2025-05-20,Computex電腦展,2025
迎廣,2,13,-28,-17,2025-04-09,2025-04-24,11,23.45,2025-05-20,Computex電腦展,2025
迎廣,2,14,-28,-16,2025-04-09,2025-04-25,12,28.37,2025-05-20,Computex電腦展,2025
迎廣,2,15,-28,-15,2025-04-09,2025-04-28,13,32.49,2025-05-20,Computex電腦展,2025
迎廣,2,16,-28,-14,2025-04-09,2025-04-29,14,33.76,2025-05-20,Computex電腦展,2025
迎廣,2,17,-28,-13,2025-04-09,2025-04-30,15,30.43,2025-05-20,Computex電腦展,2025
迎廣,2,18,-28,-12,2025-04-09,2025-05-02,16,32.01,2025-05-20,Computex電腦展,2025
迎廣,2,19,-28,-11,2025-04-09,2025-05-05,17,22.19,2025-05-20,Computex電腦展,2025
迎廣,2,20,-28,-10,2025-04-09,2025-05-06,18,24.72,2025-05-20,Computex電腦展,2025
迎廣,2,21,-28,-9,2025-04-09,2025-05-07,19,23.14,2025-05-20,Computex電腦展,2025
迎廣,2,22,-28,-8,2025-04-09,2025-05-08,20,25.04,2025-05-20,Computex電腦展,2025
迎廣,2,23,-28,-7,2025-04-09,2025-05-09,21,27.58,2025-05-20,Computex電腦展,2025
迎廣,2,24,-28,-6,2025-04-09,2025-05-12,22,30.43,2025-05-20,Computex電腦展,2025
迎廣,2,25,-28,-5,2025-04-09,2025-05-13,23,33.28,2025-05-20,Computex電腦展,2025
迎廣,2,26,-28,-4,2025-04-09,2025-05-14,24,46.59,2025-05-20,Computex電腦展,2025
迎廣,2,27,-28,-3,2025-04-09,2025-05-15,25,45.8,2025-05-20,Computex電腦展,2025
迎廣,2,28,-28,-2,2025-04-09,2025-05-16,26,44.53,2025-05-20,Computex電腦展,2025
迎廣,2,29,-28,-1,2025-04-09,2025-05-19,27,44.53,2025-05-20,Computex電腦展,2025
迎廣,2,30,-28,0,2025-04-09,2025-05-20,28,50.08,2025-05-20,Computex電腦展,2025
迎廣,2,31,-28,1,2025-04-09,2025-05-21,29,52.3,2025-05-20,Computex電腦展,2025
迎廣,2,32,-28,2,2025-04-09,2025-05-22,30,48.34,2025-05-20,Computex電腦展,2025
迎廣,2,33,-28,3,2025-04-09,2025-05-23,31,50.08,2025-05-20,Computex電腦展,2025
迎廣,2,34,-28,4,2025-04-09,2025-05-26,32,50.87,2025-05-20,Computex電腦展,2025
迎廣,2,35,-28,5,2025-04-09,2025-05-27,33,59.27,2025-05-20,Computex電腦展,2025
迎廣,2,36,-28,6,2025-04-09,2025-05-28,34,59.27,2025-05-20,Computex電腦展,2025
迎廣,2,37,-28,7,2025-04-09,2025-05-29,35,49.92,2025-05-20,Computex電腦展,2025
迎廣,2,38,-28,8,2025-04-09,2025-06-02,36,46.75,2025-05-20,Computex電腦展,2025
迎廣,2,39,-28,9,2025-04-09,2025-06-03,37,45.48,2025-05-20,Computex電腦展,2025
迎廣,2,40,-28,10,2025-04-09,2025-06-04,38,49.92,2025-05-20,Computex電腦展,2025
迎廣,2,41,-28,11,2025-04-09,2025-06-05,39,48.65,2025-05-20,Computex電腦展,2025
迎廣,2,42,-28,12,2025-04-09,2025-06-06,40,50.08,2025-05-20,Computex電腦展,2025
迎廣,2,43,-28,13,2025-04-09,2025-06-09,41,52.93,2025-05-20,Computex電腦展,2025
迎廣,2,44,-28,14,2025-04-09,2025-06-10,42,60.06,2025-05-20,Computex電腦展,2025
迎廣,2,45,-28,15,2025-04-09,2025-06-11,43,56.89,2025-05-20,Computex電腦展,2025
迎廣,2,46,-28,16,2025-04-09,2025-06-12,44,55.47,2025-05-20,Computex電腦展,2025
迎廣,3,4,-27,-26,2025-04-10,2025-04-11,1,3.03,2025-05-20,Computex電腦展,2025
迎廣,3,5,-27,-25,2025-04-10,2025-04-14,2,7.49,2025-05-20,Computex電腦展,2025
迎廣,3,6,-27,-24,2025-04-10,2025-04-15,3,15.42,2025-05-20,Computex電腦展,2025
迎廣,3,7,-27,-23,2025-04-10,2025-04-16,4,10.66,2025-05-20,Computex電腦展,2025
迎廣,3,8,-27,-22,2025-04-10,2025-04-17,5,11.67,2025-05-20,Computex電腦展,2025
迎廣,3,9,-27,-21,2025-04-10,2025-04-18,6,13.98,2025-05-20,Computex電腦展,2025
迎廣,3,10,-27,-20,2025-04-10,2025-04-21,7,9.22,2025-05-20,Computex電腦展,2025
迎廣,3,11,-27,-19,2025-04-10,2025-04-22,8,12.25,2025-05-20,Computex電腦展,2025
迎廣,3,12,-27,-18,2025-04-10,2025-04-23,9,14.55,2025-05-20,Computex電腦展,2025
迎廣,3,13,-27,-17,2025-04-10,2025-04-24,10,12.25,2025-05-20,Computex電腦展,2025
迎廣,3,14,-27,-16,2025-04-10,2025-04-25,11,16.71,2025-05-20,Computex電腦展,2025
迎廣,3,15,-27,-15,2025-04-10,2025-04-28,12,20.46,2025-05-20,Computex電腦展,2025
迎廣,3,16,-27,-14,2025-04-10,2025-04-29,13,21.61,2025-05-20,Computex電腦展,2025
迎廣,3,17,-27,-13,2025-04-10,2025-04-30,14,18.59,2025-05-20,Computex電腦展,2025
迎廣,3,18,-27,-12,2025-04-10,2025-05-02,15,20.03,2025-05-20,Computex電腦展,2025
迎廣,3,19,-27,-11,2025-04-10,2025-05-05,16,11.1,2025-05-20,Computex電腦展,2025
迎廣,3,20,-27,-10,2025-04-10,2025-05-06,17,13.4,2025-05-20,Computex電腦展,2025
迎廣,3,21,-27,-9,2025-04-10,2025-05-07,18,11.96,2025-05-20,Computex電腦展,2025
迎廣,3,22,-27,-8,2025-04-10,2025-05-08,19,13.69,2025-05-20,Computex電腦展,2025
迎廣,3,23,-27,-7,2025-04-10,2025-05-09,20,15.99,2025-05-20,Computex電腦展,2025
迎廣,3,24,-27,-6,2025-04-10,2025-05-12,21,18.59,2025-05-20,Computex電腦展,2025
迎廣,3,25,-27,-5,2025-04-10,2025-05-13,22,21.18,2025-05-20,Computex電腦展,2025
迎廣,3,26,-27,-4,2025-04-10,2025-05-14,23,33.29,2025-05-20,Computex電腦展,2025
迎廣,3,27,-27,-3,2025-04-10,2025-05-15,24,32.56,2025-05-20,Computex電腦展,2025
迎廣,3,28,-27,-2,2025-04-10,2025-05-16,25,31.41,2025-05-20,Computex電腦展,2025
迎廣,3,29,-27,-1,2025-04-10,2025-05-19,26,31.41,2025-05-20,Computex電腦展,2025
迎廣,3,30,-27,0,2025-04-10,2025-05-20,27,36.46,2025-05-20,Computex電腦展,2025
迎廣,3,31,-27,1,2025-04-10,2025-05-21,28,38.47,2025-05-20,Computex電腦展,2025
迎廣,3,32,-27,2,2025-04-10,2025-05-22,29,34.87,2025-05-20,Computex電腦展,2025
迎廣,3,33,-27,3,2025-04-10,2025-05-23,30,36.46,2025-05-20,Computex電腦展,2025
迎廣,3,34,-27,4,2025-04-10,2025-05-26,31,37.18,2025-05-20,Computex電腦展,2025
迎廣,3,35,-27,5,2025-04-10,2025-05-27,32,44.81,2025-05-20,Computex電腦展,2025
迎廣,3,36,-27,6,2025-04-10,2025-05-28,33,44.81,2025-05-20,Computex電腦展,2025
迎廣,3,37,-27,7,2025-04-10,2025-05-29,34,36.31,2025-05-20,Computex電腦展,2025
迎廣,3,38,-27,8,2025-04-10,2025-06-02,35,33.43,2025-05-20,Computex電腦展,2025
迎廣,3,39,-27,9,2025-04-10,2025-06-03,36,32.28,2025-05-20,Computex電腦展,2025
迎廣,3,40,-27,10,2025-04-10,2025-06-04,37,36.31,2025-05-20,Computex電腦展,2025
迎廣,3,41,-27,11,2025-04-10,2025-06-05,38,35.16,2025-05-20,Computex電腦展,2025
迎廣,3,42,-27,12,2025-04-10,2025-06-06,39,36.46,2025-05-20,Computex電腦展,2025
迎廣,3,43,-27,13,2025-04-10,2025-06-09,40,39.05,2025-05-20,Computex電腦展,2025
迎廣,3,44,-27,14,2025-04-10,2025-06-10,41,45.53,2025-05-20,Computex電腦展,2025
迎廣,3,45,-27,15,2025-04-10,2025-06-11,42,42.65,2025-05-20,Computex電腦展,2025
迎廣,3,46,-27,16,2025-04-10,2025-06-12,43,41.35,2025-05-20,Computex電腦展,2025
迎廣,4,5,-26,-25,2025-04-11,2025-04-14,1,4.34,2025-05-20,Computex電腦展,2025
迎廣,4,6,-26,-24,2025-04-11,2025-04-15,2,12.03,2025-05-20,Computex電腦展,2025
迎廣,4,7,-26,-23,2025-04-11,2025-04-16,3,7.41,2025-05-20,Computex電腦展,2025
迎廣,4,8,-26,-22,2025-04-11,2025-04-17,4,8.39,2025-05-20,Computex電腦展,2025
迎廣,4,9,-26,-21,2025-04-11,2025-04-18,5,10.63,2025-05-20,Computex電腦展,2025
迎廣,4,10,-26,-20,2025-04-11,2025-04-21,6,6.01,2025-05-20,Computex電腦展,2025
迎廣,4,11,-26,-19,2025-04-11,2025-04-22,7,8.95,2025-05-20,Computex電腦展,2025
迎廣,4,12,-26,-18,2025-04-11,2025-04-23,8,11.19,2025-05-20,Computex電腦展,2025
迎廣,4,13,-26,-17,2025-04-11,2025-04-24,9,8.95,2025-05-20,Computex電腦展,2025
迎廣,4,14,-26,-16,2025-04-11,2025-04-25,10,13.29,2025-05-20,Computex電腦展,2025
迎廣,4,15,-26,-15,2025-04-11,2025-04-28,11,16.92,2025-05-20,Computex電腦展,2025
迎廣,4,16,-26,-14,2025-04-11,2025-04-29,12,18.04,2025-05-20,Computex電腦展,2025
迎廣,4,17,-26,-13,2025-04-11,2025-04-30,13,15.1,2025-05-20,Computex電腦展,2025
迎廣,4,18,-26,-12,2025-04-11,2025-05-02,14,16.5,2025-05-20,Computex電腦展,2025
迎廣,4,19,-26,-11,2025-04-11,2025-05-05,15,7.83,2025-05-20,Computex電腦展,2025
迎廣,4,20,-26,-10,2025-04-11,2025-05-06,16,10.07,2025-05-20,Computex電腦展,2025
迎廣,4,21,-26,-9,2025-04-11,2025-05-07,17,8.67,2025-05-20,Computex電腦展,2025
迎廣,4,22,-26,-8,2025-04-11,2025-05-08,18,10.35,2025-05-20,Computex電腦展,2025
迎廣,4,23,-26,-7,2025-04-11,2025-05-09,19,12.59,2025-05-20,Computex電腦展,2025
迎廣,4,24,-26,-6,2025-04-11,2025-05-12,20,15.1,2025-05-20,Computex電腦展,2025
迎廣,4,25,-26,-5,2025-04-11,2025-05-13,21,17.62,2025-05-20,Computex電腦展,2025
迎廣,4,26,-26,-4,2025-04-11,2025-05-14,22,29.37,2025-05-20,Computex電腦展,2025
迎廣,4,27,-26,-3,2025-04-11,2025-05-15,23,28.67,2025-05-20,Computex電腦展,2025
迎廣,4,28,-26,-2,2025-04-11,2025-05-16,24,27.55,2025-05-20,Computex電腦展,2025
迎廣,4,29,-26,-1,2025-04-11,2025-05-19,25,27.55,2025-05-20,Computex電腦展,2025
迎廣,4,30,-26,0,2025-04-11,2025-05-20,26,32.45,2025-05-20,Computex電腦展,2025
迎廣,4,31,-26,1,2025-04-11,2025-05-21,27,34.41,2025-05-20,Computex電腦展,2025
迎廣,4,32,-26,2,2025-04-11,2025-05-22,28,30.91,2025-05-20,Computex電腦展,2025
迎廣,4,33,-26,3,2025-04-11,2025-05-23,29,32.45,2025-05-20,Computex電腦展,2025
迎廣,4,34,-26,4,2025-04-11,2025-05-26,30,33.15,2025-05-20,Computex電腦展,2025
迎廣,4,35,-26,5,2025-04-11,2025-05-27,31,40.56,2025-05-20,Computex電腦展,2025
迎廣,4,36,-26,6,2025-04-11,2025-05-28,32,40.56,2025-05-20,Computex電腦展,2025
迎廣,4,37,-26,7,2025-04-11,2025-05-29,33,32.31,2025-05-20,Computex電腦展,2025
迎廣,4,38,-26,8,2025-04-11,2025-06-02,34,29.51,2025-05-20,Computex電腦展,2025
迎廣,4,39,-26,9,2025-04-11,2025-06-03,35,28.39,2025-05-20,Computex電腦展,2025
迎廣,4,40,-26,10,2025-04-11,2025-06-04,36,32.31,2025-05-20,Computex電腦展,2025
迎廣,4,41,-26,11,2025-04-11,2025-06-05,37,31.19,2025-05-20,Computex電腦展,2025
迎廣,4,42,-26,12,2025-04-11,2025-06-06,38,32.45,2025-05-20,Computex電腦展,2025
迎廣,4,43,-26,13,2025-04-11,2025-06-09,39,34.97,2025-05-20,Computex電腦展,2025
迎廣,4,44,-26,14,2025-04-11,2025-06-10,40,41.26,2025-05-20,Computex電腦展,2025
迎廣,4,45,-26,15,2025-04-11,2025-06-11,41,38.46,2025-05-20,Computex電腦展,2025
迎廣,4,46,-26,16,2025-04-11,2025-06-12,42,37.2,2025-05-20,Computex電腦展,2025
迎廣,5,6,-25,-24,2025-04-14,2025-04-15,1,7.37,2025-05-20,Computex電腦展,2025
迎廣,5,7,-25,-23,2025-04-14,2025-04-16,2,2.95,2025-05-20,Computex電腦展,2025
迎廣,5,8,-25,-22,2025-04-14,2025-04-17,3,3.89,2025-05-20,Computex電腦展,2025
迎廣,5,9,-25,-21,2025-04-14,2025-04-18,4,6.03,2025-05-20,Computex電腦展,2025
迎廣,5,10,-25,-20,2025-04-14,2025-04-21,5,1.61,2025-05-20,Computex電腦展,2025
迎廣,5,11,-25,-19,2025-04-14,2025-04-22,6,4.42,2025-05-20,Computex電腦展,2025
迎廣,5,12,-25,-18,2025-04-14,2025-04-23,7,6.57,2025-05-20,Computex電腦展,2025
迎廣,5,13,-25,-17,2025-04-14,2025-04-24,8,4.42,2025-05-20,Computex電腦展,2025
迎廣,5,14,-25,-16,2025-04-14,2025-04-25,9,8.58,2025-05-20,Computex電腦展,2025
迎廣,5,15,-25,-15,2025-04-14,2025-04-28,10,12.06,2025-05-20,Computex電腦展,2025
迎廣,5,16,-25,-14,2025-04-14,2025-04-29,11,13.14,2025-05-20,Computex電腦展,2025
迎廣,5,17,-25,-13,2025-04-14,2025-04-30,12,10.32,2025-05-20,Computex電腦展,2025
迎廣,5,18,-25,-12,2025-04-14,2025-05-02,13,11.66,2025-05-20,Computex電腦展,2025
迎廣,5,19,-25,-11,2025-04-14,2025-05-05,14,3.35,2025-05-20,Computex電腦展,2025
迎廣,5,20,-25,-10,2025-04-14,2025-05-06,15,5.5,2025-05-20,Computex電腦展,2025
迎廣,5,21,-25,-9,2025-04-14,2025-05-07,16,4.16,2025-05-20,Computex電腦展,2025
迎廣,5,22,-25,-8,2025-04-14,2025-05-08,17,5.76,2025-05-20,Computex電腦展,2025
迎廣,5,23,-25,-7,2025-04-14,2025-05-09,18,7.91,2025-05-20,Computex電腦展,2025
迎廣,5,24,-25,-6,2025-04-14,2025-05-12,19,10.32,2025-05-20,Computex電腦展,2025
迎廣,5,25,-25,-5,2025-04-14,2025-05-13,20,12.73,2025-05-20,Computex電腦展,2025
迎廣,5,26,-25,-4,2025-04-14,2025-05-14,21,23.99,2025-05-20,Computex電腦展,2025
迎廣,5,27,-25,-3,2025-04-14,2025-05-15,22,23.32,2025-05-20,Computex電腦展,2025
迎廣,5,28,-25,-2,2025-04-14,2025-05-16,23,22.25,2025-05-20,Computex電腦展,2025
迎廣,5,29,-25,-1,2025-04-14,2025-05-19,24,22.25,2025-05-20,Computex電腦展,2025
迎廣,5,30,-25,0,2025-04-14,2025-05-20,25,26.94,2025-05-20,Computex電腦展,2025
迎廣,5,31,-25,1,2025-04-14,2025-05-21,26,28.82,2025-05-20,Computex電腦展,2025
迎廣,5,32,-25,2,2025-04-14,2025-05-22,27,25.47,2025-05-20,Computex電腦展,2025
迎廣,5,33,-25,3,2025-04-14,2025-05-23,28,26.94,2025-05-20,Computex電腦展,2025
迎廣,5,34,-25,4,2025-04-14,2025-05-26,29,27.61,2025-05-20,Computex電腦展,2025
迎廣,5,35,-25,5,2025-04-14,2025-05-27,30,34.72,2025-05-20,Computex電腦展,2025
迎廣,5,36,-25,6,2025-04-14,2025-05-28,31,34.72,2025-05-20,Computex電腦展,2025
迎廣,5,37,-25,7,2025-04-14,2025-05-29,32,26.81,2025-05-20,Computex電腦展,2025
迎廣,5,38,-25,8,2025-04-14,2025-06-02,33,24.13,2025-05-20,Computex電腦展,2025
迎廣,5,39,-25,9,2025-04-14,2025-06-03,34,23.06,2025-05-20,Computex電腦展,2025
迎廣,5,40,-25,10,2025-04-14,2025-06-04,35,26.81,2025-05-20,Computex電腦展,2025
迎廣,5,41,-25,11,2025-04-14,2025-06-05,36,25.74,2025-05-20,Computex電腦展,2025
迎廣,5,42,-25,12,2025-04-14,2025-06-06,37,26.94,2025-05-20,Computex電腦展,2025
迎廣,5,43,-25,13,2025-04-14,2025-06-09,38,29.36,2025-05-20,Computex電腦展,2025
迎廣,5,44,-25,14,2025-04-14,2025-06-10,39,35.39,2025-05-20,Computex電腦展,2025
迎廣,5,45,-25,15,2025-04-14,2025-06-11,40,32.71,2025-05-20,Computex電腦展,2025
迎廣,5,46,-25,16,2025-04-14,2025-06-12,41,31.5,2025-05-20,Computex電腦展,2025
迎廣,6,7,-24,-23,2025-04-15,2025-04-16,1,-4.12,2025-05-20,Computex電腦展,2025
迎廣,6,8,-24,-22,2025-04-15,2025-04-17,2,-3.25,2025-05-20,Computex電腦展,2025
迎廣,6,9,-24,-21,2025-04-15,2025-04-18,3,-1.25,2025-05-20,Computex電腦展,2025
迎廣,6,10,-24,-20,2025-04-15,2025-04-21,4,-5.37,2025-05-20,Computex電腦展,2025
迎廣,6,11,-24,-19,2025-04-15,2025-04-22,5,-2.75,2025-05-20,Computex電腦展,2025
迎廣,6,12,-24,-18,2025-04-15,2025-04-23,6,-0.75,2025-05-20,Computex電腦展,2025
迎廣,6,13,-24,-17,2025-04-15,2025-04-24,7,-2.75,2025-05-20,Computex電腦展,2025
迎廣,6,14,-24,-16,2025-04-15,2025-04-25,8,1.12,2025-05-20,Computex電腦展,2025
迎廣,6,15,-24,-15,2025-04-15,2025-04-28,9,4.37,2025-05-20,Computex電腦展,2025
迎廣,6,16,-24,-14,2025-04-15,2025-04-29,10,5.37,2025-05-20,Computex電腦展,2025
迎廣,6,17,-24,-13,2025-04-15,2025-04-30,11,2.75,2025-05-20,Computex電腦展,2025
迎廣,6,18,-24,-12,2025-04-15,2025-05-02,12,4.0,2025-05-20,Computex電腦展,2025
迎廣,6,19,-24,-11,2025-04-15,2025-05-05,13,-3.75,2025-05-20,Computex電腦展,2025
迎廣,6,20,-24,-10,2025-04-15,2025-05-06,14,-1.75,2025-05-20,Computex電腦展,2025
迎廣,6,21,-24,-9,2025-04-15,2025-05-07,15,-3.0,2025-05-20,Computex電腦展,2025
迎廣,6,22,-24,-8,2025-04-15,2025-05-08,16,-1.5,2025-05-20,Computex電腦展,2025
迎廣,6,23,-24,-7,2025-04-15,2025-05-09,17,0.5,2025-05-20,Computex電腦展,2025
迎廣,6,24,-24,-6,2025-04-15,2025-05-12,18,2.75,2025-05-20,Computex電腦展,2025
迎廣,6,25,-24,-5,2025-04-15,2025-05-13,19,4.99,2025-05-20,Computex電腦展,2025
迎廣,6,26,-24,-4,2025-04-15,2025-05-14,20,15.48,2025-05-20,Computex電腦展,2025
迎廣,6,27,-24,-3,2025-04-15,2025-05-15,21,14.86,2025-05-20,Computex電腦展,2025
迎廣,6,28,-24,-2,2025-04-15,2025-05-16,22,13.86,2025-05-20,Computex電腦展,2025
迎廣,6,29,-24,-1,2025-04-15,2025-05-19,23,13.86,2025-05-20,Computex電腦展,2025
迎廣,6,30,-24,0,2025-04-15,2025-05-20,24,18.23,2025-05-20,Computex電腦展,2025
迎廣,6,31,-24,1,2025-04-15,2025-05-21,25,19.98,2025-05-20,Computex電腦展,2025
迎廣,6,32,-24,2,2025-04-15,2025-05-22,26,16.85,2025-05-20,Computex電腦展,2025
迎廣,6,33,-24,3,2025-04-15,2025-05-23,27,18.23,2025-05-20,Computex電腦展,2025
迎廣,6,34,-24,4,2025-04-15,2025-05-26,28,18.85,2025-05-20,Computex電腦展,2025
迎廣,6,35,-24,5,2025-04-15,2025-05-27,29,25.47,2025-05-20,Computex電腦展,2025
迎廣,6,36,-24,6,2025-04-15,2025-05-28,30,25.47,2025-05-20,Computex電腦展,2025
迎廣,6,37,-24,7,2025-04-15,2025-05-29,31,18.1,2025-05-20,Computex電腦展,2025
迎廣,6,38,-24,8,2025-04-15,2025-06-02,32,15.61,2025-05-20,Computex電腦展,2025
迎廣,6,39,-24,9,2025-04-15,2025-06-03,33,14.61,2025-05-20,Computex電腦展,2025
迎廣,6,40,-24,10,2025-04-15,2025-06-04,34,18.1,2025-05-20,Computex電腦展,2025
迎廣,6,41,-24,11,2025-04-15,2025-06-05,35,17.1,2025-05-20,Computex電腦展,2025
迎廣,6,42,-24,12,2025-04-15,2025-06-06,36,18.23,2025-05-20,Computex電腦展,2025
迎廣,6,43,-24,13,2025-04-15,2025-06-09,37,20.47,2025-05-20,Computex電腦展,2025
迎廣,6,44,-24,14,2025-04-15,2025-06-10,38,26.09,2025-05-20,Computex電腦展,2025
迎廣,6,45,-24,15,2025-04-15,2025-06-11,39,23.6,2025-05-20,Computex電腦展,2025
迎廣,6,46,-24,16,2025-04-15,2025-06-12,40,22.47,2025-05-20,Computex電腦展,2025
迎廣,7,8,-23,-22,2025-04-16,2025-04-17,1,0.91,2025-05-20,Computex電腦展,2025
迎廣,7,9,-23,-21,2025-04-16,2025-04-18,2,2.99,2025-05-20,Computex電腦展,2025
迎廣,7,10,-23,-20,2025-04-16,2025-04-21,3,-1.3,2025-05-20,Computex電腦展,2025
迎廣,7,11,-23,-19,2025-04-16,2025-04-22,4,1.43,2025-05-20,Computex電腦展,2025
迎廣,7,12,-23,-18,2025-04-16,2025-04-23,5,3.52,2025-05-20,Computex電腦展,2025
迎廣,7,13,-23,-17,2025-04-16,2025-04-24,6,1.43,2025-05-20,Computex電腦展,2025
迎廣,7,14,-23,-16,2025-04-16,2025-04-25,7,5.47,2025-05-20,Computex電腦展,2025
迎廣,7,15,-23,-15,2025-04-16,2025-04-28,8,8.85,2025-05-20,Computex電腦展,2025
迎廣,7,16,-23,-14,2025-04-16,2025-04-29,9,9.9,2025-05-20,Computex電腦展,2025
迎廣,7,17,-23,-13,2025-04-16,2025-04-30,10,7.16,2025-05-20,Computex電腦展,2025
迎廣,7,18,-23,-12,2025-04-16,2025-05-02,11,8.46,2025-05-20,Computex電腦展,2025
迎廣,7,19,-23,-11,2025-04-16,2025-05-05,12,0.39,2025-05-20,Computex電腦展,2025
迎廣,7,20,-23,-10,2025-04-16,2025-05-06,13,2.47,2025-05-20,Computex電腦展,2025
迎廣,7,21,-23,-9,2025-04-16,2025-05-07,14,1.17,2025-05-20,Computex電腦展,2025
迎廣,7,22,-23,-8,2025-04-16,2025-05-08,15,2.73,2025-05-20,Computex電腦展,2025
迎廣,7,23,-23,-7,2025-04-16,2025-05-09,16,4.82,2025-05-20,Computex電腦展,2025
迎廣,7,24,-23,-6,2025-04-16,2025-05-12,17,7.16,2025-05-20,Computex電腦展,2025
迎廣,7,25,-23,-5,2025-04-16,2025-05-13,18,9.51,2025-05-20,Computex電腦展,2025
迎廣,7,26,-23,-4,2025-04-16,2025-05-14,19,20.44,2025-05-20,Computex電腦展,2025
迎廣,7,27,-23,-3,2025-04-16,2025-05-15,20,19.79,2025-05-20,Computex電腦展,2025
迎廣,7,28,-23,-2,2025-04-16,2025-05-16,21,18.75,2025-05-20,Computex電腦展,2025
迎廣,7,29,-23,-1,2025-04-16,2025-05-19,22,18.75,2025-05-20,Computex電腦展,2025
迎廣,7,30,-23,0,2025-04-16,2025-05-20,23,23.31,2025-05-20,Computex電腦展,2025
迎廣,7,31,-23,1,2025-04-16,2025-05-21,24,25.13,2025-05-20,Computex電腦展,2025
迎廣,7,32,-23,2,2025-04-16,2025-05-22,25,21.88,2025-05-20,Computex電腦展,2025
迎廣,7,33,-23,3,2025-04-16,2025-05-23,26,23.31,2025-05-20,Computex電腦展,2025
迎廣,7,34,-23,4,2025-04-16,2025-05-26,27,23.96,2025-05-20,Computex電腦展,2025
迎廣,7,35,-23,5,2025-04-16,2025-05-27,28,30.86,2025-05-20,Computex電腦展,2025
迎廣,7,36,-23,6,2025-04-16,2025-05-28,29,30.86,2025-05-20,Computex電腦展,2025
迎廣,7,37,-23,7,2025-04-16,2025-05-29,30,23.18,2025-05-20,Computex電腦展,2025
迎廣,7,38,-23,8,2025-04-16,2025-06-02,31,20.57,2025-05-20,Computex電腦展,2025
迎廣,7,39,-23,9,2025-04-16,2025-06-03,32,19.53,2025-05-20,Computex電腦展,2025
迎廣,7,40,-23,10,2025-04-16,2025-06-04,33,23.18,2025-05-20,Computex電腦展,2025
迎廣,7,41,-23,11,2025-04-16,2025-06-05,34,22.14,2025-05-20,Computex電腦展,2025
迎廣,7,42,-23,12,2025-04-16,2025-06-06,35,23.31,2025-05-20,Computex電腦展,2025
迎廣,7,43,-23,13,2025-04-16,2025-06-09,36,25.65,2025-05-20,Computex電腦展,2025
迎廣,7,44,-23,14,2025-04-16,2025-06-10,37,31.51,2025-05-20,Computex電腦展,2025
迎廣,7,45,-23,15,2025-04-16,2025-06-11,38,28.91,2025-05-20,Computex電腦展,2025
迎廣,7,46,-23,16,2025-04-16,2025-06-12,39,27.73,2025-05-20,Computex電腦展,2025
迎廣,8,9,-22,-21,2025-04-17,2025-04-18,1,2.06,2025-05-20,Computex電腦展,2025
迎廣,8,10,-22,-20,2025-04-17,2025-04-21,2,-2.19,2025-05-20,Computex電腦展,2025
迎廣,8,11,-22,-19,2025-04-17,2025-04-22,3,0.52,2025-05-20,Computex電腦展,2025
迎廣,8,12,-22,-18,2025-04-17,2025-04-23,4,2.58,2025-05-20,Computex電腦展,2025
迎廣,8,13,-22,-17,2025-04-17,2025-04-24,5,0.52,2025-05-20,Computex電腦展,2025
迎廣,8,14,-22,-16,2025-04-17,2025-04-25,6,4.52,2025-05-20,Computex電腦展,2025
迎廣,8,15,-22,-15,2025-04-17,2025-04-28,7,7.87,2025-05-20,Computex電腦展,2025
迎廣,8,16,-22,-14,2025-04-17,2025-04-29,8,8.9,2025-05-20,Computex電腦展,2025
迎廣,8,17,-22,-13,2025-04-17,2025-04-30,9,6.19,2025-05-20,Computex電腦展,2025
迎廣,8,18,-22,-12,2025-04-17,2025-05-02,10,7.48,2025-05-20,Computex電腦展,2025
迎廣,8,19,-22,-11,2025-04-17,2025-05-05,11,-0.52,2025-05-20,Computex電腦展,2025
迎廣,8,20,-22,-10,2025-04-17,2025-05-06,12,1.55,2025-05-20,Computex電腦展,2025
迎廣,8,21,-22,-9,2025-04-17,2025-05-07,13,0.26,2025-05-20,Computex電腦展,2025
迎廣,8,22,-22,-8,2025-04-17,2025-05-08,14,1.81,2025-05-20,Computex電腦展,2025
迎廣,8,23,-22,-7,2025-04-17,2025-05-09,15,3.87,2025-05-20,Computex電腦展,2025
迎廣,8,24,-22,-6,2025-04-17,2025-05-12,16,6.19,2025-05-20,Computex電腦展,2025
迎廣,8,25,-22,-5,2025-04-17,2025-05-13,17,8.52,2025-05-20,Computex電腦展,2025
迎廣,8,26,-22,-4,2025-04-17,2025-05-14,18,19.35,2025-05-20,Computex電腦展,2025
迎廣,8,27,-22,-3,2025-04-17,2025-05-15,19,18.71,2025-05-20,Computex電腦展,2025
迎廣,8,28,-22,-2,2025-04-17,2025-05-16,20,17.68,2025-05-20,Computex電腦展,2025
迎廣,8,29,-22,-1,2025-04-17,2025-05-19,21,17.68,2025-05-20,Computex電腦展,2025
迎廣,8,30,-22,0,2025-04-17,2025-05-20,22,22.19,2025-05-20,Computex電腦展,2025
迎廣,8,31,-22,1,2025-04-17,2025-05-21,23,24.0,2025-05-20,Computex電腦展,2025
迎廣,8,32,-22,2,2025-04-17,2025-05-22,24,20.77,2025-05-20,Computex電腦展,2025
迎廣,8,33,-22,3,2025-04-17,2025-05-23,25,22.19,2025-05-20,Computex電腦展,2025
迎廣,8,34,-22,4,2025-04-17,2025-05-26,26,22.84,2025-05-20,Computex電腦展,2025
迎廣,8,35,-22,5,2025-04-17,2025-05-27,27,29.68,2025-05-20,Computex電腦展,2025
迎廣,8,36,-22,6,2025-04-17,2025-05-28,28,29.68,2025-05-20,Computex電腦展,2025
迎廣,8,37,-22,7,2025-04-17,2025-05-29,29,22.06,2025-05-20,Computex電腦展,2025
迎廣,8,38,-22,8,2025-04-17,2025-06-02,30,19.48,2025-05-20,Computex電腦展,2025
迎廣,8,39,-22,9,2025-04-17,2025-06-03,31,18.45,2025-05-20,Computex電腦展,2025
迎廣,8,40,-22,10,2025-04-17,2025-06-04,32,22.06,2025-05-20,Computex電腦展,2025
迎廣,8,41,-22,11,2025-04-17,2025-06-05,33,21.03,2025-05-20,Computex電腦展,2025
迎廣,8,42,-22,12,2025-04-17,2025-06-06,34,22.19,2025-05-20,Computex電腦展,2025
迎廣,8,43,-22,13,2025-04-17,2025-06-09,35,24.52,2025-05-20,Computex電腦展,2025
迎廣,8,44,-22,14,2025-04-17,2025-06-10,36,30.32,2025-05-20,Computex電腦展,2025
迎廣,8,45,-22,15,2025-04-17,2025-06-11,37,27.74,2025-05-20,Computex電腦展,2025
迎廣,8,46,-22,16,2025-04-17,2025-06-12,38,26.58,2025-05-20,Computex電腦展,2025
迎廣,9,10,-21,-20,2025-04-18,2025-04-21,1,-4.17,2025-05-20,Computex電腦展,2025
迎廣,9,11,-21,-19,2025-04-18,2025-04-22,2,-1.52,2025-05-20,Computex電腦展,2025
迎廣,9,12,-21,-18,2025-04-18,2025-04-23,3,0.51,2025-05-20,Computex電腦展,2025
迎廣,9,13,-21,-17,2025-04-18,2025-04-24,4,-1.52,2025-05-20,Computex電腦展,2025
迎廣,9,14,-21,-16,2025-04-18,2025-04-25,5,2.4,2025-05-20,Computex電腦展,2025
迎廣,9,15,-21,-15,2025-04-18,2025-04-28,6,5.69,2025-05-20,Computex電腦展,2025
迎廣,9,16,-21,-14,2025-04-18,2025-04-29,7,6.7,2025-05-20,Computex電腦展,2025
迎廣,9,17,-21,-13,2025-04-18,2025-04-30,8,4.05,2025-05-20,Computex電腦展,2025
迎廣,9,18,-21,-12,2025-04-18,2025-05-02,9,5.31,2025-05-20,Computex電腦展,2025
迎廣,9,19,-21,-11,2025-04-18,2025-05-05,10,-2.53,2025-05-20,Computex電腦展,2025
迎廣,9,20,-21,-10,2025-04-18,2025-05-06,11,-0.51,2025-05-20,Computex電腦展,2025
迎廣,9,21,-21,-9,2025-04-18,2025-05-07,12,-1.77,2025-05-20,Computex電腦展,2025
迎廣,9,22,-21,-8,2025-04-18,2025-05-08,13,-0.25,2025-05-20,Computex電腦展,2025
迎廣,9,23,-21,-7,2025-04-18,2025-05-09,14,1.77,2025-05-20,Computex電腦展,2025
迎廣,9,24,-21,-6,2025-04-18,2025-05-12,15,4.05,2025-05-20,Computex電腦展,2025
迎廣,9,25,-21,-5,2025-04-18,2025-05-13,16,6.32,2025-05-20,Computex電腦展,2025
迎廣,9,26,-21,-4,2025-04-18,2025-05-14,17,16.94,2025-05-20,Computex電腦展,2025
迎廣,9,27,-21,-3,2025-04-18,2025-05-15,18,16.31,2025-05-20,Computex電腦展,2025
迎廣,9,28,-21,-2,2025-04-18,2025-05-16,19,15.3,2025-05-20,Computex電腦展,2025
迎廣,9,29,-21,-1,2025-04-18,2025-05-19,20,15.3,2025-05-20,Computex電腦展,2025
迎廣,9,30,-21,0,2025-04-18,2025-05-20,21,19.72,2025-05-20,Computex電腦展,2025
迎廣,9,31,-21,1,2025-04-18,2025-05-21,22,21.49,2025-05-20,Computex電腦展,2025
迎廣,9,32,-21,2,2025-04-18,2025-05-22,23,18.33,2025-05-20,Computex電腦展,2025
迎廣,9,33,-21,3,2025-04-18,2025-05-23,24,19.72,2025-05-20,Computex電腦展,2025
迎廣,9,34,-21,4,2025-04-18,2025-05-26,25,20.35,2025-05-20,Computex電腦展,2025
迎廣,9,35,-21,5,2025-04-18,2025-05-27,26,27.05,2025-05-20,Computex電腦展,2025
迎廣,9,36,-21,6,2025-04-18,2025-05-28,27,27.05,2025-05-20,Computex電腦展,2025
迎廣,9,37,-21,7,2025-04-18,2025-05-29,28,19.6,2025-05-20,Computex電腦展,2025
迎廣,9,38,-21,8,2025-04-18,2025-06-02,29,17.07,2025-05-20,Computex電腦展,2025
迎廣,9,39,-21,9,2025-04-18,2025-06-03,30,16.06,2025-05-20,Computex電腦展,2025
迎廣,9,40,-21,10,2025-04-18,2025-06-04,31,19.6,2025-05-20,Computex電腦展,2025
迎廣,9,41,-21,11,2025-04-18,2025-06-05,32,18.58,2025-05-20,Computex電腦展,2025
迎廣,9,42,-21,12,2025-04-18,2025-06-06,33,19.72,2025-05-20,Computex電腦展,2025
迎廣,9,43,-21,13,2025-04-18,2025-06-09,34,22.0,2025-05-20,Computex電腦展,2025
迎廣,9,44,-21,14,2025-04-18,2025-06-10,35,27.69,2025-05-20,Computex電腦展,2025
迎廣,9,45,-21,15,2025-04-18,2025-06-11,36,25.16,2025-05-20,Computex電腦展,2025
迎廣,9,46,-21,16,2025-04-18,2025-06-12,37,24.02,2025-05-20,Computex電腦展,2025
迎廣,10,11,-20,-19,2025-04-21,2025-04-22,1,2.77,2025-05-20,Computex電腦展,2025
迎廣,10,12,-20,-18,2025-04-21,2025-04-23,2,4.88,2025-05-20,Computex電腦展,2025
迎廣,10,13,-20,-17,2025-04-21,2025-04-24,3,2.77,2025-05-20,Computex電腦展,2025
迎廣,10,14,-20,-16,2025-04-21,2025-04-25,4,6.86,2025-05-20,Computex電腦展,2025
迎廣,10,15,-20,-15,2025-04-21,2025-04-28,5,10.29,2025-05-20,Computex電腦展,2025
迎廣,10,16,-20,-14,2025-04-21,2025-04-29,6,11.35,2025-05-20,Computex電腦展,2025
迎廣,10,17,-20,-13,2025-04-21,2025-04-30,7,8.58,2025-05-20,Computex電腦展,2025
迎廣,10,18,-20,-12,2025-04-21,2025-05-02,8,9.89,2025-05-20,Computex電腦展,2025
迎廣,10,19,-20,-11,2025-04-21,2025-05-05,9,1.72,2025-05-20,Computex電腦展,2025
迎廣,10,20,-20,-10,2025-04-21,2025-05-06,10,3.83,2025-05-20,Computex電腦展,2025
迎廣,10,21,-20,-9,2025-04-21,2025-05-07,11,2.51,2025-05-20,Computex電腦展,2025
迎廣,10,22,-20,-8,2025-04-21,2025-05-08,12,4.09,2025-05-20,Computex電腦展,2025
迎廣,10,23,-20,-7,2025-04-21,2025-05-09,13,6.2,2025-05-20,Computex電腦展,2025
迎廣,10,24,-20,-6,2025-04-21,2025-05-12,14,8.58,2025-05-20,Computex電腦展,2025
迎廣,10,25,-20,-5,2025-04-21,2025-05-13,15,10.95,2025-05-20,Computex電腦展,2025
迎廣,10,26,-20,-4,2025-04-21,2025-05-14,16,22.03,2025-05-20,Computex電腦展,2025
迎廣,10,27,-20,-3,2025-04-21,2025-05-15,17,21.37,2025-05-20,Computex電腦展,2025
迎廣,10,28,-20,-2,2025-04-21,2025-05-16,18,20.32,2025-05-20,Computex電腦展,2025
迎廣,10,29,-20,-1,2025-04-21,2025-05-19,19,20.32,2025-05-20,Computex電腦展,2025
迎廣,10,30,-20,0,2025-04-21,2025-05-20,20,24.93,2025-05-20,Computex電腦展,2025
迎廣,10,31,-20,1,2025-04-21,2025-05-21,21,26.78,2025-05-20,Computex電腦展,2025
迎廣,10,32,-20,2,2025-04-21,2025-05-22,22,23.48,2025-05-20,Computex電腦展,2025
迎廣,10,33,-20,3,2025-04-21,2025-05-23,23,24.93,2025-05-20,Computex電腦展,2025
迎廣,10,34,-20,4,2025-04-21,2025-05-26,24,25.59,2025-05-20,Computex電腦展,2025
迎廣,10,35,-20,5,2025-04-21,2025-05-27,25,32.59,2025-05-20,Computex電腦展,2025
迎廣,10,36,-20,6,2025-04-21,2025-05-28,26,32.59,2025-05-20,Computex電腦展,2025
迎廣,10,37,-20,7,2025-04-21,2025-05-29,27,24.8,2025-05-20,Computex電腦展,2025
迎廣,10,38,-20,8,2025-04-21,2025-06-02,28,22.16,2025-05-20,Computex電腦展,2025
迎廣,10,39,-20,9,2025-04-21,2025-06-03,29,21.11,2025-05-20,Computex電腦展,2025
迎廣,10,40,-20,10,2025-04-21,2025-06-04,30,24.8,2025-05-20,Computex電腦展,2025
迎廣,10,41,-20,11,2025-04-21,2025-06-05,31,23.75,2025-05-20,Computex電腦展,2025
迎廣,10,42,-20,12,2025-04-21,2025-06-06,32,24.93,2025-05-20,Computex電腦展,2025
迎廣,10,43,-20,13,2025-04-21,2025-06-09,33,27.31,2025-05-20,Computex電腦展,2025
迎廣,10,44,-20,14,2025-04-21,2025-06-10,34,33.25,2025-05-20,Computex電腦展,2025
迎廣,10,45,-20,15,2025-04-21,2025-06-11,35,30.61,2025-05-20,Computex電腦展,2025
迎廣,10,46,-20,16,2025-04-21,2025-06-12,36,29.42,2025-05-20,Computex電腦展,2025
迎廣,11,12,-19,-18,2025-04-22,2025-04-23,1,2.05,2025-05-20,Computex電腦展,2025
迎廣,11,13,-19,-17,2025-04-22,2025-04-24,2,0.0,2025-05-20,Computex電腦展,2025
迎廣,11,14,-19,-16,2025-04-22,2025-04-25,3,3.98,2025-05-20,Computex電腦展,2025
迎廣,11,15,-19,-15,2025-04-22,2025-04-28,4,7.32,2025-05-20,Computex電腦展,2025
迎廣,11,16,-19,-14,2025-04-22,2025-04-29,5,8.34,2025-05-20,Computex電腦展,2025
迎廣,11,17,-19,-13,2025-04-22,2025-04-30,6,5.65,2025-05-20,Computex電腦展,2025
迎廣,11,18,-19,-12,2025-04-22,2025-05-02,7,6.93,2025-05-20,Computex電腦展,2025
迎廣,11,19,-19,-11,2025-04-22,2025-05-05,8,-1.03,2025-05-20,Computex電腦展,2025
迎廣,11,20,-19,-10,2025-04-22,2025-05-06,9,1.03,2025-05-20,Computex電腦展,2025
迎廣,11,21,-19,-9,2025-04-22,2025-05-07,10,-0.26,2025-05-20,Computex電腦展,2025
迎廣,11,22,-19,-8,2025-04-22,2025-05-08,11,1.28,2025-05-20,Computex電腦展,2025
迎廣,11,23,-19,-7,2025-04-22,2025-05-09,12,3.34,2025-05-20,Computex電腦展,2025
迎廣,11,24,-19,-6,2025-04-22,2025-05-12,13,5.65,2025-05-20,Computex電腦展,2025
迎廣,11,25,-19,-5,2025-04-22,2025-05-13,14,7.96,2025-05-20,Computex電腦展,2025
迎廣,11,26,-19,-4,2025-04-22,2025-05-14,15,18.74,2025-05-20,Computex電腦展,2025
迎廣,11,27,-19,-3,2025-04-22,2025-05-15,16,18.1,2025-05-20,Computex電腦展,2025
迎廣,11,28,-19,-2,2025-04-22,2025-05-16,17,17.07,2025-05-20,Computex電腦展,2025
迎廣,11,29,-19,-1,2025-04-22,2025-05-19,18,17.07,2025-05-20,Computex電腦展,2025
迎廣,11,30,-19,0,2025-04-22,2025-05-20,19,21.57,2025-05-20,Computex電腦展,2025
迎廣,11,31,-19,1,2025-04-22,2025-05-21,20,23.36,2025-05-20,Computex電腦展,2025
迎廣,11,32,-19,2,2025-04-22,2025-05-22,21,20.15,2025-05-20,Computex電腦展,2025
迎廣,11,33,-19,3,2025-04-22,2025-05-23,22,21.57,2025-05-20,Computex電腦展,2025
迎廣,11,34,-19,4,2025-04-22,2025-05-26,23,22.21,2025-05-20,Computex電腦展,2025
迎廣,11,35,-19,5,2025-04-22,2025-05-27,24,29.01,2025-05-20,Computex電腦展,2025
迎廣,11,36,-19,6,2025-04-22,2025-05-28,25,29.01,2025-05-20,Computex電腦展,2025
迎廣,11,37,-19,7,2025-04-22,2025-05-29,26,21.44,2025-05-20,Computex電腦展,2025
迎廣,11,38,-19,8,2025-04-22,2025-06-02,27,18.87,2025-05-20,Computex電腦展,2025
迎廣,11,39,-19,9,2025-04-22,2025-06-03,28,17.84,2025-05-20,Computex電腦展,2025
迎廣,11,40,-19,10,2025-04-22,2025-06-04,29,21.44,2025-05-20,Computex電腦展,2025
迎廣,11,41,-19,11,2025-04-22,2025-06-05,30,20.41,2025-05-20,Computex電腦展,2025
迎廣,11,42,-19,12,2025-04-22,2025-06-06,31,21.57,2025-05-20,Computex電腦展,2025
迎廣,11,43,-19,13,2025-04-22,2025-06-09,32,23.88,2025-05-20,Computex電腦展,2025
迎廣,11,44,-19,14,2025-04-22,2025-06-10,33,29.65,2025-05-20,Computex電腦展,2025
迎廣,11,45,-19,15,2025-04-22,2025-06-11,34,27.09,2025-05-20,Computex電腦展,2025
迎廣,11,46,-19,16,2025-04-22,2025-06-12,35,25.93,2025-05-20,Computex電腦展,2025
迎廣,12,13,-18,-17,2025-04-23,2025-04-24,1,-2.01,2025-05-20,Computex電腦展,2025
迎廣,12,14,-18,-16,2025-04-23,2025-04-25,2,1.89,2025-05-20,Computex電腦展,2025
迎廣,12,15,-18,-15,2025-04-23,2025-04-28,3,5.16,2025-05-20,Computex電腦展,2025
迎廣,12,16,-18,-14,2025-04-23,2025-04-29,4,6.16,2025-05-20,Computex電腦展,2025
迎廣,12,17,-18,-13,2025-04-23,2025-04-30,5,3.52,2025-05-20,Computex電腦展,2025
迎廣,12,18,-18,-12,2025-04-23,2025-05-02,6,4.78,2025-05-20,Computex電腦展,2025
迎廣,12,19,-18,-11,2025-04-23,2025-05-05,7,-3.02,2025-05-20,Computex電腦展,2025
迎廣,12,20,-18,-10,2025-04-23,2025-05-06,8,-1.01,2025-05-20,Computex電腦展,2025
迎廣,12,21,-18,-9,2025-04-23,2025-05-07,9,-2.26,2025-05-20,Computex電腦展,2025
迎廣,12,22,-18,-8,2025-04-23,2025-05-08,10,-0.75,2025-05-20,Computex電腦展,2025
迎廣,12,23,-18,-7,2025-04-23,2025-05-09,11,1.26,2025-05-20,Computex電腦展,2025
迎廣,12,24,-18,-6,2025-04-23,2025-05-12,12,3.52,2025-05-20,Computex電腦展,2025
迎廣,12,25,-18,-5,2025-04-23,2025-05-13,13,5.79,2025-05-20,Computex電腦展,2025
迎廣,12,26,-18,-4,2025-04-23,2025-05-14,14,16.35,2025-05-20,Computex電腦展,2025
迎廣,12,27,-18,-3,2025-04-23,2025-05-15,15,15.72,2025-05-20,Computex電腦展,2025
迎廣,12,28,-18,-2,2025-04-23,2025-05-16,16,14.72,2025-05-20,Computex電腦展,2025
迎廣,12,29,-18,-1,2025-04-23,2025-05-19,17,14.72,2025-05-20,Computex電腦展,2025
迎廣,12,30,-18,0,2025-04-23,2025-05-20,18,19.12,2025-05-20,Computex電腦展,2025
迎廣,12,31,-18,1,2025-04-23,2025-05-21,19,20.88,2025-05-20,Computex電腦展,2025
迎廣,12,32,-18,2,2025-04-23,2025-05-22,20,17.74,2025-05-20,Computex電腦展,2025
迎廣,12,33,-18,3,2025-04-23,2025-05-23,21,19.12,2025-05-20,Computex電腦展,2025
迎廣,12,34,-18,4,2025-04-23,2025-05-26,22,19.75,2025-05-20,Computex電腦展,2025
迎廣,12,35,-18,5,2025-04-23,2025-05-27,23,26.42,2025-05-20,Computex電腦展,2025
迎廣,12,36,-18,6,2025-04-23,2025-05-28,24,26.42,2025-05-20,Computex電腦展,2025
迎廣,12,37,-18,7,2025-04-23,2025-05-29,25,18.99,2025-05-20,Computex電腦展,2025
迎廣,12,38,-18,8,2025-04-23,2025-06-02,26,16.48,2025-05-20,Computex電腦展,2025
迎廣,12,39,-18,9,2025-04-23,2025-06-03,27,15.47,2025-05-20,Computex電腦展,2025
迎廣,12,40,-18,10,2025-04-23,2025-06-04,28,18.99,2025-05-20,Computex電腦展,2025
迎廣,12,41,-18,11,2025-04-23,2025-06-05,29,17.99,2025-05-20,Computex電腦展,2025
迎廣,12,42,-18,12,2025-04-23,2025-06-06,30,19.12,2025-05-20,Computex電腦展,2025
迎廣,12,43,-18,13,2025-04-23,2025-06-09,31,21.38,2025-05-20,Computex電腦展,2025
迎廣,12,44,-18,14,2025-04-23,2025-06-10,32,27.04,2025-05-20,Computex電腦展,2025
迎廣,12,45,-18,15,2025-04-23,2025-06-11,33,24.53,2025-05-20,Computex電腦展,2025
迎廣,12,46,-18,16,2025-04-23,2025-06-12,34,23.4,2025-05-20,Computex電腦展,2025
迎廣,13,14,-17,-16,2025-04-24,2025-04-25,1,3.98,2025-05-20,Computex電腦展,2025
迎廣,13,15,-17,-15,2025-04-24,2025-04-28,2,7.32,2025-05-20,Computex電腦展,2025
迎廣,13,16,-17,-14,2025-04-24,2025-04-29,3,8.34,2025-05-20,Computex電腦展,2025
迎廣,13,17,-17,-13,2025-04-24,2025-04-30,4,5.65,2025-05-20,Computex電腦展,2025
迎廣,13,18,-17,-12,2025-04-24,2025-05-02,5,6.93,2025-05-20,Computex電腦展,2025
迎廣,13,19,-17,-11,2025-04-24,2025-05-05,6,-1.03,2025-05-20,Computex電腦展,2025
迎廣,13,20,-17,-10,2025-04-24,2025-05-06,7,1.03,2025-05-20,Computex電腦展,2025
迎廣,13,21,-17,-9,2025-04-24,2025-05-07,8,-0.26,2025-05-20,Computex電腦展,2025
迎廣,13,22,-17,-8,2025-04-24,2025-05-08,9,1.28,2025-05-20,Computex電腦展,2025
迎廣,13,23,-17,-7,2025-04-24,2025-05-09,10,3.34,2025-05-20,Computex電腦展,2025
迎廣,13,24,-17,-6,2025-04-24,2025-05-12,11,5.65,2025-05-20,Computex電腦展,2025
迎廣,13,25,-17,-5,2025-04-24,2025-05-13,12,7.96,2025-05-20,Computex電腦展,2025
迎廣,13,26,-17,-4,2025-04-24,2025-05-14,13,18.74,2025-05-20,Computex電腦展,2025
迎廣,13,27,-17,-3,2025-04-24,2025-05-15,14,18.1,2025-05-20,Computex電腦展,2025
迎廣,13,28,-17,-2,2025-04-24,2025-05-16,15,17.07,2025-05-20,Computex電腦展,2025
迎廣,13,29,-17,-1,2025-04-24,2025-05-19,16,17.07,2025-05-20,Computex電腦展,2025
迎廣,13,30,-17,0,2025-04-24,2025-05-20,17,21.57,2025-05-20,Computex電腦展,2025
迎廣,13,31,-17,1,2025-04-24,2025-05-21,18,23.36,2025-05-20,Computex電腦展,2025
迎廣,13,32,-17,2,2025-04-24,2025-05-22,19,20.15,2025-05-20,Computex電腦展,2025
迎廣,13,33,-17,3,2025-04-24,2025-05-23,20,21.57,2025-05-20,Computex電腦展,2025
迎廣,13,34,-17,4,2025-04-24,2025-05-26,21,22.21,2025-05-20,Computex電腦展,2025
迎廣,13,35,-17,5,2025-04-24,2025-05-27,22,29.01,2025-05-20,Computex電腦展,2025
迎廣,13,36,-17,6,2025-04-24,2025-05-28,23,29.01,2025-05-20,Computex電腦展,2025
迎廣,13,37,-17,7,2025-04-24,2025-05-29,24,21.44,2025-05-20,Computex電腦展,2025
迎廣,13,38,-17,8,2025-04-24,2025-06-02,25,18.87,2025-05-20,Computex電腦展,2025
迎廣,13,39,-17,9,2025-04-24,2025-06-03,26,17.84,2025-05-20,Computex電腦展,2025
迎廣,13,40,-17,10,2025-04-24,2025-06-04,27,21.44,2025-05-20,Computex電腦展,2025
迎廣,13,41,-17,11,2025-04-24,2025-06-05,28,20.41,2025-05-20,Computex電腦展,2025
迎廣,13,42,-17,12,2025-04-24,2025-06-06,29,21.57,2025-05-20,Computex電腦展,2025
迎廣,13,43,-17,13,2025-04-24,2025-06-09,30,23.88,2025-05-20,Computex電腦展,2025
迎廣,13,44,-17,14,2025-04-24,2025-06-10,31,29.65,2025-05-20,Computex電腦展,2025
迎廣,13,45,-17,15,2025-04-24,2025-06-11,32,27.09,2025-05-20,Computex電腦展,2025
迎廣,13,46,-17,16,2025-04-24,2025-06-12,33,25.93,2025-05-20,Computex電腦展,2025
迎廣,14,15,-16,-15,2025-04-25,2025-04-28,1,3.21,2025-05-20,Computex電腦展,2025
迎廣,14,16,-16,-14,2025-04-25,2025-04-29,2,4.2,2025-05-20,Computex電腦展,2025
迎廣,14,17,-16,-13,2025-04-25,2025-04-30,3,1.6,2025-05-20,Computex電腦展,2025
迎廣,14,18,-16,-12,2025-04-25,2025-05-02,4,2.84,2025-05-20,Computex電腦展,2025
迎廣,14,19,-16,-11,2025-04-25,2025-05-05,5,-4.81,2025-05-20,Computex電腦展,2025
迎廣,14,20,-16,-10,2025-04-25,2025-05-06,6,-2.84,2025-05-20,Computex電腦展,2025
迎廣,14,21,-16,-9,2025-04-25,2025-05-07,7,-4.07,2025-05-20,Computex電腦展,2025
迎廣,14,22,-16,-8,2025-04-25,2025-05-08,8,-2.59,2025-05-20,Computex電腦展,2025
迎廣,14,23,-16,-7,2025-04-25,2025-05-09,9,-0.62,2025-05-20,Computex電腦展,2025
迎廣,14,24,-16,-6,2025-04-25,2025-05-12,10,1.6,2025-05-20,Computex電腦展,2025
迎廣,14,25,-16,-5,2025-04-25,2025-05-13,11,3.83,2025-05-20,Computex電腦展,2025
迎廣,14,26,-16,-4,2025-04-25,2025-05-14,12,14.2,2025-05-20,Computex電腦展,2025
迎廣,14,27,-16,-3,2025-04-25,2025-05-15,13,13.58,2025-05-20,Computex電腦展,2025
迎廣,14,28,-16,-2,2025-04-25,2025-05-16,14,12.59,2025-05-20,Computex電腦展,2025
迎廣,14,29,-16,-1,2025-04-25,2025-05-19,15,12.59,2025-05-20,Computex電腦展,2025
迎廣,14,30,-16,0,2025-04-25,2025-05-20,16,16.91,2025-05-20,Computex電腦展,2025
迎廣,14,31,-16,1,2025-04-25,2025-05-21,17,18.64,2025-05-20,Computex電腦展,2025
迎廣,14,32,-16,2,2025-04-25,2025-05-22,18,15.56,2025-05-20,Computex電腦展,2025
迎廣,14,33,-16,3,2025-04-25,2025-05-23,19,16.91,2025-05-20,Computex電腦展,2025
迎廣,14,34,-16,4,2025-04-25,2025-05-26,20,17.53,2025-05-20,Computex電腦展,2025
迎廣,14,35,-16,5,2025-04-25,2025-05-27,21,24.07,2025-05-20,Computex電腦展,2025
迎廣,14,36,-16,6,2025-04-25,2025-05-28,22,24.07,2025-05-20,Computex電腦展,2025
迎廣,14,37,-16,7,2025-04-25,2025-05-29,23,16.79,2025-05-20,Computex電腦展,2025
迎廣,14,38,-16,8,2025-04-25,2025-06-02,24,14.32,2025-05-20,Computex電腦展,2025
迎廣,14,39,-16,9,2025-04-25,2025-06-03,25,13.33,2025-05-20,Computex電腦展,2025
迎廣,14,40,-16,10,2025-04-25,2025-06-04,26,16.79,2025-05-20,Computex電腦展,2025
迎廣,14,41,-16,11,2025-04-25,2025-06-05,27,15.8,2025-05-20,Computex電腦展,2025
迎廣,14,42,-16,12,2025-04-25,2025-06-06,28,16.91,2025-05-20,Computex電腦展,2025
迎廣,14,43,-16,13,2025-04-25,2025-06-09,29,19.14,2025-05-20,Computex電腦展,2025
迎廣,14,44,-16,14,2025-04-25,2025-06-10,30,24.69,2025-05-20,Computex電腦展,2025
迎廣,14,45,-16,15,2025-04-25,2025-06-11,31,22.22,2025-05-20,Computex電腦展,2025
迎廣,14,46,-16,16,2025-04-25,2025-06-12,32,21.11,2025-05-20,Computex電腦展,2025
迎廣,15,16,-15,-14,2025-04-28,2025-04-29,1,0.96,2025-05-20,Computex電腦展,2025
迎廣,15,17,-15,-13,2025-04-28,2025-04-30,2,-1.56,2025-05-20,Computex電腦展,2025
迎廣,15,18,-15,-12,2025-04-28,2025-05-02,3,-0.36,2025-05-20,Computex電腦展,2025
迎廣,15,19,-15,-11,2025-04-28,2025-05-05,4,-7.78,2025-05-20,Computex電腦展,2025
迎廣,15,20,-15,-10,2025-04-28,2025-05-06,5,-5.86,2025-05-20,Computex電腦展,2025
迎廣,15,21,-15,-9,2025-04-28,2025-05-07,6,-7.06,2025-05-20,Computex電腦展,2025
迎廣,15,22,-15,-8,2025-04-28,2025-05-08,7,-5.62,2025-05-20,Computex電腦展,2025
迎廣,15,23,-15,-7,2025-04-28,2025-05-09,8,-3.71,2025-05-20,Computex電腦展,2025
迎廣,15,24,-15,-6,2025-04-28,2025-05-12,9,-1.56,2025-05-20,Computex電腦展,2025
迎廣,15,25,-15,-5,2025-04-28,2025-05-13,10,0.6,2025-05-20,Computex電腦展,2025
迎廣,15,26,-15,-4,2025-04-28,2025-05-14,11,10.65,2025-05-20,Computex電腦展,2025
迎廣,15,27,-15,-3,2025-04-28,2025-05-15,12,10.05,2025-05-20,Computex電腦展,2025
迎廣,15,28,-15,-2,2025-04-28,2025-05-16,13,9.09,2025-05-20,Computex電腦展,2025
迎廣,15,29,-15,-1,2025-04-28,2025-05-19,14,9.09,2025-05-20,Computex電腦展,2025
迎廣,15,30,-15,0,2025-04-28,2025-05-20,15,13.28,2025-05-20,Computex電腦展,2025
迎廣,15,31,-15,1,2025-04-28,2025-05-21,16,14.95,2025-05-20,Computex電腦展,2025
迎廣,15,32,-15,2,2025-04-28,2025-05-22,17,11.96,2025-05-20,Computex電腦展,2025
迎廣,15,33,-15,3,2025-04-28,2025-05-23,18,13.28,2025-05-20,Computex電腦展,2025
迎廣,15,34,-15,4,2025-04-28,2025-05-26,19,13.88,2025-05-20,Computex電腦展,2025
迎廣,15,35,-15,5,2025-04-28,2025-05-27,20,20.22,2025-05-20,Computex電腦展,2025
迎廣,15,36,-15,6,2025-04-28,2025-05-28,21,20.22,2025-05-20,Computex電腦展,2025
迎廣,15,37,-15,7,2025-04-28,2025-05-29,22,13.16,2025-05-20,Computex電腦展,2025
迎廣,15,38,-15,8,2025-04-28,2025-06-02,23,10.77,2025-05-20,Computex電腦展,2025
迎廣,15,39,-15,9,2025-04-28,2025-06-03,24,9.81,2025-05-20,Computex電腦展,2025
迎廣,15,40,-15,10,2025-04-28,2025-06-04,25,13.16,2025-05-20,Computex電腦展,2025
迎廣,15,41,-15,11,2025-04-28,2025-06-05,26,12.2,2025-05-20,Computex電腦展,2025
迎廣,15,42,-15,12,2025-04-28,2025-06-06,27,13.28,2025-05-20,Computex電腦展,2025
迎廣,15,43,-15,13,2025-04-28,2025-06-09,28,15.43,2025-05-20,Computex電腦展,2025
迎廣,15,44,-15,14,2025-04-28,2025-06-10,29,20.81,2025-05-20,Computex電腦展,2025
迎廣,15,45,-15,15,2025-04-28,2025-06-11,30,18.42,2025-05-20,Computex電腦展,2025
迎廣,15,46,-15,16,2025-04-28,2025-06-12,31,17.34,2025-05-20,Computex電腦展,2025
迎廣,16,17,-14,-13,2025-04-29,2025-04-30,1,-2.49,2025-05-20,Computex電腦展,2025
迎廣,16,18,-14,-12,2025-04-29,2025-05-02,2,-1.3,2025-05-20,Computex電腦展,2025
迎廣,16,19,-14,-11,2025-04-29,2025-05-05,3,-8.65,2025-05-20,Computex電腦展,2025
迎廣,16,20,-14,-10,2025-04-29,2025-05-06,4,-6.75,2025-05-20,Computex電腦展,2025
迎廣,16,21,-14,-9,2025-04-29,2025-05-07,5,-7.94,2025-05-20,Computex電腦展,2025
迎廣,16,22,-14,-8,2025-04-29,2025-05-08,6,-6.52,2025-05-20,Computex電腦展,2025
迎廣,16,23,-14,-7,2025-04-29,2025-05-09,7,-4.62,2025-05-20,Computex電腦展,2025
迎廣,16,24,-14,-6,2025-04-29,2025-05-12,8,-2.49,2025-05-20,Computex電腦展,2025
迎廣,16,25,-14,-5,2025-04-29,2025-05-13,9,-0.36,2025-05-20,Computex電腦展,2025
迎廣,16,26,-14,-4,2025-04-29,2025-05-14,10,9.6,2025-05-20,Computex電腦展,2025
迎廣,16,27,-14,-3,2025-04-29,2025-05-15,11,9.0,2025-05-20,Computex電腦展,2025
迎廣,16,28,-14,-2,2025-04-29,2025-05-16,12,8.06,2025-05-20,Computex電腦展,2025
迎廣,16,29,-14,-1,2025-04-29,2025-05-19,13,8.06,2025-05-20,Computex電腦展,2025
迎廣,16,30,-14,0,2025-04-29,2025-05-20,14,12.2,2025-05-20,Computex電腦展,2025
迎廣,16,31,-14,1,2025-04-29,2025-05-21,15,13.86,2025-05-20,Computex電腦展,2025
迎廣,16,32,-14,2,2025-04-29,2025-05-22,16,10.9,2025-05-20,Computex電腦展,2025
迎廣,16,33,-14,3,2025-04-29,2025-05-23,17,12.2,2025-05-20,Computex電腦展,2025
迎廣,16,34,-14,4,2025-04-29,2025-05-26,18,12.8,2025-05-20,Computex電腦展,2025
迎廣,16,35,-14,5,2025-04-29,2025-05-27,19,19.08,2025-05-20,Computex電腦展,2025
迎廣,16,36,-14,6,2025-04-29,2025-05-28,20,19.08,2025-05-20,Computex電腦展,2025
迎廣,16,37,-14,7,2025-04-29,2025-05-29,21,12.09,2025-05-20,Computex電腦展,2025
迎廣,16,38,-14,8,2025-04-29,2025-06-02,22,9.72,2025-05-20,Computex電腦展,2025
迎廣,16,39,-14,9,2025-04-29,2025-06-03,23,8.77,2025-05-20,Computex電腦展,2025
迎廣,16,40,-14,10,2025-04-29,2025-06-04,24,12.09,2025-05-20,Computex電腦展,2025
迎廣,16,41,-14,11,2025-04-29,2025-06-05,25,11.14,2025-05-20,Computex電腦展,2025
迎廣,16,42,-14,12,2025-04-29,2025-06-06,26,12.2,2025-05-20,Computex電腦展,2025
迎廣,16,43,-14,13,2025-04-29,2025-06-09,27,14.34,2025-05-20,Computex電腦展,2025
迎廣,16,44,-14,14,2025-04-29,2025-06-10,28,19.67,2025-05-20,Computex電腦展,2025
迎廣,16,45,-14,15,2025-04-29,2025-06-11,29,17.3,2025-05-20,Computex電腦展,2025
迎廣,16,46,-14,16,2025-04-29,2025-06-12,30,16.23,2025-05-20,Computex電腦展,2025
迎廣,17,18,-13,-12,2025-04-30,2025-05-02,1,1.22,2025-05-20,Computex電腦展,2025
迎廣,17,19,-13,-11,2025-04-30,2025-05-05,2,-6.32,2025-05-20,Computex電腦展,2025
迎廣,17,20,-13,-10,2025-04-30,2025-05-06,3,-4.37,2025-05-20,Computex電腦展,2025
迎廣,17,21,-13,-9,2025-04-30,2025-05-07,4,-5.59,2025-05-20,Computex電腦展,2025
迎廣,17,22,-13,-8,2025-04-30,2025-05-08,5,-4.13,2025-05-20,Computex電腦展,2025
迎廣,17,23,-13,-7,2025-04-30,2025-05-09,6,-2.19,2025-05-20,Computex電腦展,2025
迎廣,17,24,-13,-6,2025-04-30,2025-05-12,7,0.0,2025-05-20,Computex電腦展,2025
迎廣,17,25,-13,-5,2025-04-30,2025-05-13,8,2.19,2025-05-20,Computex電腦展,2025
迎廣,17,26,-13,-4,2025-04-30,2025-05-14,9,12.39,2025-05-20,Computex電腦展,2025
迎廣,17,27,-13,-3,2025-04-30,2025-05-15,10,11.79,2025-05-20,Computex電腦展,2025
迎廣,17,28,-13,-2,2025-04-30,2025-05-16,11,10.81,2025-05-20,Computex電腦展,2025
迎廣,17,29,-13,-1,2025-04-30,2025-05-19,12,10.81,2025-05-20,Computex電腦展,2025
迎廣,17,30,-13,0,2025-04-30,2025-05-20,13,15.07,2025-05-20,Computex電腦展,2025
迎廣,17,31,-13,1,2025-04-30,2025-05-21,14,16.77,2025-05-20,Computex電腦展,2025
迎廣,17,32,-13,2,2025-04-30,2025-05-22,15,13.73,2025-05-20,Computex電腦展,2025
迎廣,17,33,-13,3,2025-04-30,2025-05-23,16,15.07,2025-05-20,Computex電腦展,2025
迎廣,17,34,-13,4,2025-04-30,2025-05-26,17,15.67,2025-05-20,Computex電腦展,2025
迎廣,17,35,-13,5,2025-04-30,2025-05-27,18,22.11,2025-05-20,Computex電腦展,2025
迎廣,17,36,-13,6,2025-04-30,2025-05-28,19,22.11,2025-05-20,Computex電腦展,2025
迎廣,17,37,-13,7,2025-04-30,2025-05-29,20,14.95,2025-05-20,Computex電腦展,2025
迎廣,17,38,-13,8,2025-04-30,2025-06-02,21,12.52,2025-05-20,Computex電腦展,2025
迎廣,17,39,-13,9,2025-04-30,2025-06-03,22,11.54,2025-05-20,Computex電腦展,2025
迎廣,17,40,-13,10,2025-04-30,2025-06-04,23,14.95,2025-05-20,Computex電腦展,2025
迎廣,17,41,-13,11,2025-04-30,2025-06-05,24,13.97,2025-05-20,Computex電腦展,2025
迎廣,17,42,-13,12,2025-04-30,2025-06-06,25,15.07,2025-05-20,Computex電腦展,2025
迎廣,17,43,-13,13,2025-04-30,2025-06-09,26,17.25,2025-05-20,Computex電腦展,2025
迎廣,17,44,-13,14,2025-04-30,2025-06-10,27,22.72,2025-05-20,Computex電腦展,2025
迎廣,17,45,-13,15,2025-04-30,2025-06-11,28,20.29,2025-05-20,Computex電腦展,2025
迎廣,17,46,-13,16,2025-04-30,2025-06-12,29,19.2,2025-05-20,Computex電腦展,2025
迎廣,18,19,-12,-11,2025-05-02,2025-05-05,1,-7.44,2025-05-20,Computex電腦展,2025
迎廣,18,20,-12,-10,2025-05-02,2025-05-06,2,-5.52,2025-05-20,Computex電腦展,2025
迎廣,18,21,-12,-9,2025-05-02,2025-05-07,3,-6.72,2025-05-20,Computex電腦展,2025
迎廣,18,22,-12,-8,2025-05-02,2025-05-08,4,-5.28,2025-05-20,Computex電腦展,2025
迎廣,18,23,-12,-7,2025-05-02,2025-05-09,5,-3.36,2025-05-20,Computex電腦展,2025
迎廣,18,24,-12,-6,2025-05-02,2025-05-12,6,-1.2,2025-05-20,Computex電腦展,2025
迎廣,18,25,-12,-5,2025-05-02,2025-05-13,7,0.96,2025-05-20,Computex電腦展,2025
迎廣,18,26,-12,-4,2025-05-02,2025-05-14,8,11.04,2025-05-20,Computex電腦展,2025
迎廣,18,27,-12,-3,2025-05-02,2025-05-15,9,10.44,2025-05-20,Computex電腦展,2025
迎廣,18,28,-12,-2,2025-05-02,2025-05-16,10,9.48,2025-05-20,Computex電腦展,2025
迎廣,18,29,-12,-1,2025-05-02,2025-05-19,11,9.48,2025-05-20,Computex電腦展,2025
迎廣,18,30,-12,0,2025-05-02,2025-05-20,12,13.69,2025-05-20,Computex電腦展,2025
迎廣,18,31,-12,1,2025-05-02,2025-05-21,13,15.37,2025-05-20,Computex電腦展,2025
迎廣,18,32,-12,2,2025-05-02,2025-05-22,14,12.36,2025-05-20,Computex電腦展,2025
迎廣,18,33,-12,3,2025-05-02,2025-05-23,15,13.69,2025-05-20,Computex電腦展,2025
迎廣,18,34,-12,4,2025-05-02,2025-05-26,16,14.29,2025-05-20,Computex電腦展,2025
迎廣,18,35,-12,5,2025-05-02,2025-05-27,17,20.65,2025-05-20,Computex電腦展,2025
迎廣,18,36,-12,6,2025-05-02,2025-05-28,18,20.65,2025-05-20,Computex電腦展,2025
迎廣,18,37,-12,7,2025-05-02,2025-05-29,19,13.57,2025-05-20,Computex電腦展,2025
迎廣,18,38,-12,8,2025-05-02,2025-06-02,20,11.16,2025-05-20,Computex電腦展,2025
迎廣,18,39,-12,9,2025-05-02,2025-06-03,21,10.2,2025-05-20,Computex電腦展,2025
迎廣,18,40,-12,10,2025-05-02,2025-06-04,22,13.57,2025-05-20,Computex電腦展,2025
迎廣,18,41,-12,11,2025-05-02,2025-06-05,23,12.61,2025-05-20,Computex電腦展,2025
迎廣,18,42,-12,12,2025-05-02,2025-06-06,24,13.69,2025-05-20,Computex電腦展,2025
迎廣,18,43,-12,13,2025-05-02,2025-06-09,25,15.85,2025-05-20,Computex電腦展,2025
迎廣,18,44,-12,14,2025-05-02,2025-06-10,26,21.25,2025-05-20,Computex電腦展,2025
迎廣,18,45,-12,15,2025-05-02,2025-06-11,27,18.85,2025-05-20,Computex電腦展,2025
迎廣,18,46,-12,16,2025-05-02,2025-06-12,28,17.77,2025-05-20,Computex電腦展,2025
迎廣,19,20,-11,-10,2025-05-05,2025-05-06,1,2.08,2025-05-20,Computex電腦展,2025
迎廣,19,21,-11,-9,2025-05-05,2025-05-07,2,0.78,2025-05-20,Computex電腦展,2025
迎廣,19,22,-11,-8,2025-05-05,2025-05-08,3,2.33,2025-05-20,Computex電腦展,2025
迎廣,19,23,-11,-7,2025-05-05,2025-05-09,4,4.41,2025-05-20,Computex電腦展,2025
迎廣,19,24,-11,-6,2025-05-05,2025-05-12,5,6.74,2025-05-20,Computex電腦展,2025
迎廣,19,25,-11,-5,2025-05-05,2025-05-13,6,9.08,2025-05-20,Computex電腦展,2025
迎廣,19,26,-11,-4,2025-05-05,2025-05-14,7,19.97,2025-05-20,Computex電腦展,2025
迎廣,19,27,-11,-3,2025-05-05,2025-05-15,8,19.33,2025-05-20,Computex電腦展,2025
迎廣,19,28,-11,-2,2025-05-05,2025-05-16,9,18.29,2025-05-20,Computex電腦展,2025
迎廣,19,29,-11,-1,2025-05-05,2025-05-19,10,18.29,2025-05-20,Computex電腦展,2025
迎廣,19,30,-11,0,2025-05-05,2025-05-20,11,22.83,2025-05-20,Computex電腦展,2025
迎廣,19,31,-11,1,2025-05-05,2025-05-21,12,24.64,2025-05-20,Computex電腦展,2025
迎廣,19,32,-11,2,2025-05-05,2025-05-22,13,21.4,2025-05-20,Computex電腦展,2025
迎廣,19,33,-11,3,2025-05-05,2025-05-23,14,22.83,2025-05-20,Computex電腦展,2025
迎廣,19,34,-11,4,2025-05-05,2025-05-26,15,23.48,2025-05-20,Computex電腦展,2025
迎廣,19,35,-11,5,2025-05-05,2025-05-27,16,30.35,2025-05-20,Computex電腦展,2025
迎廣,19,36,-11,6,2025-05-05,2025-05-28,17,30.35,2025-05-20,Computex電腦展,2025
迎廣,19,37,-11,7,2025-05-05,2025-05-29,18,22.7,2025-05-20,Computex電腦展,2025
迎廣,19,38,-11,8,2025-05-05,2025-06-02,19,20.1,2025-05-20,Computex電腦展,2025
迎廣,19,39,-11,9,2025-05-05,2025-06-03,20,19.07,2025-05-20,Computex電腦展,2025
迎廣,19,40,-11,10,2025-05-05,2025-06-04,21,22.7,2025-05-20,Computex電腦展,2025
迎廣,19,41,-11,11,2025-05-05,2025-06-05,22,21.66,2025-05-20,Computex電腦展,2025
迎廣,19,42,-11,12,2025-05-05,2025-06-06,23,22.83,2025-05-20,Computex電腦展,2025
迎廣,19,43,-11,13,2025-05-05,2025-06-09,24,25.16,2025-05-20,Computex電腦展,2025
迎廣,19,44,-11,14,2025-05-05,2025-06-10,25,31.0,2025-05-20,Computex電腦展,2025
迎廣,19,45,-11,15,2025-05-05,2025-06-11,26,28.4,2025-05-20,Computex電腦展,2025
迎廣,19,46,-11,16,2025-05-05,2025-06-12,27,27.24,2025-05-20,Computex電腦展,2025
迎廣,20,21,-10,-9,2025-05-06,2025-05-07,1,-1.27,2025-05-20,Computex電腦展,2025
迎廣,20,22,-10,-8,2025-05-06,2025-05-08,2,0.25,2025-05-20,Computex電腦展,2025
迎廣,20,23,-10,-7,2025-05-06,2025-05-09,3,2.29,2025-05-20,Computex電腦展,2025
迎廣,20,24,-10,-6,2025-05-06,2025-05-12,4,4.57,2025-05-20,Computex電腦展,2025
迎廣,20,25,-10,-5,2025-05-06,2025-05-13,5,6.86,2025-05-20,Computex電腦展,2025
迎廣,20,26,-10,-4,2025-05-06,2025-05-14,6,17.53,2025-05-20,Computex電腦展,2025
迎廣,20,27,-10,-3,2025-05-06,2025-05-15,7,16.9,2025-05-20,Computex電腦展,2025
迎廣,20,28,-10,-2,2025-05-06,2025-05-16,8,15.88,2025-05-20,Computex電腦展,2025
迎廣,20,29,-10,-1,2025-05-06,2025-05-19,9,15.88,2025-05-20,Computex電腦展,2025
迎廣,20,30,-10,0,2025-05-06,2025-05-20,10,20.33,2025-05-20,Computex電腦展,2025
迎廣,20,31,-10,1,2025-05-06,2025-05-21,11,22.11,2025-05-20,Computex電腦展,2025
迎廣,20,32,-10,2,2025-05-06,2025-05-22,12,18.93,2025-05-20,Computex電腦展,2025
迎廣,20,33,-10,3,2025-05-06,2025-05-23,13,20.33,2025-05-20,Computex電腦展,2025
迎廣,20,34,-10,4,2025-05-06,2025-05-26,14,20.97,2025-05-20,Computex電腦展,2025
迎廣,20,35,-10,5,2025-05-06,2025-05-27,15,27.7,2025-05-20,Computex電腦展,2025
迎廣,20,36,-10,6,2025-05-06,2025-05-28,16,27.7,2025-05-20,Computex電腦展,2025
迎廣,20,37,-10,7,2025-05-06,2025-05-29,17,20.2,2025-05-20,Computex電腦展,2025
迎廣,20,38,-10,8,2025-05-06,2025-06-02,18,17.66,2025-05-20,Computex電腦展,2025
迎廣,20,39,-10,9,2025-05-06,2025-06-03,19,16.65,2025-05-20,Computex電腦展,2025
迎廣,20,40,-10,10,2025-05-06,2025-06-04,20,20.2,2025-05-20,Computex電腦展,2025
迎廣,20,41,-10,11,2025-05-06,2025-06-05,21,19.19,2025-05-20,Computex電腦展,2025
迎廣,20,42,-10,12,2025-05-06,2025-06-06,22,20.33,2025-05-20,Computex電腦展,2025
迎廣,20,43,-10,13,2025-05-06,2025-06-09,23,22.62,2025-05-20,Computex電腦展,2025
迎廣,20,44,-10,14,2025-05-06,2025-06-10,24,28.34,2025-05-20,Computex電腦展,2025
迎廣,20,45,-10,15,2025-05-06,2025-06-11,25,25.79,2025-05-20,Computex電腦展,2025
迎廣,20,46,-10,16,2025-05-06,2025-06-12,26,24.65,2025-05-20,Computex電腦展,2025
迎廣,21,22,-9,-8,2025-05-07,2025-05-08,1,1.54,2025-05-20,Computex電腦展,2025
迎廣,21,23,-9,-7,2025-05-07,2025-05-09,2,3.6,2025-05-20,Computex電腦展,2025
迎廣,21,24,-9,-6,2025-05-07,2025-05-12,3,5.92,2025-05-20,Computex電腦展,2025
迎廣,21,25,-9,-5,2025-05-07,2025-05-13,4,8.24,2025-05-20,Computex電腦展,2025
迎廣,21,26,-9,-4,2025-05-07,2025-05-14,5,19.05,2025-05-20,Computex電腦展,2025
迎廣,21,27,-9,-3,2025-05-07,2025-05-15,6,18.4,2025-05-20,Computex電腦展,2025
迎廣,21,28,-9,-2,2025-05-07,2025-05-16,7,17.37,2025-05-20,Computex電腦展,2025
迎廣,21,29,-9,-1,2025-05-07,2025-05-19,8,17.37,2025-05-20,Computex電腦展,2025
迎廣,21,30,-9,0,2025-05-07,2025-05-20,9,21.88,2025-05-20,Computex電腦展,2025
迎廣,21,31,-9,1,2025-05-07,2025-05-21,10,23.68,2025-05-20,Computex電腦展,2025
迎廣,21,32,-9,2,2025-05-07,2025-05-22,11,20.46,2025-05-20,Computex電腦展,2025
迎廣,21,33,-9,3,2025-05-07,2025-05-23,12,21.88,2025-05-20,Computex電腦展,2025
迎廣,21,34,-9,4,2025-05-07,2025-05-26,13,22.52,2025-05-20,Computex電腦展,2025
迎廣,21,35,-9,5,2025-05-07,2025-05-27,14,29.34,2025-05-20,Computex電腦展,2025
迎廣,21,36,-9,6,2025-05-07,2025-05-28,15,29.34,2025-05-20,Computex電腦展,2025
迎廣,21,37,-9,7,2025-05-07,2025-05-29,16,21.75,2025-05-20,Computex電腦展,2025
迎廣,21,38,-9,8,2025-05-07,2025-06-02,17,19.18,2025-05-20,Computex電腦展,2025
迎廣,21,39,-9,9,2025-05-07,2025-06-03,18,18.15,2025-05-20,Computex電腦展,2025
迎廣,21,40,-9,10,2025-05-07,2025-06-04,19,21.75,2025-05-20,Computex電腦展,2025
迎廣,21,41,-9,11,2025-05-07,2025-06-05,20,20.72,2025-05-20,Computex電腦展,2025
迎廣,21,42,-9,12,2025-05-07,2025-06-06,21,21.88,2025-05-20,Computex電腦展,2025
迎廣,21,43,-9,13,2025-05-07,2025-06-09,22,24.2,2025-05-20,Computex電腦展,2025
迎廣,21,44,-9,14,2025-05-07,2025-06-10,23,29.99,2025-05-20,Computex電腦展,2025
迎廣,21,45,-9,15,2025-05-07,2025-06-11,24,27.41,2025-05-20,Computex電腦展,2025
迎廣,21,46,-9,16,2025-05-07,2025-06-12,25,26.25,2025-05-20,Computex電腦展,2025
迎廣,22,23,-8,-7,2025-05-08,2025-05-09,1,2.03,2025-05-20,Computex電腦展,2025
迎廣,22,24,-8,-6,2025-05-08,2025-05-12,2,4.31,2025-05-20,Computex電腦展,2025
迎廣,22,25,-8,-5,2025-05-08,2025-05-13,3,6.59,2025-05-20,Computex電腦展,2025
迎廣,22,26,-8,-4,2025-05-08,2025-05-14,4,17.24,2025-05-20,Computex電腦展,2025
迎廣,22,27,-8,-3,2025-05-08,2025-05-15,5,16.6,2025-05-20,Computex電腦展,2025
迎廣,22,28,-8,-2,2025-05-08,2025-05-16,6,15.59,2025-05-20,Computex電腦展,2025
迎廣,22,29,-8,-1,2025-05-08,2025-05-19,7,15.59,2025-05-20,Computex電腦展,2025
迎廣,22,30,-8,0,2025-05-08,2025-05-20,8,20.03,2025-05-20,Computex電腦展,2025
迎廣,22,31,-8,1,2025-05-08,2025-05-21,9,21.8,2025-05-20,Computex電腦展,2025
迎廣,22,32,-8,2,2025-05-08,2025-05-22,10,18.63,2025-05-20,Computex電腦展,2025
迎廣,22,33,-8,3,2025-05-08,2025-05-23,11,20.03,2025-05-20,Computex電腦展,2025
迎廣,22,34,-8,4,2025-05-08,2025-05-26,12,20.66,2025-05-20,Computex電腦展,2025
迎廣,22,35,-8,5,2025-05-08,2025-05-27,13,27.38,2025-05-20,Computex電腦展,2025
迎廣,22,36,-8,6,2025-05-08,2025-05-28,14,27.38,2025-05-20,Computex電腦展,2025
迎廣,22,37,-8,7,2025-05-08,2025-05-29,15,19.9,2025-05-20,Computex電腦展,2025
迎廣,22,38,-8,8,2025-05-08,2025-06-02,16,17.36,2025-05-20,Computex電腦展,2025
迎廣,22,39,-8,9,2025-05-08,2025-06-03,17,16.35,2025-05-20,Computex電腦展,2025
迎廣,22,40,-8,10,2025-05-08,2025-06-04,18,19.9,2025-05-20,Computex電腦展,2025
迎廣,22,41,-8,11,2025-05-08,2025-06-05,19,18.88,2025-05-20,Computex電腦展,2025
迎廣,22,42,-8,12,2025-05-08,2025-06-06,20,20.03,2025-05-20,Computex電腦展,2025
迎廣,22,43,-8,13,2025-05-08,2025-06-09,21,22.31,2025-05-20,Computex電腦展,2025
迎廣,22,44,-8,14,2025-05-08,2025-06-10,22,28.01,2025-05-20,Computex電腦展,2025
迎廣,22,45,-8,15,2025-05-08,2025-06-11,23,25.48,2025-05-20,Computex電腦展,2025
迎廣,22,46,-8,16,2025-05-08,2025-06-12,24,24.33,2025-05-20,Computex電腦展,2025
迎廣,23,24,-7,-6,2025-05-09,2025-05-12,1,2.24,2025-05-20,Computex電腦展,2025
迎廣,23,25,-7,-5,2025-05-09,2025-05-13,2,4.47,2025-05-20,Computex電腦展,2025
迎廣,23,26,-7,-4,2025-05-09,2025-05-14,3,14.91,2025-05-20,Computex電腦展,2025
迎廣,23,27,-7,-3,2025-05-09,2025-05-15,4,14.29,2025-05-20,Computex電腦展,2025
迎廣,23,28,-7,-2,2025-05-09,2025-05-16,5,13.29,2025-05-20,Computex電腦展,2025
迎廣,23,29,-7,-1,2025-05-09,2025-05-19,6,13.29,2025-05-20,Computex電腦展,2025
迎廣,23,30,-7,0,2025-05-09,2025-05-20,7,17.64,2025-05-20,Computex電腦展,2025
迎廣,23,31,-7,1,2025-05-09,2025-05-21,8,19.38,2025-05-20,Computex電腦展,2025
迎廣,23,32,-7,2,2025-05-09,2025-05-22,9,16.27,2025-05-20,Computex電腦展,2025
迎廣,23,33,-7,3,2025-05-09,2025-05-23,10,17.64,2025-05-20,Computex電腦展,2025
迎廣,23,34,-7,4,2025-05-09,2025-05-26,11,18.26,2025-05-20,Computex電腦展,2025
迎廣,23,35,-7,5,2025-05-09,2025-05-27,12,24.84,2025-05-20,Computex電腦展,2025
迎廣,23,36,-7,6,2025-05-09,2025-05-28,13,24.84,2025-05-20,Computex電腦展,2025
迎廣,23,37,-7,7,2025-05-09,2025-05-29,14,17.52,2025-05-20,Computex電腦展,2025
迎廣,23,38,-7,8,2025-05-09,2025-06-02,15,15.03,2025-05-20,Computex電腦展,2025
迎廣,23,39,-7,9,2025-05-09,2025-06-03,16,14.04,2025-05-20,Computex電腦展,2025
迎廣,23,40,-7,10,2025-05-09,2025-06-04,17,17.52,2025-05-20,Computex電腦展,2025
迎廣,23,41,-7,11,2025-05-09,2025-06-05,18,16.52,2025-05-20,Computex電腦展,2025
迎廣,23,42,-7,12,2025-05-09,2025-06-06,19,17.64,2025-05-20,Computex電腦展,2025
迎廣,23,43,-7,13,2025-05-09,2025-06-09,20,19.88,2025-05-20,Computex電腦展,2025
迎廣,23,44,-7,14,2025-05-09,2025-06-10,21,25.47,2025-05-20,Computex電腦展,2025
迎廣,23,45,-7,15,2025-05-09,2025-06-11,22,22.98,2025-05-20,Computex電腦展,2025
迎廣,23,46,-7,16,2025-05-09,2025-06-12,23,21.86,2025-05-20,Computex電腦展,2025
迎廣,24,25,-6,-5,2025-05-12,2025-05-13,1,2.19,2025-05-20,Computex電腦展,2025
迎廣,24,26,-6,-4,2025-05-12,2025-05-14,2,12.39,2025-05-20,Computex電腦展,2025
迎廣,24,27,-6,-3,2025-05-12,2025-05-15,3,11.79,2025-05-20,Computex電腦展,2025
迎廣,24,28,-6,-2,2025-05-12,2025-05-16,4,10.81,2025-05-20,Computex電腦展,2025
迎廣,24,29,-6,-1,2025-05-12,2025-05-19,5,10.81,2025-05-20,Computex電腦展,2025
迎廣,24,30,-6,0,2025-05-12,2025-05-20,6,15.07,2025-05-20,Computex電腦展,2025
迎廣,24,31,-6,1,2025-05-12,2025-05-21,7,16.77,2025-05-20,Computex電腦展,2025
迎廣,24,32,-6,2,2025-05-12,2025-05-22,8,13.73,2025-05-20,Computex電腦展,2025
迎廣,24,33,-6,3,2025-05-12,2025-05-23,9,15.07,2025-05-20,Computex電腦展,2025
迎廣,24,34,-6,4,2025-05-12,2025-05-26,10,15.67,2025-05-20,Computex電腦展,2025
迎廣,24,35,-6,5,2025-05-12,2025-05-27,11,22.11,2025-05-20,Computex電腦展,2025
迎廣,24,36,-6,6,2025-05-12,2025-05-28,12,22.11,2025-05-20,Computex電腦展,2025
迎廣,24,37,-6,7,2025-05-12,2025-05-29,13,14.95,2025-05-20,Computex電腦展,2025
迎廣,24,38,-6,8,2025-05-12,2025-06-02,14,12.52,2025-05-20,Computex電腦展,2025
迎廣,24,39,-6,9,2025-05-12,2025-06-03,15,11.54,2025-05-20,Computex電腦展,2025
迎廣,24,40,-6,10,2025-05-12,2025-06-04,16,14.95,2025-05-20,Computex電腦展,2025
迎廣,24,41,-6,11,2025-05-12,2025-06-05,17,13.97,2025-05-20,Computex電腦展,2025
迎廣,24,42,-6,12,2025-05-12,2025-06-06,18,15.07,2025-05-20,Computex電腦展,2025
迎廣,24,43,-6,13,2025-05-12,2025-06-09,19,17.25,2025-05-20,Computex電腦展,2025
迎廣,24,44,-6,14,2025-05-12,2025-06-10,20,22.72,2025-05-20,Computex電腦展,2025
迎廣,24,45,-6,15,2025-05-12,2025-06-11,21,20.29,2025-05-20,Computex電腦展,2025
迎廣,24,46,-6,16,2025-05-12,2025-06-12,22,19.2,2025-05-20,Computex電腦展,2025
迎廣,25,26,-5,-4,2025-05-13,2025-05-14,1,9.99,2025-05-20,Computex電腦展,2025
迎廣,25,27,-5,-3,2025-05-13,2025-05-15,2,9.39,2025-05-20,Computex電腦展,2025
迎廣,25,28,-5,-2,2025-05-13,2025-05-16,3,8.44,2025-05-20,Computex電腦展,2025
迎廣,25,29,-5,-1,2025-05-13,2025-05-19,4,8.44,2025-05-20,Computex電腦展,2025
迎廣,25,30,-5,0,2025-05-13,2025-05-20,5,12.6,2025-05-20,Computex電腦展,2025
迎廣,25,31,-5,1,2025-05-13,2025-05-21,6,14.27,2025-05-20,Computex電腦展,2025
迎廣,25,32,-5,2,2025-05-13,2025-05-22,7,11.3,2025-05-20,Computex電腦展,2025
迎廣,25,33,-5,3,2025-05-13,2025-05-23,8,12.6,2025-05-20,Computex電腦展,2025
迎廣,25,34,-5,4,2025-05-13,2025-05-26,9,13.2,2025-05-20,Computex電腦展,2025
迎廣,25,35,-5,5,2025-05-13,2025-05-27,10,19.5,2025-05-20,Computex電腦展,2025
迎廣,25,36,-5,6,2025-05-13,2025-05-28,11,19.5,2025-05-20,Computex電腦展,2025
迎廣,25,37,-5,7,2025-05-13,2025-05-29,12,12.49,2025-05-20,Computex電腦展,2025
迎廣,25,38,-5,8,2025-05-13,2025-06-02,13,10.11,2025-05-20,Computex電腦展,2025
迎廣,25,39,-5,9,2025-05-13,2025-06-03,14,9.16,2025-05-20,Computex電腦展,2025
迎廣,25,40,-5,10,2025-05-13,2025-06-04,15,12.49,2025-05-20,Computex電腦展,2025
迎廣,25,41,-5,11,2025-05-13,2025-06-05,16,11.53,2025-05-20,Computex電腦展,2025
迎廣,25,42,-5,12,2025-05-13,2025-06-06,17,12.6,2025-05-20,Computex電腦展,2025
迎廣,25,43,-5,13,2025-05-13,2025-06-09,18,14.74,2025-05-20,Computex電腦展,2025
迎廣,25,44,-5,14,2025-05-13,2025-06-10,19,20.1,2025-05-20,Computex電腦展,2025
迎廣,25,45,-5,15,2025-05-13,2025-06-11,20,17.72,2025-05-20,Computex電腦展,2025
迎廣,25,46,-5,16,2025-05-13,2025-06-12,21,16.65,2025-05-20,Computex電腦展,2025
迎廣,26,27,-4,-3,2025-05-14,2025-05-15,1,-0.54,2025-05-20,Computex電腦展,2025
迎廣,26,28,-4,-2,2025-05-14,2025-05-16,2,-1.41,2025-05-20,Computex電腦展,2025
迎廣,26,29,-4,-1,2025-05-14,2025-05-19,3,-1.41,2025-05-20,Computex電腦展,2025
迎廣,26,30,-4,0,2025-05-14,2025-05-20,4,2.38,2025-05-20,Computex電腦展,2025
迎廣,26,31,-4,1,2025-05-14,2025-05-21,5,3.89,2025-05-20,Computex電腦展,2025
迎廣,26,32,-4,2,2025-05-14,2025-05-22,6,1.19,2025-05-20,Computex電腦展,2025
迎廣,26,33,-4,3,2025-05-14,2025-05-23,7,2.38,2025-05-20,Computex電腦展,2025
迎廣,26,34,-4,4,2025-05-14,2025-05-26,8,2.92,2025-05-20,Computex電腦展,2025
迎廣,26,35,-4,5,2025-05-14,2025-05-27,9,8.65,2025-05-20,Computex電腦展,2025
迎廣,26,36,-4,6,2025-05-14,2025-05-28,10,8.65,2025-05-20,Computex電腦展,2025
迎廣,26,37,-4,7,2025-05-14,2025-05-29,11,2.27,2025-05-20,Computex電腦展,2025
迎廣,26,38,-4,8,2025-05-14,2025-06-02,12,0.11,2025-05-20,Computex電腦展,2025
迎廣,26,39,-4,9,2025-05-14,2025-06-03,13,-0.76,2025-05-20,Computex電腦展,2025
迎廣,26,40,-4,10,2025-05-14,2025-06-04,14,2.27,2025-05-20,Computex電腦展,2025
迎廣,26,41,-4,11,2025-05-14,2025-06-05,15,1.41,2025-05-20,Computex電腦展,2025
迎廣,26,42,-4,12,2025-05-14,2025-06-06,16,2.38,2025-05-20,Computex電腦展,2025
迎廣,26,43,-4,13,2025-05-14,2025-06-09,17,4.32,2025-05-20,Computex電腦展,2025
迎廣,26,44,-4,14,2025-05-14,2025-06-10,18,9.19,2025-05-20,Computex電腦展,2025
迎廣,26,45,-4,15,2025-05-14,2025-06-11,19,7.03,2025-05-20,Computex電腦展,2025
迎廣,26,46,-4,16,2025-05-14,2025-06-12,20,6.05,2025-05-20,Computex電腦展,2025
迎廣,27,28,-3,-2,2025-05-15,2025-05-16,1,-0.87,2025-05-20,Computex電腦展,2025
迎廣,27,29,-3,-1,2025-05-15,2025-05-19,2,-0.87,2025-05-20,Computex電腦展,2025
迎廣,27,30,-3,0,2025-05-15,2025-05-20,3,2.93,2025-05-20,Computex電腦展,2025
迎廣,27,31,-3,1,2025-05-15,2025-05-21,4,4.46,2025-05-20,Computex電腦展,2025
迎廣,27,32,-3,2,2025-05-15,2025-05-22,5,1.74,2025-05-20,Computex電腦展,2025
迎廣,27,33,-3,3,2025-05-15,2025-05-23,6,2.93,2025-05-20,Computex電腦展,2025
迎廣,27,34,-3,4,2025-05-15,2025-05-26,7,3.48,2025-05-20,Computex電腦展,2025
迎廣,27,35,-3,5,2025-05-15,2025-05-27,8,9.24,2025-05-20,Computex電腦展,2025
迎廣,27,36,-3,6,2025-05-15,2025-05-28,9,9.24,2025-05-20,Computex電腦展,2025
迎廣,27,37,-3,7,2025-05-15,2025-05-29,10,2.83,2025-05-20,Computex電腦展,2025
迎廣,27,38,-3,8,2025-05-15,2025-06-02,11,0.65,2025-05-20,Computex電腦展,2025
迎廣,27,39,-3,9,2025-05-15,2025-06-03,12,-0.22,2025-05-20,Computex電腦展,2025
迎廣,27,40,-3,10,2025-05-15,2025-06-04,13,2.83,2025-05-20,Computex電腦展,2025
迎廣,27,41,-3,11,2025-05-15,2025-06-05,14,1.96,2025-05-20,Computex電腦展,2025
迎廣,27,42,-3,12,2025-05-15,2025-06-06,15,2.93,2025-05-20,Computex電腦展,2025
迎廣,27,43,-3,13,2025-05-15,2025-06-09,16,4.89,2025-05-20,Computex電腦展,2025
迎廣,27,44,-3,14,2025-05-15,2025-06-10,17,9.78,2025-05-20,Computex電腦展,2025
迎廣,27,45,-3,15,2025-05-15,2025-06-11,18,7.61,2025-05-20,Computex電腦展,2025
迎廣,27,46,-3,16,2025-05-15,2025-06-12,19,6.63,2025-05-20,Computex電腦展,2025
迎廣,28,29,-2,-1,2025-05-16,2025-05-19,1,0.0,2025-05-20,Computex電腦展,2025
迎廣,28,30,-2,0,2025-05-16,2025-05-20,2,3.84,2025-05-20,Computex電腦展,2025
迎廣,28,31,-2,1,2025-05-16,2025-05-21,3,5.37,2025-05-20,Computex電腦展,2025
迎廣,28,32,-2,2,2025-05-16,2025-05-22,4,2.63,2025-05-20,Computex電腦展,2025
迎廣,28,33,-2,3,2025-05-16,2025-05-23,5,3.84,2025-05-20,Computex電腦展,2025
迎廣,28,34,-2,4,2025-05-16,2025-05-26,6,4.39,2025-05-20,Computex電腦展,2025
迎廣,28,35,-2,5,2025-05-16,2025-05-27,7,10.2,2025-05-20,Computex電腦展,2025
迎廣,28,36,-2,6,2025-05-16,2025-05-28,8,10.2,2025-05-20,Computex電腦展,2025
迎廣,28,37,-2,7,2025-05-16,2025-05-29,9,3.73,2025-05-20,Computex電腦展,2025
迎廣,28,38,-2,8,2025-05-16,2025-06-02,10,1.54,2025-05-20,Computex電腦展,2025
迎廣,28,39,-2,9,2025-05-16,2025-06-03,11,0.66,2025-05-20,Computex電腦展,2025
迎廣,28,40,-2,10,2025-05-16,2025-06-04,12,3.73,2025-05-20,Computex電腦展,2025
迎廣,28,41,-2,11,2025-05-16,2025-06-05,13,2.85,2025-05-20,Computex電腦展,2025
迎廣,28,42,-2,12,2025-05-16,2025-06-06,14,3.84,2025-05-20,Computex電腦展,2025
迎廣,28,43,-2,13,2025-05-16,2025-06-09,15,5.81,2025-05-20,Computex電腦展,2025
迎廣,28,44,-2,14,2025-05-16,2025-06-10,16,10.75,2025-05-20,Computex電腦展,2025
迎廣,28,45,-2,15,2025-05-16,2025-06-11,17,8.55,2025-05-20,Computex電腦展,2025
迎廣,28,46,-2,16,2025-05-16,2025-06-12,18,7.57,2025-05-20,Computex電腦展,2025
迎廣,29,30,-1,0,2025-05-19,2025-05-20,1,3.84,2025-05-20,Computex電腦展,2025
迎廣,29,31,-1,1,2025-05-19,2025-05-21,2,5.37,2025-05-20,Computex電腦展,2025
迎廣,29,32,-1,2,2025-05-19,2025-05-22,3,2.63,2025-05-20,Computex電腦展,2025
迎廣,29,33,-1,3,2025-05-19,2025-05-23,4,3.84,2025-05-20,Computex電腦展,2025
迎廣,29,34,-1,4,2025-05-19,2025-05-26,5,4.39,2025-05-20,Computex電腦展,2025
迎廣,29,35,-1,5,2025-05-19,2025-05-27,6,10.2,2025-05-20,Computex電腦展,2025
迎廣,29,36,-1,6,2025-05-19,2025-05-28,7,10.2,2025-05-20,Computex電腦展,2025
迎廣,29,37,-1,7,2025-05-19,2025-05-29,8,3.73,2025-05-20,Computex電腦展,2025
迎廣,29,38,-1,8,2025-05-19,2025-06-02,9,1.54,2025-05-20,Computex電腦展,2025
迎廣,29,39,-1,9,2025-05-19,2025-06-03,10,0.66,2025-05-20,Computex電腦展,2025
迎廣,29,40,-1,10,2025-05-19,2025-06-04,11,3.73,2025-05-20,Computex電腦展,2025
迎廣,29,41,-1,11,2025-05-19,2025-06-05,12,2.85,2025-05-20,Computex電腦展,2025
迎廣,29,42,-1,12,2025-05-19,2025-06-06,13,3.84,2025-05-20,Computex電腦展,2025
迎廣,29,43,-1,13,2025-05-19,2025-06-09,14,5.81,2025-05-20,Computex電腦展,2025
迎廣,29,44,-1,14,2025-05-19,2025-06-10,15,10.75,2025-05-20,Computex電腦展,2025
迎廣,29,45,-1,15,2025-05-19,2025-06-11,16,8.55,2025-05-20,Computex電腦展,2025
迎廣,29,46,-1,16,2025-05-19,2025-06-12,17,7.57,2025-05-20,Computex電腦展,2025
迎廣,30,31,0,1,2025-05-20,2025-05-21,1,1.48,2025-05-20,Computex電腦展,2025
迎廣,30,32,0,2,2025-05-20,2025-05-22,2,-1.16,2025-05-20,Computex電腦展,2025
迎廣,30,33,0,3,2025-05-20,2025-05-23,3,0.0,2025-05-20,Computex電腦展,2025
迎廣,30,34,0,4,2025-05-20,2025-05-26,4,0.53,2025-05-20,Computex電腦展,2025
迎廣,30,35,0,5,2025-05-20,2025-05-27,5,6.12,2025-05-20,Computex電腦展,2025
迎廣,30,36,0,6,2025-05-20,2025-05-28,6,6.12,2025-05-20,Computex電腦展,2025
迎廣,30,37,0,7,2025-05-20,2025-05-29,7,-0.11,2025-05-20,Computex電腦展,2025
迎廣,30,38,0,8,2025-05-20,2025-06-02,8,-2.22,2025-05-20,Computex電腦展,2025
迎廣,30,39,0,9,2025-05-20,2025-06-03,9,-3.06,2025-05-20,Computex電腦展,2025
迎廣,30,40,0,10,2025-05-20,2025-06-04,10,-0.11,2025-05-20,Computex電腦展,2025
迎廣,30,41,0,11,2025-05-20,2025-06-05,11,-0.95,2025-05-20,Computex電腦展,2025
迎廣,30,42,0,12,2025-05-20,2025-06-06,12,0.0,2025-05-20,Computex電腦展,2025
迎廣,30,43,0,13,2025-05-20,2025-06-09,13,1.9,2025-05-20,Computex電腦展,2025
迎廣,30,44,0,14,2025-05-20,2025-06-10,14,6.65,2025-05-20,Computex電腦展,2025
迎廣,30,45,0,15,2025-05-20,2025-06-11,15,4.54,2025-05-20,Computex電腦展,2025
迎廣,30,46,0,16,2025-05-20,2025-06-12,16,3.59,2025-05-20,Computex電腦展,2025
迎廣,31,32,1,2,2025-05-21,2025-05-22,1,-2.6,2025-05-20,Computex電腦展,2025
迎廣,31,33,1,3,2025-05-21,2025-05-23,2,-1.46,2025-05-20,Computex電腦展,2025
迎廣,31,34,1,4,2025-05-21,2025-05-26,3,-0.94,2025-05-20,Computex電腦展,2025
迎廣,31,35,1,5,2025-05-21,2025-05-27,4,4.58,2025-05-20,Computex電腦展,2025
迎廣,31,36,1,6,2025-05-21,2025-05-28,5,4.58,2025-05-20,Computex電腦展,2025
迎廣,31,37,1,7,2025-05-21,2025-05-29,6,-1.56,2025-05-20,Computex電腦展,2025
迎廣,31,38,1,8,2025-05-21,2025-06-02,7,-3.64,2025-05-20,Computex電腦展,2025
迎廣,31,39,1,9,2025-05-21,2025-06-03,8,-4.47,2025-05-20,Computex電腦展,2025
迎廣,31,40,1,10,2025-05-21,2025-06-04,9,-1.56,2025-05-20,Computex電腦展,2025
迎廣,31,41,1,11,2025-05-21,2025-06-05,10,-2.39,2025-05-20,Computex電腦展,2025
迎廣,31,42,1,12,2025-05-21,2025-06-06,11,-1.46,2025-05-20,Computex電腦展,2025
迎廣,31,43,1,13,2025-05-21,2025-06-09,12,0.42,2025-05-20,Computex電腦展,2025
迎廣,31,44,1,14,2025-05-21,2025-06-10,13,5.1,2025-05-20,Computex電腦展,2025
迎廣,31,45,1,15,2025-05-21,2025-06-11,14,3.02,2025-05-20,Computex電腦展,2025
迎廣,31,46,1,16,2025-05-21,2025-06-12,15,2.08,2025-05-20,Computex電腦展,2025
迎廣,32,33,2,3,2025-05-22,2025-05-23,1,1.18,2025-05-20,Computex電腦展,2025
迎廣,32,34,2,4,2025-05-22,2025-05-26,2,1.71,2025-05-20,Computex電腦展,2025
迎廣,32,35,2,5,2025-05-22,2025-05-27,3,7.37,2025-05-20,Computex電腦展,2025
迎廣,32,36,2,6,2025-05-22,2025-05-28,4,7.37,2025-05-20,Computex電腦展,2025
迎廣,32,37,2,7,2025-05-22,2025-05-29,5,1.07,2025-05-20,Computex電腦展,2025
迎廣,32,38,2,8,2025-05-22,2025-06-02,6,-1.07,2025-05-20,Computex電腦展,2025
迎廣,32,39,2,9,2025-05-22,2025-06-03,7,-1.92,2025-05-20,Computex電腦展,2025
迎廣,32,40,2,10,2025-05-22,2025-06-04,8,1.07,2025-05-20,Computex電腦展,2025
迎廣,32,41,2,11,2025-05-22,2025-06-05,9,0.21,2025-05-20,Computex電腦展,2025
迎廣,32,42,2,12,2025-05-22,2025-06-06,10,1.18,2025-05-20,Computex電腦展,2025
迎廣,32,43,2,13,2025-05-22,2025-06-09,11,3.1,2025-05-20,Computex電腦展,2025
迎廣,32,44,2,14,2025-05-22,2025-06-10,12,7.91,2025-05-20,Computex電腦展,2025
迎廣,32,45,2,15,2025-05-22,2025-06-11,13,5.77,2025-05-20,Computex電腦展,2025
迎廣,32,46,2,16,2025-05-22,2025-06-12,14,4.81,2025-05-20,Computex電腦展,2025
迎廣,33,34,3,4,2025-05-23,2025-05-26,1,0.53,2025-05-20,Computex電腦展,2025
迎廣,33,35,3,5,2025-05-23,2025-05-27,2,6.12,2025-05-20,Computex電腦展,2025
迎廣,33,36,3,6,2025-05-23,2025-05-28,3,6.12,2025-05-20,Computex電腦展,2025
迎廣,33,37,3,7,2025-05-23,2025-05-29,4,-0.11,2025-05-20,Computex電腦展,2025
迎廣,33,38,3,8,2025-05-23,2025-06-02,5,-2.22,2025-05-20,Computex電腦展,2025
迎廣,33,39,3,9,2025-05-23,2025-06-03,6,-3.06,2025-05-20,Computex電腦展,2025
迎廣,33,40,3,10,2025-05-23,2025-06-04,7,-0.11,2025-05-20,Computex電腦展,2025
迎廣,33,41,3,11,2025-05-23,2025-06-05,8,-0.95,2025-05-20,Computex電腦展,2025
迎廣,33,42,3,12,2025-05-23,2025-06-06,9,0.0,2025-05-20,Computex電腦展,2025
迎廣,33,43,3,13,2025-05-23,2025-06-09,10,1.9,2025-05-20,Computex電腦展,2025
迎廣,33,44,3,14,2025-05-23,2025-06-10,11,6.65,2025-05-20,Computex電腦展,2025
迎廣,33,45,3,15,2025-05-23,2025-06-11,12,4.54,2025-05-20,Computex電腦展,2025
迎廣,33,46,3,16,2025-05-23,2025-06-12,13,3.59,2025-05-20,Computex電腦展,2025
迎廣,34,35,4,5,2025-05-26,2025-05-27,1,5.57,2025-05-20,Computex電腦展,2025
迎廣,34,36,4,6,2025-05-26,2025-05-28,2,5.57,2025-05-20,Computex電腦展,2025
迎廣,34,37,4,7,2025-05-26,2025-05-29,3,-0.63,2025-05-20,Computex電腦展,2025
迎廣,34,38,4,8,2025-05-26,2025-06-02,4,-2.73,2025-05-20,Computex電腦展,2025
迎廣,34,39,4,9,2025-05-26,2025-06-03,5,-3.57,2025-05-20,Computex電腦展,2025
迎廣,34,40,4,10,2025-05-26,2025-06-04,6,-0.63,2025-05-20,Computex電腦展,2025
迎廣,34,41,4,11,2025-05-26,2025-06-05,7,-1.47,2025-05-20,Computex電腦展,2025
迎廣,34,42,4,12,2025-05-26,2025-06-06,8,-0.53,2025-05-20,Computex電腦展,2025
迎廣,34,43,4,13,2025-05-26,2025-06-09,9,1.37,2025-05-20,Computex電腦展,2025
迎廣,34,44,4,14,2025-05-26,2025-06-10,10,6.09,2025-05-20,Computex電腦展,2025
迎廣,34,45,4,15,2025-05-26,2025-06-11,11,3.99,2025-05-20,Computex電腦展,2025
迎廣,34,46,4,16,2025-05-26,2025-06-12,12,3.05,2025-05-20,Computex電腦展,2025
迎廣,35,36,5,6,2025-05-27,2025-05-28,1,0.0,2025-05-20,Computex電腦展,2025
迎廣,35,37,5,7,2025-05-27,2025-05-29,2,-5.87,2025-05-20,Computex電腦展,2025
迎廣,35,38,5,8,2025-05-27,2025-06-02,3,-7.86,2025-05-20,Computex電腦展,2025
迎廣,35,39,5,9,2025-05-27,2025-06-03,4,-8.66,2025-05-20,Computex電腦展,2025
迎廣,35,40,5,10,2025-05-27,2025-06-04,5,-5.87,2025-05-20,Computex電腦展,2025
迎廣,35,41,5,11,2025-05-27,2025-06-05,6,-6.67,2025-05-20,Computex電腦展,2025
迎廣,35,42,5,12,2025-05-27,2025-06-06,7,-5.77,2025-05-20,Computex電腦展,2025
迎廣,35,43,5,13,2025-05-27,2025-06-09,8,-3.98,2025-05-20,Computex電腦展,2025
迎廣,35,44,5,14,2025-05-27,2025-06-10,9,0.5,2025-05-20,Computex電腦展,2025
迎廣,35,45,5,15,2025-05-27,2025-06-11,10,-1.49,2025-05-20,Computex電腦展,2025
迎廣,35,46,5,16,2025-05-27,2025-06-12,11,-2.39,2025-05-20,Computex電腦展,2025
迎廣,36,37,6,7,2025-05-28,2025-05-29,1,-5.87,2025-05-20,Computex電腦展,2025
迎廣,36,38,6,8,2025-05-28,2025-06-02,2,-7.86,2025-05-20,Computex電腦展,2025
迎廣,36,39,6,9,2025-05-28,2025-06-03,3,-8.66,2025-05-20,Computex電腦展,2025
迎廣,36,40,6,10,2025-05-28,2025-06-04,4,-5.87,2025-05-20,Computex電腦展,2025
迎廣,36,41,6,11,2025-05-28,2025-06-05,5,-6.67,2025-05-20,Computex電腦展,2025
迎廣,36,42,6,12,2025-05-28,2025-06-06,6,-5.77,2025-05-20,Computex電腦展,2025
迎廣,36,43,6,13,2025-05-28,2025-06-09,7,-3.98,2025-05-20,Computex電腦展,2025
迎廣,36,44,6,14,2025-05-28,2025-06-10,8,0.5,2025-05-20,Computex電腦展,2025
迎廣,36,45,6,15,2025-05-28,2025-06-11,9,-1.49,2025-05-20,Computex電腦展,2025
迎廣,36,46,6,16,2025-05-28,2025-06-12,10,-2.39,2025-05-20,Computex電腦展,2025
迎廣,37,38,7,8,2025-05-29,2025-06-02,1,-2.11,2025-05-20,Computex電腦展,2025
迎廣,37,39,7,9,2025-05-29,2025-06-03,2,-2.96,2025-05-20,Computex電腦展,2025
迎廣,37,40,7,10,2025-05-29,2025-06-04,3,0.0,2025-05-20,Computex電腦展,2025
迎廣,37,41,7,11,2025-05-29,2025-06-05,4,-0.85,2025-05-20,Computex電腦展,2025
迎廣,37,42,7,12,2025-05-29,2025-06-06,5,0.11,2025-05-20,Computex電腦展,2025
迎廣,37,43,7,13,2025-05-29,2025-06-09,6,2.01,2025-05-20,Computex電腦展,2025
迎廣,37,44,7,14,2025-05-29,2025-06-10,7,6.77,2025-05-20,Computex電腦展,2025
迎廣,37,45,7,15,2025-05-29,2025-06-11,8,4.65,2025-05-20,Computex電腦展,2025
迎廣,37,46,7,16,2025-05-29,2025-06-12,9,3.7,2025-05-20,Computex電腦展,2025
迎廣,38,39,8,9,2025-06-02,2025-06-03,1,-0.86,2025-05-20,Computex電腦展,2025
迎廣,38,40,8,10,2025-06-02,2025-06-04,2,2.16,2025-05-20,Computex電腦展,2025
迎廣,38,41,8,11,2025-06-02,2025-06-05,3,1.3,2025-05-20,Computex電腦展,2025
迎廣,38,42,8,12,2025-06-02,2025-06-06,4,2.27,2025-05-20,Computex電腦展,2025
迎廣,38,43,8,13,2025-06-02,2025-06-09,5,4.21,2025-05-20,Computex電腦展,2025
迎廣,38,44,8,14,2025-06-02,2025-06-10,6,9.07,2025-05-20,Computex電腦展,2025
迎廣,38,45,8,15,2025-06-02,2025-06-11,7,6.91,2025-05-20,Computex電腦展,2025
迎廣,38,46,8,16,2025-06-02,2025-06-12,8,5.94,2025-05-20,Computex電腦展,2025
迎廣,39,40,9,10,2025-06-03,2025-06-04,1,3.05,2025-05-20,Computex電腦展,2025
迎廣,39,41,9,11,2025-06-03,2025-06-05,2,2.18,2025-05-20,Computex電腦展,2025
迎廣,39,42,9,12,2025-06-03,2025-06-06,3,3.16,2025-05-20,Computex電腦展,2025
迎廣,39,43,9,13,2025-06-03,2025-06-09,4,5.12,2025-05-20,Computex電腦展,2025
迎廣,39,44,9,14,2025-06-03,2025-06-10,5,10.02,2025-05-20,Computex電腦展,2025
迎廣,39,45,9,15,2025-06-03,2025-06-11,6,7.84,2025-05-20,Computex電腦展,2025
迎廣,39,46,9,16,2025-06-03,2025-06-12,7,6.86,2025-05-20,Computex電腦展,2025
迎廣,40,41,10,11,2025-06-04,2025-06-05,1,-0.85,2025-05-20,Computex電腦展,2025
迎廣,40,42,10,12,2025-06-04,2025-06-06,2,0.11,2025-05-20,Computex電腦展,2025
迎廣,40,43,10,13,2025-06-04,2025-06-09,3,2.01,2025-05-20,Computex電腦展,2025
迎廣,40,44,10,14,2025-06-04,2025-06-10,4,6.77,2025-05-20,Computex電腦展,2025
迎廣,40,45,10,15,2025-06-04,2025-06-11,5,4.65,2025-05-20,Computex電腦展,2025
迎廣,40,46,10,16,2025-06-04,2025-06-12,6,3.7,2025-05-20,Computex電腦展,2025
迎廣,41,42,11,12,2025-06-05,2025-06-06,1,0.96,2025-05-20,Computex電腦展,2025
迎廣,41,43,11,13,2025-06-05,2025-06-09,2,2.88,2025-05-20,Computex電腦展,2025
迎廣,41,44,11,14,2025-06-05,2025-06-10,3,7.68,2025-05-20,Computex電腦展,2025
迎廣,41,45,11,15,2025-06-05,2025-06-11,4,5.54,2025-05-20,Computex電腦展,2025
迎廣,41,46,11,16,2025-06-05,2025-06-12,5,4.58,2025-05-20,Computex電腦展,2025
迎廣,42,43,12,13,2025-06-06,2025-06-09,1,1.9,2025-05-20,Computex電腦展,2025
迎廣,42,44,12,14,2025-06-06,2025-06-10,2,6.65,2025-05-20,Computex電腦展,2025
迎廣,42,45,12,15,2025-06-06,2025-06-11,3,4.54,2025-05-20,Computex電腦展,2025
迎廣,42,46,12,16,2025-06-06,2025-06-12,4,3.59,2025-05-20,Computex電腦展,2025
迎廣,43,44,13,14,2025-06-09,2025-06-10,1,4.66,2025-05-20,Computex電腦展,2025
迎廣,43,45,13,15,2025-06-09,2025-06-11,2,2.59,2025-05-20,Computex電腦展,2025
迎廣,43,46,13,16,2025-06-09,2025-06-12,3,1.66,2025-05-20,Computex電腦展,2025
迎廣,44,45,14,15,2025-06-10,2025-06-11,1,-1.98,2025-05-20,Computex電腦展,2025
迎廣,44,46,14,16,2025-06-10,2025-06-12,2,-2.87,2025-05-20,Computex電腦展,2025
迎廣,45,46,15,16,2025-06-11,2025-06-12,1,-0.91,2025-05-20,Computex電腦展,2025
