Stock,Buy_Index,Sell_Index,Relative_Date,Sell_Relative_Date,Buy_Date,Sell_Date,Holding_Days,Return_%,start_on,Exhibition,Year
廣達,0,1,-30,-29,2025-04-07,2025-04-08,1,-8.81,2025-05-20,Computex電腦展,2025
廣達,0,2,-30,-28,2025-04-07,2025-04-09,2,-15.0,2025-05-20,Computex電腦展,2025
廣達,0,3,-30,-27,2025-04-07,2025-04-10,3,-6.67,2025-05-20,Computex電腦展,2025
廣達,0,4,-30,-26,2025-04-07,2025-04-11,4,2.62,2025-05-20,Computex電腦展,2025
廣達,0,5,-30,-25,2025-04-07,2025-04-14,5,8.57,2025-05-20,Computex電腦展,2025
廣達,0,6,-30,-24,2025-04-07,2025-04-15,6,8.57,2025-05-20,Computex電腦展,2025
廣達,0,7,-30,-23,2025-04-07,2025-04-16,7,8.1,2025-05-20,Computex電腦展,2025
廣達,0,8,-30,-22,2025-04-07,2025-04-17,8,9.52,2025-05-20,Computex電腦展,2025
廣達,0,9,-30,-21,2025-04-07,2025-04-18,9,9.76,2025-05-20,Computex電腦展,2025
廣達,0,10,-30,-20,2025-04-07,2025-04-21,10,10.48,2025-05-20,Computex電腦展,2025
廣達,0,11,-30,-19,2025-04-07,2025-04-22,11,6.43,2025-05-20,Computex電腦展,2025
廣達,0,12,-30,-18,2025-04-07,2025-04-23,12,11.9,2025-05-20,Computex電腦展,2025
廣達,0,13,-30,-17,2025-04-07,2025-04-24,13,9.52,2025-05-20,Computex電腦展,2025
廣達,0,14,-30,-16,2025-04-07,2025-04-25,14,11.9,2025-05-20,Computex電腦展,2025
廣達,0,15,-30,-15,2025-04-07,2025-04-28,15,16.67,2025-05-20,Computex電腦展,2025
廣達,0,16,-30,-14,2025-04-07,2025-04-29,16,15.48,2025-05-20,Computex電腦展,2025
廣達,0,17,-30,-13,2025-04-07,2025-04-30,17,13.57,2025-05-20,Computex電腦展,2025
廣達,0,18,-30,-12,2025-04-07,2025-05-02,18,19.52,2025-05-20,Computex電腦展,2025
廣達,0,19,-30,-11,2025-04-07,2025-05-05,19,17.38,2025-05-20,Computex電腦展,2025
廣達,0,20,-30,-10,2025-04-07,2025-05-06,20,20.95,2025-05-20,Computex電腦展,2025
廣達,0,21,-30,-9,2025-04-07,2025-05-07,21,20.95,2025-05-20,Computex電腦展,2025
廣達,0,22,-30,-8,2025-04-07,2025-05-08,22,19.76,2025-05-20,Computex電腦展,2025
廣達,0,23,-30,-7,2025-04-07,2025-05-09,23,22.14,2025-05-20,Computex電腦展,2025
廣達,0,24,-30,-6,2025-04-07,2025-05-12,24,23.1,2025-05-20,Computex電腦展,2025
廣達,0,25,-30,-5,2025-04-07,2025-05-13,25,24.76,2025-05-20,Computex電腦展,2025
廣達,0,26,-30,-4,2025-04-07,2025-05-14,26,31.67,2025-05-20,Computex電腦展,2025
廣達,0,27,-30,-3,2025-04-07,2025-05-15,27,32.14,2025-05-20,Computex電腦展,2025
廣達,0,28,-30,-2,2025-04-07,2025-05-16,28,30.95,2025-05-20,Computex電腦展,2025
廣達,0,29,-30,-1,2025-04-07,2025-05-19,29,26.67,2025-05-20,Computex電腦展,2025
廣達,0,30,-30,0,2025-04-07,2025-05-20,30,26.9,2025-05-20,Computex電腦展,2025
廣達,0,31,-30,1,2025-04-07,2025-05-21,31,29.52,2025-05-20,Computex電腦展,2025
廣達,0,32,-30,2,2025-04-07,2025-05-22,32,27.38,2025-05-20,Computex電腦展,2025
廣達,0,33,-30,3,2025-04-07,2025-05-23,33,25.71,2025-05-20,Computex電腦展,2025
廣達,0,34,-30,4,2025-04-07,2025-05-26,34,26.43,2025-05-20,Computex電腦展,2025
廣達,0,35,-30,5,2025-04-07,2025-05-27,35,26.67,2025-05-20,Computex電腦展,2025
廣達,0,36,-30,6,2025-04-07,2025-05-28,36,28.1,2025-05-20,Computex電腦展,2025
廣達,0,37,-30,7,2025-04-07,2025-05-29,37,29.29,2025-05-20,Computex電腦展,2025
廣達,0,38,-30,8,2025-04-07,2025-06-02,38,29.05,2025-05-20,Computex電腦展,2025
廣達,0,39,-30,9,2025-04-07,2025-06-03,39,30.95,2025-05-20,Computex電腦展,2025
廣達,0,40,-30,10,2025-04-07,2025-06-04,40,33.33,2025-05-20,Computex電腦展,2025
廣達,0,41,-30,11,2025-04-07,2025-06-05,41,34.05,2025-05-20,Computex電腦展,2025
廣達,0,42,-30,12,2025-04-07,2025-06-06,42,31.43,2025-05-20,Computex電腦展,2025
廣達,0,43,-30,13,2025-04-07,2025-06-09,43,31.43,2025-05-20,Computex電腦展,2025
廣達,0,44,-30,14,2025-04-07,2025-06-10,44,35.0,2025-05-20,Computex電腦展,2025
廣達,0,45,-30,15,2025-04-07,2025-06-11,45,34.76,2025-05-20,Computex電腦展,2025
廣達,0,46,-30,16,2025-04-07,2025-06-12,46,36.43,2025-05-20,Computex電腦展,2025
廣達,1,2,-29,-28,2025-04-08,2025-04-09,1,-6.79,2025-05-20,Computex電腦展,2025
廣達,1,3,-29,-27,2025-04-08,2025-04-10,2,2.35,2025-05-20,Computex電腦展,2025
廣達,1,4,-29,-26,2025-04-08,2025-04-11,3,12.53,2025-05-20,Computex電腦展,2025
廣達,1,5,-29,-25,2025-04-08,2025-04-14,4,19.06,2025-05-20,Computex電腦展,2025
廣達,1,6,-29,-24,2025-04-08,2025-04-15,5,19.06,2025-05-20,Computex電腦展,2025
廣達,1,7,-29,-23,2025-04-08,2025-04-16,6,18.54,2025-05-20,Computex電腦展,2025
廣達,1,8,-29,-22,2025-04-08,2025-04-17,7,20.1,2025-05-20,Computex電腦展,2025
廣達,1,9,-29,-21,2025-04-08,2025-04-18,8,20.37,2025-05-20,Computex電腦展,2025
廣達,1,10,-29,-20,2025-04-08,2025-04-21,9,21.15,2025-05-20,Computex電腦展,2025
廣達,1,11,-29,-19,2025-04-08,2025-04-22,10,16.71,2025-05-20,Computex電腦展,2025
廣達,1,12,-29,-18,2025-04-08,2025-04-23,11,22.72,2025-05-20,Computex電腦展,2025
廣達,1,13,-29,-17,2025-04-08,2025-04-24,12,20.1,2025-05-20,Computex電腦展,2025
廣達,1,14,-29,-16,2025-04-08,2025-04-25,13,22.72,2025-05-20,Computex電腦展,2025
廣達,1,15,-29,-15,2025-04-08,2025-04-28,14,27.94,2025-05-20,Computex電腦展,2025
廣達,1,16,-29,-14,2025-04-08,2025-04-29,15,26.63,2025-05-20,Computex電腦展,2025
廣達,1,17,-29,-13,2025-04-08,2025-04-30,16,24.54,2025-05-20,Computex電腦展,2025
廣達,1,18,-29,-12,2025-04-08,2025-05-02,17,31.07,2025-05-20,Computex電腦展,2025
廣達,1,19,-29,-11,2025-04-08,2025-05-05,18,28.72,2025-05-20,Computex電腦展,2025
廣達,1,20,-29,-10,2025-04-08,2025-05-06,19,32.64,2025-05-20,Computex電腦展,2025
廣達,1,21,-29,-9,2025-04-08,2025-05-07,20,32.64,2025-05-20,Computex電腦展,2025
廣達,1,22,-29,-8,2025-04-08,2025-05-08,21,31.33,2025-05-20,Computex電腦展,2025
廣達,1,23,-29,-7,2025-04-08,2025-05-09,22,33.94,2025-05-20,Computex電腦展,2025
廣達,1,24,-29,-6,2025-04-08,2025-05-12,23,34.99,2025-05-20,Computex電腦展,2025
廣達,1,25,-29,-5,2025-04-08,2025-05-13,24,36.81,2025-05-20,Computex電腦展,2025
廣達,1,26,-29,-4,2025-04-08,2025-05-14,25,44.39,2025-05-20,Computex電腦展,2025
廣達,1,27,-29,-3,2025-04-08,2025-05-15,26,44.91,2025-05-20,Computex電腦展,2025
廣達,1,28,-29,-2,2025-04-08,2025-05-16,27,43.6,2025-05-20,Computex電腦展,2025
廣達,1,29,-29,-1,2025-04-08,2025-05-19,28,38.9,2025-05-20,Computex電腦展,2025
廣達,1,30,-29,0,2025-04-08,2025-05-20,29,39.16,2025-05-20,Computex電腦展,2025
廣達,1,31,-29,1,2025-04-08,2025-05-21,30,42.04,2025-05-20,Computex電腦展,2025
廣達,1,32,-29,2,2025-04-08,2025-05-22,31,39.69,2025-05-20,Computex電腦展,2025
廣達,1,33,-29,3,2025-04-08,2025-05-23,32,37.86,2025-05-20,Computex電腦展,2025
廣達,1,34,-29,4,2025-04-08,2025-05-26,33,38.64,2025-05-20,Computex電腦展,2025
廣達,1,35,-29,5,2025-04-08,2025-05-27,34,38.9,2025-05-20,Computex電腦展,2025
廣達,1,36,-29,6,2025-04-08,2025-05-28,35,40.47,2025-05-20,Computex電腦展,2025
廣達,1,37,-29,7,2025-04-08,2025-05-29,36,41.78,2025-05-20,Computex電腦展,2025
廣達,1,38,-29,8,2025-04-08,2025-06-02,37,41.51,2025-05-20,Computex電腦展,2025
廣達,1,39,-29,9,2025-04-08,2025-06-03,38,43.6,2025-05-20,Computex電腦展,2025
廣達,1,40,-29,10,2025-04-08,2025-06-04,39,46.21,2025-05-20,Computex電腦展,2025
廣達,1,41,-29,11,2025-04-08,2025-06-05,40,47.0,2025-05-20,Computex電腦展,2025
廣達,1,42,-29,12,2025-04-08,2025-06-06,41,44.13,2025-05-20,Computex電腦展,2025
廣達,1,43,-29,13,2025-04-08,2025-06-09,42,44.13,2025-05-20,Computex電腦展,2025
廣達,1,44,-29,14,2025-04-08,2025-06-10,43,48.04,2025-05-20,Computex電腦展,2025
廣達,1,45,-29,15,2025-04-08,2025-06-11,44,47.78,2025-05-20,Computex電腦展,2025
廣達,1,46,-29,16,2025-04-08,2025-06-12,45,49.61,2025-05-20,Computex電腦展,2025
廣達,2,3,-28,-27,2025-04-09,2025-04-10,1,9.8,2025-05-20,Computex電腦展,2025
廣達,2,4,-28,-26,2025-04-09,2025-04-11,2,20.73,2025-05-20,Computex電腦展,2025
廣達,2,5,-28,-25,2025-04-09,2025-04-14,3,27.73,2025-05-20,Computex電腦展,2025
廣達,2,6,-28,-24,2025-04-09,2025-04-15,4,27.73,2025-05-20,Computex電腦展,2025
廣達,2,7,-28,-23,2025-04-09,2025-04-16,5,27.17,2025-05-20,Computex電腦展,2025
廣達,2,8,-28,-22,2025-04-09,2025-04-17,6,28.85,2025-05-20,Computex電腦展,2025
廣達,2,9,-28,-21,2025-04-09,2025-04-18,7,29.13,2025-05-20,Computex電腦展,2025
廣達,2,10,-28,-20,2025-04-09,2025-04-21,8,29.97,2025-05-20,Computex電腦展,2025
廣達,2,11,-28,-19,2025-04-09,2025-04-22,9,25.21,2025-05-20,Computex電腦展,2025
廣達,2,12,-28,-18,2025-04-09,2025-04-23,10,31.65,2025-05-20,Computex電腦展,2025
廣達,2,13,-28,-17,2025-04-09,2025-04-24,11,28.85,2025-05-20,Computex電腦展,2025
廣達,2,14,-28,-16,2025-04-09,2025-04-25,12,31.65,2025-05-20,Computex電腦展,2025
廣達,2,15,-28,-15,2025-04-09,2025-04-28,13,37.25,2025-05-20,Computex電腦展,2025
廣達,2,16,-28,-14,2025-04-09,2025-04-29,14,35.85,2025-05-20,Computex電腦展,2025
廣達,2,17,-28,-13,2025-04-09,2025-04-30,15,33.61,2025-05-20,Computex電腦展,2025
廣達,2,18,-28,-12,2025-04-09,2025-05-02,16,40.62,2025-05-20,Computex電腦展,2025
廣達,2,19,-28,-11,2025-04-09,2025-05-05,17,38.1,2025-05-20,Computex電腦展,2025
廣達,2,20,-28,-10,2025-04-09,2025-05-06,18,42.3,2025-05-20,Computex電腦展,2025
廣達,2,21,-28,-9,2025-04-09,2025-05-07,19,42.3,2025-05-20,Computex電腦展,2025
廣達,2,22,-28,-8,2025-04-09,2025-05-08,20,40.9,2025-05-20,Computex電腦展,2025
廣達,2,23,-28,-7,2025-04-09,2025-05-09,21,43.7,2025-05-20,Computex電腦展,2025
廣達,2,24,-28,-6,2025-04-09,2025-05-12,22,44.82,2025-05-20,Computex電腦展,2025
廣達,2,25,-28,-5,2025-04-09,2025-05-13,23,46.78,2025-05-20,Computex電腦展,2025
廣達,2,26,-28,-4,2025-04-09,2025-05-14,24,54.9,2025-05-20,Computex電腦展,2025
廣達,2,27,-28,-3,2025-04-09,2025-05-15,25,55.46,2025-05-20,Computex電腦展,2025
廣達,2,28,-28,-2,2025-04-09,2025-05-16,26,54.06,2025-05-20,Computex電腦展,2025
廣達,2,29,-28,-1,2025-04-09,2025-05-19,27,49.02,2025-05-20,Computex電腦展,2025
廣達,2,30,-28,0,2025-04-09,2025-05-20,28,49.3,2025-05-20,Computex電腦展,2025
廣達,2,31,-28,1,2025-04-09,2025-05-21,29,52.38,2025-05-20,Computex電腦展,2025
廣達,2,32,-28,2,2025-04-09,2025-05-22,30,49.86,2025-05-20,Computex電腦展,2025
廣達,2,33,-28,3,2025-04-09,2025-05-23,31,47.9,2025-05-20,Computex電腦展,2025
廣達,2,34,-28,4,2025-04-09,2025-05-26,32,48.74,2025-05-20,Computex電腦展,2025
廣達,2,35,-28,5,2025-04-09,2025-05-27,33,49.02,2025-05-20,Computex電腦展,2025
廣達,2,36,-28,6,2025-04-09,2025-05-28,34,50.7,2025-05-20,Computex電腦展,2025
廣達,2,37,-28,7,2025-04-09,2025-05-29,35,52.1,2025-05-20,Computex電腦展,2025
廣達,2,38,-28,8,2025-04-09,2025-06-02,36,51.82,2025-05-20,Computex電腦展,2025
廣達,2,39,-28,9,2025-04-09,2025-06-03,37,54.06,2025-05-20,Computex電腦展,2025
廣達,2,40,-28,10,2025-04-09,2025-06-04,38,56.86,2025-05-20,Computex電腦展,2025
廣達,2,41,-28,11,2025-04-09,2025-06-05,39,57.7,2025-05-20,Computex電腦展,2025
廣達,2,42,-28,12,2025-04-09,2025-06-06,40,54.62,2025-05-20,Computex電腦展,2025
廣達,2,43,-28,13,2025-04-09,2025-06-09,41,54.62,2025-05-20,Computex電腦展,2025
廣達,2,44,-28,14,2025-04-09,2025-06-10,42,58.82,2025-05-20,Computex電腦展,2025
廣達,2,45,-28,15,2025-04-09,2025-06-11,43,58.54,2025-05-20,Computex電腦展,2025
廣達,2,46,-28,16,2025-04-09,2025-06-12,44,60.5,2025-05-20,Computex電腦展,2025
廣達,3,4,-27,-26,2025-04-10,2025-04-11,1,9.95,2025-05-20,Computex電腦展,2025
廣達,3,5,-27,-25,2025-04-10,2025-04-14,2,16.33,2025-05-20,Computex電腦展,2025
廣達,3,6,-27,-24,2025-04-10,2025-04-15,3,16.33,2025-05-20,Computex電腦展,2025
廣達,3,7,-27,-23,2025-04-10,2025-04-16,4,15.82,2025-05-20,Computex電腦展,2025
廣達,3,8,-27,-22,2025-04-10,2025-04-17,5,17.35,2025-05-20,Computex電腦展,2025
廣達,3,9,-27,-21,2025-04-10,2025-04-18,6,17.6,2025-05-20,Computex電腦展,2025
廣達,3,10,-27,-20,2025-04-10,2025-04-21,7,18.37,2025-05-20,Computex電腦展,2025
廣達,3,11,-27,-19,2025-04-10,2025-04-22,8,14.03,2025-05-20,Computex電腦展,2025
廣達,3,12,-27,-18,2025-04-10,2025-04-23,9,19.9,2025-05-20,Computex電腦展,2025
廣達,3,13,-27,-17,2025-04-10,2025-04-24,10,17.35,2025-05-20,Computex電腦展,2025
廣達,3,14,-27,-16,2025-04-10,2025-04-25,11,19.9,2025-05-20,Computex電腦展,2025
廣達,3,15,-27,-15,2025-04-10,2025-04-28,12,25.0,2025-05-20,Computex電腦展,2025
廣達,3,16,-27,-14,2025-04-10,2025-04-29,13,23.72,2025-05-20,Computex電腦展,2025
廣達,3,17,-27,-13,2025-04-10,2025-04-30,14,21.68,2025-05-20,Computex電腦展,2025
廣達,3,18,-27,-12,2025-04-10,2025-05-02,15,28.06,2025-05-20,Computex電腦展,2025
廣達,3,19,-27,-11,2025-04-10,2025-05-05,16,25.77,2025-05-20,Computex電腦展,2025
廣達,3,20,-27,-10,2025-04-10,2025-05-06,17,29.59,2025-05-20,Computex電腦展,2025
廣達,3,21,-27,-9,2025-04-10,2025-05-07,18,29.59,2025-05-20,Computex電腦展,2025
廣達,3,22,-27,-8,2025-04-10,2025-05-08,19,28.32,2025-05-20,Computex電腦展,2025
廣達,3,23,-27,-7,2025-04-10,2025-05-09,20,30.87,2025-05-20,Computex電腦展,2025
廣達,3,24,-27,-6,2025-04-10,2025-05-12,21,31.89,2025-05-20,Computex電腦展,2025
廣達,3,25,-27,-5,2025-04-10,2025-05-13,22,33.67,2025-05-20,Computex電腦展,2025
廣達,3,26,-27,-4,2025-04-10,2025-05-14,23,41.07,2025-05-20,Computex電腦展,2025
廣達,3,27,-27,-3,2025-04-10,2025-05-15,24,41.58,2025-05-20,Computex電腦展,2025
廣達,3,28,-27,-2,2025-04-10,2025-05-16,25,40.31,2025-05-20,Computex電腦展,2025
廣達,3,29,-27,-1,2025-04-10,2025-05-19,26,35.71,2025-05-20,Computex電腦展,2025
廣達,3,30,-27,0,2025-04-10,2025-05-20,27,35.97,2025-05-20,Computex電腦展,2025
廣達,3,31,-27,1,2025-04-10,2025-05-21,28,38.78,2025-05-20,Computex電腦展,2025
廣達,3,32,-27,2,2025-04-10,2025-05-22,29,36.48,2025-05-20,Computex電腦展,2025
廣達,3,33,-27,3,2025-04-10,2025-05-23,30,34.69,2025-05-20,Computex電腦展,2025
廣達,3,34,-27,4,2025-04-10,2025-05-26,31,35.46,2025-05-20,Computex電腦展,2025
廣達,3,35,-27,5,2025-04-10,2025-05-27,32,35.71,2025-05-20,Computex電腦展,2025
廣達,3,36,-27,6,2025-04-10,2025-05-28,33,37.24,2025-05-20,Computex電腦展,2025
廣達,3,37,-27,7,2025-04-10,2025-05-29,34,38.52,2025-05-20,Computex電腦展,2025
廣達,3,38,-27,8,2025-04-10,2025-06-02,35,38.27,2025-05-20,Computex電腦展,2025
廣達,3,39,-27,9,2025-04-10,2025-06-03,36,40.31,2025-05-20,Computex電腦展,2025
廣達,3,40,-27,10,2025-04-10,2025-06-04,37,42.86,2025-05-20,Computex電腦展,2025
廣達,3,41,-27,11,2025-04-10,2025-06-05,38,43.62,2025-05-20,Computex電腦展,2025
廣達,3,42,-27,12,2025-04-10,2025-06-06,39,40.82,2025-05-20,Computex電腦展,2025
廣達,3,43,-27,13,2025-04-10,2025-06-09,40,40.82,2025-05-20,Computex電腦展,2025
廣達,3,44,-27,14,2025-04-10,2025-06-10,41,44.64,2025-05-20,Computex電腦展,2025
廣達,3,45,-27,15,2025-04-10,2025-06-11,42,44.39,2025-05-20,Computex電腦展,2025
廣達,3,46,-27,16,2025-04-10,2025-06-12,43,46.17,2025-05-20,Computex電腦展,2025
廣達,4,5,-26,-25,2025-04-11,2025-04-14,1,5.8,2025-05-20,Computex電腦展,2025
廣達,4,6,-26,-24,2025-04-11,2025-04-15,2,5.8,2025-05-20,Computex電腦展,2025
廣達,4,7,-26,-23,2025-04-11,2025-04-16,3,5.34,2025-05-20,Computex電腦展,2025
廣達,4,8,-26,-22,2025-04-11,2025-04-17,4,6.73,2025-05-20,Computex電腦展,2025
廣達,4,9,-26,-21,2025-04-11,2025-04-18,5,6.96,2025-05-20,Computex電腦展,2025
廣達,4,10,-26,-20,2025-04-11,2025-04-21,6,7.66,2025-05-20,Computex電腦展,2025
廣達,4,11,-26,-19,2025-04-11,2025-04-22,7,3.71,2025-05-20,Computex電腦展,2025
廣達,4,12,-26,-18,2025-04-11,2025-04-23,8,9.05,2025-05-20,Computex電腦展,2025
廣達,4,13,-26,-17,2025-04-11,2025-04-24,9,6.73,2025-05-20,Computex電腦展,2025
廣達,4,14,-26,-16,2025-04-11,2025-04-25,10,9.05,2025-05-20,Computex電腦展,2025
廣達,4,15,-26,-15,2025-04-11,2025-04-28,11,13.69,2025-05-20,Computex電腦展,2025
廣達,4,16,-26,-14,2025-04-11,2025-04-29,12,12.53,2025-05-20,Computex電腦展,2025
廣達,4,17,-26,-13,2025-04-11,2025-04-30,13,10.67,2025-05-20,Computex電腦展,2025
廣達,4,18,-26,-12,2025-04-11,2025-05-02,14,16.47,2025-05-20,Computex電腦展,2025
廣達,4,19,-26,-11,2025-04-11,2025-05-05,15,14.39,2025-05-20,Computex電腦展,2025
廣達,4,20,-26,-10,2025-04-11,2025-05-06,16,17.87,2025-05-20,Computex電腦展,2025
廣達,4,21,-26,-9,2025-04-11,2025-05-07,17,17.87,2025-05-20,Computex電腦展,2025
廣達,4,22,-26,-8,2025-04-11,2025-05-08,18,16.71,2025-05-20,Computex電腦展,2025
廣達,4,23,-26,-7,2025-04-11,2025-05-09,19,19.03,2025-05-20,Computex電腦展,2025
廣達,4,24,-26,-6,2025-04-11,2025-05-12,20,19.95,2025-05-20,Computex電腦展,2025
廣達,4,25,-26,-5,2025-04-11,2025-05-13,21,21.58,2025-05-20,Computex電腦展,2025
廣達,4,26,-26,-4,2025-04-11,2025-05-14,22,28.31,2025-05-20,Computex電腦展,2025
廣達,4,27,-26,-3,2025-04-11,2025-05-15,23,28.77,2025-05-20,Computex電腦展,2025
廣達,4,28,-26,-2,2025-04-11,2025-05-16,24,27.61,2025-05-20,Computex電腦展,2025
廣達,4,29,-26,-1,2025-04-11,2025-05-19,25,23.43,2025-05-20,Computex電腦展,2025
廣達,4,30,-26,0,2025-04-11,2025-05-20,26,23.67,2025-05-20,Computex電腦展,2025
廣達,4,31,-26,1,2025-04-11,2025-05-21,27,26.22,2025-05-20,Computex電腦展,2025
廣達,4,32,-26,2,2025-04-11,2025-05-22,28,24.13,2025-05-20,Computex電腦展,2025
廣達,4,33,-26,3,2025-04-11,2025-05-23,29,22.51,2025-05-20,Computex電腦展,2025
廣達,4,34,-26,4,2025-04-11,2025-05-26,30,23.2,2025-05-20,Computex電腦展,2025
廣達,4,35,-26,5,2025-04-11,2025-05-27,31,23.43,2025-05-20,Computex電腦展,2025
廣達,4,36,-26,6,2025-04-11,2025-05-28,32,24.83,2025-05-20,Computex電腦展,2025
廣達,4,37,-26,7,2025-04-11,2025-05-29,33,25.99,2025-05-20,Computex電腦展,2025
廣達,4,38,-26,8,2025-04-11,2025-06-02,34,25.75,2025-05-20,Computex電腦展,2025
廣達,4,39,-26,9,2025-04-11,2025-06-03,35,27.61,2025-05-20,Computex電腦展,2025
廣達,4,40,-26,10,2025-04-11,2025-06-04,36,29.93,2025-05-20,Computex電腦展,2025
廣達,4,41,-26,11,2025-04-11,2025-06-05,37,30.63,2025-05-20,Computex電腦展,2025
廣達,4,42,-26,12,2025-04-11,2025-06-06,38,28.07,2025-05-20,Computex電腦展,2025
廣達,4,43,-26,13,2025-04-11,2025-06-09,39,28.07,2025-05-20,Computex電腦展,2025
廣達,4,44,-26,14,2025-04-11,2025-06-10,40,31.55,2025-05-20,Computex電腦展,2025
廣達,4,45,-26,15,2025-04-11,2025-06-11,41,31.32,2025-05-20,Computex電腦展,2025
廣達,4,46,-26,16,2025-04-11,2025-06-12,42,32.95,2025-05-20,Computex電腦展,2025
廣達,5,6,-25,-24,2025-04-14,2025-04-15,1,0.0,2025-05-20,Computex電腦展,2025
廣達,5,7,-25,-23,2025-04-14,2025-04-16,2,-0.44,2025-05-20,Computex電腦展,2025
廣達,5,8,-25,-22,2025-04-14,2025-04-17,3,0.88,2025-05-20,Computex電腦展,2025
廣達,5,9,-25,-21,2025-04-14,2025-04-18,4,1.1,2025-05-20,Computex電腦展,2025
廣達,5,10,-25,-20,2025-04-14,2025-04-21,5,1.75,2025-05-20,Computex電腦展,2025
廣達,5,11,-25,-19,2025-04-14,2025-04-22,6,-1.97,2025-05-20,Computex電腦展,2025
廣達,5,12,-25,-18,2025-04-14,2025-04-23,7,3.07,2025-05-20,Computex電腦展,2025
廣達,5,13,-25,-17,2025-04-14,2025-04-24,8,0.88,2025-05-20,Computex電腦展,2025
廣達,5,14,-25,-16,2025-04-14,2025-04-25,9,3.07,2025-05-20,Computex電腦展,2025
廣達,5,15,-25,-15,2025-04-14,2025-04-28,10,7.46,2025-05-20,Computex電腦展,2025
廣達,5,16,-25,-14,2025-04-14,2025-04-29,11,6.36,2025-05-20,Computex電腦展,2025
廣達,5,17,-25,-13,2025-04-14,2025-04-30,12,4.61,2025-05-20,Computex電腦展,2025
廣達,5,18,-25,-12,2025-04-14,2025-05-02,13,10.09,2025-05-20,Computex電腦展,2025
廣達,5,19,-25,-11,2025-04-14,2025-05-05,14,8.11,2025-05-20,Computex電腦展,2025
廣達,5,20,-25,-10,2025-04-14,2025-05-06,15,11.4,2025-05-20,Computex電腦展,2025
廣達,5,21,-25,-9,2025-04-14,2025-05-07,16,11.4,2025-05-20,Computex電腦展,2025
廣達,5,22,-25,-8,2025-04-14,2025-05-08,17,10.31,2025-05-20,Computex電腦展,2025
廣達,5,23,-25,-7,2025-04-14,2025-05-09,18,12.5,2025-05-20,Computex電腦展,2025
廣達,5,24,-25,-6,2025-04-14,2025-05-12,19,13.38,2025-05-20,Computex電腦展,2025
廣達,5,25,-25,-5,2025-04-14,2025-05-13,20,14.91,2025-05-20,Computex電腦展,2025
廣達,5,26,-25,-4,2025-04-14,2025-05-14,21,21.27,2025-05-20,Computex電腦展,2025
廣達,5,27,-25,-3,2025-04-14,2025-05-15,22,21.71,2025-05-20,Computex電腦展,2025
廣達,5,28,-25,-2,2025-04-14,2025-05-16,23,20.61,2025-05-20,Computex電腦展,2025
廣達,5,29,-25,-1,2025-04-14,2025-05-19,24,16.67,2025-05-20,Computex電腦展,2025
廣達,5,30,-25,0,2025-04-14,2025-05-20,25,16.89,2025-05-20,Computex電腦展,2025
廣達,5,31,-25,1,2025-04-14,2025-05-21,26,19.3,2025-05-20,Computex電腦展,2025
廣達,5,32,-25,2,2025-04-14,2025-05-22,27,17.32,2025-05-20,Computex電腦展,2025
廣達,5,33,-25,3,2025-04-14,2025-05-23,28,15.79,2025-05-20,Computex電腦展,2025
廣達,5,34,-25,4,2025-04-14,2025-05-26,29,16.45,2025-05-20,Computex電腦展,2025
廣達,5,35,-25,5,2025-04-14,2025-05-27,30,16.67,2025-05-20,Computex電腦展,2025
廣達,5,36,-25,6,2025-04-14,2025-05-28,31,17.98,2025-05-20,Computex電腦展,2025
廣達,5,37,-25,7,2025-04-14,2025-05-29,32,19.08,2025-05-20,Computex電腦展,2025
廣達,5,38,-25,8,2025-04-14,2025-06-02,33,18.86,2025-05-20,Computex電腦展,2025
廣達,5,39,-25,9,2025-04-14,2025-06-03,34,20.61,2025-05-20,Computex電腦展,2025
廣達,5,40,-25,10,2025-04-14,2025-06-04,35,22.81,2025-05-20,Computex電腦展,2025
廣達,5,41,-25,11,2025-04-14,2025-06-05,36,23.46,2025-05-20,Computex電腦展,2025
廣達,5,42,-25,12,2025-04-14,2025-06-06,37,21.05,2025-05-20,Computex電腦展,2025
廣達,5,43,-25,13,2025-04-14,2025-06-09,38,21.05,2025-05-20,Computex電腦展,2025
廣達,5,44,-25,14,2025-04-14,2025-06-10,39,24.34,2025-05-20,Computex電腦展,2025
廣達,5,45,-25,15,2025-04-14,2025-06-11,40,24.12,2025-05-20,Computex電腦展,2025
廣達,5,46,-25,16,2025-04-14,2025-06-12,41,25.66,2025-05-20,Computex電腦展,2025
廣達,6,7,-24,-23,2025-04-15,2025-04-16,1,-0.44,2025-05-20,Computex電腦展,2025
廣達,6,8,-24,-22,2025-04-15,2025-04-17,2,0.88,2025-05-20,Computex電腦展,2025
廣達,6,9,-24,-21,2025-04-15,2025-04-18,3,1.1,2025-05-20,Computex電腦展,2025
廣達,6,10,-24,-20,2025-04-15,2025-04-21,4,1.75,2025-05-20,Computex電腦展,2025
廣達,6,11,-24,-19,2025-04-15,2025-04-22,5,-1.97,2025-05-20,Computex電腦展,2025
廣達,6,12,-24,-18,2025-04-15,2025-04-23,6,3.07,2025-05-20,Computex電腦展,2025
廣達,6,13,-24,-17,2025-04-15,2025-04-24,7,0.88,2025-05-20,Computex電腦展,2025
廣達,6,14,-24,-16,2025-04-15,2025-04-25,8,3.07,2025-05-20,Computex電腦展,2025
廣達,6,15,-24,-15,2025-04-15,2025-04-28,9,7.46,2025-05-20,Computex電腦展,2025
廣達,6,16,-24,-14,2025-04-15,2025-04-29,10,6.36,2025-05-20,Computex電腦展,2025
廣達,6,17,-24,-13,2025-04-15,2025-04-30,11,4.61,2025-05-20,Computex電腦展,2025
廣達,6,18,-24,-12,2025-04-15,2025-05-02,12,10.09,2025-05-20,Computex電腦展,2025
廣達,6,19,-24,-11,2025-04-15,2025-05-05,13,8.11,2025-05-20,Computex電腦展,2025
廣達,6,20,-24,-10,2025-04-15,2025-05-06,14,11.4,2025-05-20,Computex電腦展,2025
廣達,6,21,-24,-9,2025-04-15,2025-05-07,15,11.4,2025-05-20,Computex電腦展,2025
廣達,6,22,-24,-8,2025-04-15,2025-05-08,16,10.31,2025-05-20,Computex電腦展,2025
廣達,6,23,-24,-7,2025-04-15,2025-05-09,17,12.5,2025-05-20,Computex電腦展,2025
廣達,6,24,-24,-6,2025-04-15,2025-05-12,18,13.38,2025-05-20,Computex電腦展,2025
廣達,6,25,-24,-5,2025-04-15,2025-05-13,19,14.91,2025-05-20,Computex電腦展,2025
廣達,6,26,-24,-4,2025-04-15,2025-05-14,20,21.27,2025-05-20,Computex電腦展,2025
廣達,6,27,-24,-3,2025-04-15,2025-05-15,21,21.71,2025-05-20,Computex電腦展,2025
廣達,6,28,-24,-2,2025-04-15,2025-05-16,22,20.61,2025-05-20,Computex電腦展,2025
廣達,6,29,-24,-1,2025-04-15,2025-05-19,23,16.67,2025-05-20,Computex電腦展,2025
廣達,6,30,-24,0,2025-04-15,2025-05-20,24,16.89,2025-05-20,Computex電腦展,2025
廣達,6,31,-24,1,2025-04-15,2025-05-21,25,19.3,2025-05-20,Computex電腦展,2025
廣達,6,32,-24,2,2025-04-15,2025-05-22,26,17.32,2025-05-20,Computex電腦展,2025
廣達,6,33,-24,3,2025-04-15,2025-05-23,27,15.79,2025-05-20,Computex電腦展,2025
廣達,6,34,-24,4,2025-04-15,2025-05-26,28,16.45,2025-05-20,Computex電腦展,2025
廣達,6,35,-24,5,2025-04-15,2025-05-27,29,16.67,2025-05-20,Computex電腦展,2025
廣達,6,36,-24,6,2025-04-15,2025-05-28,30,17.98,2025-05-20,Computex電腦展,2025
廣達,6,37,-24,7,2025-04-15,2025-05-29,31,19.08,2025-05-20,Computex電腦展,2025
廣達,6,38,-24,8,2025-04-15,2025-06-02,32,18.86,2025-05-20,Computex電腦展,2025
廣達,6,39,-24,9,2025-04-15,2025-06-03,33,20.61,2025-05-20,Computex電腦展,2025
廣達,6,40,-24,10,2025-04-15,2025-06-04,34,22.81,2025-05-20,Computex電腦展,2025
廣達,6,41,-24,11,2025-04-15,2025-06-05,35,23.46,2025-05-20,Computex電腦展,2025
廣達,6,42,-24,12,2025-04-15,2025-06-06,36,21.05,2025-05-20,Computex電腦展,2025
廣達,6,43,-24,13,2025-04-15,2025-06-09,37,21.05,2025-05-20,Computex電腦展,2025
廣達,6,44,-24,14,2025-04-15,2025-06-10,38,24.34,2025-05-20,Computex電腦展,2025
廣達,6,45,-24,15,2025-04-15,2025-06-11,39,24.12,2025-05-20,Computex電腦展,2025
廣達,6,46,-24,16,2025-04-15,2025-06-12,40,25.66,2025-05-20,Computex電腦展,2025
廣達,7,8,-23,-22,2025-04-16,2025-04-17,1,1.32,2025-05-20,Computex電腦展,2025
廣達,7,9,-23,-21,2025-04-16,2025-04-18,2,1.54,2025-05-20,Computex電腦展,2025
廣達,7,10,-23,-20,2025-04-16,2025-04-21,3,2.2,2025-05-20,Computex電腦展,2025
廣達,7,11,-23,-19,2025-04-16,2025-04-22,4,-1.54,2025-05-20,Computex電腦展,2025
廣達,7,12,-23,-18,2025-04-16,2025-04-23,5,3.52,2025-05-20,Computex電腦展,2025
廣達,7,13,-23,-17,2025-04-16,2025-04-24,6,1.32,2025-05-20,Computex電腦展,2025
廣達,7,14,-23,-16,2025-04-16,2025-04-25,7,3.52,2025-05-20,Computex電腦展,2025
廣達,7,15,-23,-15,2025-04-16,2025-04-28,8,7.93,2025-05-20,Computex電腦展,2025
廣達,7,16,-23,-14,2025-04-16,2025-04-29,9,6.83,2025-05-20,Computex電腦展,2025
廣達,7,17,-23,-13,2025-04-16,2025-04-30,10,5.07,2025-05-20,Computex電腦展,2025
廣達,7,18,-23,-12,2025-04-16,2025-05-02,11,10.57,2025-05-20,Computex電腦展,2025
廣達,7,19,-23,-11,2025-04-16,2025-05-05,12,8.59,2025-05-20,Computex電腦展,2025
廣達,7,20,-23,-10,2025-04-16,2025-05-06,13,11.89,2025-05-20,Computex電腦展,2025
廣達,7,21,-23,-9,2025-04-16,2025-05-07,14,11.89,2025-05-20,Computex電腦展,2025
廣達,7,22,-23,-8,2025-04-16,2025-05-08,15,10.79,2025-05-20,Computex電腦展,2025
廣達,7,23,-23,-7,2025-04-16,2025-05-09,16,13.0,2025-05-20,Computex電腦展,2025
廣達,7,24,-23,-6,2025-04-16,2025-05-12,17,13.88,2025-05-20,Computex電腦展,2025
廣達,7,25,-23,-5,2025-04-16,2025-05-13,18,15.42,2025-05-20,Computex電腦展,2025
廣達,7,26,-23,-4,2025-04-16,2025-05-14,19,21.81,2025-05-20,Computex電腦展,2025
廣達,7,27,-23,-3,2025-04-16,2025-05-15,20,22.25,2025-05-20,Computex電腦展,2025
廣達,7,28,-23,-2,2025-04-16,2025-05-16,21,21.15,2025-05-20,Computex電腦展,2025
廣達,7,29,-23,-1,2025-04-16,2025-05-19,22,17.18,2025-05-20,Computex電腦展,2025
廣達,7,30,-23,0,2025-04-16,2025-05-20,23,17.4,2025-05-20,Computex電腦展,2025
廣達,7,31,-23,1,2025-04-16,2025-05-21,24,19.82,2025-05-20,Computex電腦展,2025
廣達,7,32,-23,2,2025-04-16,2025-05-22,25,17.84,2025-05-20,Computex電腦展,2025
廣達,7,33,-23,3,2025-04-16,2025-05-23,26,16.3,2025-05-20,Computex電腦展,2025
廣達,7,34,-23,4,2025-04-16,2025-05-26,27,16.96,2025-05-20,Computex電腦展,2025
廣達,7,35,-23,5,2025-04-16,2025-05-27,28,17.18,2025-05-20,Computex電腦展,2025
廣達,7,36,-23,6,2025-04-16,2025-05-28,29,18.5,2025-05-20,Computex電腦展,2025
廣達,7,37,-23,7,2025-04-16,2025-05-29,30,19.6,2025-05-20,Computex電腦展,2025
廣達,7,38,-23,8,2025-04-16,2025-06-02,31,19.38,2025-05-20,Computex電腦展,2025
廣達,7,39,-23,9,2025-04-16,2025-06-03,32,21.15,2025-05-20,Computex電腦展,2025
廣達,7,40,-23,10,2025-04-16,2025-06-04,33,23.35,2025-05-20,Computex電腦展,2025
廣達,7,41,-23,11,2025-04-16,2025-06-05,34,24.01,2025-05-20,Computex電腦展,2025
廣達,7,42,-23,12,2025-04-16,2025-06-06,35,21.59,2025-05-20,Computex電腦展,2025
廣達,7,43,-23,13,2025-04-16,2025-06-09,36,21.59,2025-05-20,Computex電腦展,2025
廣達,7,44,-23,14,2025-04-16,2025-06-10,37,24.89,2025-05-20,Computex電腦展,2025
廣達,7,45,-23,15,2025-04-16,2025-06-11,38,24.67,2025-05-20,Computex電腦展,2025
廣達,7,46,-23,16,2025-04-16,2025-06-12,39,26.21,2025-05-20,Computex電腦展,2025
廣達,8,9,-22,-21,2025-04-17,2025-04-18,1,0.22,2025-05-20,Computex電腦展,2025
廣達,8,10,-22,-20,2025-04-17,2025-04-21,2,0.87,2025-05-20,Computex電腦展,2025
廣達,8,11,-22,-19,2025-04-17,2025-04-22,3,-2.83,2025-05-20,Computex電腦展,2025
廣達,8,12,-22,-18,2025-04-17,2025-04-23,4,2.17,2025-05-20,Computex電腦展,2025
廣達,8,13,-22,-17,2025-04-17,2025-04-24,5,0.0,2025-05-20,Computex電腦展,2025
廣達,8,14,-22,-16,2025-04-17,2025-04-25,6,2.17,2025-05-20,Computex電腦展,2025
廣達,8,15,-22,-15,2025-04-17,2025-04-28,7,6.52,2025-05-20,Computex電腦展,2025
廣達,8,16,-22,-14,2025-04-17,2025-04-29,8,5.43,2025-05-20,Computex電腦展,2025
廣達,8,17,-22,-13,2025-04-17,2025-04-30,9,3.7,2025-05-20,Computex電腦展,2025
廣達,8,18,-22,-12,2025-04-17,2025-05-02,10,9.13,2025-05-20,Computex電腦展,2025
廣達,8,19,-22,-11,2025-04-17,2025-05-05,11,7.17,2025-05-20,Computex電腦展,2025
廣達,8,20,-22,-10,2025-04-17,2025-05-06,12,10.43,2025-05-20,Computex電腦展,2025
廣達,8,21,-22,-9,2025-04-17,2025-05-07,13,10.43,2025-05-20,Computex電腦展,2025
廣達,8,22,-22,-8,2025-04-17,2025-05-08,14,9.35,2025-05-20,Computex電腦展,2025
廣達,8,23,-22,-7,2025-04-17,2025-05-09,15,11.52,2025-05-20,Computex電腦展,2025
廣達,8,24,-22,-6,2025-04-17,2025-05-12,16,12.39,2025-05-20,Computex電腦展,2025
廣達,8,25,-22,-5,2025-04-17,2025-05-13,17,13.91,2025-05-20,Computex電腦展,2025
廣達,8,26,-22,-4,2025-04-17,2025-05-14,18,20.22,2025-05-20,Computex電腦展,2025
廣達,8,27,-22,-3,2025-04-17,2025-05-15,19,20.65,2025-05-20,Computex電腦展,2025
廣達,8,28,-22,-2,2025-04-17,2025-05-16,20,19.57,2025-05-20,Computex電腦展,2025
廣達,8,29,-22,-1,2025-04-17,2025-05-19,21,15.65,2025-05-20,Computex電腦展,2025
廣達,8,30,-22,0,2025-04-17,2025-05-20,22,15.87,2025-05-20,Computex電腦展,2025
廣達,8,31,-22,1,2025-04-17,2025-05-21,23,18.26,2025-05-20,Computex電腦展,2025
廣達,8,32,-22,2,2025-04-17,2025-05-22,24,16.3,2025-05-20,Computex電腦展,2025
廣達,8,33,-22,3,2025-04-17,2025-05-23,25,14.78,2025-05-20,Computex電腦展,2025
廣達,8,34,-22,4,2025-04-17,2025-05-26,26,15.43,2025-05-20,Computex電腦展,2025
廣達,8,35,-22,5,2025-04-17,2025-05-27,27,15.65,2025-05-20,Computex電腦展,2025
廣達,8,36,-22,6,2025-04-17,2025-05-28,28,16.96,2025-05-20,Computex電腦展,2025
廣達,8,37,-22,7,2025-04-17,2025-05-29,29,18.04,2025-05-20,Computex電腦展,2025
廣達,8,38,-22,8,2025-04-17,2025-06-02,30,17.83,2025-05-20,Computex電腦展,2025
廣達,8,39,-22,9,2025-04-17,2025-06-03,31,19.57,2025-05-20,Computex電腦展,2025
廣達,8,40,-22,10,2025-04-17,2025-06-04,32,21.74,2025-05-20,Computex電腦展,2025
廣達,8,41,-22,11,2025-04-17,2025-06-05,33,22.39,2025-05-20,Computex電腦展,2025
廣達,8,42,-22,12,2025-04-17,2025-06-06,34,20.0,2025-05-20,Computex電腦展,2025
廣達,8,43,-22,13,2025-04-17,2025-06-09,35,20.0,2025-05-20,Computex電腦展,2025
廣達,8,44,-22,14,2025-04-17,2025-06-10,36,23.26,2025-05-20,Computex電腦展,2025
廣達,8,45,-22,15,2025-04-17,2025-06-11,37,23.04,2025-05-20,Computex電腦展,2025
廣達,8,46,-22,16,2025-04-17,2025-06-12,38,24.57,2025-05-20,Computex電腦展,2025
廣達,9,10,-21,-20,2025-04-18,2025-04-21,1,0.65,2025-05-20,Computex電腦展,2025
廣達,9,11,-21,-19,2025-04-18,2025-04-22,2,-3.04,2025-05-20,Computex電腦展,2025
廣達,9,12,-21,-18,2025-04-18,2025-04-23,3,1.95,2025-05-20,Computex電腦展,2025
廣達,9,13,-21,-17,2025-04-18,2025-04-24,4,-0.22,2025-05-20,Computex電腦展,2025
廣達,9,14,-21,-16,2025-04-18,2025-04-25,5,1.95,2025-05-20,Computex電腦展,2025
廣達,9,15,-21,-15,2025-04-18,2025-04-28,6,6.29,2025-05-20,Computex電腦展,2025
廣達,9,16,-21,-14,2025-04-18,2025-04-29,7,5.21,2025-05-20,Computex電腦展,2025
廣達,9,17,-21,-13,2025-04-18,2025-04-30,8,3.47,2025-05-20,Computex電腦展,2025
廣達,9,18,-21,-12,2025-04-18,2025-05-02,9,8.89,2025-05-20,Computex電腦展,2025
廣達,9,19,-21,-11,2025-04-18,2025-05-05,10,6.94,2025-05-20,Computex電腦展,2025
廣達,9,20,-21,-10,2025-04-18,2025-05-06,11,10.2,2025-05-20,Computex電腦展,2025
廣達,9,21,-21,-9,2025-04-18,2025-05-07,12,10.2,2025-05-20,Computex電腦展,2025
廣達,9,22,-21,-8,2025-04-18,2025-05-08,13,9.11,2025-05-20,Computex電腦展,2025
廣達,9,23,-21,-7,2025-04-18,2025-05-09,14,11.28,2025-05-20,Computex電腦展,2025
廣達,9,24,-21,-6,2025-04-18,2025-05-12,15,12.15,2025-05-20,Computex電腦展,2025
廣達,9,25,-21,-5,2025-04-18,2025-05-13,16,13.67,2025-05-20,Computex電腦展,2025
廣達,9,26,-21,-4,2025-04-18,2025-05-14,17,19.96,2025-05-20,Computex電腦展,2025
廣達,9,27,-21,-3,2025-04-18,2025-05-15,18,20.39,2025-05-20,Computex電腦展,2025
廣達,9,28,-21,-2,2025-04-18,2025-05-16,19,19.31,2025-05-20,Computex電腦展,2025
廣達,9,29,-21,-1,2025-04-18,2025-05-19,20,15.4,2025-05-20,Computex電腦展,2025
廣達,9,30,-21,0,2025-04-18,2025-05-20,21,15.62,2025-05-20,Computex電腦展,2025
廣達,9,31,-21,1,2025-04-18,2025-05-21,22,18.0,2025-05-20,Computex電腦展,2025
廣達,9,32,-21,2,2025-04-18,2025-05-22,23,16.05,2025-05-20,Computex電腦展,2025
廣達,9,33,-21,3,2025-04-18,2025-05-23,24,14.53,2025-05-20,Computex電腦展,2025
廣達,9,34,-21,4,2025-04-18,2025-05-26,25,15.18,2025-05-20,Computex電腦展,2025
廣達,9,35,-21,5,2025-04-18,2025-05-27,26,15.4,2025-05-20,Computex電腦展,2025
廣達,9,36,-21,6,2025-04-18,2025-05-28,27,16.7,2025-05-20,Computex電腦展,2025
廣達,9,37,-21,7,2025-04-18,2025-05-29,28,17.79,2025-05-20,Computex電腦展,2025
廣達,9,38,-21,8,2025-04-18,2025-06-02,29,17.57,2025-05-20,Computex電腦展,2025
廣達,9,39,-21,9,2025-04-18,2025-06-03,30,19.31,2025-05-20,Computex電腦展,2025
廣達,9,40,-21,10,2025-04-18,2025-06-04,31,21.48,2025-05-20,Computex電腦展,2025
廣達,9,41,-21,11,2025-04-18,2025-06-05,32,22.13,2025-05-20,Computex電腦展,2025
廣達,9,42,-21,12,2025-04-18,2025-06-06,33,19.74,2025-05-20,Computex電腦展,2025
廣達,9,43,-21,13,2025-04-18,2025-06-09,34,19.74,2025-05-20,Computex電腦展,2025
廣達,9,44,-21,14,2025-04-18,2025-06-10,35,22.99,2025-05-20,Computex電腦展,2025
廣達,9,45,-21,15,2025-04-18,2025-06-11,36,22.78,2025-05-20,Computex電腦展,2025
廣達,9,46,-21,16,2025-04-18,2025-06-12,37,24.3,2025-05-20,Computex電腦展,2025
廣達,10,11,-20,-19,2025-04-21,2025-04-22,1,-3.66,2025-05-20,Computex電腦展,2025
廣達,10,12,-20,-18,2025-04-21,2025-04-23,2,1.29,2025-05-20,Computex電腦展,2025
廣達,10,13,-20,-17,2025-04-21,2025-04-24,3,-0.86,2025-05-20,Computex電腦展,2025
廣達,10,14,-20,-16,2025-04-21,2025-04-25,4,1.29,2025-05-20,Computex電腦展,2025
廣達,10,15,-20,-15,2025-04-21,2025-04-28,5,5.6,2025-05-20,Computex電腦展,2025
廣達,10,16,-20,-14,2025-04-21,2025-04-29,6,4.53,2025-05-20,Computex電腦展,2025
廣達,10,17,-20,-13,2025-04-21,2025-04-30,7,2.8,2025-05-20,Computex電腦展,2025
廣達,10,18,-20,-12,2025-04-21,2025-05-02,8,8.19,2025-05-20,Computex電腦展,2025
廣達,10,19,-20,-11,2025-04-21,2025-05-05,9,6.25,2025-05-20,Computex電腦展,2025
廣達,10,20,-20,-10,2025-04-21,2025-05-06,10,9.48,2025-05-20,Computex電腦展,2025
廣達,10,21,-20,-9,2025-04-21,2025-05-07,11,9.48,2025-05-20,Computex電腦展,2025
廣達,10,22,-20,-8,2025-04-21,2025-05-08,12,8.41,2025-05-20,Computex電腦展,2025
廣達,10,23,-20,-7,2025-04-21,2025-05-09,13,10.56,2025-05-20,Computex電腦展,2025
廣達,10,24,-20,-6,2025-04-21,2025-05-12,14,11.42,2025-05-20,Computex電腦展,2025
廣達,10,25,-20,-5,2025-04-21,2025-05-13,15,12.93,2025-05-20,Computex電腦展,2025
廣達,10,26,-20,-4,2025-04-21,2025-05-14,16,19.18,2025-05-20,Computex電腦展,2025
廣達,10,27,-20,-3,2025-04-21,2025-05-15,17,19.61,2025-05-20,Computex電腦展,2025
廣達,10,28,-20,-2,2025-04-21,2025-05-16,18,18.53,2025-05-20,Computex電腦展,2025
廣達,10,29,-20,-1,2025-04-21,2025-05-19,19,14.66,2025-05-20,Computex電腦展,2025
廣達,10,30,-20,0,2025-04-21,2025-05-20,20,14.87,2025-05-20,Computex電腦展,2025
廣達,10,31,-20,1,2025-04-21,2025-05-21,21,17.24,2025-05-20,Computex電腦展,2025
廣達,10,32,-20,2,2025-04-21,2025-05-22,22,15.3,2025-05-20,Computex電腦展,2025
廣達,10,33,-20,3,2025-04-21,2025-05-23,23,13.79,2025-05-20,Computex電腦展,2025
廣達,10,34,-20,4,2025-04-21,2025-05-26,24,14.44,2025-05-20,Computex電腦展,2025
廣達,10,35,-20,5,2025-04-21,2025-05-27,25,14.66,2025-05-20,Computex電腦展,2025
廣達,10,36,-20,6,2025-04-21,2025-05-28,26,15.95,2025-05-20,Computex電腦展,2025
廣達,10,37,-20,7,2025-04-21,2025-05-29,27,17.03,2025-05-20,Computex電腦展,2025
廣達,10,38,-20,8,2025-04-21,2025-06-02,28,16.81,2025-05-20,Computex電腦展,2025
廣達,10,39,-20,9,2025-04-21,2025-06-03,29,18.53,2025-05-20,Computex電腦展,2025
廣達,10,40,-20,10,2025-04-21,2025-06-04,30,20.69,2025-05-20,Computex電腦展,2025
廣達,10,41,-20,11,2025-04-21,2025-06-05,31,21.34,2025-05-20,Computex電腦展,2025
廣達,10,42,-20,12,2025-04-21,2025-06-06,32,18.97,2025-05-20,Computex電腦展,2025
廣達,10,43,-20,13,2025-04-21,2025-06-09,33,18.97,2025-05-20,Computex電腦展,2025
廣達,10,44,-20,14,2025-04-21,2025-06-10,34,22.2,2025-05-20,Computex電腦展,2025
廣達,10,45,-20,15,2025-04-21,2025-06-11,35,21.98,2025-05-20,Computex電腦展,2025
廣達,10,46,-20,16,2025-04-21,2025-06-12,36,23.49,2025-05-20,Computex電腦展,2025
廣達,11,12,-19,-18,2025-04-22,2025-04-23,1,5.15,2025-05-20,Computex電腦展,2025
廣達,11,13,-19,-17,2025-04-22,2025-04-24,2,2.91,2025-05-20,Computex電腦展,2025
廣達,11,14,-19,-16,2025-04-22,2025-04-25,3,5.15,2025-05-20,Computex電腦展,2025
廣達,11,15,-19,-15,2025-04-22,2025-04-28,4,9.62,2025-05-20,Computex電腦展,2025
廣達,11,16,-19,-14,2025-04-22,2025-04-29,5,8.5,2025-05-20,Computex電腦展,2025
廣達,11,17,-19,-13,2025-04-22,2025-04-30,6,6.71,2025-05-20,Computex電腦展,2025
廣達,11,18,-19,-12,2025-04-22,2025-05-02,7,12.3,2025-05-20,Computex電腦展,2025
廣達,11,19,-19,-11,2025-04-22,2025-05-05,8,10.29,2025-05-20,Computex電腦展,2025
廣達,11,20,-19,-10,2025-04-22,2025-05-06,9,13.65,2025-05-20,Computex電腦展,2025
廣達,11,21,-19,-9,2025-04-22,2025-05-07,10,13.65,2025-05-20,Computex電腦展,2025
廣達,11,22,-19,-8,2025-04-22,2025-05-08,11,12.53,2025-05-20,Computex電腦展,2025
廣達,11,23,-19,-7,2025-04-22,2025-05-09,12,14.77,2025-05-20,Computex電腦展,2025
廣達,11,24,-19,-6,2025-04-22,2025-05-12,13,15.66,2025-05-20,Computex電腦展,2025
廣達,11,25,-19,-5,2025-04-22,2025-05-13,14,17.23,2025-05-20,Computex電腦展,2025
廣達,11,26,-19,-4,2025-04-22,2025-05-14,15,23.71,2025-05-20,Computex電腦展,2025
廣達,11,27,-19,-3,2025-04-22,2025-05-15,16,24.16,2025-05-20,Computex電腦展,2025
廣達,11,28,-19,-2,2025-04-22,2025-05-16,17,23.04,2025-05-20,Computex電腦展,2025
廣達,11,29,-19,-1,2025-04-22,2025-05-19,18,19.02,2025-05-20,Computex電腦展,2025
廣達,11,30,-19,0,2025-04-22,2025-05-20,19,19.24,2025-05-20,Computex電腦展,2025
廣達,11,31,-19,1,2025-04-22,2025-05-21,20,21.7,2025-05-20,Computex電腦展,2025
廣達,11,32,-19,2,2025-04-22,2025-05-22,21,19.69,2025-05-20,Computex電腦展,2025
廣達,11,33,-19,3,2025-04-22,2025-05-23,22,18.12,2025-05-20,Computex電腦展,2025
廣達,11,34,-19,4,2025-04-22,2025-05-26,23,18.79,2025-05-20,Computex電腦展,2025
廣達,11,35,-19,5,2025-04-22,2025-05-27,24,19.02,2025-05-20,Computex電腦展,2025
廣達,11,36,-19,6,2025-04-22,2025-05-28,25,20.36,2025-05-20,Computex電腦展,2025
廣達,11,37,-19,7,2025-04-22,2025-05-29,26,21.48,2025-05-20,Computex電腦展,2025
廣達,11,38,-19,8,2025-04-22,2025-06-02,27,21.25,2025-05-20,Computex電腦展,2025
廣達,11,39,-19,9,2025-04-22,2025-06-03,28,23.04,2025-05-20,Computex電腦展,2025
廣達,11,40,-19,10,2025-04-22,2025-06-04,29,25.28,2025-05-20,Computex電腦展,2025
廣達,11,41,-19,11,2025-04-22,2025-06-05,30,25.95,2025-05-20,Computex電腦展,2025
廣達,11,42,-19,12,2025-04-22,2025-06-06,31,23.49,2025-05-20,Computex電腦展,2025
廣達,11,43,-19,13,2025-04-22,2025-06-09,32,23.49,2025-05-20,Computex電腦展,2025
廣達,11,44,-19,14,2025-04-22,2025-06-10,33,26.85,2025-05-20,Computex電腦展,2025
廣達,11,45,-19,15,2025-04-22,2025-06-11,34,26.62,2025-05-20,Computex電腦展,2025
廣達,11,46,-19,16,2025-04-22,2025-06-12,35,28.19,2025-05-20,Computex電腦展,2025
廣達,12,13,-18,-17,2025-04-23,2025-04-24,1,-2.13,2025-05-20,Computex電腦展,2025
廣達,12,14,-18,-16,2025-04-23,2025-04-25,2,0.0,2025-05-20,Computex電腦展,2025
廣達,12,15,-18,-15,2025-04-23,2025-04-28,3,4.26,2025-05-20,Computex電腦展,2025
廣達,12,16,-18,-14,2025-04-23,2025-04-29,4,3.19,2025-05-20,Computex電腦展,2025
廣達,12,17,-18,-13,2025-04-23,2025-04-30,5,1.49,2025-05-20,Computex電腦展,2025
廣達,12,18,-18,-12,2025-04-23,2025-05-02,6,6.81,2025-05-20,Computex電腦展,2025
廣達,12,19,-18,-11,2025-04-23,2025-05-05,7,4.89,2025-05-20,Computex電腦展,2025
廣達,12,20,-18,-10,2025-04-23,2025-05-06,8,8.09,2025-05-20,Computex電腦展,2025
廣達,12,21,-18,-9,2025-04-23,2025-05-07,9,8.09,2025-05-20,Computex電腦展,2025
廣達,12,22,-18,-8,2025-04-23,2025-05-08,10,7.02,2025-05-20,Computex電腦展,2025
廣達,12,23,-18,-7,2025-04-23,2025-05-09,11,9.15,2025-05-20,Computex電腦展,2025
廣達,12,24,-18,-6,2025-04-23,2025-05-12,12,10.0,2025-05-20,Computex電腦展,2025
廣達,12,25,-18,-5,2025-04-23,2025-05-13,13,11.49,2025-05-20,Computex電腦展,2025
廣達,12,26,-18,-4,2025-04-23,2025-05-14,14,17.66,2025-05-20,Computex電腦展,2025
廣達,12,27,-18,-3,2025-04-23,2025-05-15,15,18.09,2025-05-20,Computex電腦展,2025
廣達,12,28,-18,-2,2025-04-23,2025-05-16,16,17.02,2025-05-20,Computex電腦展,2025
廣達,12,29,-18,-1,2025-04-23,2025-05-19,17,13.19,2025-05-20,Computex電腦展,2025
廣達,12,30,-18,0,2025-04-23,2025-05-20,18,13.4,2025-05-20,Computex電腦展,2025
廣達,12,31,-18,1,2025-04-23,2025-05-21,19,15.74,2025-05-20,Computex電腦展,2025
廣達,12,32,-18,2,2025-04-23,2025-05-22,20,13.83,2025-05-20,Computex電腦展,2025
廣達,12,33,-18,3,2025-04-23,2025-05-23,21,12.34,2025-05-20,Computex電腦展,2025
廣達,12,34,-18,4,2025-04-23,2025-05-26,22,12.98,2025-05-20,Computex電腦展,2025
廣達,12,35,-18,5,2025-04-23,2025-05-27,23,13.19,2025-05-20,Computex電腦展,2025
廣達,12,36,-18,6,2025-04-23,2025-05-28,24,14.47,2025-05-20,Computex電腦展,2025
廣達,12,37,-18,7,2025-04-23,2025-05-29,25,15.53,2025-05-20,Computex電腦展,2025
廣達,12,38,-18,8,2025-04-23,2025-06-02,26,15.32,2025-05-20,Computex電腦展,2025
廣達,12,39,-18,9,2025-04-23,2025-06-03,27,17.02,2025-05-20,Computex電腦展,2025
廣達,12,40,-18,10,2025-04-23,2025-06-04,28,19.15,2025-05-20,Computex電腦展,2025
廣達,12,41,-18,11,2025-04-23,2025-06-05,29,19.79,2025-05-20,Computex電腦展,2025
廣達,12,42,-18,12,2025-04-23,2025-06-06,30,17.45,2025-05-20,Computex電腦展,2025
廣達,12,43,-18,13,2025-04-23,2025-06-09,31,17.45,2025-05-20,Computex電腦展,2025
廣達,12,44,-18,14,2025-04-23,2025-06-10,32,20.64,2025-05-20,Computex電腦展,2025
廣達,12,45,-18,15,2025-04-23,2025-06-11,33,20.43,2025-05-20,Computex電腦展,2025
廣達,12,46,-18,16,2025-04-23,2025-06-12,34,21.91,2025-05-20,Computex電腦展,2025
廣達,13,14,-17,-16,2025-04-24,2025-04-25,1,2.17,2025-05-20,Computex電腦展,2025
廣達,13,15,-17,-15,2025-04-24,2025-04-28,2,6.52,2025-05-20,Computex電腦展,2025
廣達,13,16,-17,-14,2025-04-24,2025-04-29,3,5.43,2025-05-20,Computex電腦展,2025
廣達,13,17,-17,-13,2025-04-24,2025-04-30,4,3.7,2025-05-20,Computex電腦展,2025
廣達,13,18,-17,-12,2025-04-24,2025-05-02,5,9.13,2025-05-20,Computex電腦展,2025
廣達,13,19,-17,-11,2025-04-24,2025-05-05,6,7.17,2025-05-20,Computex電腦展,2025
廣達,13,20,-17,-10,2025-04-24,2025-05-06,7,10.43,2025-05-20,Computex電腦展,2025
廣達,13,21,-17,-9,2025-04-24,2025-05-07,8,10.43,2025-05-20,Computex電腦展,2025
廣達,13,22,-17,-8,2025-04-24,2025-05-08,9,9.35,2025-05-20,Computex電腦展,2025
廣達,13,23,-17,-7,2025-04-24,2025-05-09,10,11.52,2025-05-20,Computex電腦展,2025
廣達,13,24,-17,-6,2025-04-24,2025-05-12,11,12.39,2025-05-20,Computex電腦展,2025
廣達,13,25,-17,-5,2025-04-24,2025-05-13,12,13.91,2025-05-20,Computex電腦展,2025
廣達,13,26,-17,-4,2025-04-24,2025-05-14,13,20.22,2025-05-20,Computex電腦展,2025
廣達,13,27,-17,-3,2025-04-24,2025-05-15,14,20.65,2025-05-20,Computex電腦展,2025
廣達,13,28,-17,-2,2025-04-24,2025-05-16,15,19.57,2025-05-20,Computex電腦展,2025
廣達,13,29,-17,-1,2025-04-24,2025-05-19,16,15.65,2025-05-20,Computex電腦展,2025
廣達,13,30,-17,0,2025-04-24,2025-05-20,17,15.87,2025-05-20,Computex電腦展,2025
廣達,13,31,-17,1,2025-04-24,2025-05-21,18,18.26,2025-05-20,Computex電腦展,2025
廣達,13,32,-17,2,2025-04-24,2025-05-22,19,16.3,2025-05-20,Computex電腦展,2025
廣達,13,33,-17,3,2025-04-24,2025-05-23,20,14.78,2025-05-20,Computex電腦展,2025
廣達,13,34,-17,4,2025-04-24,2025-05-26,21,15.43,2025-05-20,Computex電腦展,2025
廣達,13,35,-17,5,2025-04-24,2025-05-27,22,15.65,2025-05-20,Computex電腦展,2025
廣達,13,36,-17,6,2025-04-24,2025-05-28,23,16.96,2025-05-20,Computex電腦展,2025
廣達,13,37,-17,7,2025-04-24,2025-05-29,24,18.04,2025-05-20,Computex電腦展,2025
廣達,13,38,-17,8,2025-04-24,2025-06-02,25,17.83,2025-05-20,Computex電腦展,2025
廣達,13,39,-17,9,2025-04-24,2025-06-03,26,19.57,2025-05-20,Computex電腦展,2025
廣達,13,40,-17,10,2025-04-24,2025-06-04,27,21.74,2025-05-20,Computex電腦展,2025
廣達,13,41,-17,11,2025-04-24,2025-06-05,28,22.39,2025-05-20,Computex電腦展,2025
廣達,13,42,-17,12,2025-04-24,2025-06-06,29,20.0,2025-05-20,Computex電腦展,2025
廣達,13,43,-17,13,2025-04-24,2025-06-09,30,20.0,2025-05-20,Computex電腦展,2025
廣達,13,44,-17,14,2025-04-24,2025-06-10,31,23.26,2025-05-20,Computex電腦展,2025
廣達,13,45,-17,15,2025-04-24,2025-06-11,32,23.04,2025-05-20,Computex電腦展,2025
廣達,13,46,-17,16,2025-04-24,2025-06-12,33,24.57,2025-05-20,Computex電腦展,2025
廣達,14,15,-16,-15,2025-04-25,2025-04-28,1,4.26,2025-05-20,Computex電腦展,2025
廣達,14,16,-16,-14,2025-04-25,2025-04-29,2,3.19,2025-05-20,Computex電腦展,2025
廣達,14,17,-16,-13,2025-04-25,2025-04-30,3,1.49,2025-05-20,Computex電腦展,2025
廣達,14,18,-16,-12,2025-04-25,2025-05-02,4,6.81,2025-05-20,Computex電腦展,2025
廣達,14,19,-16,-11,2025-04-25,2025-05-05,5,4.89,2025-05-20,Computex電腦展,2025
廣達,14,20,-16,-10,2025-04-25,2025-05-06,6,8.09,2025-05-20,Computex電腦展,2025
廣達,14,21,-16,-9,2025-04-25,2025-05-07,7,8.09,2025-05-20,Computex電腦展,2025
廣達,14,22,-16,-8,2025-04-25,2025-05-08,8,7.02,2025-05-20,Computex電腦展,2025
廣達,14,23,-16,-7,2025-04-25,2025-05-09,9,9.15,2025-05-20,Computex電腦展,2025
廣達,14,24,-16,-6,2025-04-25,2025-05-12,10,10.0,2025-05-20,Computex電腦展,2025
廣達,14,25,-16,-5,2025-04-25,2025-05-13,11,11.49,2025-05-20,Computex電腦展,2025
廣達,14,26,-16,-4,2025-04-25,2025-05-14,12,17.66,2025-05-20,Computex電腦展,2025
廣達,14,27,-16,-3,2025-04-25,2025-05-15,13,18.09,2025-05-20,Computex電腦展,2025
廣達,14,28,-16,-2,2025-04-25,2025-05-16,14,17.02,2025-05-20,Computex電腦展,2025
廣達,14,29,-16,-1,2025-04-25,2025-05-19,15,13.19,2025-05-20,Computex電腦展,2025
廣達,14,30,-16,0,2025-04-25,2025-05-20,16,13.4,2025-05-20,Computex電腦展,2025
廣達,14,31,-16,1,2025-04-25,2025-05-21,17,15.74,2025-05-20,Computex電腦展,2025
廣達,14,32,-16,2,2025-04-25,2025-05-22,18,13.83,2025-05-20,Computex電腦展,2025
廣達,14,33,-16,3,2025-04-25,2025-05-23,19,12.34,2025-05-20,Computex電腦展,2025
廣達,14,34,-16,4,2025-04-25,2025-05-26,20,12.98,2025-05-20,Computex電腦展,2025
廣達,14,35,-16,5,2025-04-25,2025-05-27,21,13.19,2025-05-20,Computex電腦展,2025
廣達,14,36,-16,6,2025-04-25,2025-05-28,22,14.47,2025-05-20,Computex電腦展,2025
廣達,14,37,-16,7,2025-04-25,2025-05-29,23,15.53,2025-05-20,Computex電腦展,2025
廣達,14,38,-16,8,2025-04-25,2025-06-02,24,15.32,2025-05-20,Computex電腦展,2025
廣達,14,39,-16,9,2025-04-25,2025-06-03,25,17.02,2025-05-20,Computex電腦展,2025
廣達,14,40,-16,10,2025-04-25,2025-06-04,26,19.15,2025-05-20,Computex電腦展,2025
廣達,14,41,-16,11,2025-04-25,2025-06-05,27,19.79,2025-05-20,Computex電腦展,2025
廣達,14,42,-16,12,2025-04-25,2025-06-06,28,17.45,2025-05-20,Computex電腦展,2025
廣達,14,43,-16,13,2025-04-25,2025-06-09,29,17.45,2025-05-20,Computex電腦展,2025
廣達,14,44,-16,14,2025-04-25,2025-06-10,30,20.64,2025-05-20,Computex電腦展,2025
廣達,14,45,-16,15,2025-04-25,2025-06-11,31,20.43,2025-05-20,Computex電腦展,2025
廣達,14,46,-16,16,2025-04-25,2025-06-12,32,21.91,2025-05-20,Computex電腦展,2025
廣達,15,16,-15,-14,2025-04-28,2025-04-29,1,-1.02,2025-05-20,Computex電腦展,2025
廣達,15,17,-15,-13,2025-04-28,2025-04-30,2,-2.65,2025-05-20,Computex電腦展,2025
廣達,15,18,-15,-12,2025-04-28,2025-05-02,3,2.45,2025-05-20,Computex電腦展,2025
廣達,15,19,-15,-11,2025-04-28,2025-05-05,4,0.61,2025-05-20,Computex電腦展,2025
廣達,15,20,-15,-10,2025-04-28,2025-05-06,5,3.67,2025-05-20,Computex電腦展,2025
廣達,15,21,-15,-9,2025-04-28,2025-05-07,6,3.67,2025-05-20,Computex電腦展,2025
廣達,15,22,-15,-8,2025-04-28,2025-05-08,7,2.65,2025-05-20,Computex電腦展,2025
廣達,15,23,-15,-7,2025-04-28,2025-05-09,8,4.69,2025-05-20,Computex電腦展,2025
廣達,15,24,-15,-6,2025-04-28,2025-05-12,9,5.51,2025-05-20,Computex電腦展,2025
廣達,15,25,-15,-5,2025-04-28,2025-05-13,10,6.94,2025-05-20,Computex電腦展,2025
廣達,15,26,-15,-4,2025-04-28,2025-05-14,11,12.86,2025-05-20,Computex電腦展,2025
廣達,15,27,-15,-3,2025-04-28,2025-05-15,12,13.27,2025-05-20,Computex電腦展,2025
廣達,15,28,-15,-2,2025-04-28,2025-05-16,13,12.24,2025-05-20,Computex電腦展,2025
廣達,15,29,-15,-1,2025-04-28,2025-05-19,14,8.57,2025-05-20,Computex電腦展,2025
廣達,15,30,-15,0,2025-04-28,2025-05-20,15,8.78,2025-05-20,Computex電腦展,2025
廣達,15,31,-15,1,2025-04-28,2025-05-21,16,11.02,2025-05-20,Computex電腦展,2025
廣達,15,32,-15,2,2025-04-28,2025-05-22,17,9.18,2025-05-20,Computex電腦展,2025
廣達,15,33,-15,3,2025-04-28,2025-05-23,18,7.76,2025-05-20,Computex電腦展,2025
廣達,15,34,-15,4,2025-04-28,2025-05-26,19,8.37,2025-05-20,Computex電腦展,2025
廣達,15,35,-15,5,2025-04-28,2025-05-27,20,8.57,2025-05-20,Computex電腦展,2025
廣達,15,36,-15,6,2025-04-28,2025-05-28,21,9.8,2025-05-20,Computex電腦展,2025
廣達,15,37,-15,7,2025-04-28,2025-05-29,22,10.82,2025-05-20,Computex電腦展,2025
廣達,15,38,-15,8,2025-04-28,2025-06-02,23,10.61,2025-05-20,Computex電腦展,2025
廣達,15,39,-15,9,2025-04-28,2025-06-03,24,12.24,2025-05-20,Computex電腦展,2025
廣達,15,40,-15,10,2025-04-28,2025-06-04,25,14.29,2025-05-20,Computex電腦展,2025
廣達,15,41,-15,11,2025-04-28,2025-06-05,26,14.9,2025-05-20,Computex電腦展,2025
廣達,15,42,-15,12,2025-04-28,2025-06-06,27,12.65,2025-05-20,Computex電腦展,2025
廣達,15,43,-15,13,2025-04-28,2025-06-09,28,12.65,2025-05-20,Computex電腦展,2025
廣達,15,44,-15,14,2025-04-28,2025-06-10,29,15.71,2025-05-20,Computex電腦展,2025
廣達,15,45,-15,15,2025-04-28,2025-06-11,30,15.51,2025-05-20,Computex電腦展,2025
廣達,15,46,-15,16,2025-04-28,2025-06-12,31,16.94,2025-05-20,Computex電腦展,2025
廣達,16,17,-14,-13,2025-04-29,2025-04-30,1,-1.65,2025-05-20,Computex電腦展,2025
廣達,16,18,-14,-12,2025-04-29,2025-05-02,2,3.51,2025-05-20,Computex電腦展,2025
廣達,16,19,-14,-11,2025-04-29,2025-05-05,3,1.65,2025-05-20,Computex電腦展,2025
廣達,16,20,-14,-10,2025-04-29,2025-05-06,4,4.74,2025-05-20,Computex電腦展,2025
廣達,16,21,-14,-9,2025-04-29,2025-05-07,5,4.74,2025-05-20,Computex電腦展,2025
廣達,16,22,-14,-8,2025-04-29,2025-05-08,6,3.71,2025-05-20,Computex電腦展,2025
廣達,16,23,-14,-7,2025-04-29,2025-05-09,7,5.77,2025-05-20,Computex電腦展,2025
廣達,16,24,-14,-6,2025-04-29,2025-05-12,8,6.6,2025-05-20,Computex電腦展,2025
廣達,16,25,-14,-5,2025-04-29,2025-05-13,9,8.04,2025-05-20,Computex電腦展,2025
廣達,16,26,-14,-4,2025-04-29,2025-05-14,10,14.02,2025-05-20,Computex電腦展,2025
廣達,16,27,-14,-3,2025-04-29,2025-05-15,11,14.43,2025-05-20,Computex電腦展,2025
廣達,16,28,-14,-2,2025-04-29,2025-05-16,12,13.4,2025-05-20,Computex電腦展,2025
廣達,16,29,-14,-1,2025-04-29,2025-05-19,13,9.69,2025-05-20,Computex電腦展,2025
廣達,16,30,-14,0,2025-04-29,2025-05-20,14,9.9,2025-05-20,Computex電腦展,2025
廣達,16,31,-14,1,2025-04-29,2025-05-21,15,12.16,2025-05-20,Computex電腦展,2025
廣達,16,32,-14,2,2025-04-29,2025-05-22,16,10.31,2025-05-20,Computex電腦展,2025
廣達,16,33,-14,3,2025-04-29,2025-05-23,17,8.87,2025-05-20,Computex電腦展,2025
廣達,16,34,-14,4,2025-04-29,2025-05-26,18,9.48,2025-05-20,Computex電腦展,2025
廣達,16,35,-14,5,2025-04-29,2025-05-27,19,9.69,2025-05-20,Computex電腦展,2025
廣達,16,36,-14,6,2025-04-29,2025-05-28,20,10.93,2025-05-20,Computex電腦展,2025
廣達,16,37,-14,7,2025-04-29,2025-05-29,21,11.96,2025-05-20,Computex電腦展,2025
廣達,16,38,-14,8,2025-04-29,2025-06-02,22,11.75,2025-05-20,Computex電腦展,2025
廣達,16,39,-14,9,2025-04-29,2025-06-03,23,13.4,2025-05-20,Computex電腦展,2025
廣達,16,40,-14,10,2025-04-29,2025-06-04,24,15.46,2025-05-20,Computex電腦展,2025
廣達,16,41,-14,11,2025-04-29,2025-06-05,25,16.08,2025-05-20,Computex電腦展,2025
廣達,16,42,-14,12,2025-04-29,2025-06-06,26,13.81,2025-05-20,Computex電腦展,2025
廣達,16,43,-14,13,2025-04-29,2025-06-09,27,13.81,2025-05-20,Computex電腦展,2025
廣達,16,44,-14,14,2025-04-29,2025-06-10,28,16.91,2025-05-20,Computex電腦展,2025
廣達,16,45,-14,15,2025-04-29,2025-06-11,29,16.7,2025-05-20,Computex電腦展,2025
廣達,16,46,-14,16,2025-04-29,2025-06-12,30,18.14,2025-05-20,Computex電腦展,2025
廣達,17,18,-13,-12,2025-04-30,2025-05-02,1,5.24,2025-05-20,Computex電腦展,2025
廣達,17,19,-13,-11,2025-04-30,2025-05-05,2,3.35,2025-05-20,Computex電腦展,2025
廣達,17,20,-13,-10,2025-04-30,2025-05-06,3,6.5,2025-05-20,Computex電腦展,2025
廣達,17,21,-13,-9,2025-04-30,2025-05-07,4,6.5,2025-05-20,Computex電腦展,2025
廣達,17,22,-13,-8,2025-04-30,2025-05-08,5,5.45,2025-05-20,Computex電腦展,2025
廣達,17,23,-13,-7,2025-04-30,2025-05-09,6,7.55,2025-05-20,Computex電腦展,2025
廣達,17,24,-13,-6,2025-04-30,2025-05-12,7,8.39,2025-05-20,Computex電腦展,2025
廣達,17,25,-13,-5,2025-04-30,2025-05-13,8,9.85,2025-05-20,Computex電腦展,2025
廣達,17,26,-13,-4,2025-04-30,2025-05-14,9,15.93,2025-05-20,Computex電腦展,2025
廣達,17,27,-13,-3,2025-04-30,2025-05-15,10,16.35,2025-05-20,Computex電腦展,2025
廣達,17,28,-13,-2,2025-04-30,2025-05-16,11,15.3,2025-05-20,Computex電腦展,2025
廣達,17,29,-13,-1,2025-04-30,2025-05-19,12,11.53,2025-05-20,Computex電腦展,2025
廣達,17,30,-13,0,2025-04-30,2025-05-20,13,11.74,2025-05-20,Computex電腦展,2025
廣達,17,31,-13,1,2025-04-30,2025-05-21,14,14.05,2025-05-20,Computex電腦展,2025
廣達,17,32,-13,2,2025-04-30,2025-05-22,15,12.16,2025-05-20,Computex電腦展,2025
廣達,17,33,-13,3,2025-04-30,2025-05-23,16,10.69,2025-05-20,Computex電腦展,2025
廣達,17,34,-13,4,2025-04-30,2025-05-26,17,11.32,2025-05-20,Computex電腦展,2025
廣達,17,35,-13,5,2025-04-30,2025-05-27,18,11.53,2025-05-20,Computex電腦展,2025
廣達,17,36,-13,6,2025-04-30,2025-05-28,19,12.79,2025-05-20,Computex電腦展,2025
廣達,17,37,-13,7,2025-04-30,2025-05-29,20,13.84,2025-05-20,Computex電腦展,2025
廣達,17,38,-13,8,2025-04-30,2025-06-02,21,13.63,2025-05-20,Computex電腦展,2025
廣達,17,39,-13,9,2025-04-30,2025-06-03,22,15.3,2025-05-20,Computex電腦展,2025
廣達,17,40,-13,10,2025-04-30,2025-06-04,23,17.4,2025-05-20,Computex電腦展,2025
廣達,17,41,-13,11,2025-04-30,2025-06-05,24,18.03,2025-05-20,Computex電腦展,2025
廣達,17,42,-13,12,2025-04-30,2025-06-06,25,15.72,2025-05-20,Computex電腦展,2025
廣達,17,43,-13,13,2025-04-30,2025-06-09,26,15.72,2025-05-20,Computex電腦展,2025
廣達,17,44,-13,14,2025-04-30,2025-06-10,27,18.87,2025-05-20,Computex電腦展,2025
廣達,17,45,-13,15,2025-04-30,2025-06-11,28,18.66,2025-05-20,Computex電腦展,2025
廣達,17,46,-13,16,2025-04-30,2025-06-12,29,20.13,2025-05-20,Computex電腦展,2025
廣達,18,19,-12,-11,2025-05-02,2025-05-05,1,-1.79,2025-05-20,Computex電腦展,2025
廣達,18,20,-12,-10,2025-05-02,2025-05-06,2,1.2,2025-05-20,Computex電腦展,2025
廣達,18,21,-12,-9,2025-05-02,2025-05-07,3,1.2,2025-05-20,Computex電腦展,2025
廣達,18,22,-12,-8,2025-05-02,2025-05-08,4,0.2,2025-05-20,Computex電腦展,2025
廣達,18,23,-12,-7,2025-05-02,2025-05-09,5,2.19,2025-05-20,Computex電腦展,2025
廣達,18,24,-12,-6,2025-05-02,2025-05-12,6,2.99,2025-05-20,Computex電腦展,2025
廣達,18,25,-12,-5,2025-05-02,2025-05-13,7,4.38,2025-05-20,Computex電腦展,2025
廣達,18,26,-12,-4,2025-05-02,2025-05-14,8,10.16,2025-05-20,Computex電腦展,2025
廣達,18,27,-12,-3,2025-05-02,2025-05-15,9,10.56,2025-05-20,Computex電腦展,2025
廣達,18,28,-12,-2,2025-05-02,2025-05-16,10,9.56,2025-05-20,Computex電腦展,2025
廣達,18,29,-12,-1,2025-05-02,2025-05-19,11,5.98,2025-05-20,Computex電腦展,2025
廣達,18,30,-12,0,2025-05-02,2025-05-20,12,6.18,2025-05-20,Computex電腦展,2025
廣達,18,31,-12,1,2025-05-02,2025-05-21,13,8.37,2025-05-20,Computex電腦展,2025
廣達,18,32,-12,2,2025-05-02,2025-05-22,14,6.57,2025-05-20,Computex電腦展,2025
廣達,18,33,-12,3,2025-05-02,2025-05-23,15,5.18,2025-05-20,Computex電腦展,2025
廣達,18,34,-12,4,2025-05-02,2025-05-26,16,5.78,2025-05-20,Computex電腦展,2025
廣達,18,35,-12,5,2025-05-02,2025-05-27,17,5.98,2025-05-20,Computex電腦展,2025
廣達,18,36,-12,6,2025-05-02,2025-05-28,18,7.17,2025-05-20,Computex電腦展,2025
廣達,18,37,-12,7,2025-05-02,2025-05-29,19,8.17,2025-05-20,Computex電腦展,2025
廣達,18,38,-12,8,2025-05-02,2025-06-02,20,7.97,2025-05-20,Computex電腦展,2025
廣達,18,39,-12,9,2025-05-02,2025-06-03,21,9.56,2025-05-20,Computex電腦展,2025
廣達,18,40,-12,10,2025-05-02,2025-06-04,22,11.55,2025-05-20,Computex電腦展,2025
廣達,18,41,-12,11,2025-05-02,2025-06-05,23,12.15,2025-05-20,Computex電腦展,2025
廣達,18,42,-12,12,2025-05-02,2025-06-06,24,9.96,2025-05-20,Computex電腦展,2025
廣達,18,43,-12,13,2025-05-02,2025-06-09,25,9.96,2025-05-20,Computex電腦展,2025
廣達,18,44,-12,14,2025-05-02,2025-06-10,26,12.95,2025-05-20,Computex電腦展,2025
廣達,18,45,-12,15,2025-05-02,2025-06-11,27,12.75,2025-05-20,Computex電腦展,2025
廣達,18,46,-12,16,2025-05-02,2025-06-12,28,14.14,2025-05-20,Computex電腦展,2025
廣達,19,20,-11,-10,2025-05-05,2025-05-06,1,3.04,2025-05-20,Computex電腦展,2025
廣達,19,21,-11,-9,2025-05-05,2025-05-07,2,3.04,2025-05-20,Computex電腦展,2025
廣達,19,22,-11,-8,2025-05-05,2025-05-08,3,2.03,2025-05-20,Computex電腦展,2025
廣達,19,23,-11,-7,2025-05-05,2025-05-09,4,4.06,2025-05-20,Computex電腦展,2025
廣達,19,24,-11,-6,2025-05-05,2025-05-12,5,4.87,2025-05-20,Computex電腦展,2025
廣達,19,25,-11,-5,2025-05-05,2025-05-13,6,6.29,2025-05-20,Computex電腦展,2025
廣達,19,26,-11,-4,2025-05-05,2025-05-14,7,12.17,2025-05-20,Computex電腦展,2025
廣達,19,27,-11,-3,2025-05-05,2025-05-15,8,12.58,2025-05-20,Computex電腦展,2025
廣達,19,28,-11,-2,2025-05-05,2025-05-16,9,11.56,2025-05-20,Computex電腦展,2025
廣達,19,29,-11,-1,2025-05-05,2025-05-19,10,7.91,2025-05-20,Computex電腦展,2025
廣達,19,30,-11,0,2025-05-05,2025-05-20,11,8.11,2025-05-20,Computex電腦展,2025
廣達,19,31,-11,1,2025-05-05,2025-05-21,12,10.34,2025-05-20,Computex電腦展,2025
廣達,19,32,-11,2,2025-05-05,2025-05-22,13,8.52,2025-05-20,Computex電腦展,2025
廣達,19,33,-11,3,2025-05-05,2025-05-23,14,7.1,2025-05-20,Computex電腦展,2025
廣達,19,34,-11,4,2025-05-05,2025-05-26,15,7.71,2025-05-20,Computex電腦展,2025
廣達,19,35,-11,5,2025-05-05,2025-05-27,16,7.91,2025-05-20,Computex電腦展,2025
廣達,19,36,-11,6,2025-05-05,2025-05-28,17,9.13,2025-05-20,Computex電腦展,2025
廣達,19,37,-11,7,2025-05-05,2025-05-29,18,10.14,2025-05-20,Computex電腦展,2025
廣達,19,38,-11,8,2025-05-05,2025-06-02,19,9.94,2025-05-20,Computex電腦展,2025
廣達,19,39,-11,9,2025-05-05,2025-06-03,20,11.56,2025-05-20,Computex電腦展,2025
廣達,19,40,-11,10,2025-05-05,2025-06-04,21,13.59,2025-05-20,Computex電腦展,2025
廣達,19,41,-11,11,2025-05-05,2025-06-05,22,14.2,2025-05-20,Computex電腦展,2025
廣達,19,42,-11,12,2025-05-05,2025-06-06,23,11.97,2025-05-20,Computex電腦展,2025
廣達,19,43,-11,13,2025-05-05,2025-06-09,24,11.97,2025-05-20,Computex電腦展,2025
廣達,19,44,-11,14,2025-05-05,2025-06-10,25,15.01,2025-05-20,Computex電腦展,2025
廣達,19,45,-11,15,2025-05-05,2025-06-11,26,14.81,2025-05-20,Computex電腦展,2025
廣達,19,46,-11,16,2025-05-05,2025-06-12,27,16.23,2025-05-20,Computex電腦展,2025
廣達,20,21,-10,-9,2025-05-06,2025-05-07,1,0.0,2025-05-20,Computex電腦展,2025
廣達,20,22,-10,-8,2025-05-06,2025-05-08,2,-0.98,2025-05-20,Computex電腦展,2025
廣達,20,23,-10,-7,2025-05-06,2025-05-09,3,0.98,2025-05-20,Computex電腦展,2025
廣達,20,24,-10,-6,2025-05-06,2025-05-12,4,1.77,2025-05-20,Computex電腦展,2025
廣達,20,25,-10,-5,2025-05-06,2025-05-13,5,3.15,2025-05-20,Computex電腦展,2025
廣達,20,26,-10,-4,2025-05-06,2025-05-14,6,8.86,2025-05-20,Computex電腦展,2025
廣達,20,27,-10,-3,2025-05-06,2025-05-15,7,9.25,2025-05-20,Computex電腦展,2025
廣達,20,28,-10,-2,2025-05-06,2025-05-16,8,8.27,2025-05-20,Computex電腦展,2025
廣達,20,29,-10,-1,2025-05-06,2025-05-19,9,4.72,2025-05-20,Computex電腦展,2025
廣達,20,30,-10,0,2025-05-06,2025-05-20,10,4.92,2025-05-20,Computex電腦展,2025
廣達,20,31,-10,1,2025-05-06,2025-05-21,11,7.09,2025-05-20,Computex電腦展,2025
廣達,20,32,-10,2,2025-05-06,2025-05-22,12,5.31,2025-05-20,Computex電腦展,2025
廣達,20,33,-10,3,2025-05-06,2025-05-23,13,3.94,2025-05-20,Computex電腦展,2025
廣達,20,34,-10,4,2025-05-06,2025-05-26,14,4.53,2025-05-20,Computex電腦展,2025
廣達,20,35,-10,5,2025-05-06,2025-05-27,15,4.72,2025-05-20,Computex電腦展,2025
廣達,20,36,-10,6,2025-05-06,2025-05-28,16,5.91,2025-05-20,Computex電腦展,2025
廣達,20,37,-10,7,2025-05-06,2025-05-29,17,6.89,2025-05-20,Computex電腦展,2025
廣達,20,38,-10,8,2025-05-06,2025-06-02,18,6.69,2025-05-20,Computex電腦展,2025
廣達,20,39,-10,9,2025-05-06,2025-06-03,19,8.27,2025-05-20,Computex電腦展,2025
廣達,20,40,-10,10,2025-05-06,2025-06-04,20,10.24,2025-05-20,Computex電腦展,2025
廣達,20,41,-10,11,2025-05-06,2025-06-05,21,10.83,2025-05-20,Computex電腦展,2025
廣達,20,42,-10,12,2025-05-06,2025-06-06,22,8.66,2025-05-20,Computex電腦展,2025
廣達,20,43,-10,13,2025-05-06,2025-06-09,23,8.66,2025-05-20,Computex電腦展,2025
廣達,20,44,-10,14,2025-05-06,2025-06-10,24,11.61,2025-05-20,Computex電腦展,2025
廣達,20,45,-10,15,2025-05-06,2025-06-11,25,11.42,2025-05-20,Computex電腦展,2025
廣達,20,46,-10,16,2025-05-06,2025-06-12,26,12.8,2025-05-20,Computex電腦展,2025
廣達,21,22,-9,-8,2025-05-07,2025-05-08,1,-0.98,2025-05-20,Computex電腦展,2025
廣達,21,23,-9,-7,2025-05-07,2025-05-09,2,0.98,2025-05-20,Computex電腦展,2025
廣達,21,24,-9,-6,2025-05-07,2025-05-12,3,1.77,2025-05-20,Computex電腦展,2025
廣達,21,25,-9,-5,2025-05-07,2025-05-13,4,3.15,2025-05-20,Computex電腦展,2025
廣達,21,26,-9,-4,2025-05-07,2025-05-14,5,8.86,2025-05-20,Computex電腦展,2025
廣達,21,27,-9,-3,2025-05-07,2025-05-15,6,9.25,2025-05-20,Computex電腦展,2025
廣達,21,28,-9,-2,2025-05-07,2025-05-16,7,8.27,2025-05-20,Computex電腦展,2025
廣達,21,29,-9,-1,2025-05-07,2025-05-19,8,4.72,2025-05-20,Computex電腦展,2025
廣達,21,30,-9,0,2025-05-07,2025-05-20,9,4.92,2025-05-20,Computex電腦展,2025
廣達,21,31,-9,1,2025-05-07,2025-05-21,10,7.09,2025-05-20,Computex電腦展,2025
廣達,21,32,-9,2,2025-05-07,2025-05-22,11,5.31,2025-05-20,Computex電腦展,2025
廣達,21,33,-9,3,2025-05-07,2025-05-23,12,3.94,2025-05-20,Computex電腦展,2025
廣達,21,34,-9,4,2025-05-07,2025-05-26,13,4.53,2025-05-20,Computex電腦展,2025
廣達,21,35,-9,5,2025-05-07,2025-05-27,14,4.72,2025-05-20,Computex電腦展,2025
廣達,21,36,-9,6,2025-05-07,2025-05-28,15,5.91,2025-05-20,Computex電腦展,2025
廣達,21,37,-9,7,2025-05-07,2025-05-29,16,6.89,2025-05-20,Computex電腦展,2025
廣達,21,38,-9,8,2025-05-07,2025-06-02,17,6.69,2025-05-20,Computex電腦展,2025
廣達,21,39,-9,9,2025-05-07,2025-06-03,18,8.27,2025-05-20,Computex電腦展,2025
廣達,21,40,-9,10,2025-05-07,2025-06-04,19,10.24,2025-05-20,Computex電腦展,2025
廣達,21,41,-9,11,2025-05-07,2025-06-05,20,10.83,2025-05-20,Computex電腦展,2025
廣達,21,42,-9,12,2025-05-07,2025-06-06,21,8.66,2025-05-20,Computex電腦展,2025
廣達,21,43,-9,13,2025-05-07,2025-06-09,22,8.66,2025-05-20,Computex電腦展,2025
廣達,21,44,-9,14,2025-05-07,2025-06-10,23,11.61,2025-05-20,Computex電腦展,2025
廣達,21,45,-9,15,2025-05-07,2025-06-11,24,11.42,2025-05-20,Computex電腦展,2025
廣達,21,46,-9,16,2025-05-07,2025-06-12,25,12.8,2025-05-20,Computex電腦展,2025
廣達,22,23,-8,-7,2025-05-08,2025-05-09,1,1.99,2025-05-20,Computex電腦展,2025
廣達,22,24,-8,-6,2025-05-08,2025-05-12,2,2.78,2025-05-20,Computex電腦展,2025
廣達,22,25,-8,-5,2025-05-08,2025-05-13,3,4.17,2025-05-20,Computex電腦展,2025
廣達,22,26,-8,-4,2025-05-08,2025-05-14,4,9.94,2025-05-20,Computex電腦展,2025
廣達,22,27,-8,-3,2025-05-08,2025-05-15,5,10.34,2025-05-20,Computex電腦展,2025
廣達,22,28,-8,-2,2025-05-08,2025-05-16,6,9.34,2025-05-20,Computex電腦展,2025
廣達,22,29,-8,-1,2025-05-08,2025-05-19,7,5.77,2025-05-20,Computex電腦展,2025
廣達,22,30,-8,0,2025-05-08,2025-05-20,8,5.96,2025-05-20,Computex電腦展,2025
廣達,22,31,-8,1,2025-05-08,2025-05-21,9,8.15,2025-05-20,Computex電腦展,2025
廣達,22,32,-8,2,2025-05-08,2025-05-22,10,6.36,2025-05-20,Computex電腦展,2025
廣達,22,33,-8,3,2025-05-08,2025-05-23,11,4.97,2025-05-20,Computex電腦展,2025
廣達,22,34,-8,4,2025-05-08,2025-05-26,12,5.57,2025-05-20,Computex電腦展,2025
廣達,22,35,-8,5,2025-05-08,2025-05-27,13,5.77,2025-05-20,Computex電腦展,2025
廣達,22,36,-8,6,2025-05-08,2025-05-28,14,6.96,2025-05-20,Computex電腦展,2025
廣達,22,37,-8,7,2025-05-08,2025-05-29,15,7.95,2025-05-20,Computex電腦展,2025
廣達,22,38,-8,8,2025-05-08,2025-06-02,16,7.75,2025-05-20,Computex電腦展,2025
廣達,22,39,-8,9,2025-05-08,2025-06-03,17,9.34,2025-05-20,Computex電腦展,2025
廣達,22,40,-8,10,2025-05-08,2025-06-04,18,11.33,2025-05-20,Computex電腦展,2025
廣達,22,41,-8,11,2025-05-08,2025-06-05,19,11.93,2025-05-20,Computex電腦展,2025
廣達,22,42,-8,12,2025-05-08,2025-06-06,20,9.74,2025-05-20,Computex電腦展,2025
廣達,22,43,-8,13,2025-05-08,2025-06-09,21,9.74,2025-05-20,Computex電腦展,2025
廣達,22,44,-8,14,2025-05-08,2025-06-10,22,12.72,2025-05-20,Computex電腦展,2025
廣達,22,45,-8,15,2025-05-08,2025-06-11,23,12.52,2025-05-20,Computex電腦展,2025
廣達,22,46,-8,16,2025-05-08,2025-06-12,24,13.92,2025-05-20,Computex電腦展,2025
廣達,23,24,-7,-6,2025-05-09,2025-05-12,1,0.78,2025-05-20,Computex電腦展,2025
廣達,23,25,-7,-5,2025-05-09,2025-05-13,2,2.14,2025-05-20,Computex電腦展,2025
廣達,23,26,-7,-4,2025-05-09,2025-05-14,3,7.8,2025-05-20,Computex電腦展,2025
廣達,23,27,-7,-3,2025-05-09,2025-05-15,4,8.19,2025-05-20,Computex電腦展,2025
廣達,23,28,-7,-2,2025-05-09,2025-05-16,5,7.21,2025-05-20,Computex電腦展,2025
廣達,23,29,-7,-1,2025-05-09,2025-05-19,6,3.7,2025-05-20,Computex電腦展,2025
廣達,23,30,-7,0,2025-05-09,2025-05-20,7,3.9,2025-05-20,Computex電腦展,2025
廣達,23,31,-7,1,2025-05-09,2025-05-21,8,6.04,2025-05-20,Computex電腦展,2025
廣達,23,32,-7,2,2025-05-09,2025-05-22,9,4.29,2025-05-20,Computex電腦展,2025
廣達,23,33,-7,3,2025-05-09,2025-05-23,10,2.92,2025-05-20,Computex電腦展,2025
廣達,23,34,-7,4,2025-05-09,2025-05-26,11,3.51,2025-05-20,Computex電腦展,2025
廣達,23,35,-7,5,2025-05-09,2025-05-27,12,3.7,2025-05-20,Computex電腦展,2025
廣達,23,36,-7,6,2025-05-09,2025-05-28,13,4.87,2025-05-20,Computex電腦展,2025
廣達,23,37,-7,7,2025-05-09,2025-05-29,14,5.85,2025-05-20,Computex電腦展,2025
廣達,23,38,-7,8,2025-05-09,2025-06-02,15,5.65,2025-05-20,Computex電腦展,2025
廣達,23,39,-7,9,2025-05-09,2025-06-03,16,7.21,2025-05-20,Computex電腦展,2025
廣達,23,40,-7,10,2025-05-09,2025-06-04,17,9.16,2025-05-20,Computex電腦展,2025
廣達,23,41,-7,11,2025-05-09,2025-06-05,18,9.75,2025-05-20,Computex電腦展,2025
廣達,23,42,-7,12,2025-05-09,2025-06-06,19,7.6,2025-05-20,Computex電腦展,2025
廣達,23,43,-7,13,2025-05-09,2025-06-09,20,7.6,2025-05-20,Computex電腦展,2025
廣達,23,44,-7,14,2025-05-09,2025-06-10,21,10.53,2025-05-20,Computex電腦展,2025
廣達,23,45,-7,15,2025-05-09,2025-06-11,22,10.33,2025-05-20,Computex電腦展,2025
廣達,23,46,-7,16,2025-05-09,2025-06-12,23,11.7,2025-05-20,Computex電腦展,2025
廣達,24,25,-6,-5,2025-05-12,2025-05-13,1,1.35,2025-05-20,Computex電腦展,2025
廣達,24,26,-6,-4,2025-05-12,2025-05-14,2,6.96,2025-05-20,Computex電腦展,2025
廣達,24,27,-6,-3,2025-05-12,2025-05-15,3,7.35,2025-05-20,Computex電腦展,2025
廣達,24,28,-6,-2,2025-05-12,2025-05-16,4,6.38,2025-05-20,Computex電腦展,2025
廣達,24,29,-6,-1,2025-05-12,2025-05-19,5,2.9,2025-05-20,Computex電腦展,2025
廣達,24,30,-6,0,2025-05-12,2025-05-20,6,3.09,2025-05-20,Computex電腦展,2025
廣達,24,31,-6,1,2025-05-12,2025-05-21,7,5.22,2025-05-20,Computex電腦展,2025
廣達,24,32,-6,2,2025-05-12,2025-05-22,8,3.48,2025-05-20,Computex電腦展,2025
廣達,24,33,-6,3,2025-05-12,2025-05-23,9,2.13,2025-05-20,Computex電腦展,2025
廣達,24,34,-6,4,2025-05-12,2025-05-26,10,2.71,2025-05-20,Computex電腦展,2025
廣達,24,35,-6,5,2025-05-12,2025-05-27,11,2.9,2025-05-20,Computex電腦展,2025
廣達,24,36,-6,6,2025-05-12,2025-05-28,12,4.06,2025-05-20,Computex電腦展,2025
廣達,24,37,-6,7,2025-05-12,2025-05-29,13,5.03,2025-05-20,Computex電腦展,2025
廣達,24,38,-6,8,2025-05-12,2025-06-02,14,4.84,2025-05-20,Computex電腦展,2025
廣達,24,39,-6,9,2025-05-12,2025-06-03,15,6.38,2025-05-20,Computex電腦展,2025
廣達,24,40,-6,10,2025-05-12,2025-06-04,16,8.32,2025-05-20,Computex電腦展,2025
廣達,24,41,-6,11,2025-05-12,2025-06-05,17,8.9,2025-05-20,Computex電腦展,2025
廣達,24,42,-6,12,2025-05-12,2025-06-06,18,6.77,2025-05-20,Computex電腦展,2025
廣達,24,43,-6,13,2025-05-12,2025-06-09,19,6.77,2025-05-20,Computex電腦展,2025
廣達,24,44,-6,14,2025-05-12,2025-06-10,20,9.67,2025-05-20,Computex電腦展,2025
廣達,24,45,-6,15,2025-05-12,2025-06-11,21,9.48,2025-05-20,Computex電腦展,2025
廣達,24,46,-6,16,2025-05-12,2025-06-12,22,10.83,2025-05-20,Computex電腦展,2025
廣達,25,26,-5,-4,2025-05-13,2025-05-14,1,5.53,2025-05-20,Computex電腦展,2025
廣達,25,27,-5,-3,2025-05-13,2025-05-15,2,5.92,2025-05-20,Computex電腦展,2025
廣達,25,28,-5,-2,2025-05-13,2025-05-16,3,4.96,2025-05-20,Computex電腦展,2025
廣達,25,29,-5,-1,2025-05-13,2025-05-19,4,1.53,2025-05-20,Computex電腦展,2025
廣達,25,30,-5,0,2025-05-13,2025-05-20,5,1.72,2025-05-20,Computex電腦展,2025
廣達,25,31,-5,1,2025-05-13,2025-05-21,6,3.82,2025-05-20,Computex電腦展,2025
廣達,25,32,-5,2,2025-05-13,2025-05-22,7,2.1,2025-05-20,Computex電腦展,2025
廣達,25,33,-5,3,2025-05-13,2025-05-23,8,0.76,2025-05-20,Computex電腦展,2025
廣達,25,34,-5,4,2025-05-13,2025-05-26,9,1.34,2025-05-20,Computex電腦展,2025
廣達,25,35,-5,5,2025-05-13,2025-05-27,10,1.53,2025-05-20,Computex電腦展,2025
廣達,25,36,-5,6,2025-05-13,2025-05-28,11,2.67,2025-05-20,Computex電腦展,2025
廣達,25,37,-5,7,2025-05-13,2025-05-29,12,3.63,2025-05-20,Computex電腦展,2025
廣達,25,38,-5,8,2025-05-13,2025-06-02,13,3.44,2025-05-20,Computex電腦展,2025
廣達,25,39,-5,9,2025-05-13,2025-06-03,14,4.96,2025-05-20,Computex電腦展,2025
廣達,25,40,-5,10,2025-05-13,2025-06-04,15,6.87,2025-05-20,Computex電腦展,2025
廣達,25,41,-5,11,2025-05-13,2025-06-05,16,7.44,2025-05-20,Computex電腦展,2025
廣達,25,42,-5,12,2025-05-13,2025-06-06,17,5.34,2025-05-20,Computex電腦展,2025
廣達,25,43,-5,13,2025-05-13,2025-06-09,18,5.34,2025-05-20,Computex電腦展,2025
廣達,25,44,-5,14,2025-05-13,2025-06-10,19,8.21,2025-05-20,Computex電腦展,2025
廣達,25,45,-5,15,2025-05-13,2025-06-11,20,8.02,2025-05-20,Computex電腦展,2025
廣達,25,46,-5,16,2025-05-13,2025-06-12,21,9.35,2025-05-20,Computex電腦展,2025
廣達,26,27,-4,-3,2025-05-14,2025-05-15,1,0.36,2025-05-20,Computex電腦展,2025
廣達,26,28,-4,-2,2025-05-14,2025-05-16,2,-0.54,2025-05-20,Computex電腦展,2025
廣達,26,29,-4,-1,2025-05-14,2025-05-19,3,-3.8,2025-05-20,Computex電腦展,2025
廣達,26,30,-4,0,2025-05-14,2025-05-20,4,-3.62,2025-05-20,Computex電腦展,2025
廣達,26,31,-4,1,2025-05-14,2025-05-21,5,-1.63,2025-05-20,Computex電腦展,2025
廣達,26,32,-4,2,2025-05-14,2025-05-22,6,-3.25,2025-05-20,Computex電腦展,2025
廣達,26,33,-4,3,2025-05-14,2025-05-23,7,-4.52,2025-05-20,Computex電腦展,2025
廣達,26,34,-4,4,2025-05-14,2025-05-26,8,-3.98,2025-05-20,Computex電腦展,2025
廣達,26,35,-4,5,2025-05-14,2025-05-27,9,-3.8,2025-05-20,Computex電腦展,2025
廣達,26,36,-4,6,2025-05-14,2025-05-28,10,-2.71,2025-05-20,Computex電腦展,2025
廣達,26,37,-4,7,2025-05-14,2025-05-29,11,-1.81,2025-05-20,Computex電腦展,2025
廣達,26,38,-4,8,2025-05-14,2025-06-02,12,-1.99,2025-05-20,Computex電腦展,2025
廣達,26,39,-4,9,2025-05-14,2025-06-03,13,-0.54,2025-05-20,Computex電腦展,2025
廣達,26,40,-4,10,2025-05-14,2025-06-04,14,1.27,2025-05-20,Computex電腦展,2025
廣達,26,41,-4,11,2025-05-14,2025-06-05,15,1.81,2025-05-20,Computex電腦展,2025
廣達,26,42,-4,12,2025-05-14,2025-06-06,16,-0.18,2025-05-20,Computex電腦展,2025
廣達,26,43,-4,13,2025-05-14,2025-06-09,17,-0.18,2025-05-20,Computex電腦展,2025
廣達,26,44,-4,14,2025-05-14,2025-06-10,18,2.53,2025-05-20,Computex電腦展,2025
廣達,26,45,-4,15,2025-05-14,2025-06-11,19,2.35,2025-05-20,Computex電腦展,2025
廣達,26,46,-4,16,2025-05-14,2025-06-12,20,3.62,2025-05-20,Computex電腦展,2025
廣達,27,28,-3,-2,2025-05-15,2025-05-16,1,-0.9,2025-05-20,Computex電腦展,2025
廣達,27,29,-3,-1,2025-05-15,2025-05-19,2,-4.14,2025-05-20,Computex電腦展,2025
廣達,27,30,-3,0,2025-05-15,2025-05-20,3,-3.96,2025-05-20,Computex電腦展,2025
廣達,27,31,-3,1,2025-05-15,2025-05-21,4,-1.98,2025-05-20,Computex電腦展,2025
廣達,27,32,-3,2,2025-05-15,2025-05-22,5,-3.6,2025-05-20,Computex電腦展,2025
廣達,27,33,-3,3,2025-05-15,2025-05-23,6,-4.86,2025-05-20,Computex電腦展,2025
廣達,27,34,-3,4,2025-05-15,2025-05-26,7,-4.32,2025-05-20,Computex電腦展,2025
廣達,27,35,-3,5,2025-05-15,2025-05-27,8,-4.14,2025-05-20,Computex電腦展,2025
廣達,27,36,-3,6,2025-05-15,2025-05-28,9,-3.06,2025-05-20,Computex電腦展,2025
廣達,27,37,-3,7,2025-05-15,2025-05-29,10,-2.16,2025-05-20,Computex電腦展,2025
廣達,27,38,-3,8,2025-05-15,2025-06-02,11,-2.34,2025-05-20,Computex電腦展,2025
廣達,27,39,-3,9,2025-05-15,2025-06-03,12,-0.9,2025-05-20,Computex電腦展,2025
廣達,27,40,-3,10,2025-05-15,2025-06-04,13,0.9,2025-05-20,Computex電腦展,2025
廣達,27,41,-3,11,2025-05-15,2025-06-05,14,1.44,2025-05-20,Computex電腦展,2025
廣達,27,42,-3,12,2025-05-15,2025-06-06,15,-0.54,2025-05-20,Computex電腦展,2025
廣達,27,43,-3,13,2025-05-15,2025-06-09,16,-0.54,2025-05-20,Computex電腦展,2025
廣達,27,44,-3,14,2025-05-15,2025-06-10,17,2.16,2025-05-20,Computex電腦展,2025
廣達,27,45,-3,15,2025-05-15,2025-06-11,18,1.98,2025-05-20,Computex電腦展,2025
廣達,27,46,-3,16,2025-05-15,2025-06-12,19,3.24,2025-05-20,Computex電腦展,2025
廣達,28,29,-2,-1,2025-05-16,2025-05-19,1,-3.27,2025-05-20,Computex電腦展,2025
廣達,28,30,-2,0,2025-05-16,2025-05-20,2,-3.09,2025-05-20,Computex電腦展,2025
廣達,28,31,-2,1,2025-05-16,2025-05-21,3,-1.09,2025-05-20,Computex電腦展,2025
廣達,28,32,-2,2,2025-05-16,2025-05-22,4,-2.73,2025-05-20,Computex電腦展,2025
廣達,28,33,-2,3,2025-05-16,2025-05-23,5,-4.0,2025-05-20,Computex電腦展,2025
廣達,28,34,-2,4,2025-05-16,2025-05-26,6,-3.45,2025-05-20,Computex電腦展,2025
廣達,28,35,-2,5,2025-05-16,2025-05-27,7,-3.27,2025-05-20,Computex電腦展,2025
廣達,28,36,-2,6,2025-05-16,2025-05-28,8,-2.18,2025-05-20,Computex電腦展,2025
廣達,28,37,-2,7,2025-05-16,2025-05-29,9,-1.27,2025-05-20,Computex電腦展,2025
廣達,28,38,-2,8,2025-05-16,2025-06-02,10,-1.45,2025-05-20,Computex電腦展,2025
廣達,28,39,-2,9,2025-05-16,2025-06-03,11,0.0,2025-05-20,Computex電腦展,2025
廣達,28,40,-2,10,2025-05-16,2025-06-04,12,1.82,2025-05-20,Computex電腦展,2025
廣達,28,41,-2,11,2025-05-16,2025-06-05,13,2.36,2025-05-20,Computex電腦展,2025
廣達,28,42,-2,12,2025-05-16,2025-06-06,14,0.36,2025-05-20,Computex電腦展,2025
廣達,28,43,-2,13,2025-05-16,2025-06-09,15,0.36,2025-05-20,Computex電腦展,2025
廣達,28,44,-2,14,2025-05-16,2025-06-10,16,3.09,2025-05-20,Computex電腦展,2025
廣達,28,45,-2,15,2025-05-16,2025-06-11,17,2.91,2025-05-20,Computex電腦展,2025
廣達,28,46,-2,16,2025-05-16,2025-06-12,18,4.18,2025-05-20,Computex電腦展,2025
廣達,29,30,-1,0,2025-05-19,2025-05-20,1,0.19,2025-05-20,Computex電腦展,2025
廣達,29,31,-1,1,2025-05-19,2025-05-21,2,2.26,2025-05-20,Computex電腦展,2025
廣達,29,32,-1,2,2025-05-19,2025-05-22,3,0.56,2025-05-20,Computex電腦展,2025
廣達,29,33,-1,3,2025-05-19,2025-05-23,4,-0.75,2025-05-20,Computex電腦展,2025
廣達,29,34,-1,4,2025-05-19,2025-05-26,5,-0.19,2025-05-20,Computex電腦展,2025
廣達,29,35,-1,5,2025-05-19,2025-05-27,6,0.0,2025-05-20,Computex電腦展,2025
廣達,29,36,-1,6,2025-05-19,2025-05-28,7,1.13,2025-05-20,Computex電腦展,2025
廣達,29,37,-1,7,2025-05-19,2025-05-29,8,2.07,2025-05-20,Computex電腦展,2025
廣達,29,38,-1,8,2025-05-19,2025-06-02,9,1.88,2025-05-20,Computex電腦展,2025
廣達,29,39,-1,9,2025-05-19,2025-06-03,10,3.38,2025-05-20,Computex電腦展,2025
廣達,29,40,-1,10,2025-05-19,2025-06-04,11,5.26,2025-05-20,Computex電腦展,2025
廣達,29,41,-1,11,2025-05-19,2025-06-05,12,5.83,2025-05-20,Computex電腦展,2025
廣達,29,42,-1,12,2025-05-19,2025-06-06,13,3.76,2025-05-20,Computex電腦展,2025
廣達,29,43,-1,13,2025-05-19,2025-06-09,14,3.76,2025-05-20,Computex電腦展,2025
廣達,29,44,-1,14,2025-05-19,2025-06-10,15,6.58,2025-05-20,Computex電腦展,2025
廣達,29,45,-1,15,2025-05-19,2025-06-11,16,6.39,2025-05-20,Computex電腦展,2025
廣達,29,46,-1,16,2025-05-19,2025-06-12,17,7.71,2025-05-20,Computex電腦展,2025
廣達,30,31,0,1,2025-05-20,2025-05-21,1,2.06,2025-05-20,Computex電腦展,2025
廣達,30,32,0,2,2025-05-20,2025-05-22,2,0.38,2025-05-20,Computex電腦展,2025
廣達,30,33,0,3,2025-05-20,2025-05-23,3,-0.94,2025-05-20,Computex電腦展,2025
廣達,30,34,0,4,2025-05-20,2025-05-26,4,-0.38,2025-05-20,Computex電腦展,2025
廣達,30,35,0,5,2025-05-20,2025-05-27,5,-0.19,2025-05-20,Computex電腦展,2025
廣達,30,36,0,6,2025-05-20,2025-05-28,6,0.94,2025-05-20,Computex電腦展,2025
廣達,30,37,0,7,2025-05-20,2025-05-29,7,1.88,2025-05-20,Computex電腦展,2025
廣達,30,38,0,8,2025-05-20,2025-06-02,8,1.69,2025-05-20,Computex電腦展,2025
廣達,30,39,0,9,2025-05-20,2025-06-03,9,3.19,2025-05-20,Computex電腦展,2025
廣達,30,40,0,10,2025-05-20,2025-06-04,10,5.07,2025-05-20,Computex電腦展,2025
廣達,30,41,0,11,2025-05-20,2025-06-05,11,5.63,2025-05-20,Computex電腦展,2025
廣達,30,42,0,12,2025-05-20,2025-06-06,12,3.56,2025-05-20,Computex電腦展,2025
廣達,30,43,0,13,2025-05-20,2025-06-09,13,3.56,2025-05-20,Computex電腦展,2025
廣達,30,44,0,14,2025-05-20,2025-06-10,14,6.38,2025-05-20,Computex電腦展,2025
廣達,30,45,0,15,2025-05-20,2025-06-11,15,6.19,2025-05-20,Computex電腦展,2025
廣達,30,46,0,16,2025-05-20,2025-06-12,16,7.5,2025-05-20,Computex電腦展,2025
廣達,31,32,1,2,2025-05-21,2025-05-22,1,-1.65,2025-05-20,Computex電腦展,2025
廣達,31,33,1,3,2025-05-21,2025-05-23,2,-2.94,2025-05-20,Computex電腦展,2025
廣達,31,34,1,4,2025-05-21,2025-05-26,3,-2.39,2025-05-20,Computex電腦展,2025
廣達,31,35,1,5,2025-05-21,2025-05-27,4,-2.21,2025-05-20,Computex電腦展,2025
廣達,31,36,1,6,2025-05-21,2025-05-28,5,-1.1,2025-05-20,Computex電腦展,2025
廣達,31,37,1,7,2025-05-21,2025-05-29,6,-0.18,2025-05-20,Computex電腦展,2025
廣達,31,38,1,8,2025-05-21,2025-06-02,7,-0.37,2025-05-20,Computex電腦展,2025
廣達,31,39,1,9,2025-05-21,2025-06-03,8,1.1,2025-05-20,Computex電腦展,2025
廣達,31,40,1,10,2025-05-21,2025-06-04,9,2.94,2025-05-20,Computex電腦展,2025
廣達,31,41,1,11,2025-05-21,2025-06-05,10,3.49,2025-05-20,Computex電腦展,2025
廣達,31,42,1,12,2025-05-21,2025-06-06,11,1.47,2025-05-20,Computex電腦展,2025
廣達,31,43,1,13,2025-05-21,2025-06-09,12,1.47,2025-05-20,Computex電腦展,2025
廣達,31,44,1,14,2025-05-21,2025-06-10,13,4.23,2025-05-20,Computex電腦展,2025
廣達,31,45,1,15,2025-05-21,2025-06-11,14,4.04,2025-05-20,Computex電腦展,2025
廣達,31,46,1,16,2025-05-21,2025-06-12,15,5.33,2025-05-20,Computex電腦展,2025
廣達,32,33,2,3,2025-05-22,2025-05-23,1,-1.31,2025-05-20,Computex電腦展,2025
廣達,32,34,2,4,2025-05-22,2025-05-26,2,-0.75,2025-05-20,Computex電腦展,2025
廣達,32,35,2,5,2025-05-22,2025-05-27,3,-0.56,2025-05-20,Computex電腦展,2025
廣達,32,36,2,6,2025-05-22,2025-05-28,4,0.56,2025-05-20,Computex電腦展,2025
廣達,32,37,2,7,2025-05-22,2025-05-29,5,1.5,2025-05-20,Computex電腦展,2025
廣達,32,38,2,8,2025-05-22,2025-06-02,6,1.31,2025-05-20,Computex電腦展,2025
廣達,32,39,2,9,2025-05-22,2025-06-03,7,2.8,2025-05-20,Computex電腦展,2025
廣達,32,40,2,10,2025-05-22,2025-06-04,8,4.67,2025-05-20,Computex電腦展,2025
廣達,32,41,2,11,2025-05-22,2025-06-05,9,5.23,2025-05-20,Computex電腦展,2025
廣達,32,42,2,12,2025-05-22,2025-06-06,10,3.18,2025-05-20,Computex電腦展,2025
廣達,32,43,2,13,2025-05-22,2025-06-09,11,3.18,2025-05-20,Computex電腦展,2025
廣達,32,44,2,14,2025-05-22,2025-06-10,12,5.98,2025-05-20,Computex電腦展,2025
廣達,32,45,2,15,2025-05-22,2025-06-11,13,5.79,2025-05-20,Computex電腦展,2025
廣達,32,46,2,16,2025-05-22,2025-06-12,14,7.1,2025-05-20,Computex電腦展,2025
廣達,33,34,3,4,2025-05-23,2025-05-26,1,0.57,2025-05-20,Computex電腦展,2025
廣達,33,35,3,5,2025-05-23,2025-05-27,2,0.76,2025-05-20,Computex電腦展,2025
廣達,33,36,3,6,2025-05-23,2025-05-28,3,1.89,2025-05-20,Computex電腦展,2025
廣達,33,37,3,7,2025-05-23,2025-05-29,4,2.84,2025-05-20,Computex電腦展,2025
廣達,33,38,3,8,2025-05-23,2025-06-02,5,2.65,2025-05-20,Computex電腦展,2025
廣達,33,39,3,9,2025-05-23,2025-06-03,6,4.17,2025-05-20,Computex電腦展,2025
廣達,33,40,3,10,2025-05-23,2025-06-04,7,6.06,2025-05-20,Computex電腦展,2025
廣達,33,41,3,11,2025-05-23,2025-06-05,8,6.63,2025-05-20,Computex電腦展,2025
廣達,33,42,3,12,2025-05-23,2025-06-06,9,4.55,2025-05-20,Computex電腦展,2025
廣達,33,43,3,13,2025-05-23,2025-06-09,10,4.55,2025-05-20,Computex電腦展,2025
廣達,33,44,3,14,2025-05-23,2025-06-10,11,7.39,2025-05-20,Computex電腦展,2025
廣達,33,45,3,15,2025-05-23,2025-06-11,12,7.2,2025-05-20,Computex電腦展,2025
廣達,33,46,3,16,2025-05-23,2025-06-12,13,8.52,2025-05-20,Computex電腦展,2025
廣達,34,35,4,5,2025-05-26,2025-05-27,1,0.19,2025-05-20,Computex電腦展,2025
廣達,34,36,4,6,2025-05-26,2025-05-28,2,1.32,2025-05-20,Computex電腦展,2025
廣達,34,37,4,7,2025-05-26,2025-05-29,3,2.26,2025-05-20,Computex電腦展,2025
廣達,34,38,4,8,2025-05-26,2025-06-02,4,2.07,2025-05-20,Computex電腦展,2025
廣達,34,39,4,9,2025-05-26,2025-06-03,5,3.58,2025-05-20,Computex電腦展,2025
廣達,34,40,4,10,2025-05-26,2025-06-04,6,5.46,2025-05-20,Computex電腦展,2025
廣達,34,41,4,11,2025-05-26,2025-06-05,7,6.03,2025-05-20,Computex電腦展,2025
廣達,34,42,4,12,2025-05-26,2025-06-06,8,3.95,2025-05-20,Computex電腦展,2025
廣達,34,43,4,13,2025-05-26,2025-06-09,9,3.95,2025-05-20,Computex電腦展,2025
廣達,34,44,4,14,2025-05-26,2025-06-10,10,6.78,2025-05-20,Computex電腦展,2025
廣達,34,45,4,15,2025-05-26,2025-06-11,11,6.59,2025-05-20,Computex電腦展,2025
廣達,34,46,4,16,2025-05-26,2025-06-12,12,7.91,2025-05-20,Computex電腦展,2025
廣達,35,36,5,6,2025-05-27,2025-05-28,1,1.13,2025-05-20,Computex電腦展,2025
廣達,35,37,5,7,2025-05-27,2025-05-29,2,2.07,2025-05-20,Computex電腦展,2025
廣達,35,38,5,8,2025-05-27,2025-06-02,3,1.88,2025-05-20,Computex電腦展,2025
廣達,35,39,5,9,2025-05-27,2025-06-03,4,3.38,2025-05-20,Computex電腦展,2025
廣達,35,40,5,10,2025-05-27,2025-06-04,5,5.26,2025-05-20,Computex電腦展,2025
廣達,35,41,5,11,2025-05-27,2025-06-05,6,5.83,2025-05-20,Computex電腦展,2025
廣達,35,42,5,12,2025-05-27,2025-06-06,7,3.76,2025-05-20,Computex電腦展,2025
廣達,35,43,5,13,2025-05-27,2025-06-09,8,3.76,2025-05-20,Computex電腦展,2025
廣達,35,44,5,14,2025-05-27,2025-06-10,9,6.58,2025-05-20,Computex電腦展,2025
廣達,35,45,5,15,2025-05-27,2025-06-11,10,6.39,2025-05-20,Computex電腦展,2025
廣達,35,46,5,16,2025-05-27,2025-06-12,11,7.71,2025-05-20,Computex電腦展,2025
廣達,36,37,6,7,2025-05-28,2025-05-29,1,0.93,2025-05-20,Computex電腦展,2025
廣達,36,38,6,8,2025-05-28,2025-06-02,2,0.74,2025-05-20,Computex電腦展,2025
廣達,36,39,6,9,2025-05-28,2025-06-03,3,2.23,2025-05-20,Computex電腦展,2025
廣達,36,40,6,10,2025-05-28,2025-06-04,4,4.09,2025-05-20,Computex電腦展,2025
廣達,36,41,6,11,2025-05-28,2025-06-05,5,4.65,2025-05-20,Computex電腦展,2025
廣達,36,42,6,12,2025-05-28,2025-06-06,6,2.6,2025-05-20,Computex電腦展,2025
廣達,36,43,6,13,2025-05-28,2025-06-09,7,2.6,2025-05-20,Computex電腦展,2025
廣達,36,44,6,14,2025-05-28,2025-06-10,8,5.39,2025-05-20,Computex電腦展,2025
廣達,36,45,6,15,2025-05-28,2025-06-11,9,5.2,2025-05-20,Computex電腦展,2025
廣達,36,46,6,16,2025-05-28,2025-06-12,10,6.51,2025-05-20,Computex電腦展,2025
廣達,37,38,7,8,2025-05-29,2025-06-02,1,-0.18,2025-05-20,Computex電腦展,2025
廣達,37,39,7,9,2025-05-29,2025-06-03,2,1.29,2025-05-20,Computex電腦展,2025
廣達,37,40,7,10,2025-05-29,2025-06-04,3,3.13,2025-05-20,Computex電腦展,2025
廣達,37,41,7,11,2025-05-29,2025-06-05,4,3.68,2025-05-20,Computex電腦展,2025
廣達,37,42,7,12,2025-05-29,2025-06-06,5,1.66,2025-05-20,Computex電腦展,2025
廣達,37,43,7,13,2025-05-29,2025-06-09,6,1.66,2025-05-20,Computex電腦展,2025
廣達,37,44,7,14,2025-05-29,2025-06-10,7,4.42,2025-05-20,Computex電腦展,2025
廣達,37,45,7,15,2025-05-29,2025-06-11,8,4.24,2025-05-20,Computex電腦展,2025
廣達,37,46,7,16,2025-05-29,2025-06-12,9,5.52,2025-05-20,Computex電腦展,2025
廣達,38,39,8,9,2025-06-02,2025-06-03,1,1.48,2025-05-20,Computex電腦展,2025
廣達,38,40,8,10,2025-06-02,2025-06-04,2,3.32,2025-05-20,Computex電腦展,2025
廣達,38,41,8,11,2025-06-02,2025-06-05,3,3.87,2025-05-20,Computex電腦展,2025
廣達,38,42,8,12,2025-06-02,2025-06-06,4,1.85,2025-05-20,Computex電腦展,2025
廣達,38,43,8,13,2025-06-02,2025-06-09,5,1.85,2025-05-20,Computex電腦展,2025
廣達,38,44,8,14,2025-06-02,2025-06-10,6,4.61,2025-05-20,Computex電腦展,2025
廣達,38,45,8,15,2025-06-02,2025-06-11,7,4.43,2025-05-20,Computex電腦展,2025
廣達,38,46,8,16,2025-06-02,2025-06-12,8,5.72,2025-05-20,Computex電腦展,2025
廣達,39,40,9,10,2025-06-03,2025-06-04,1,1.82,2025-05-20,Computex電腦展,2025
廣達,39,41,9,11,2025-06-03,2025-06-05,2,2.36,2025-05-20,Computex電腦展,2025
廣達,39,42,9,12,2025-06-03,2025-06-06,3,0.36,2025-05-20,Computex電腦展,2025
廣達,39,43,9,13,2025-06-03,2025-06-09,4,0.36,2025-05-20,Computex電腦展,2025
廣達,39,44,9,14,2025-06-03,2025-06-10,5,3.09,2025-05-20,Computex電腦展,2025
廣達,39,45,9,15,2025-06-03,2025-06-11,6,2.91,2025-05-20,Computex電腦展,2025
廣達,39,46,9,16,2025-06-03,2025-06-12,7,4.18,2025-05-20,Computex電腦展,2025
廣達,40,41,10,11,2025-06-04,2025-06-05,1,0.54,2025-05-20,Computex電腦展,2025
廣達,40,42,10,12,2025-06-04,2025-06-06,2,-1.43,2025-05-20,Computex電腦展,2025
廣達,40,43,10,13,2025-06-04,2025-06-09,3,-1.43,2025-05-20,Computex電腦展,2025
廣達,40,44,10,14,2025-06-04,2025-06-10,4,1.25,2025-05-20,Computex電腦展,2025
廣達,40,45,10,15,2025-06-04,2025-06-11,5,1.07,2025-05-20,Computex電腦展,2025
廣達,40,46,10,16,2025-06-04,2025-06-12,6,2.32,2025-05-20,Computex電腦展,2025
廣達,41,42,11,12,2025-06-05,2025-06-06,1,-1.95,2025-05-20,Computex電腦展,2025
廣達,41,43,11,13,2025-06-05,2025-06-09,2,-1.95,2025-05-20,Computex電腦展,2025
廣達,41,44,11,14,2025-06-05,2025-06-10,3,0.71,2025-05-20,Computex電腦展,2025
廣達,41,45,11,15,2025-06-05,2025-06-11,4,0.53,2025-05-20,Computex電腦展,2025
廣達,41,46,11,16,2025-06-05,2025-06-12,5,1.78,2025-05-20,Computex電腦展,2025
廣達,42,43,12,13,2025-06-06,2025-06-09,1,0.0,2025-05-20,Computex電腦展,2025
廣達,42,44,12,14,2025-06-06,2025-06-10,2,2.72,2025-05-20,Computex電腦展,2025
廣達,42,45,12,15,2025-06-06,2025-06-11,3,2.54,2025-05-20,Computex電腦展,2025
廣達,42,46,12,16,2025-06-06,2025-06-12,4,3.8,2025-05-20,Computex電腦展,2025
廣達,43,44,13,14,2025-06-09,2025-06-10,1,2.72,2025-05-20,Computex電腦展,2025
廣達,43,45,13,15,2025-06-09,2025-06-11,2,2.54,2025-05-20,Computex電腦展,2025
廣達,43,46,13,16,2025-06-09,2025-06-12,3,3.8,2025-05-20,Computex電腦展,2025
廣達,44,45,14,15,2025-06-10,2025-06-11,1,-0.18,2025-05-20,Computex電腦展,2025
廣達,44,46,14,16,2025-06-10,2025-06-12,2,1.06,2025-05-20,Computex電腦展,2025
廣達,45,46,15,16,2025-06-11,2025-06-12,1,1.24,2025-05-20,Computex電腦展,2025
華碩,0,1,-30,-29,2025-04-07,2025-04-08,1,-9.93,2025-05-20,Computex電腦展,2025
華碩,0,2,-30,-28,2025-04-07,2025-04-09,2,-18.93,2025-05-20,Computex電腦展,2025
華碩,0,3,-30,-27,2025-04-07,2025-04-10,3,-10.85,2025-05-20,Computex電腦展,2025
華碩,0,4,-30,-26,2025-04-07,2025-04-11,4,-5.88,2025-05-20,Computex電腦展,2025
華碩,0,5,-30,-25,2025-04-07,2025-04-14,5,-0.37,2025-05-20,Computex電腦展,2025
華碩,0,6,-30,-24,2025-04-07,2025-04-15,6,3.49,2025-05-20,Computex電腦展,2025
華碩,0,7,-30,-23,2025-04-07,2025-04-16,7,1.65,2025-05-20,Computex電腦展,2025
華碩,0,8,-30,-22,2025-04-07,2025-04-17,8,-0.18,2025-05-20,Computex電腦展,2025
華碩,0,9,-30,-21,2025-04-07,2025-04-18,9,-0.18,2025-05-20,Computex電腦展,2025
華碩,0,10,-30,-20,2025-04-07,2025-04-21,10,-2.39,2025-05-20,Computex電腦展,2025
華碩,0,11,-30,-19,2025-04-07,2025-04-22,11,-5.88,2025-05-20,Computex電腦展,2025
華碩,0,12,-30,-18,2025-04-07,2025-04-23,12,-0.18,2025-05-20,Computex電腦展,2025
華碩,0,13,-30,-17,2025-04-07,2025-04-24,13,0.0,2025-05-20,Computex電腦展,2025
華碩,0,14,-30,-16,2025-04-07,2025-04-25,14,8.64,2025-05-20,Computex電腦展,2025
華碩,0,15,-30,-15,2025-04-07,2025-04-28,15,7.17,2025-05-20,Computex電腦展,2025
華碩,0,16,-30,-14,2025-04-07,2025-04-29,16,7.72,2025-05-20,Computex電腦展,2025
華碩,0,17,-30,-13,2025-04-07,2025-04-30,17,6.62,2025-05-20,Computex電腦展,2025
華碩,0,18,-30,-12,2025-04-07,2025-05-02,18,8.46,2025-05-20,Computex電腦展,2025
華碩,0,19,-30,-11,2025-04-07,2025-05-05,19,5.7,2025-05-20,Computex電腦展,2025
華碩,0,20,-30,-10,2025-04-07,2025-05-06,20,7.9,2025-05-20,Computex電腦展,2025
華碩,0,21,-30,-9,2025-04-07,2025-05-07,21,9.19,2025-05-20,Computex電腦展,2025
華碩,0,22,-30,-8,2025-04-07,2025-05-08,22,9.19,2025-05-20,Computex電腦展,2025
華碩,0,23,-30,-7,2025-04-07,2025-05-09,23,10.66,2025-05-20,Computex電腦展,2025
華碩,0,24,-30,-6,2025-04-07,2025-05-12,24,10.85,2025-05-20,Computex電腦展,2025
華碩,0,25,-30,-5,2025-04-07,2025-05-13,25,11.76,2025-05-20,Computex電腦展,2025
華碩,0,26,-30,-4,2025-04-07,2025-05-14,26,14.34,2025-05-20,Computex電腦展,2025
華碩,0,27,-30,-3,2025-04-07,2025-05-15,27,15.44,2025-05-20,Computex電腦展,2025
華碩,0,28,-30,-2,2025-04-07,2025-05-16,28,16.54,2025-05-20,Computex電腦展,2025
華碩,0,29,-30,-1,2025-04-07,2025-05-19,29,14.15,2025-05-20,Computex電腦展,2025
華碩,0,30,-30,0,2025-04-07,2025-05-20,30,16.18,2025-05-20,Computex電腦展,2025
華碩,0,31,-30,1,2025-04-07,2025-05-21,31,15.44,2025-05-20,Computex電腦展,2025
華碩,0,32,-30,2,2025-04-07,2025-05-22,32,16.18,2025-05-20,Computex電腦展,2025
華碩,0,33,-30,3,2025-04-07,2025-05-23,33,14.34,2025-05-20,Computex電腦展,2025
華碩,0,34,-30,4,2025-04-07,2025-05-26,34,15.26,2025-05-20,Computex電腦展,2025
華碩,0,35,-30,5,2025-04-07,2025-05-27,35,11.76,2025-05-20,Computex電腦展,2025
華碩,0,36,-30,6,2025-04-07,2025-05-28,36,13.79,2025-05-20,Computex電腦展,2025
華碩,0,37,-30,7,2025-04-07,2025-05-29,37,14.89,2025-05-20,Computex電腦展,2025
華碩,0,38,-30,8,2025-04-07,2025-06-02,38,14.34,2025-05-20,Computex電腦展,2025
華碩,0,39,-30,9,2025-04-07,2025-06-03,39,17.28,2025-05-20,Computex電腦展,2025
華碩,0,40,-30,10,2025-04-07,2025-06-04,40,17.28,2025-05-20,Computex電腦展,2025
華碩,0,41,-30,11,2025-04-07,2025-06-05,41,18.01,2025-05-20,Computex電腦展,2025
華碩,0,42,-30,12,2025-04-07,2025-06-06,42,18.57,2025-05-20,Computex電腦展,2025
華碩,0,43,-30,13,2025-04-07,2025-06-09,43,18.75,2025-05-20,Computex電腦展,2025
華碩,0,44,-30,14,2025-04-07,2025-06-10,44,21.14,2025-05-20,Computex電腦展,2025
華碩,0,45,-30,15,2025-04-07,2025-06-11,45,24.08,2025-05-20,Computex電腦展,2025
華碩,0,46,-30,16,2025-04-07,2025-06-12,46,25.37,2025-05-20,Computex電腦展,2025
華碩,1,2,-29,-28,2025-04-08,2025-04-09,1,-10.0,2025-05-20,Computex電腦展,2025
華碩,1,3,-29,-27,2025-04-08,2025-04-10,2,-1.02,2025-05-20,Computex電腦展,2025
華碩,1,4,-29,-26,2025-04-08,2025-04-11,3,4.49,2025-05-20,Computex電腦展,2025
華碩,1,5,-29,-25,2025-04-08,2025-04-14,4,10.61,2025-05-20,Computex電腦展,2025
華碩,1,6,-29,-24,2025-04-08,2025-04-15,5,14.9,2025-05-20,Computex電腦展,2025
華碩,1,7,-29,-23,2025-04-08,2025-04-16,6,12.86,2025-05-20,Computex電腦展,2025
華碩,1,8,-29,-22,2025-04-08,2025-04-17,7,10.82,2025-05-20,Computex電腦展,2025
華碩,1,9,-29,-21,2025-04-08,2025-04-18,8,10.82,2025-05-20,Computex電腦展,2025
華碩,1,10,-29,-20,2025-04-08,2025-04-21,9,8.37,2025-05-20,Computex電腦展,2025
華碩,1,11,-29,-19,2025-04-08,2025-04-22,10,4.49,2025-05-20,Computex電腦展,2025
華碩,1,12,-29,-18,2025-04-08,2025-04-23,11,10.82,2025-05-20,Computex電腦展,2025
華碩,1,13,-29,-17,2025-04-08,2025-04-24,12,11.02,2025-05-20,Computex電腦展,2025
華碩,1,14,-29,-16,2025-04-08,2025-04-25,13,20.61,2025-05-20,Computex電腦展,2025
華碩,1,15,-29,-15,2025-04-08,2025-04-28,14,18.98,2025-05-20,Computex電腦展,2025
華碩,1,16,-29,-14,2025-04-08,2025-04-29,15,19.59,2025-05-20,Computex電腦展,2025
華碩,1,17,-29,-13,2025-04-08,2025-04-30,16,18.37,2025-05-20,Computex電腦展,2025
華碩,1,18,-29,-12,2025-04-08,2025-05-02,17,20.41,2025-05-20,Computex電腦展,2025
華碩,1,19,-29,-11,2025-04-08,2025-05-05,18,17.35,2025-05-20,Computex電腦展,2025
華碩,1,20,-29,-10,2025-04-08,2025-05-06,19,19.8,2025-05-20,Computex電腦展,2025
華碩,1,21,-29,-9,2025-04-08,2025-05-07,20,21.22,2025-05-20,Computex電腦展,2025
華碩,1,22,-29,-8,2025-04-08,2025-05-08,21,21.22,2025-05-20,Computex電腦展,2025
華碩,1,23,-29,-7,2025-04-08,2025-05-09,22,22.86,2025-05-20,Computex電腦展,2025
華碩,1,24,-29,-6,2025-04-08,2025-05-12,23,23.06,2025-05-20,Computex電腦展,2025
華碩,1,25,-29,-5,2025-04-08,2025-05-13,24,24.08,2025-05-20,Computex電腦展,2025
華碩,1,26,-29,-4,2025-04-08,2025-05-14,25,26.94,2025-05-20,Computex電腦展,2025
華碩,1,27,-29,-3,2025-04-08,2025-05-15,26,28.16,2025-05-20,Computex電腦展,2025
華碩,1,28,-29,-2,2025-04-08,2025-05-16,27,29.39,2025-05-20,Computex電腦展,2025
華碩,1,29,-29,-1,2025-04-08,2025-05-19,28,26.73,2025-05-20,Computex電腦展,2025
華碩,1,30,-29,0,2025-04-08,2025-05-20,29,28.98,2025-05-20,Computex電腦展,2025
華碩,1,31,-29,1,2025-04-08,2025-05-21,30,28.16,2025-05-20,Computex電腦展,2025
華碩,1,32,-29,2,2025-04-08,2025-05-22,31,28.98,2025-05-20,Computex電腦展,2025
華碩,1,33,-29,3,2025-04-08,2025-05-23,32,26.94,2025-05-20,Computex電腦展,2025
華碩,1,34,-29,4,2025-04-08,2025-05-26,33,27.96,2025-05-20,Computex電腦展,2025
華碩,1,35,-29,5,2025-04-08,2025-05-27,34,24.08,2025-05-20,Computex電腦展,2025
華碩,1,36,-29,6,2025-04-08,2025-05-28,35,26.33,2025-05-20,Computex電腦展,2025
華碩,1,37,-29,7,2025-04-08,2025-05-29,36,27.55,2025-05-20,Computex電腦展,2025
華碩,1,38,-29,8,2025-04-08,2025-06-02,37,26.94,2025-05-20,Computex電腦展,2025
華碩,1,39,-29,9,2025-04-08,2025-06-03,38,30.2,2025-05-20,Computex電腦展,2025
華碩,1,40,-29,10,2025-04-08,2025-06-04,39,30.2,2025-05-20,Computex電腦展,2025
華碩,1,41,-29,11,2025-04-08,2025-06-05,40,31.02,2025-05-20,Computex電腦展,2025
華碩,1,42,-29,12,2025-04-08,2025-06-06,41,31.63,2025-05-20,Computex電腦展,2025
華碩,1,43,-29,13,2025-04-08,2025-06-09,42,31.84,2025-05-20,Computex電腦展,2025
華碩,1,44,-29,14,2025-04-08,2025-06-10,43,34.49,2025-05-20,Computex電腦展,2025
華碩,1,45,-29,15,2025-04-08,2025-06-11,44,37.76,2025-05-20,Computex電腦展,2025
華碩,1,46,-29,16,2025-04-08,2025-06-12,45,39.18,2025-05-20,Computex電腦展,2025
華碩,2,3,-28,-27,2025-04-09,2025-04-10,1,9.98,2025-05-20,Computex電腦展,2025
華碩,2,4,-28,-26,2025-04-09,2025-04-11,2,16.1,2025-05-20,Computex電腦展,2025
華碩,2,5,-28,-25,2025-04-09,2025-04-14,3,22.9,2025-05-20,Computex電腦展,2025
華碩,2,6,-28,-24,2025-04-09,2025-04-15,4,27.66,2025-05-20,Computex電腦展,2025
華碩,2,7,-28,-23,2025-04-09,2025-04-16,5,25.4,2025-05-20,Computex電腦展,2025
華碩,2,8,-28,-22,2025-04-09,2025-04-17,6,23.13,2025-05-20,Computex電腦展,2025
華碩,2,9,-28,-21,2025-04-09,2025-04-18,7,23.13,2025-05-20,Computex電腦展,2025
華碩,2,10,-28,-20,2025-04-09,2025-04-21,8,20.41,2025-05-20,Computex電腦展,2025
華碩,2,11,-28,-19,2025-04-09,2025-04-22,9,16.1,2025-05-20,Computex電腦展,2025
華碩,2,12,-28,-18,2025-04-09,2025-04-23,10,23.13,2025-05-20,Computex電腦展,2025
華碩,2,13,-28,-17,2025-04-09,2025-04-24,11,23.36,2025-05-20,Computex電腦展,2025
華碩,2,14,-28,-16,2025-04-09,2025-04-25,12,34.01,2025-05-20,Computex電腦展,2025
華碩,2,15,-28,-15,2025-04-09,2025-04-28,13,32.2,2025-05-20,Computex電腦展,2025
華碩,2,16,-28,-14,2025-04-09,2025-04-29,14,32.88,2025-05-20,Computex電腦展,2025
華碩,2,17,-28,-13,2025-04-09,2025-04-30,15,31.52,2025-05-20,Computex電腦展,2025
華碩,2,18,-28,-12,2025-04-09,2025-05-02,16,33.79,2025-05-20,Computex電腦展,2025
華碩,2,19,-28,-11,2025-04-09,2025-05-05,17,30.39,2025-05-20,Computex電腦展,2025
華碩,2,20,-28,-10,2025-04-09,2025-05-06,18,33.11,2025-05-20,Computex電腦展,2025
華碩,2,21,-28,-9,2025-04-09,2025-05-07,19,34.69,2025-05-20,Computex電腦展,2025
華碩,2,22,-28,-8,2025-04-09,2025-05-08,20,34.69,2025-05-20,Computex電腦展,2025
華碩,2,23,-28,-7,2025-04-09,2025-05-09,21,36.51,2025-05-20,Computex電腦展,2025
華碩,2,24,-28,-6,2025-04-09,2025-05-12,22,36.73,2025-05-20,Computex電腦展,2025
華碩,2,25,-28,-5,2025-04-09,2025-05-13,23,37.87,2025-05-20,Computex電腦展,2025
華碩,2,26,-28,-4,2025-04-09,2025-05-14,24,41.04,2025-05-20,Computex電腦展,2025
華碩,2,27,-28,-3,2025-04-09,2025-05-15,25,42.4,2025-05-20,Computex電腦展,2025
華碩,2,28,-28,-2,2025-04-09,2025-05-16,26,43.76,2025-05-20,Computex電腦展,2025
華碩,2,29,-28,-1,2025-04-09,2025-05-19,27,40.82,2025-05-20,Computex電腦展,2025
華碩,2,30,-28,0,2025-04-09,2025-05-20,28,43.31,2025-05-20,Computex電腦展,2025
華碩,2,31,-28,1,2025-04-09,2025-05-21,29,42.4,2025-05-20,Computex電腦展,2025
華碩,2,32,-28,2,2025-04-09,2025-05-22,30,43.31,2025-05-20,Computex電腦展,2025
華碩,2,33,-28,3,2025-04-09,2025-05-23,31,41.04,2025-05-20,Computex電腦展,2025
華碩,2,34,-28,4,2025-04-09,2025-05-26,32,42.18,2025-05-20,Computex電腦展,2025
華碩,2,35,-28,5,2025-04-09,2025-05-27,33,37.87,2025-05-20,Computex電腦展,2025
華碩,2,36,-28,6,2025-04-09,2025-05-28,34,40.36,2025-05-20,Computex電腦展,2025
華碩,2,37,-28,7,2025-04-09,2025-05-29,35,41.72,2025-05-20,Computex電腦展,2025
華碩,2,38,-28,8,2025-04-09,2025-06-02,36,41.04,2025-05-20,Computex電腦展,2025
華碩,2,39,-28,9,2025-04-09,2025-06-03,37,44.67,2025-05-20,Computex電腦展,2025
華碩,2,40,-28,10,2025-04-09,2025-06-04,38,44.67,2025-05-20,Computex電腦展,2025
華碩,2,41,-28,11,2025-04-09,2025-06-05,39,45.58,2025-05-20,Computex電腦展,2025
華碩,2,42,-28,12,2025-04-09,2025-06-06,40,46.26,2025-05-20,Computex電腦展,2025
華碩,2,43,-28,13,2025-04-09,2025-06-09,41,46.49,2025-05-20,Computex電腦展,2025
華碩,2,44,-28,14,2025-04-09,2025-06-10,42,49.43,2025-05-20,Computex電腦展,2025
華碩,2,45,-28,15,2025-04-09,2025-06-11,43,53.06,2025-05-20,Computex電腦展,2025
華碩,2,46,-28,16,2025-04-09,2025-06-12,44,54.65,2025-05-20,Computex電腦展,2025
華碩,3,4,-27,-26,2025-04-10,2025-04-11,1,5.57,2025-05-20,Computex電腦展,2025
華碩,3,5,-27,-25,2025-04-10,2025-04-14,2,11.75,2025-05-20,Computex電腦展,2025
華碩,3,6,-27,-24,2025-04-10,2025-04-15,3,16.08,2025-05-20,Computex電腦展,2025
華碩,3,7,-27,-23,2025-04-10,2025-04-16,4,14.02,2025-05-20,Computex電腦展,2025
華碩,3,8,-27,-22,2025-04-10,2025-04-17,5,11.96,2025-05-20,Computex電腦展,2025
華碩,3,9,-27,-21,2025-04-10,2025-04-18,6,11.96,2025-05-20,Computex電腦展,2025
華碩,3,10,-27,-20,2025-04-10,2025-04-21,7,9.48,2025-05-20,Computex電腦展,2025
華碩,3,11,-27,-19,2025-04-10,2025-04-22,8,5.57,2025-05-20,Computex電腦展,2025
華碩,3,12,-27,-18,2025-04-10,2025-04-23,9,11.96,2025-05-20,Computex電腦展,2025
華碩,3,13,-27,-17,2025-04-10,2025-04-24,10,12.16,2025-05-20,Computex電腦展,2025
華碩,3,14,-27,-16,2025-04-10,2025-04-25,11,21.86,2025-05-20,Computex電腦展,2025
華碩,3,15,-27,-15,2025-04-10,2025-04-28,12,20.21,2025-05-20,Computex電腦展,2025
華碩,3,16,-27,-14,2025-04-10,2025-04-29,13,20.82,2025-05-20,Computex電腦展,2025
華碩,3,17,-27,-13,2025-04-10,2025-04-30,14,19.59,2025-05-20,Computex電腦展,2025
華碩,3,18,-27,-12,2025-04-10,2025-05-02,15,21.65,2025-05-20,Computex電腦展,2025
華碩,3,19,-27,-11,2025-04-10,2025-05-05,16,18.56,2025-05-20,Computex電腦展,2025
華碩,3,20,-27,-10,2025-04-10,2025-05-06,17,21.03,2025-05-20,Computex電腦展,2025
華碩,3,21,-27,-9,2025-04-10,2025-05-07,18,22.47,2025-05-20,Computex電腦展,2025
華碩,3,22,-27,-8,2025-04-10,2025-05-08,19,22.47,2025-05-20,Computex電腦展,2025
華碩,3,23,-27,-7,2025-04-10,2025-05-09,20,24.12,2025-05-20,Computex電腦展,2025
華碩,3,24,-27,-6,2025-04-10,2025-05-12,21,24.33,2025-05-20,Computex電腦展,2025
華碩,3,25,-27,-5,2025-04-10,2025-05-13,22,25.36,2025-05-20,Computex電腦展,2025
華碩,3,26,-27,-4,2025-04-10,2025-05-14,23,28.25,2025-05-20,Computex電腦展,2025
華碩,3,27,-27,-3,2025-04-10,2025-05-15,24,29.48,2025-05-20,Computex電腦展,2025
華碩,3,28,-27,-2,2025-04-10,2025-05-16,25,30.72,2025-05-20,Computex電腦展,2025
華碩,3,29,-27,-1,2025-04-10,2025-05-19,26,28.04,2025-05-20,Computex電腦展,2025
華碩,3,30,-27,0,2025-04-10,2025-05-20,27,30.31,2025-05-20,Computex電腦展,2025
華碩,3,31,-27,1,2025-04-10,2025-05-21,28,29.48,2025-05-20,Computex電腦展,2025
華碩,3,32,-27,2,2025-04-10,2025-05-22,29,30.31,2025-05-20,Computex電腦展,2025
華碩,3,33,-27,3,2025-04-10,2025-05-23,30,28.25,2025-05-20,Computex電腦展,2025
華碩,3,34,-27,4,2025-04-10,2025-05-26,31,29.28,2025-05-20,Computex電腦展,2025
華碩,3,35,-27,5,2025-04-10,2025-05-27,32,25.36,2025-05-20,Computex電腦展,2025
華碩,3,36,-27,6,2025-04-10,2025-05-28,33,27.63,2025-05-20,Computex電腦展,2025
華碩,3,37,-27,7,2025-04-10,2025-05-29,34,28.87,2025-05-20,Computex電腦展,2025
華碩,3,38,-27,8,2025-04-10,2025-06-02,35,28.25,2025-05-20,Computex電腦展,2025
華碩,3,39,-27,9,2025-04-10,2025-06-03,36,31.55,2025-05-20,Computex電腦展,2025
華碩,3,40,-27,10,2025-04-10,2025-06-04,37,31.55,2025-05-20,Computex電腦展,2025
華碩,3,41,-27,11,2025-04-10,2025-06-05,38,32.37,2025-05-20,Computex電腦展,2025
華碩,3,42,-27,12,2025-04-10,2025-06-06,39,32.99,2025-05-20,Computex電腦展,2025
華碩,3,43,-27,13,2025-04-10,2025-06-09,40,33.2,2025-05-20,Computex電腦展,2025
華碩,3,44,-27,14,2025-04-10,2025-06-10,41,35.88,2025-05-20,Computex電腦展,2025
華碩,3,45,-27,15,2025-04-10,2025-06-11,42,39.18,2025-05-20,Computex電腦展,2025
華碩,3,46,-27,16,2025-04-10,2025-06-12,43,40.62,2025-05-20,Computex電腦展,2025
華碩,4,5,-26,-25,2025-04-11,2025-04-14,1,5.86,2025-05-20,Computex電腦展,2025
華碩,4,6,-26,-24,2025-04-11,2025-04-15,2,9.96,2025-05-20,Computex電腦展,2025
華碩,4,7,-26,-23,2025-04-11,2025-04-16,3,8.01,2025-05-20,Computex電腦展,2025
華碩,4,8,-26,-22,2025-04-11,2025-04-17,4,6.05,2025-05-20,Computex電腦展,2025
華碩,4,9,-26,-21,2025-04-11,2025-04-18,5,6.05,2025-05-20,Computex電腦展,2025
華碩,4,10,-26,-20,2025-04-11,2025-04-21,6,3.71,2025-05-20,Computex電腦展,2025
華碩,4,11,-26,-19,2025-04-11,2025-04-22,7,0.0,2025-05-20,Computex電腦展,2025
華碩,4,12,-26,-18,2025-04-11,2025-04-23,8,6.05,2025-05-20,Computex電腦展,2025
華碩,4,13,-26,-17,2025-04-11,2025-04-24,9,6.25,2025-05-20,Computex電腦展,2025
華碩,4,14,-26,-16,2025-04-11,2025-04-25,10,15.43,2025-05-20,Computex電腦展,2025
華碩,4,15,-26,-15,2025-04-11,2025-04-28,11,13.87,2025-05-20,Computex電腦展,2025
華碩,4,16,-26,-14,2025-04-11,2025-04-29,12,14.45,2025-05-20,Computex電腦展,2025
華碩,4,17,-26,-13,2025-04-11,2025-04-30,13,13.28,2025-05-20,Computex電腦展,2025
華碩,4,18,-26,-12,2025-04-11,2025-05-02,14,15.23,2025-05-20,Computex電腦展,2025
華碩,4,19,-26,-11,2025-04-11,2025-05-05,15,12.3,2025-05-20,Computex電腦展,2025
華碩,4,20,-26,-10,2025-04-11,2025-05-06,16,14.65,2025-05-20,Computex電腦展,2025
華碩,4,21,-26,-9,2025-04-11,2025-05-07,17,16.02,2025-05-20,Computex電腦展,2025
華碩,4,22,-26,-8,2025-04-11,2025-05-08,18,16.02,2025-05-20,Computex電腦展,2025
華碩,4,23,-26,-7,2025-04-11,2025-05-09,19,17.58,2025-05-20,Computex電腦展,2025
華碩,4,24,-26,-6,2025-04-11,2025-05-12,20,17.77,2025-05-20,Computex電腦展,2025
華碩,4,25,-26,-5,2025-04-11,2025-05-13,21,18.75,2025-05-20,Computex電腦展,2025
華碩,4,26,-26,-4,2025-04-11,2025-05-14,22,21.48,2025-05-20,Computex電腦展,2025
華碩,4,27,-26,-3,2025-04-11,2025-05-15,23,22.66,2025-05-20,Computex電腦展,2025
華碩,4,28,-26,-2,2025-04-11,2025-05-16,24,23.83,2025-05-20,Computex電腦展,2025
華碩,4,29,-26,-1,2025-04-11,2025-05-19,25,21.29,2025-05-20,Computex電腦展,2025
華碩,4,30,-26,0,2025-04-11,2025-05-20,26,23.44,2025-05-20,Computex電腦展,2025
華碩,4,31,-26,1,2025-04-11,2025-05-21,27,22.66,2025-05-20,Computex電腦展,2025
華碩,4,32,-26,2,2025-04-11,2025-05-22,28,23.44,2025-05-20,Computex電腦展,2025
華碩,4,33,-26,3,2025-04-11,2025-05-23,29,21.48,2025-05-20,Computex電腦展,2025
華碩,4,34,-26,4,2025-04-11,2025-05-26,30,22.46,2025-05-20,Computex電腦展,2025
華碩,4,35,-26,5,2025-04-11,2025-05-27,31,18.75,2025-05-20,Computex電腦展,2025
華碩,4,36,-26,6,2025-04-11,2025-05-28,32,20.9,2025-05-20,Computex電腦展,2025
華碩,4,37,-26,7,2025-04-11,2025-05-29,33,22.07,2025-05-20,Computex電腦展,2025
華碩,4,38,-26,8,2025-04-11,2025-06-02,34,21.48,2025-05-20,Computex電腦展,2025
華碩,4,39,-26,9,2025-04-11,2025-06-03,35,24.61,2025-05-20,Computex電腦展,2025
華碩,4,40,-26,10,2025-04-11,2025-06-04,36,24.61,2025-05-20,Computex電腦展,2025
華碩,4,41,-26,11,2025-04-11,2025-06-05,37,25.39,2025-05-20,Computex電腦展,2025
華碩,4,42,-26,12,2025-04-11,2025-06-06,38,25.98,2025-05-20,Computex電腦展,2025
華碩,4,43,-26,13,2025-04-11,2025-06-09,39,26.17,2025-05-20,Computex電腦展,2025
華碩,4,44,-26,14,2025-04-11,2025-06-10,40,28.71,2025-05-20,Computex電腦展,2025
華碩,4,45,-26,15,2025-04-11,2025-06-11,41,31.84,2025-05-20,Computex電腦展,2025
華碩,4,46,-26,16,2025-04-11,2025-06-12,42,33.2,2025-05-20,Computex電腦展,2025
華碩,5,6,-25,-24,2025-04-14,2025-04-15,1,3.87,2025-05-20,Computex電腦展,2025
華碩,5,7,-25,-23,2025-04-14,2025-04-16,2,2.03,2025-05-20,Computex電腦展,2025
華碩,5,8,-25,-22,2025-04-14,2025-04-17,3,0.18,2025-05-20,Computex電腦展,2025
華碩,5,9,-25,-21,2025-04-14,2025-04-18,4,0.18,2025-05-20,Computex電腦展,2025
華碩,5,10,-25,-20,2025-04-14,2025-04-21,5,-2.03,2025-05-20,Computex電腦展,2025
華碩,5,11,-25,-19,2025-04-14,2025-04-22,6,-5.54,2025-05-20,Computex電腦展,2025
華碩,5,12,-25,-18,2025-04-14,2025-04-23,7,0.18,2025-05-20,Computex電腦展,2025
華碩,5,13,-25,-17,2025-04-14,2025-04-24,8,0.37,2025-05-20,Computex電腦展,2025
華碩,5,14,-25,-16,2025-04-14,2025-04-25,9,9.04,2025-05-20,Computex電腦展,2025
華碩,5,15,-25,-15,2025-04-14,2025-04-28,10,7.56,2025-05-20,Computex電腦展,2025
華碩,5,16,-25,-14,2025-04-14,2025-04-29,11,8.12,2025-05-20,Computex電腦展,2025
華碩,5,17,-25,-13,2025-04-14,2025-04-30,12,7.01,2025-05-20,Computex電腦展,2025
華碩,5,18,-25,-12,2025-04-14,2025-05-02,13,8.86,2025-05-20,Computex電腦展,2025
華碩,5,19,-25,-11,2025-04-14,2025-05-05,14,6.09,2025-05-20,Computex電腦展,2025
華碩,5,20,-25,-10,2025-04-14,2025-05-06,15,8.3,2025-05-20,Computex電腦展,2025
華碩,5,21,-25,-9,2025-04-14,2025-05-07,16,9.59,2025-05-20,Computex電腦展,2025
華碩,5,22,-25,-8,2025-04-14,2025-05-08,17,9.59,2025-05-20,Computex電腦展,2025
華碩,5,23,-25,-7,2025-04-14,2025-05-09,18,11.07,2025-05-20,Computex電腦展,2025
華碩,5,24,-25,-6,2025-04-14,2025-05-12,19,11.25,2025-05-20,Computex電腦展,2025
華碩,5,25,-25,-5,2025-04-14,2025-05-13,20,12.18,2025-05-20,Computex電腦展,2025
華碩,5,26,-25,-4,2025-04-14,2025-05-14,21,14.76,2025-05-20,Computex電腦展,2025
華碩,5,27,-25,-3,2025-04-14,2025-05-15,22,15.87,2025-05-20,Computex電腦展,2025
華碩,5,28,-25,-2,2025-04-14,2025-05-16,23,16.97,2025-05-20,Computex電腦展,2025
華碩,5,29,-25,-1,2025-04-14,2025-05-19,24,14.58,2025-05-20,Computex電腦展,2025
華碩,5,30,-25,0,2025-04-14,2025-05-20,25,16.61,2025-05-20,Computex電腦展,2025
華碩,5,31,-25,1,2025-04-14,2025-05-21,26,15.87,2025-05-20,Computex電腦展,2025
華碩,5,32,-25,2,2025-04-14,2025-05-22,27,16.61,2025-05-20,Computex電腦展,2025
華碩,5,33,-25,3,2025-04-14,2025-05-23,28,14.76,2025-05-20,Computex電腦展,2025
華碩,5,34,-25,4,2025-04-14,2025-05-26,29,15.68,2025-05-20,Computex電腦展,2025
華碩,5,35,-25,5,2025-04-14,2025-05-27,30,12.18,2025-05-20,Computex電腦展,2025
華碩,5,36,-25,6,2025-04-14,2025-05-28,31,14.21,2025-05-20,Computex電腦展,2025
華碩,5,37,-25,7,2025-04-14,2025-05-29,32,15.31,2025-05-20,Computex電腦展,2025
華碩,5,38,-25,8,2025-04-14,2025-06-02,33,14.76,2025-05-20,Computex電腦展,2025
華碩,5,39,-25,9,2025-04-14,2025-06-03,34,17.71,2025-05-20,Computex電腦展,2025
華碩,5,40,-25,10,2025-04-14,2025-06-04,35,17.71,2025-05-20,Computex電腦展,2025
華碩,5,41,-25,11,2025-04-14,2025-06-05,36,18.45,2025-05-20,Computex電腦展,2025
華碩,5,42,-25,12,2025-04-14,2025-06-06,37,19.0,2025-05-20,Computex電腦展,2025
華碩,5,43,-25,13,2025-04-14,2025-06-09,38,19.19,2025-05-20,Computex電腦展,2025
華碩,5,44,-25,14,2025-04-14,2025-06-10,39,21.59,2025-05-20,Computex電腦展,2025
華碩,5,45,-25,15,2025-04-14,2025-06-11,40,24.54,2025-05-20,Computex電腦展,2025
華碩,5,46,-25,16,2025-04-14,2025-06-12,41,25.83,2025-05-20,Computex電腦展,2025
華碩,6,7,-24,-23,2025-04-15,2025-04-16,1,-1.78,2025-05-20,Computex電腦展,2025
華碩,6,8,-24,-22,2025-04-15,2025-04-17,2,-3.55,2025-05-20,Computex電腦展,2025
華碩,6,9,-24,-21,2025-04-15,2025-04-18,3,-3.55,2025-05-20,Computex電腦展,2025
華碩,6,10,-24,-20,2025-04-15,2025-04-21,4,-5.68,2025-05-20,Computex電腦展,2025
華碩,6,11,-24,-19,2025-04-15,2025-04-22,5,-9.06,2025-05-20,Computex電腦展,2025
華碩,6,12,-24,-18,2025-04-15,2025-04-23,6,-3.55,2025-05-20,Computex電腦展,2025
華碩,6,13,-24,-17,2025-04-15,2025-04-24,7,-3.37,2025-05-20,Computex電腦展,2025
華碩,6,14,-24,-16,2025-04-15,2025-04-25,8,4.97,2025-05-20,Computex電腦展,2025
華碩,6,15,-24,-15,2025-04-15,2025-04-28,9,3.55,2025-05-20,Computex電腦展,2025
華碩,6,16,-24,-14,2025-04-15,2025-04-29,10,4.09,2025-05-20,Computex電腦展,2025
華碩,6,17,-24,-13,2025-04-15,2025-04-30,11,3.02,2025-05-20,Computex電腦展,2025
華碩,6,18,-24,-12,2025-04-15,2025-05-02,12,4.8,2025-05-20,Computex電腦展,2025
華碩,6,19,-24,-11,2025-04-15,2025-05-05,13,2.13,2025-05-20,Computex電腦展,2025
華碩,6,20,-24,-10,2025-04-15,2025-05-06,14,4.26,2025-05-20,Computex電腦展,2025
華碩,6,21,-24,-9,2025-04-15,2025-05-07,15,5.51,2025-05-20,Computex電腦展,2025
華碩,6,22,-24,-8,2025-04-15,2025-05-08,16,5.51,2025-05-20,Computex電腦展,2025
華碩,6,23,-24,-7,2025-04-15,2025-05-09,17,6.93,2025-05-20,Computex電腦展,2025
華碩,6,24,-24,-6,2025-04-15,2025-05-12,18,7.1,2025-05-20,Computex電腦展,2025
華碩,6,25,-24,-5,2025-04-15,2025-05-13,19,7.99,2025-05-20,Computex電腦展,2025
華碩,6,26,-24,-4,2025-04-15,2025-05-14,20,10.48,2025-05-20,Computex電腦展,2025
華碩,6,27,-24,-3,2025-04-15,2025-05-15,21,11.55,2025-05-20,Computex電腦展,2025
華碩,6,28,-24,-2,2025-04-15,2025-05-16,22,12.61,2025-05-20,Computex電腦展,2025
華碩,6,29,-24,-1,2025-04-15,2025-05-19,23,10.3,2025-05-20,Computex電腦展,2025
華碩,6,30,-24,0,2025-04-15,2025-05-20,24,12.26,2025-05-20,Computex電腦展,2025
華碩,6,31,-24,1,2025-04-15,2025-05-21,25,11.55,2025-05-20,Computex電腦展,2025
華碩,6,32,-24,2,2025-04-15,2025-05-22,26,12.26,2025-05-20,Computex電腦展,2025
華碩,6,33,-24,3,2025-04-15,2025-05-23,27,10.48,2025-05-20,Computex電腦展,2025
華碩,6,34,-24,4,2025-04-15,2025-05-26,28,11.37,2025-05-20,Computex電腦展,2025
華碩,6,35,-24,5,2025-04-15,2025-05-27,29,7.99,2025-05-20,Computex電腦展,2025
華碩,6,36,-24,6,2025-04-15,2025-05-28,30,9.95,2025-05-20,Computex電腦展,2025
華碩,6,37,-24,7,2025-04-15,2025-05-29,31,11.01,2025-05-20,Computex電腦展,2025
華碩,6,38,-24,8,2025-04-15,2025-06-02,32,10.48,2025-05-20,Computex電腦展,2025
華碩,6,39,-24,9,2025-04-15,2025-06-03,33,13.32,2025-05-20,Computex電腦展,2025
華碩,6,40,-24,10,2025-04-15,2025-06-04,34,13.32,2025-05-20,Computex電腦展,2025
華碩,6,41,-24,11,2025-04-15,2025-06-05,35,14.03,2025-05-20,Computex電腦展,2025
華碩,6,42,-24,12,2025-04-15,2025-06-06,36,14.56,2025-05-20,Computex電腦展,2025
華碩,6,43,-24,13,2025-04-15,2025-06-09,37,14.74,2025-05-20,Computex電腦展,2025
華碩,6,44,-24,14,2025-04-15,2025-06-10,38,17.05,2025-05-20,Computex電腦展,2025
華碩,6,45,-24,15,2025-04-15,2025-06-11,39,19.89,2025-05-20,Computex電腦展,2025
華碩,6,46,-24,16,2025-04-15,2025-06-12,40,21.14,2025-05-20,Computex電腦展,2025
華碩,7,8,-23,-22,2025-04-16,2025-04-17,1,-1.81,2025-05-20,Computex電腦展,2025
華碩,7,9,-23,-21,2025-04-16,2025-04-18,2,-1.81,2025-05-20,Computex電腦展,2025
華碩,7,10,-23,-20,2025-04-16,2025-04-21,3,-3.98,2025-05-20,Computex電腦展,2025
華碩,7,11,-23,-19,2025-04-16,2025-04-22,4,-7.41,2025-05-20,Computex電腦展,2025
華碩,7,12,-23,-18,2025-04-16,2025-04-23,5,-1.81,2025-05-20,Computex電腦展,2025
華碩,7,13,-23,-17,2025-04-16,2025-04-24,6,-1.63,2025-05-20,Computex電腦展,2025
華碩,7,14,-23,-16,2025-04-16,2025-04-25,7,6.87,2025-05-20,Computex電腦展,2025
華碩,7,15,-23,-15,2025-04-16,2025-04-28,8,5.42,2025-05-20,Computex電腦展,2025
華碩,7,16,-23,-14,2025-04-16,2025-04-29,9,5.97,2025-05-20,Computex電腦展,2025
華碩,7,17,-23,-13,2025-04-16,2025-04-30,10,4.88,2025-05-20,Computex電腦展,2025
華碩,7,18,-23,-12,2025-04-16,2025-05-02,11,6.69,2025-05-20,Computex電腦展,2025
華碩,7,19,-23,-11,2025-04-16,2025-05-05,12,3.98,2025-05-20,Computex電腦展,2025
華碩,7,20,-23,-10,2025-04-16,2025-05-06,13,6.15,2025-05-20,Computex電腦展,2025
華碩,7,21,-23,-9,2025-04-16,2025-05-07,14,7.41,2025-05-20,Computex電腦展,2025
華碩,7,22,-23,-8,2025-04-16,2025-05-08,15,7.41,2025-05-20,Computex電腦展,2025
華碩,7,23,-23,-7,2025-04-16,2025-05-09,16,8.86,2025-05-20,Computex電腦展,2025
華碩,7,24,-23,-6,2025-04-16,2025-05-12,17,9.04,2025-05-20,Computex電腦展,2025
華碩,7,25,-23,-5,2025-04-16,2025-05-13,18,9.95,2025-05-20,Computex電腦展,2025
華碩,7,26,-23,-4,2025-04-16,2025-05-14,19,12.48,2025-05-20,Computex電腦展,2025
華碩,7,27,-23,-3,2025-04-16,2025-05-15,20,13.56,2025-05-20,Computex電腦展,2025
華碩,7,28,-23,-2,2025-04-16,2025-05-16,21,14.65,2025-05-20,Computex電腦展,2025
華碩,7,29,-23,-1,2025-04-16,2025-05-19,22,12.3,2025-05-20,Computex電腦展,2025
華碩,7,30,-23,0,2025-04-16,2025-05-20,23,14.29,2025-05-20,Computex電腦展,2025
華碩,7,31,-23,1,2025-04-16,2025-05-21,24,13.56,2025-05-20,Computex電腦展,2025
華碩,7,32,-23,2,2025-04-16,2025-05-22,25,14.29,2025-05-20,Computex電腦展,2025
華碩,7,33,-23,3,2025-04-16,2025-05-23,26,12.48,2025-05-20,Computex電腦展,2025
華碩,7,34,-23,4,2025-04-16,2025-05-26,27,13.38,2025-05-20,Computex電腦展,2025
華碩,7,35,-23,5,2025-04-16,2025-05-27,28,9.95,2025-05-20,Computex電腦展,2025
華碩,7,36,-23,6,2025-04-16,2025-05-28,29,11.93,2025-05-20,Computex電腦展,2025
華碩,7,37,-23,7,2025-04-16,2025-05-29,30,13.02,2025-05-20,Computex電腦展,2025
華碩,7,38,-23,8,2025-04-16,2025-06-02,31,12.48,2025-05-20,Computex電腦展,2025
華碩,7,39,-23,9,2025-04-16,2025-06-03,32,15.37,2025-05-20,Computex電腦展,2025
華碩,7,40,-23,10,2025-04-16,2025-06-04,33,15.37,2025-05-20,Computex電腦展,2025
華碩,7,41,-23,11,2025-04-16,2025-06-05,34,16.09,2025-05-20,Computex電腦展,2025
華碩,7,42,-23,12,2025-04-16,2025-06-06,35,16.64,2025-05-20,Computex電腦展,2025
華碩,7,43,-23,13,2025-04-16,2025-06-09,36,16.82,2025-05-20,Computex電腦展,2025
華碩,7,44,-23,14,2025-04-16,2025-06-10,37,19.17,2025-05-20,Computex電腦展,2025
華碩,7,45,-23,15,2025-04-16,2025-06-11,38,22.06,2025-05-20,Computex電腦展,2025
華碩,7,46,-23,16,2025-04-16,2025-06-12,39,23.33,2025-05-20,Computex電腦展,2025
華碩,8,9,-22,-21,2025-04-17,2025-04-18,1,0.0,2025-05-20,Computex電腦展,2025
華碩,8,10,-22,-20,2025-04-17,2025-04-21,2,-2.21,2025-05-20,Computex電腦展,2025
華碩,8,11,-22,-19,2025-04-17,2025-04-22,3,-5.71,2025-05-20,Computex電腦展,2025
華碩,8,12,-22,-18,2025-04-17,2025-04-23,4,0.0,2025-05-20,Computex電腦展,2025
華碩,8,13,-22,-17,2025-04-17,2025-04-24,5,0.18,2025-05-20,Computex電腦展,2025
華碩,8,14,-22,-16,2025-04-17,2025-04-25,6,8.84,2025-05-20,Computex電腦展,2025
華碩,8,15,-22,-15,2025-04-17,2025-04-28,7,7.37,2025-05-20,Computex電腦展,2025
華碩,8,16,-22,-14,2025-04-17,2025-04-29,8,7.92,2025-05-20,Computex電腦展,2025
華碩,8,17,-22,-13,2025-04-17,2025-04-30,9,6.81,2025-05-20,Computex電腦展,2025
華碩,8,18,-22,-12,2025-04-17,2025-05-02,10,8.66,2025-05-20,Computex電腦展,2025
華碩,8,19,-22,-11,2025-04-17,2025-05-05,11,5.89,2025-05-20,Computex電腦展,2025
華碩,8,20,-22,-10,2025-04-17,2025-05-06,12,8.1,2025-05-20,Computex電腦展,2025
華碩,8,21,-22,-9,2025-04-17,2025-05-07,13,9.39,2025-05-20,Computex電腦展,2025
華碩,8,22,-22,-8,2025-04-17,2025-05-08,14,9.39,2025-05-20,Computex電腦展,2025
華碩,8,23,-22,-7,2025-04-17,2025-05-09,15,10.87,2025-05-20,Computex電腦展,2025
華碩,8,24,-22,-6,2025-04-17,2025-05-12,16,11.05,2025-05-20,Computex電腦展,2025
華碩,8,25,-22,-5,2025-04-17,2025-05-13,17,11.97,2025-05-20,Computex電腦展,2025
華碩,8,26,-22,-4,2025-04-17,2025-05-14,18,14.55,2025-05-20,Computex電腦展,2025
華碩,8,27,-22,-3,2025-04-17,2025-05-15,19,15.65,2025-05-20,Computex電腦展,2025
華碩,8,28,-22,-2,2025-04-17,2025-05-16,20,16.76,2025-05-20,Computex電腦展,2025
華碩,8,29,-22,-1,2025-04-17,2025-05-19,21,14.36,2025-05-20,Computex電腦展,2025
華碩,8,30,-22,0,2025-04-17,2025-05-20,22,16.39,2025-05-20,Computex電腦展,2025
華碩,8,31,-22,1,2025-04-17,2025-05-21,23,15.65,2025-05-20,Computex電腦展,2025
華碩,8,32,-22,2,2025-04-17,2025-05-22,24,16.39,2025-05-20,Computex電腦展,2025
華碩,8,33,-22,3,2025-04-17,2025-05-23,25,14.55,2025-05-20,Computex電腦展,2025
華碩,8,34,-22,4,2025-04-17,2025-05-26,26,15.47,2025-05-20,Computex電腦展,2025
華碩,8,35,-22,5,2025-04-17,2025-05-27,27,11.97,2025-05-20,Computex電腦展,2025
華碩,8,36,-22,6,2025-04-17,2025-05-28,28,14.0,2025-05-20,Computex電腦展,2025
華碩,8,37,-22,7,2025-04-17,2025-05-29,29,15.1,2025-05-20,Computex電腦展,2025
華碩,8,38,-22,8,2025-04-17,2025-06-02,30,14.55,2025-05-20,Computex電腦展,2025
華碩,8,39,-22,9,2025-04-17,2025-06-03,31,17.5,2025-05-20,Computex電腦展,2025
華碩,8,40,-22,10,2025-04-17,2025-06-04,32,17.5,2025-05-20,Computex電腦展,2025
華碩,8,41,-22,11,2025-04-17,2025-06-05,33,18.23,2025-05-20,Computex電腦展,2025
華碩,8,42,-22,12,2025-04-17,2025-06-06,34,18.78,2025-05-20,Computex電腦展,2025
華碩,8,43,-22,13,2025-04-17,2025-06-09,35,18.97,2025-05-20,Computex電腦展,2025
華碩,8,44,-22,14,2025-04-17,2025-06-10,36,21.36,2025-05-20,Computex電腦展,2025
華碩,8,45,-22,15,2025-04-17,2025-06-11,37,24.31,2025-05-20,Computex電腦展,2025
華碩,8,46,-22,16,2025-04-17,2025-06-12,38,25.6,2025-05-20,Computex電腦展,2025
華碩,9,10,-21,-20,2025-04-18,2025-04-21,1,-2.21,2025-05-20,Computex電腦展,2025
華碩,9,11,-21,-19,2025-04-18,2025-04-22,2,-5.71,2025-05-20,Computex電腦展,2025
華碩,9,12,-21,-18,2025-04-18,2025-04-23,3,0.0,2025-05-20,Computex電腦展,2025
華碩,9,13,-21,-17,2025-04-18,2025-04-24,4,0.18,2025-05-20,Computex電腦展,2025
華碩,9,14,-21,-16,2025-04-18,2025-04-25,5,8.84,2025-05-20,Computex電腦展,2025
華碩,9,15,-21,-15,2025-04-18,2025-04-28,6,7.37,2025-05-20,Computex電腦展,2025
華碩,9,16,-21,-14,2025-04-18,2025-04-29,7,7.92,2025-05-20,Computex電腦展,2025
華碩,9,17,-21,-13,2025-04-18,2025-04-30,8,6.81,2025-05-20,Computex電腦展,2025
華碩,9,18,-21,-12,2025-04-18,2025-05-02,9,8.66,2025-05-20,Computex電腦展,2025
華碩,9,19,-21,-11,2025-04-18,2025-05-05,10,5.89,2025-05-20,Computex電腦展,2025
華碩,9,20,-21,-10,2025-04-18,2025-05-06,11,8.1,2025-05-20,Computex電腦展,2025
華碩,9,21,-21,-9,2025-04-18,2025-05-07,12,9.39,2025-05-20,Computex電腦展,2025
華碩,9,22,-21,-8,2025-04-18,2025-05-08,13,9.39,2025-05-20,Computex電腦展,2025
華碩,9,23,-21,-7,2025-04-18,2025-05-09,14,10.87,2025-05-20,Computex電腦展,2025
華碩,9,24,-21,-6,2025-04-18,2025-05-12,15,11.05,2025-05-20,Computex電腦展,2025
華碩,9,25,-21,-5,2025-04-18,2025-05-13,16,11.97,2025-05-20,Computex電腦展,2025
華碩,9,26,-21,-4,2025-04-18,2025-05-14,17,14.55,2025-05-20,Computex電腦展,2025
華碩,9,27,-21,-3,2025-04-18,2025-05-15,18,15.65,2025-05-20,Computex電腦展,2025
華碩,9,28,-21,-2,2025-04-18,2025-05-16,19,16.76,2025-05-20,Computex電腦展,2025
華碩,9,29,-21,-1,2025-04-18,2025-05-19,20,14.36,2025-05-20,Computex電腦展,2025
華碩,9,30,-21,0,2025-04-18,2025-05-20,21,16.39,2025-05-20,Computex電腦展,2025
華碩,9,31,-21,1,2025-04-18,2025-05-21,22,15.65,2025-05-20,Computex電腦展,2025
華碩,9,32,-21,2,2025-04-18,2025-05-22,23,16.39,2025-05-20,Computex電腦展,2025
華碩,9,33,-21,3,2025-04-18,2025-05-23,24,14.55,2025-05-20,Computex電腦展,2025
華碩,9,34,-21,4,2025-04-18,2025-05-26,25,15.47,2025-05-20,Computex電腦展,2025
華碩,9,35,-21,5,2025-04-18,2025-05-27,26,11.97,2025-05-20,Computex電腦展,2025
華碩,9,36,-21,6,2025-04-18,2025-05-28,27,14.0,2025-05-20,Computex電腦展,2025
華碩,9,37,-21,7,2025-04-18,2025-05-29,28,15.1,2025-05-20,Computex電腦展,2025
華碩,9,38,-21,8,2025-04-18,2025-06-02,29,14.55,2025-05-20,Computex電腦展,2025
華碩,9,39,-21,9,2025-04-18,2025-06-03,30,17.5,2025-05-20,Computex電腦展,2025
華碩,9,40,-21,10,2025-04-18,2025-06-04,31,17.5,2025-05-20,Computex電腦展,2025
華碩,9,41,-21,11,2025-04-18,2025-06-05,32,18.23,2025-05-20,Computex電腦展,2025
華碩,9,42,-21,12,2025-04-18,2025-06-06,33,18.78,2025-05-20,Computex電腦展,2025
華碩,9,43,-21,13,2025-04-18,2025-06-09,34,18.97,2025-05-20,Computex電腦展,2025
華碩,9,44,-21,14,2025-04-18,2025-06-10,35,21.36,2025-05-20,Computex電腦展,2025
華碩,9,45,-21,15,2025-04-18,2025-06-11,36,24.31,2025-05-20,Computex電腦展,2025
華碩,9,46,-21,16,2025-04-18,2025-06-12,37,25.6,2025-05-20,Computex電腦展,2025
華碩,10,11,-20,-19,2025-04-21,2025-04-22,1,-3.58,2025-05-20,Computex電腦展,2025
華碩,10,12,-20,-18,2025-04-21,2025-04-23,2,2.26,2025-05-20,Computex電腦展,2025
華碩,10,13,-20,-17,2025-04-21,2025-04-24,3,2.45,2025-05-20,Computex電腦展,2025
華碩,10,14,-20,-16,2025-04-21,2025-04-25,4,11.3,2025-05-20,Computex電腦展,2025
華碩,10,15,-20,-15,2025-04-21,2025-04-28,5,9.79,2025-05-20,Computex電腦展,2025
華碩,10,16,-20,-14,2025-04-21,2025-04-29,6,10.36,2025-05-20,Computex電腦展,2025
華碩,10,17,-20,-13,2025-04-21,2025-04-30,7,9.23,2025-05-20,Computex電腦展,2025
華碩,10,18,-20,-12,2025-04-21,2025-05-02,8,11.11,2025-05-20,Computex電腦展,2025
華碩,10,19,-20,-11,2025-04-21,2025-05-05,9,8.29,2025-05-20,Computex電腦展,2025
華碩,10,20,-20,-10,2025-04-21,2025-05-06,10,10.55,2025-05-20,Computex電腦展,2025
華碩,10,21,-20,-9,2025-04-21,2025-05-07,11,11.86,2025-05-20,Computex電腦展,2025
華碩,10,22,-20,-8,2025-04-21,2025-05-08,12,11.86,2025-05-20,Computex電腦展,2025
華碩,10,23,-20,-7,2025-04-21,2025-05-09,13,13.37,2025-05-20,Computex電腦展,2025
華碩,10,24,-20,-6,2025-04-21,2025-05-12,14,13.56,2025-05-20,Computex電腦展,2025
華碩,10,25,-20,-5,2025-04-21,2025-05-13,15,14.5,2025-05-20,Computex電腦展,2025
華碩,10,26,-20,-4,2025-04-21,2025-05-14,16,17.14,2025-05-20,Computex電腦展,2025
華碩,10,27,-20,-3,2025-04-21,2025-05-15,17,18.27,2025-05-20,Computex電腦展,2025
華碩,10,28,-20,-2,2025-04-21,2025-05-16,18,19.4,2025-05-20,Computex電腦展,2025
華碩,10,29,-20,-1,2025-04-21,2025-05-19,19,16.95,2025-05-20,Computex電腦展,2025
華碩,10,30,-20,0,2025-04-21,2025-05-20,20,19.02,2025-05-20,Computex電腦展,2025
華碩,10,31,-20,1,2025-04-21,2025-05-21,21,18.27,2025-05-20,Computex電腦展,2025
華碩,10,32,-20,2,2025-04-21,2025-05-22,22,19.02,2025-05-20,Computex電腦展,2025
華碩,10,33,-20,3,2025-04-21,2025-05-23,23,17.14,2025-05-20,Computex電腦展,2025
華碩,10,34,-20,4,2025-04-21,2025-05-26,24,18.08,2025-05-20,Computex電腦展,2025
華碩,10,35,-20,5,2025-04-21,2025-05-27,25,14.5,2025-05-20,Computex電腦展,2025
華碩,10,36,-20,6,2025-04-21,2025-05-28,26,16.57,2025-05-20,Computex電腦展,2025
華碩,10,37,-20,7,2025-04-21,2025-05-29,27,17.7,2025-05-20,Computex電腦展,2025
華碩,10,38,-20,8,2025-04-21,2025-06-02,28,17.14,2025-05-20,Computex電腦展,2025
華碩,10,39,-20,9,2025-04-21,2025-06-03,29,20.15,2025-05-20,Computex電腦展,2025
華碩,10,40,-20,10,2025-04-21,2025-06-04,30,20.15,2025-05-20,Computex電腦展,2025
華碩,10,41,-20,11,2025-04-21,2025-06-05,31,20.9,2025-05-20,Computex電腦展,2025
華碩,10,42,-20,12,2025-04-21,2025-06-06,32,21.47,2025-05-20,Computex電腦展,2025
華碩,10,43,-20,13,2025-04-21,2025-06-09,33,21.66,2025-05-20,Computex電腦展,2025
華碩,10,44,-20,14,2025-04-21,2025-06-10,34,24.11,2025-05-20,Computex電腦展,2025
華碩,10,45,-20,15,2025-04-21,2025-06-11,35,27.12,2025-05-20,Computex電腦展,2025
華碩,10,46,-20,16,2025-04-21,2025-06-12,36,28.44,2025-05-20,Computex電腦展,2025
華碩,11,12,-19,-18,2025-04-22,2025-04-23,1,6.05,2025-05-20,Computex電腦展,2025
華碩,11,13,-19,-17,2025-04-22,2025-04-24,2,6.25,2025-05-20,Computex電腦展,2025
華碩,11,14,-19,-16,2025-04-22,2025-04-25,3,15.43,2025-05-20,Computex電腦展,2025
華碩,11,15,-19,-15,2025-04-22,2025-04-28,4,13.87,2025-05-20,Computex電腦展,2025
華碩,11,16,-19,-14,2025-04-22,2025-04-29,5,14.45,2025-05-20,Computex電腦展,2025
華碩,11,17,-19,-13,2025-04-22,2025-04-30,6,13.28,2025-05-20,Computex電腦展,2025
華碩,11,18,-19,-12,2025-04-22,2025-05-02,7,15.23,2025-05-20,Computex電腦展,2025
華碩,11,19,-19,-11,2025-04-22,2025-05-05,8,12.3,2025-05-20,Computex電腦展,2025
華碩,11,20,-19,-10,2025-04-22,2025-05-06,9,14.65,2025-05-20,Computex電腦展,2025
華碩,11,21,-19,-9,2025-04-22,2025-05-07,10,16.02,2025-05-20,Computex電腦展,2025
華碩,11,22,-19,-8,2025-04-22,2025-05-08,11,16.02,2025-05-20,Computex電腦展,2025
華碩,11,23,-19,-7,2025-04-22,2025-05-09,12,17.58,2025-05-20,Computex電腦展,2025
華碩,11,24,-19,-6,2025-04-22,2025-05-12,13,17.77,2025-05-20,Computex電腦展,2025
華碩,11,25,-19,-5,2025-04-22,2025-05-13,14,18.75,2025-05-20,Computex電腦展,2025
華碩,11,26,-19,-4,2025-04-22,2025-05-14,15,21.48,2025-05-20,Computex電腦展,2025
華碩,11,27,-19,-3,2025-04-22,2025-05-15,16,22.66,2025-05-20,Computex電腦展,2025
華碩,11,28,-19,-2,2025-04-22,2025-05-16,17,23.83,2025-05-20,Computex電腦展,2025
華碩,11,29,-19,-1,2025-04-22,2025-05-19,18,21.29,2025-05-20,Computex電腦展,2025
華碩,11,30,-19,0,2025-04-22,2025-05-20,19,23.44,2025-05-20,Computex電腦展,2025
華碩,11,31,-19,1,2025-04-22,2025-05-21,20,22.66,2025-05-20,Computex電腦展,2025
華碩,11,32,-19,2,2025-04-22,2025-05-22,21,23.44,2025-05-20,Computex電腦展,2025
華碩,11,33,-19,3,2025-04-22,2025-05-23,22,21.48,2025-05-20,Computex電腦展,2025
華碩,11,34,-19,4,2025-04-22,2025-05-26,23,22.46,2025-05-20,Computex電腦展,2025
華碩,11,35,-19,5,2025-04-22,2025-05-27,24,18.75,2025-05-20,Computex電腦展,2025
華碩,11,36,-19,6,2025-04-22,2025-05-28,25,20.9,2025-05-20,Computex電腦展,2025
華碩,11,37,-19,7,2025-04-22,2025-05-29,26,22.07,2025-05-20,Computex電腦展,2025
華碩,11,38,-19,8,2025-04-22,2025-06-02,27,21.48,2025-05-20,Computex電腦展,2025
華碩,11,39,-19,9,2025-04-22,2025-06-03,28,24.61,2025-05-20,Computex電腦展,2025
華碩,11,40,-19,10,2025-04-22,2025-06-04,29,24.61,2025-05-20,Computex電腦展,2025
華碩,11,41,-19,11,2025-04-22,2025-06-05,30,25.39,2025-05-20,Computex電腦展,2025
華碩,11,42,-19,12,2025-04-22,2025-06-06,31,25.98,2025-05-20,Computex電腦展,2025
華碩,11,43,-19,13,2025-04-22,2025-06-09,32,26.17,2025-05-20,Computex電腦展,2025
華碩,11,44,-19,14,2025-04-22,2025-06-10,33,28.71,2025-05-20,Computex電腦展,2025
華碩,11,45,-19,15,2025-04-22,2025-06-11,34,31.84,2025-05-20,Computex電腦展,2025
華碩,11,46,-19,16,2025-04-22,2025-06-12,35,33.2,2025-05-20,Computex電腦展,2025
華碩,12,13,-18,-17,2025-04-23,2025-04-24,1,0.18,2025-05-20,Computex電腦展,2025
華碩,12,14,-18,-16,2025-04-23,2025-04-25,2,8.84,2025-05-20,Computex電腦展,2025
華碩,12,15,-18,-15,2025-04-23,2025-04-28,3,7.37,2025-05-20,Computex電腦展,2025
華碩,12,16,-18,-14,2025-04-23,2025-04-29,4,7.92,2025-05-20,Computex電腦展,2025
華碩,12,17,-18,-13,2025-04-23,2025-04-30,5,6.81,2025-05-20,Computex電腦展,2025
華碩,12,18,-18,-12,2025-04-23,2025-05-02,6,8.66,2025-05-20,Computex電腦展,2025
華碩,12,19,-18,-11,2025-04-23,2025-05-05,7,5.89,2025-05-20,Computex電腦展,2025
華碩,12,20,-18,-10,2025-04-23,2025-05-06,8,8.1,2025-05-20,Computex電腦展,2025
華碩,12,21,-18,-9,2025-04-23,2025-05-07,9,9.39,2025-05-20,Computex電腦展,2025
華碩,12,22,-18,-8,2025-04-23,2025-05-08,10,9.39,2025-05-20,Computex電腦展,2025
華碩,12,23,-18,-7,2025-04-23,2025-05-09,11,10.87,2025-05-20,Computex電腦展,2025
華碩,12,24,-18,-6,2025-04-23,2025-05-12,12,11.05,2025-05-20,Computex電腦展,2025
華碩,12,25,-18,-5,2025-04-23,2025-05-13,13,11.97,2025-05-20,Computex電腦展,2025
華碩,12,26,-18,-4,2025-04-23,2025-05-14,14,14.55,2025-05-20,Computex電腦展,2025
華碩,12,27,-18,-3,2025-04-23,2025-05-15,15,15.65,2025-05-20,Computex電腦展,2025
華碩,12,28,-18,-2,2025-04-23,2025-05-16,16,16.76,2025-05-20,Computex電腦展,2025
華碩,12,29,-18,-1,2025-04-23,2025-05-19,17,14.36,2025-05-20,Computex電腦展,2025
華碩,12,30,-18,0,2025-04-23,2025-05-20,18,16.39,2025-05-20,Computex電腦展,2025
華碩,12,31,-18,1,2025-04-23,2025-05-21,19,15.65,2025-05-20,Computex電腦展,2025
華碩,12,32,-18,2,2025-04-23,2025-05-22,20,16.39,2025-05-20,Computex電腦展,2025
華碩,12,33,-18,3,2025-04-23,2025-05-23,21,14.55,2025-05-20,Computex電腦展,2025
華碩,12,34,-18,4,2025-04-23,2025-05-26,22,15.47,2025-05-20,Computex電腦展,2025
華碩,12,35,-18,5,2025-04-23,2025-05-27,23,11.97,2025-05-20,Computex電腦展,2025
華碩,12,36,-18,6,2025-04-23,2025-05-28,24,14.0,2025-05-20,Computex電腦展,2025
華碩,12,37,-18,7,2025-04-23,2025-05-29,25,15.1,2025-05-20,Computex電腦展,2025
華碩,12,38,-18,8,2025-04-23,2025-06-02,26,14.55,2025-05-20,Computex電腦展,2025
華碩,12,39,-18,9,2025-04-23,2025-06-03,27,17.5,2025-05-20,Computex電腦展,2025
華碩,12,40,-18,10,2025-04-23,2025-06-04,28,17.5,2025-05-20,Computex電腦展,2025
華碩,12,41,-18,11,2025-04-23,2025-06-05,29,18.23,2025-05-20,Computex電腦展,2025
華碩,12,42,-18,12,2025-04-23,2025-06-06,30,18.78,2025-05-20,Computex電腦展,2025
華碩,12,43,-18,13,2025-04-23,2025-06-09,31,18.97,2025-05-20,Computex電腦展,2025
華碩,12,44,-18,14,2025-04-23,2025-06-10,32,21.36,2025-05-20,Computex電腦展,2025
華碩,12,45,-18,15,2025-04-23,2025-06-11,33,24.31,2025-05-20,Computex電腦展,2025
華碩,12,46,-18,16,2025-04-23,2025-06-12,34,25.6,2025-05-20,Computex電腦展,2025
華碩,13,14,-17,-16,2025-04-24,2025-04-25,1,8.64,2025-05-20,Computex電腦展,2025
華碩,13,15,-17,-15,2025-04-24,2025-04-28,2,7.17,2025-05-20,Computex電腦展,2025
華碩,13,16,-17,-14,2025-04-24,2025-04-29,3,7.72,2025-05-20,Computex電腦展,2025
華碩,13,17,-17,-13,2025-04-24,2025-04-30,4,6.62,2025-05-20,Computex電腦展,2025
華碩,13,18,-17,-12,2025-04-24,2025-05-02,5,8.46,2025-05-20,Computex電腦展,2025
華碩,13,19,-17,-11,2025-04-24,2025-05-05,6,5.7,2025-05-20,Computex電腦展,2025
華碩,13,20,-17,-10,2025-04-24,2025-05-06,7,7.9,2025-05-20,Computex電腦展,2025
華碩,13,21,-17,-9,2025-04-24,2025-05-07,8,9.19,2025-05-20,Computex電腦展,2025
華碩,13,22,-17,-8,2025-04-24,2025-05-08,9,9.19,2025-05-20,Computex電腦展,2025
華碩,13,23,-17,-7,2025-04-24,2025-05-09,10,10.66,2025-05-20,Computex電腦展,2025
華碩,13,24,-17,-6,2025-04-24,2025-05-12,11,10.85,2025-05-20,Computex電腦展,2025
華碩,13,25,-17,-5,2025-04-24,2025-05-13,12,11.76,2025-05-20,Computex電腦展,2025
華碩,13,26,-17,-4,2025-04-24,2025-05-14,13,14.34,2025-05-20,Computex電腦展,2025
華碩,13,27,-17,-3,2025-04-24,2025-05-15,14,15.44,2025-05-20,Computex電腦展,2025
華碩,13,28,-17,-2,2025-04-24,2025-05-16,15,16.54,2025-05-20,Computex電腦展,2025
華碩,13,29,-17,-1,2025-04-24,2025-05-19,16,14.15,2025-05-20,Computex電腦展,2025
華碩,13,30,-17,0,2025-04-24,2025-05-20,17,16.18,2025-05-20,Computex電腦展,2025
華碩,13,31,-17,1,2025-04-24,2025-05-21,18,15.44,2025-05-20,Computex電腦展,2025
華碩,13,32,-17,2,2025-04-24,2025-05-22,19,16.18,2025-05-20,Computex電腦展,2025
華碩,13,33,-17,3,2025-04-24,2025-05-23,20,14.34,2025-05-20,Computex電腦展,2025
華碩,13,34,-17,4,2025-04-24,2025-05-26,21,15.26,2025-05-20,Computex電腦展,2025
華碩,13,35,-17,5,2025-04-24,2025-05-27,22,11.76,2025-05-20,Computex電腦展,2025
華碩,13,36,-17,6,2025-04-24,2025-05-28,23,13.79,2025-05-20,Computex電腦展,2025
華碩,13,37,-17,7,2025-04-24,2025-05-29,24,14.89,2025-05-20,Computex電腦展,2025
華碩,13,38,-17,8,2025-04-24,2025-06-02,25,14.34,2025-05-20,Computex電腦展,2025
華碩,13,39,-17,9,2025-04-24,2025-06-03,26,17.28,2025-05-20,Computex電腦展,2025
華碩,13,40,-17,10,2025-04-24,2025-06-04,27,17.28,2025-05-20,Computex電腦展,2025
華碩,13,41,-17,11,2025-04-24,2025-06-05,28,18.01,2025-05-20,Computex電腦展,2025
華碩,13,42,-17,12,2025-04-24,2025-06-06,29,18.57,2025-05-20,Computex電腦展,2025
華碩,13,43,-17,13,2025-04-24,2025-06-09,30,18.75,2025-05-20,Computex電腦展,2025
華碩,13,44,-17,14,2025-04-24,2025-06-10,31,21.14,2025-05-20,Computex電腦展,2025
華碩,13,45,-17,15,2025-04-24,2025-06-11,32,24.08,2025-05-20,Computex電腦展,2025
華碩,13,46,-17,16,2025-04-24,2025-06-12,33,25.37,2025-05-20,Computex電腦展,2025
華碩,14,15,-16,-15,2025-04-25,2025-04-28,1,-1.35,2025-05-20,Computex電腦展,2025
華碩,14,16,-16,-14,2025-04-25,2025-04-29,2,-0.85,2025-05-20,Computex電腦展,2025
華碩,14,17,-16,-13,2025-04-25,2025-04-30,3,-1.86,2025-05-20,Computex電腦展,2025
華碩,14,18,-16,-12,2025-04-25,2025-05-02,4,-0.17,2025-05-20,Computex電腦展,2025
華碩,14,19,-16,-11,2025-04-25,2025-05-05,5,-2.71,2025-05-20,Computex電腦展,2025
華碩,14,20,-16,-10,2025-04-25,2025-05-06,6,-0.68,2025-05-20,Computex電腦展,2025
華碩,14,21,-16,-9,2025-04-25,2025-05-07,7,0.51,2025-05-20,Computex電腦展,2025
華碩,14,22,-16,-8,2025-04-25,2025-05-08,8,0.51,2025-05-20,Computex電腦展,2025
華碩,14,23,-16,-7,2025-04-25,2025-05-09,9,1.86,2025-05-20,Computex電腦展,2025
華碩,14,24,-16,-6,2025-04-25,2025-05-12,10,2.03,2025-05-20,Computex電腦展,2025
華碩,14,25,-16,-5,2025-04-25,2025-05-13,11,2.88,2025-05-20,Computex電腦展,2025
華碩,14,26,-16,-4,2025-04-25,2025-05-14,12,5.25,2025-05-20,Computex電腦展,2025
華碩,14,27,-16,-3,2025-04-25,2025-05-15,13,6.26,2025-05-20,Computex電腦展,2025
華碩,14,28,-16,-2,2025-04-25,2025-05-16,14,7.28,2025-05-20,Computex電腦展,2025
華碩,14,29,-16,-1,2025-04-25,2025-05-19,15,5.08,2025-05-20,Computex電腦展,2025
華碩,14,30,-16,0,2025-04-25,2025-05-20,16,6.94,2025-05-20,Computex電腦展,2025
華碩,14,31,-16,1,2025-04-25,2025-05-21,17,6.26,2025-05-20,Computex電腦展,2025
華碩,14,32,-16,2,2025-04-25,2025-05-22,18,6.94,2025-05-20,Computex電腦展,2025
華碩,14,33,-16,3,2025-04-25,2025-05-23,19,5.25,2025-05-20,Computex電腦展,2025
華碩,14,34,-16,4,2025-04-25,2025-05-26,20,6.09,2025-05-20,Computex電腦展,2025
華碩,14,35,-16,5,2025-04-25,2025-05-27,21,2.88,2025-05-20,Computex電腦展,2025
華碩,14,36,-16,6,2025-04-25,2025-05-28,22,4.74,2025-05-20,Computex電腦展,2025
華碩,14,37,-16,7,2025-04-25,2025-05-29,23,5.75,2025-05-20,Computex電腦展,2025
華碩,14,38,-16,8,2025-04-25,2025-06-02,24,5.25,2025-05-20,Computex電腦展,2025
華碩,14,39,-16,9,2025-04-25,2025-06-03,25,7.95,2025-05-20,Computex電腦展,2025
華碩,14,40,-16,10,2025-04-25,2025-06-04,26,7.95,2025-05-20,Computex電腦展,2025
華碩,14,41,-16,11,2025-04-25,2025-06-05,27,8.63,2025-05-20,Computex電腦展,2025
華碩,14,42,-16,12,2025-04-25,2025-06-06,28,9.14,2025-05-20,Computex電腦展,2025
華碩,14,43,-16,13,2025-04-25,2025-06-09,29,9.31,2025-05-20,Computex電腦展,2025
華碩,14,44,-16,14,2025-04-25,2025-06-10,30,11.51,2025-05-20,Computex電腦展,2025
華碩,14,45,-16,15,2025-04-25,2025-06-11,31,14.21,2025-05-20,Computex電腦展,2025
華碩,14,46,-16,16,2025-04-25,2025-06-12,32,15.4,2025-05-20,Computex電腦展,2025
華碩,15,16,-15,-14,2025-04-28,2025-04-29,1,0.51,2025-05-20,Computex電腦展,2025
華碩,15,17,-15,-13,2025-04-28,2025-04-30,2,-0.51,2025-05-20,Computex電腦展,2025
華碩,15,18,-15,-12,2025-04-28,2025-05-02,3,1.2,2025-05-20,Computex電腦展,2025
華碩,15,19,-15,-11,2025-04-28,2025-05-05,4,-1.37,2025-05-20,Computex電腦展,2025
華碩,15,20,-15,-10,2025-04-28,2025-05-06,5,0.69,2025-05-20,Computex電腦展,2025
華碩,15,21,-15,-9,2025-04-28,2025-05-07,6,1.89,2025-05-20,Computex電腦展,2025
華碩,15,22,-15,-8,2025-04-28,2025-05-08,7,1.89,2025-05-20,Computex電腦展,2025
華碩,15,23,-15,-7,2025-04-28,2025-05-09,8,3.26,2025-05-20,Computex電腦展,2025
華碩,15,24,-15,-6,2025-04-28,2025-05-12,9,3.43,2025-05-20,Computex電腦展,2025
華碩,15,25,-15,-5,2025-04-28,2025-05-13,10,4.29,2025-05-20,Computex電腦展,2025
華碩,15,26,-15,-4,2025-04-28,2025-05-14,11,6.69,2025-05-20,Computex電腦展,2025
華碩,15,27,-15,-3,2025-04-28,2025-05-15,12,7.72,2025-05-20,Computex電腦展,2025
華碩,15,28,-15,-2,2025-04-28,2025-05-16,13,8.75,2025-05-20,Computex電腦展,2025
華碩,15,29,-15,-1,2025-04-28,2025-05-19,14,6.52,2025-05-20,Computex電腦展,2025
華碩,15,30,-15,0,2025-04-28,2025-05-20,15,8.4,2025-05-20,Computex電腦展,2025
華碩,15,31,-15,1,2025-04-28,2025-05-21,16,7.72,2025-05-20,Computex電腦展,2025
華碩,15,32,-15,2,2025-04-28,2025-05-22,17,8.4,2025-05-20,Computex電腦展,2025
華碩,15,33,-15,3,2025-04-28,2025-05-23,18,6.69,2025-05-20,Computex電腦展,2025
華碩,15,34,-15,4,2025-04-28,2025-05-26,19,7.55,2025-05-20,Computex電腦展,2025
華碩,15,35,-15,5,2025-04-28,2025-05-27,20,4.29,2025-05-20,Computex電腦展,2025
華碩,15,36,-15,6,2025-04-28,2025-05-28,21,6.17,2025-05-20,Computex電腦展,2025
華碩,15,37,-15,7,2025-04-28,2025-05-29,22,7.2,2025-05-20,Computex電腦展,2025
華碩,15,38,-15,8,2025-04-28,2025-06-02,23,6.69,2025-05-20,Computex電腦展,2025
華碩,15,39,-15,9,2025-04-28,2025-06-03,24,9.43,2025-05-20,Computex電腦展,2025
華碩,15,40,-15,10,2025-04-28,2025-06-04,25,9.43,2025-05-20,Computex電腦展,2025
華碩,15,41,-15,11,2025-04-28,2025-06-05,26,10.12,2025-05-20,Computex電腦展,2025
華碩,15,42,-15,12,2025-04-28,2025-06-06,27,10.63,2025-05-20,Computex電腦展,2025
華碩,15,43,-15,13,2025-04-28,2025-06-09,28,10.81,2025-05-20,Computex電腦展,2025
華碩,15,44,-15,14,2025-04-28,2025-06-10,29,13.04,2025-05-20,Computex電腦展,2025
華碩,15,45,-15,15,2025-04-28,2025-06-11,30,15.78,2025-05-20,Computex電腦展,2025
華碩,15,46,-15,16,2025-04-28,2025-06-12,31,16.98,2025-05-20,Computex電腦展,2025
華碩,16,17,-14,-13,2025-04-29,2025-04-30,1,-1.02,2025-05-20,Computex電腦展,2025
華碩,16,18,-14,-12,2025-04-29,2025-05-02,2,0.68,2025-05-20,Computex電腦展,2025
華碩,16,19,-14,-11,2025-04-29,2025-05-05,3,-1.88,2025-05-20,Computex電腦展,2025
華碩,16,20,-14,-10,2025-04-29,2025-05-06,4,0.17,2025-05-20,Computex電腦展,2025
華碩,16,21,-14,-9,2025-04-29,2025-05-07,5,1.37,2025-05-20,Computex電腦展,2025
華碩,16,22,-14,-8,2025-04-29,2025-05-08,6,1.37,2025-05-20,Computex電腦展,2025
華碩,16,23,-14,-7,2025-04-29,2025-05-09,7,2.73,2025-05-20,Computex電腦展,2025
華碩,16,24,-14,-6,2025-04-29,2025-05-12,8,2.9,2025-05-20,Computex電腦展,2025
華碩,16,25,-14,-5,2025-04-29,2025-05-13,9,3.75,2025-05-20,Computex電腦展,2025
華碩,16,26,-14,-4,2025-04-29,2025-05-14,10,6.14,2025-05-20,Computex電腦展,2025
華碩,16,27,-14,-3,2025-04-29,2025-05-15,11,7.17,2025-05-20,Computex電腦展,2025
華碩,16,28,-14,-2,2025-04-29,2025-05-16,12,8.19,2025-05-20,Computex電腦展,2025
華碩,16,29,-14,-1,2025-04-29,2025-05-19,13,5.97,2025-05-20,Computex電腦展,2025
華碩,16,30,-14,0,2025-04-29,2025-05-20,14,7.85,2025-05-20,Computex電腦展,2025
華碩,16,31,-14,1,2025-04-29,2025-05-21,15,7.17,2025-05-20,Computex電腦展,2025
華碩,16,32,-14,2,2025-04-29,2025-05-22,16,7.85,2025-05-20,Computex電腦展,2025
華碩,16,33,-14,3,2025-04-29,2025-05-23,17,6.14,2025-05-20,Computex電腦展,2025
華碩,16,34,-14,4,2025-04-29,2025-05-26,18,7.0,2025-05-20,Computex電腦展,2025
華碩,16,35,-14,5,2025-04-29,2025-05-27,19,3.75,2025-05-20,Computex電腦展,2025
華碩,16,36,-14,6,2025-04-29,2025-05-28,20,5.63,2025-05-20,Computex電腦展,2025
華碩,16,37,-14,7,2025-04-29,2025-05-29,21,6.66,2025-05-20,Computex電腦展,2025
華碩,16,38,-14,8,2025-04-29,2025-06-02,22,6.14,2025-05-20,Computex電腦展,2025
華碩,16,39,-14,9,2025-04-29,2025-06-03,23,8.87,2025-05-20,Computex電腦展,2025
華碩,16,40,-14,10,2025-04-29,2025-06-04,24,8.87,2025-05-20,Computex電腦展,2025
華碩,16,41,-14,11,2025-04-29,2025-06-05,25,9.56,2025-05-20,Computex電腦展,2025
華碩,16,42,-14,12,2025-04-29,2025-06-06,26,10.07,2025-05-20,Computex電腦展,2025
華碩,16,43,-14,13,2025-04-29,2025-06-09,27,10.24,2025-05-20,Computex電腦展,2025
華碩,16,44,-14,14,2025-04-29,2025-06-10,28,12.46,2025-05-20,Computex電腦展,2025
華碩,16,45,-14,15,2025-04-29,2025-06-11,29,15.19,2025-05-20,Computex電腦展,2025
華碩,16,46,-14,16,2025-04-29,2025-06-12,30,16.38,2025-05-20,Computex電腦展,2025
華碩,17,18,-13,-12,2025-04-30,2025-05-02,1,1.72,2025-05-20,Computex電腦展,2025
華碩,17,19,-13,-11,2025-04-30,2025-05-05,2,-0.86,2025-05-20,Computex電腦展,2025
華碩,17,20,-13,-10,2025-04-30,2025-05-06,3,1.21,2025-05-20,Computex電腦展,2025
華碩,17,21,-13,-9,2025-04-30,2025-05-07,4,2.41,2025-05-20,Computex電腦展,2025
華碩,17,22,-13,-8,2025-04-30,2025-05-08,5,2.41,2025-05-20,Computex電腦展,2025
華碩,17,23,-13,-7,2025-04-30,2025-05-09,6,3.79,2025-05-20,Computex電腦展,2025
華碩,17,24,-13,-6,2025-04-30,2025-05-12,7,3.97,2025-05-20,Computex電腦展,2025
華碩,17,25,-13,-5,2025-04-30,2025-05-13,8,4.83,2025-05-20,Computex電腦展,2025
華碩,17,26,-13,-4,2025-04-30,2025-05-14,9,7.24,2025-05-20,Computex電腦展,2025
華碩,17,27,-13,-3,2025-04-30,2025-05-15,10,8.28,2025-05-20,Computex電腦展,2025
華碩,17,28,-13,-2,2025-04-30,2025-05-16,11,9.31,2025-05-20,Computex電腦展,2025
華碩,17,29,-13,-1,2025-04-30,2025-05-19,12,7.07,2025-05-20,Computex電腦展,2025
華碩,17,30,-13,0,2025-04-30,2025-05-20,13,8.97,2025-05-20,Computex電腦展,2025
華碩,17,31,-13,1,2025-04-30,2025-05-21,14,8.28,2025-05-20,Computex電腦展,2025
華碩,17,32,-13,2,2025-04-30,2025-05-22,15,8.97,2025-05-20,Computex電腦展,2025
華碩,17,33,-13,3,2025-04-30,2025-05-23,16,7.24,2025-05-20,Computex電腦展,2025
華碩,17,34,-13,4,2025-04-30,2025-05-26,17,8.1,2025-05-20,Computex電腦展,2025
華碩,17,35,-13,5,2025-04-30,2025-05-27,18,4.83,2025-05-20,Computex電腦展,2025
華碩,17,36,-13,6,2025-04-30,2025-05-28,19,6.72,2025-05-20,Computex電腦展,2025
華碩,17,37,-13,7,2025-04-30,2025-05-29,20,7.76,2025-05-20,Computex電腦展,2025
華碩,17,38,-13,8,2025-04-30,2025-06-02,21,7.24,2025-05-20,Computex電腦展,2025
華碩,17,39,-13,9,2025-04-30,2025-06-03,22,10.0,2025-05-20,Computex電腦展,2025
華碩,17,40,-13,10,2025-04-30,2025-06-04,23,10.0,2025-05-20,Computex電腦展,2025
華碩,17,41,-13,11,2025-04-30,2025-06-05,24,10.69,2025-05-20,Computex電腦展,2025
華碩,17,42,-13,12,2025-04-30,2025-06-06,25,11.21,2025-05-20,Computex電腦展,2025
華碩,17,43,-13,13,2025-04-30,2025-06-09,26,11.38,2025-05-20,Computex電腦展,2025
華碩,17,44,-13,14,2025-04-30,2025-06-10,27,13.62,2025-05-20,Computex電腦展,2025
華碩,17,45,-13,15,2025-04-30,2025-06-11,28,16.38,2025-05-20,Computex電腦展,2025
華碩,17,46,-13,16,2025-04-30,2025-06-12,29,17.59,2025-05-20,Computex電腦展,2025
華碩,18,19,-12,-11,2025-05-02,2025-05-05,1,-2.54,2025-05-20,Computex電腦展,2025
華碩,18,20,-12,-10,2025-05-02,2025-05-06,2,-0.51,2025-05-20,Computex電腦展,2025
華碩,18,21,-12,-9,2025-05-02,2025-05-07,3,0.68,2025-05-20,Computex電腦展,2025
華碩,18,22,-12,-8,2025-05-02,2025-05-08,4,0.68,2025-05-20,Computex電腦展,2025
華碩,18,23,-12,-7,2025-05-02,2025-05-09,5,2.03,2025-05-20,Computex電腦展,2025
華碩,18,24,-12,-6,2025-05-02,2025-05-12,6,2.2,2025-05-20,Computex電腦展,2025
華碩,18,25,-12,-5,2025-05-02,2025-05-13,7,3.05,2025-05-20,Computex電腦展,2025
華碩,18,26,-12,-4,2025-05-02,2025-05-14,8,5.42,2025-05-20,Computex電腦展,2025
華碩,18,27,-12,-3,2025-05-02,2025-05-15,9,6.44,2025-05-20,Computex電腦展,2025
華碩,18,28,-12,-2,2025-05-02,2025-05-16,10,7.46,2025-05-20,Computex電腦展,2025
華碩,18,29,-12,-1,2025-05-02,2025-05-19,11,5.25,2025-05-20,Computex電腦展,2025
華碩,18,30,-12,0,2025-05-02,2025-05-20,12,7.12,2025-05-20,Computex電腦展,2025
華碩,18,31,-12,1,2025-05-02,2025-05-21,13,6.44,2025-05-20,Computex電腦展,2025
華碩,18,32,-12,2,2025-05-02,2025-05-22,14,7.12,2025-05-20,Computex電腦展,2025
華碩,18,33,-12,3,2025-05-02,2025-05-23,15,5.42,2025-05-20,Computex電腦展,2025
華碩,18,34,-12,4,2025-05-02,2025-05-26,16,6.27,2025-05-20,Computex電腦展,2025
華碩,18,35,-12,5,2025-05-02,2025-05-27,17,3.05,2025-05-20,Computex電腦展,2025
華碩,18,36,-12,6,2025-05-02,2025-05-28,18,4.92,2025-05-20,Computex電腦展,2025
華碩,18,37,-12,7,2025-05-02,2025-05-29,19,5.93,2025-05-20,Computex電腦展,2025
華碩,18,38,-12,8,2025-05-02,2025-06-02,20,5.42,2025-05-20,Computex電腦展,2025
華碩,18,39,-12,9,2025-05-02,2025-06-03,21,8.14,2025-05-20,Computex電腦展,2025
華碩,18,40,-12,10,2025-05-02,2025-06-04,22,8.14,2025-05-20,Computex電腦展,2025
華碩,18,41,-12,11,2025-05-02,2025-06-05,23,8.81,2025-05-20,Computex電腦展,2025
華碩,18,42,-12,12,2025-05-02,2025-06-06,24,9.32,2025-05-20,Computex電腦展,2025
華碩,18,43,-12,13,2025-05-02,2025-06-09,25,9.49,2025-05-20,Computex電腦展,2025
華碩,18,44,-12,14,2025-05-02,2025-06-10,26,11.69,2025-05-20,Computex電腦展,2025
華碩,18,45,-12,15,2025-05-02,2025-06-11,27,14.41,2025-05-20,Computex電腦展,2025
華碩,18,46,-12,16,2025-05-02,2025-06-12,28,15.59,2025-05-20,Computex電腦展,2025
華碩,19,20,-11,-10,2025-05-05,2025-05-06,1,2.09,2025-05-20,Computex電腦展,2025
華碩,19,21,-11,-9,2025-05-05,2025-05-07,2,3.3,2025-05-20,Computex電腦展,2025
華碩,19,22,-11,-8,2025-05-05,2025-05-08,3,3.3,2025-05-20,Computex電腦展,2025
華碩,19,23,-11,-7,2025-05-05,2025-05-09,4,4.7,2025-05-20,Computex電腦展,2025
華碩,19,24,-11,-6,2025-05-05,2025-05-12,5,4.87,2025-05-20,Computex電腦展,2025
華碩,19,25,-11,-5,2025-05-05,2025-05-13,6,5.74,2025-05-20,Computex電腦展,2025
華碩,19,26,-11,-4,2025-05-05,2025-05-14,7,8.17,2025-05-20,Computex電腦展,2025
華碩,19,27,-11,-3,2025-05-05,2025-05-15,8,9.22,2025-05-20,Computex電腦展,2025
華碩,19,28,-11,-2,2025-05-05,2025-05-16,9,10.26,2025-05-20,Computex電腦展,2025
華碩,19,29,-11,-1,2025-05-05,2025-05-19,10,8.0,2025-05-20,Computex電腦展,2025
華碩,19,30,-11,0,2025-05-05,2025-05-20,11,9.91,2025-05-20,Computex電腦展,2025
華碩,19,31,-11,1,2025-05-05,2025-05-21,12,9.22,2025-05-20,Computex電腦展,2025
華碩,19,32,-11,2,2025-05-05,2025-05-22,13,9.91,2025-05-20,Computex電腦展,2025
華碩,19,33,-11,3,2025-05-05,2025-05-23,14,8.17,2025-05-20,Computex電腦展,2025
華碩,19,34,-11,4,2025-05-05,2025-05-26,15,9.04,2025-05-20,Computex電腦展,2025
華碩,19,35,-11,5,2025-05-05,2025-05-27,16,5.74,2025-05-20,Computex電腦展,2025
華碩,19,36,-11,6,2025-05-05,2025-05-28,17,7.65,2025-05-20,Computex電腦展,2025
華碩,19,37,-11,7,2025-05-05,2025-05-29,18,8.7,2025-05-20,Computex電腦展,2025
華碩,19,38,-11,8,2025-05-05,2025-06-02,19,8.17,2025-05-20,Computex電腦展,2025
華碩,19,39,-11,9,2025-05-05,2025-06-03,20,10.96,2025-05-20,Computex電腦展,2025
華碩,19,40,-11,10,2025-05-05,2025-06-04,21,10.96,2025-05-20,Computex電腦展,2025
華碩,19,41,-11,11,2025-05-05,2025-06-05,22,11.65,2025-05-20,Computex電腦展,2025
華碩,19,42,-11,12,2025-05-05,2025-06-06,23,12.17,2025-05-20,Computex電腦展,2025
華碩,19,43,-11,13,2025-05-05,2025-06-09,24,12.35,2025-05-20,Computex電腦展,2025
華碩,19,44,-11,14,2025-05-05,2025-06-10,25,14.61,2025-05-20,Computex電腦展,2025
華碩,19,45,-11,15,2025-05-05,2025-06-11,26,17.39,2025-05-20,Computex電腦展,2025
華碩,19,46,-11,16,2025-05-05,2025-06-12,27,18.61,2025-05-20,Computex電腦展,2025
華碩,20,21,-10,-9,2025-05-06,2025-05-07,1,1.19,2025-05-20,Computex電腦展,2025
華碩,20,22,-10,-8,2025-05-06,2025-05-08,2,1.19,2025-05-20,Computex電腦展,2025
華碩,20,23,-10,-7,2025-05-06,2025-05-09,3,2.56,2025-05-20,Computex電腦展,2025
華碩,20,24,-10,-6,2025-05-06,2025-05-12,4,2.73,2025-05-20,Computex電腦展,2025
華碩,20,25,-10,-5,2025-05-06,2025-05-13,5,3.58,2025-05-20,Computex電腦展,2025
華碩,20,26,-10,-4,2025-05-06,2025-05-14,6,5.96,2025-05-20,Computex電腦展,2025
華碩,20,27,-10,-3,2025-05-06,2025-05-15,7,6.98,2025-05-20,Computex電腦展,2025
華碩,20,28,-10,-2,2025-05-06,2025-05-16,8,8.01,2025-05-20,Computex電腦展,2025
華碩,20,29,-10,-1,2025-05-06,2025-05-19,9,5.79,2025-05-20,Computex電腦展,2025
華碩,20,30,-10,0,2025-05-06,2025-05-20,10,7.67,2025-05-20,Computex電腦展,2025
華碩,20,31,-10,1,2025-05-06,2025-05-21,11,6.98,2025-05-20,Computex電腦展,2025
華碩,20,32,-10,2,2025-05-06,2025-05-22,12,7.67,2025-05-20,Computex電腦展,2025
華碩,20,33,-10,3,2025-05-06,2025-05-23,13,5.96,2025-05-20,Computex電腦展,2025
華碩,20,34,-10,4,2025-05-06,2025-05-26,14,6.81,2025-05-20,Computex電腦展,2025
華碩,20,35,-10,5,2025-05-06,2025-05-27,15,3.58,2025-05-20,Computex電腦展,2025
華碩,20,36,-10,6,2025-05-06,2025-05-28,16,5.45,2025-05-20,Computex電腦展,2025
華碩,20,37,-10,7,2025-05-06,2025-05-29,17,6.47,2025-05-20,Computex電腦展,2025
華碩,20,38,-10,8,2025-05-06,2025-06-02,18,5.96,2025-05-20,Computex電腦展,2025
華碩,20,39,-10,9,2025-05-06,2025-06-03,19,8.69,2025-05-20,Computex電腦展,2025
華碩,20,40,-10,10,2025-05-06,2025-06-04,20,8.69,2025-05-20,Computex電腦展,2025
華碩,20,41,-10,11,2025-05-06,2025-06-05,21,9.37,2025-05-20,Computex電腦展,2025
華碩,20,42,-10,12,2025-05-06,2025-06-06,22,9.88,2025-05-20,Computex電腦展,2025
華碩,20,43,-10,13,2025-05-06,2025-06-09,23,10.05,2025-05-20,Computex電腦展,2025
華碩,20,44,-10,14,2025-05-06,2025-06-10,24,12.27,2025-05-20,Computex電腦展,2025
華碩,20,45,-10,15,2025-05-06,2025-06-11,25,14.99,2025-05-20,Computex電腦展,2025
華碩,20,46,-10,16,2025-05-06,2025-06-12,26,16.18,2025-05-20,Computex電腦展,2025
華碩,21,22,-9,-8,2025-05-07,2025-05-08,1,0.0,2025-05-20,Computex電腦展,2025
華碩,21,23,-9,-7,2025-05-07,2025-05-09,2,1.35,2025-05-20,Computex電腦展,2025
華碩,21,24,-9,-6,2025-05-07,2025-05-12,3,1.52,2025-05-20,Computex電腦展,2025
華碩,21,25,-9,-5,2025-05-07,2025-05-13,4,2.36,2025-05-20,Computex電腦展,2025
華碩,21,26,-9,-4,2025-05-07,2025-05-14,5,4.71,2025-05-20,Computex電腦展,2025
華碩,21,27,-9,-3,2025-05-07,2025-05-15,6,5.72,2025-05-20,Computex電腦展,2025
華碩,21,28,-9,-2,2025-05-07,2025-05-16,7,6.73,2025-05-20,Computex電腦展,2025
華碩,21,29,-9,-1,2025-05-07,2025-05-19,8,4.55,2025-05-20,Computex電腦展,2025
華碩,21,30,-9,0,2025-05-07,2025-05-20,9,6.4,2025-05-20,Computex電腦展,2025
華碩,21,31,-9,1,2025-05-07,2025-05-21,10,5.72,2025-05-20,Computex電腦展,2025
華碩,21,32,-9,2,2025-05-07,2025-05-22,11,6.4,2025-05-20,Computex電腦展,2025
華碩,21,33,-9,3,2025-05-07,2025-05-23,12,4.71,2025-05-20,Computex電腦展,2025
華碩,21,34,-9,4,2025-05-07,2025-05-26,13,5.56,2025-05-20,Computex電腦展,2025
華碩,21,35,-9,5,2025-05-07,2025-05-27,14,2.36,2025-05-20,Computex電腦展,2025
華碩,21,36,-9,6,2025-05-07,2025-05-28,15,4.21,2025-05-20,Computex電腦展,2025
華碩,21,37,-9,7,2025-05-07,2025-05-29,16,5.22,2025-05-20,Computex電腦展,2025
華碩,21,38,-9,8,2025-05-07,2025-06-02,17,4.71,2025-05-20,Computex電腦展,2025
華碩,21,39,-9,9,2025-05-07,2025-06-03,18,7.41,2025-05-20,Computex電腦展,2025
華碩,21,40,-9,10,2025-05-07,2025-06-04,19,7.41,2025-05-20,Computex電腦展,2025
華碩,21,41,-9,11,2025-05-07,2025-06-05,20,8.08,2025-05-20,Computex電腦展,2025
華碩,21,42,-9,12,2025-05-07,2025-06-06,21,8.59,2025-05-20,Computex電腦展,2025
華碩,21,43,-9,13,2025-05-07,2025-06-09,22,8.75,2025-05-20,Computex電腦展,2025
華碩,21,44,-9,14,2025-05-07,2025-06-10,23,10.94,2025-05-20,Computex電腦展,2025
華碩,21,45,-9,15,2025-05-07,2025-06-11,24,13.64,2025-05-20,Computex電腦展,2025
華碩,21,46,-9,16,2025-05-07,2025-06-12,25,14.81,2025-05-20,Computex電腦展,2025
華碩,22,23,-8,-7,2025-05-08,2025-05-09,1,1.35,2025-05-20,Computex電腦展,2025
華碩,22,24,-8,-6,2025-05-08,2025-05-12,2,1.52,2025-05-20,Computex電腦展,2025
華碩,22,25,-8,-5,2025-05-08,2025-05-13,3,2.36,2025-05-20,Computex電腦展,2025
華碩,22,26,-8,-4,2025-05-08,2025-05-14,4,4.71,2025-05-20,Computex電腦展,2025
華碩,22,27,-8,-3,2025-05-08,2025-05-15,5,5.72,2025-05-20,Computex電腦展,2025
華碩,22,28,-8,-2,2025-05-08,2025-05-16,6,6.73,2025-05-20,Computex電腦展,2025
華碩,22,29,-8,-1,2025-05-08,2025-05-19,7,4.55,2025-05-20,Computex電腦展,2025
華碩,22,30,-8,0,2025-05-08,2025-05-20,8,6.4,2025-05-20,Computex電腦展,2025
華碩,22,31,-8,1,2025-05-08,2025-05-21,9,5.72,2025-05-20,Computex電腦展,2025
華碩,22,32,-8,2,2025-05-08,2025-05-22,10,6.4,2025-05-20,Computex電腦展,2025
華碩,22,33,-8,3,2025-05-08,2025-05-23,11,4.71,2025-05-20,Computex電腦展,2025
華碩,22,34,-8,4,2025-05-08,2025-05-26,12,5.56,2025-05-20,Computex電腦展,2025
華碩,22,35,-8,5,2025-05-08,2025-05-27,13,2.36,2025-05-20,Computex電腦展,2025
華碩,22,36,-8,6,2025-05-08,2025-05-28,14,4.21,2025-05-20,Computex電腦展,2025
華碩,22,37,-8,7,2025-05-08,2025-05-29,15,5.22,2025-05-20,Computex電腦展,2025
華碩,22,38,-8,8,2025-05-08,2025-06-02,16,4.71,2025-05-20,Computex電腦展,2025
華碩,22,39,-8,9,2025-05-08,2025-06-03,17,7.41,2025-05-20,Computex電腦展,2025
華碩,22,40,-8,10,2025-05-08,2025-06-04,18,7.41,2025-05-20,Computex電腦展,2025
華碩,22,41,-8,11,2025-05-08,2025-06-05,19,8.08,2025-05-20,Computex電腦展,2025
華碩,22,42,-8,12,2025-05-08,2025-06-06,20,8.59,2025-05-20,Computex電腦展,2025
華碩,22,43,-8,13,2025-05-08,2025-06-09,21,8.75,2025-05-20,Computex電腦展,2025
華碩,22,44,-8,14,2025-05-08,2025-06-10,22,10.94,2025-05-20,Computex電腦展,2025
華碩,22,45,-8,15,2025-05-08,2025-06-11,23,13.64,2025-05-20,Computex電腦展,2025
華碩,22,46,-8,16,2025-05-08,2025-06-12,24,14.81,2025-05-20,Computex電腦展,2025
華碩,23,24,-7,-6,2025-05-09,2025-05-12,1,0.17,2025-05-20,Computex電腦展,2025
華碩,23,25,-7,-5,2025-05-09,2025-05-13,2,1.0,2025-05-20,Computex電腦展,2025
華碩,23,26,-7,-4,2025-05-09,2025-05-14,3,3.32,2025-05-20,Computex電腦展,2025
華碩,23,27,-7,-3,2025-05-09,2025-05-15,4,4.32,2025-05-20,Computex電腦展,2025
華碩,23,28,-7,-2,2025-05-09,2025-05-16,5,5.32,2025-05-20,Computex電腦展,2025
華碩,23,29,-7,-1,2025-05-09,2025-05-19,6,3.16,2025-05-20,Computex電腦展,2025
華碩,23,30,-7,0,2025-05-09,2025-05-20,7,4.98,2025-05-20,Computex電腦展,2025
華碩,23,31,-7,1,2025-05-09,2025-05-21,8,4.32,2025-05-20,Computex電腦展,2025
華碩,23,32,-7,2,2025-05-09,2025-05-22,9,4.98,2025-05-20,Computex電腦展,2025
華碩,23,33,-7,3,2025-05-09,2025-05-23,10,3.32,2025-05-20,Computex電腦展,2025
華碩,23,34,-7,4,2025-05-09,2025-05-26,11,4.15,2025-05-20,Computex電腦展,2025
華碩,23,35,-7,5,2025-05-09,2025-05-27,12,1.0,2025-05-20,Computex電腦展,2025
華碩,23,36,-7,6,2025-05-09,2025-05-28,13,2.82,2025-05-20,Computex電腦展,2025
華碩,23,37,-7,7,2025-05-09,2025-05-29,14,3.82,2025-05-20,Computex電腦展,2025
華碩,23,38,-7,8,2025-05-09,2025-06-02,15,3.32,2025-05-20,Computex電腦展,2025
華碩,23,39,-7,9,2025-05-09,2025-06-03,16,5.98,2025-05-20,Computex電腦展,2025
華碩,23,40,-7,10,2025-05-09,2025-06-04,17,5.98,2025-05-20,Computex電腦展,2025
華碩,23,41,-7,11,2025-05-09,2025-06-05,18,6.64,2025-05-20,Computex電腦展,2025
華碩,23,42,-7,12,2025-05-09,2025-06-06,19,7.14,2025-05-20,Computex電腦展,2025
華碩,23,43,-7,13,2025-05-09,2025-06-09,20,7.31,2025-05-20,Computex電腦展,2025
華碩,23,44,-7,14,2025-05-09,2025-06-10,21,9.47,2025-05-20,Computex電腦展,2025
華碩,23,45,-7,15,2025-05-09,2025-06-11,22,12.13,2025-05-20,Computex電腦展,2025
華碩,23,46,-7,16,2025-05-09,2025-06-12,23,13.29,2025-05-20,Computex電腦展,2025
華碩,24,25,-6,-5,2025-05-12,2025-05-13,1,0.83,2025-05-20,Computex電腦展,2025
華碩,24,26,-6,-4,2025-05-12,2025-05-14,2,3.15,2025-05-20,Computex電腦展,2025
華碩,24,27,-6,-3,2025-05-12,2025-05-15,3,4.15,2025-05-20,Computex電腦展,2025
華碩,24,28,-6,-2,2025-05-12,2025-05-16,4,5.14,2025-05-20,Computex電腦展,2025
華碩,24,29,-6,-1,2025-05-12,2025-05-19,5,2.99,2025-05-20,Computex電腦展,2025
華碩,24,30,-6,0,2025-05-12,2025-05-20,6,4.81,2025-05-20,Computex電腦展,2025
華碩,24,31,-6,1,2025-05-12,2025-05-21,7,4.15,2025-05-20,Computex電腦展,2025
華碩,24,32,-6,2,2025-05-12,2025-05-22,8,4.81,2025-05-20,Computex電腦展,2025
華碩,24,33,-6,3,2025-05-12,2025-05-23,9,3.15,2025-05-20,Computex電腦展,2025
華碩,24,34,-6,4,2025-05-12,2025-05-26,10,3.98,2025-05-20,Computex電腦展,2025
華碩,24,35,-6,5,2025-05-12,2025-05-27,11,0.83,2025-05-20,Computex電腦展,2025
華碩,24,36,-6,6,2025-05-12,2025-05-28,12,2.65,2025-05-20,Computex電腦展,2025
華碩,24,37,-6,7,2025-05-12,2025-05-29,13,3.65,2025-05-20,Computex電腦展,2025
華碩,24,38,-6,8,2025-05-12,2025-06-02,14,3.15,2025-05-20,Computex電腦展,2025
華碩,24,39,-6,9,2025-05-12,2025-06-03,15,5.8,2025-05-20,Computex電腦展,2025
華碩,24,40,-6,10,2025-05-12,2025-06-04,16,5.8,2025-05-20,Computex電腦展,2025
華碩,24,41,-6,11,2025-05-12,2025-06-05,17,6.47,2025-05-20,Computex電腦展,2025
華碩,24,42,-6,12,2025-05-12,2025-06-06,18,6.97,2025-05-20,Computex電腦展,2025
華碩,24,43,-6,13,2025-05-12,2025-06-09,19,7.13,2025-05-20,Computex電腦展,2025
華碩,24,44,-6,14,2025-05-12,2025-06-10,20,9.29,2025-05-20,Computex電腦展,2025
華碩,24,45,-6,15,2025-05-12,2025-06-11,21,11.94,2025-05-20,Computex電腦展,2025
華碩,24,46,-6,16,2025-05-12,2025-06-12,22,13.1,2025-05-20,Computex電腦展,2025
華碩,25,26,-5,-4,2025-05-13,2025-05-14,1,2.3,2025-05-20,Computex電腦展,2025
華碩,25,27,-5,-3,2025-05-13,2025-05-15,2,3.29,2025-05-20,Computex電腦展,2025
華碩,25,28,-5,-2,2025-05-13,2025-05-16,3,4.28,2025-05-20,Computex電腦展,2025
華碩,25,29,-5,-1,2025-05-13,2025-05-19,4,2.14,2025-05-20,Computex電腦展,2025
華碩,25,30,-5,0,2025-05-13,2025-05-20,5,3.95,2025-05-20,Computex電腦展,2025
華碩,25,31,-5,1,2025-05-13,2025-05-21,6,3.29,2025-05-20,Computex電腦展,2025
華碩,25,32,-5,2,2025-05-13,2025-05-22,7,3.95,2025-05-20,Computex電腦展,2025
華碩,25,33,-5,3,2025-05-13,2025-05-23,8,2.3,2025-05-20,Computex電腦展,2025
華碩,25,34,-5,4,2025-05-13,2025-05-26,9,3.12,2025-05-20,Computex電腦展,2025
華碩,25,35,-5,5,2025-05-13,2025-05-27,10,0.0,2025-05-20,Computex電腦展,2025
華碩,25,36,-5,6,2025-05-13,2025-05-28,11,1.81,2025-05-20,Computex電腦展,2025
華碩,25,37,-5,7,2025-05-13,2025-05-29,12,2.8,2025-05-20,Computex電腦展,2025
華碩,25,38,-5,8,2025-05-13,2025-06-02,13,2.3,2025-05-20,Computex電腦展,2025
華碩,25,39,-5,9,2025-05-13,2025-06-03,14,4.93,2025-05-20,Computex電腦展,2025
華碩,25,40,-5,10,2025-05-13,2025-06-04,15,4.93,2025-05-20,Computex電腦展,2025
華碩,25,41,-5,11,2025-05-13,2025-06-05,16,5.59,2025-05-20,Computex電腦展,2025
華碩,25,42,-5,12,2025-05-13,2025-06-06,17,6.09,2025-05-20,Computex電腦展,2025
華碩,25,43,-5,13,2025-05-13,2025-06-09,18,6.25,2025-05-20,Computex電腦展,2025
華碩,25,44,-5,14,2025-05-13,2025-06-10,19,8.39,2025-05-20,Computex電腦展,2025
華碩,25,45,-5,15,2025-05-13,2025-06-11,20,11.02,2025-05-20,Computex電腦展,2025
華碩,25,46,-5,16,2025-05-13,2025-06-12,21,12.17,2025-05-20,Computex電腦展,2025
華碩,26,27,-4,-3,2025-05-14,2025-05-15,1,0.96,2025-05-20,Computex電腦展,2025
華碩,26,28,-4,-2,2025-05-14,2025-05-16,2,1.93,2025-05-20,Computex電腦展,2025
華碩,26,29,-4,-1,2025-05-14,2025-05-19,3,-0.16,2025-05-20,Computex電腦展,2025
華碩,26,30,-4,0,2025-05-14,2025-05-20,4,1.61,2025-05-20,Computex電腦展,2025
華碩,26,31,-4,1,2025-05-14,2025-05-21,5,0.96,2025-05-20,Computex電腦展,2025
華碩,26,32,-4,2,2025-05-14,2025-05-22,6,1.61,2025-05-20,Computex電腦展,2025
華碩,26,33,-4,3,2025-05-14,2025-05-23,7,0.0,2025-05-20,Computex電腦展,2025
華碩,26,34,-4,4,2025-05-14,2025-05-26,8,0.8,2025-05-20,Computex電腦展,2025
華碩,26,35,-4,5,2025-05-14,2025-05-27,9,-2.25,2025-05-20,Computex電腦展,2025
華碩,26,36,-4,6,2025-05-14,2025-05-28,10,-0.48,2025-05-20,Computex電腦展,2025
華碩,26,37,-4,7,2025-05-14,2025-05-29,11,0.48,2025-05-20,Computex電腦展,2025
華碩,26,38,-4,8,2025-05-14,2025-06-02,12,0.0,2025-05-20,Computex電腦展,2025
華碩,26,39,-4,9,2025-05-14,2025-06-03,13,2.57,2025-05-20,Computex電腦展,2025
華碩,26,40,-4,10,2025-05-14,2025-06-04,14,2.57,2025-05-20,Computex電腦展,2025
華碩,26,41,-4,11,2025-05-14,2025-06-05,15,3.22,2025-05-20,Computex電腦展,2025
華碩,26,42,-4,12,2025-05-14,2025-06-06,16,3.7,2025-05-20,Computex電腦展,2025
華碩,26,43,-4,13,2025-05-14,2025-06-09,17,3.86,2025-05-20,Computex電腦展,2025
華碩,26,44,-4,14,2025-05-14,2025-06-10,18,5.95,2025-05-20,Computex電腦展,2025
華碩,26,45,-4,15,2025-05-14,2025-06-11,19,8.52,2025-05-20,Computex電腦展,2025
華碩,26,46,-4,16,2025-05-14,2025-06-12,20,9.65,2025-05-20,Computex電腦展,2025
華碩,27,28,-3,-2,2025-05-15,2025-05-16,1,0.96,2025-05-20,Computex電腦展,2025
華碩,27,29,-3,-1,2025-05-15,2025-05-19,2,-1.11,2025-05-20,Computex電腦展,2025
華碩,27,30,-3,0,2025-05-15,2025-05-20,3,0.64,2025-05-20,Computex電腦展,2025
華碩,27,31,-3,1,2025-05-15,2025-05-21,4,0.0,2025-05-20,Computex電腦展,2025
華碩,27,32,-3,2,2025-05-15,2025-05-22,5,0.64,2025-05-20,Computex電腦展,2025
華碩,27,33,-3,3,2025-05-15,2025-05-23,6,-0.96,2025-05-20,Computex電腦展,2025
華碩,27,34,-3,4,2025-05-15,2025-05-26,7,-0.16,2025-05-20,Computex電腦展,2025
華碩,27,35,-3,5,2025-05-15,2025-05-27,8,-3.18,2025-05-20,Computex電腦展,2025
華碩,27,36,-3,6,2025-05-15,2025-05-28,9,-1.43,2025-05-20,Computex電腦展,2025
華碩,27,37,-3,7,2025-05-15,2025-05-29,10,-0.48,2025-05-20,Computex電腦展,2025
華碩,27,38,-3,8,2025-05-15,2025-06-02,11,-0.96,2025-05-20,Computex電腦展,2025
華碩,27,39,-3,9,2025-05-15,2025-06-03,12,1.59,2025-05-20,Computex電腦展,2025
華碩,27,40,-3,10,2025-05-15,2025-06-04,13,1.59,2025-05-20,Computex電腦展,2025
華碩,27,41,-3,11,2025-05-15,2025-06-05,14,2.23,2025-05-20,Computex電腦展,2025
華碩,27,42,-3,12,2025-05-15,2025-06-06,15,2.71,2025-05-20,Computex電腦展,2025
華碩,27,43,-3,13,2025-05-15,2025-06-09,16,2.87,2025-05-20,Computex電腦展,2025
華碩,27,44,-3,14,2025-05-15,2025-06-10,17,4.94,2025-05-20,Computex電腦展,2025
華碩,27,45,-3,15,2025-05-15,2025-06-11,18,7.48,2025-05-20,Computex電腦展,2025
華碩,27,46,-3,16,2025-05-15,2025-06-12,19,8.6,2025-05-20,Computex電腦展,2025
華碩,28,29,-2,-1,2025-05-16,2025-05-19,1,-2.05,2025-05-20,Computex電腦展,2025
華碩,28,30,-2,0,2025-05-16,2025-05-20,2,-0.32,2025-05-20,Computex電腦展,2025
華碩,28,31,-2,1,2025-05-16,2025-05-21,3,-0.95,2025-05-20,Computex電腦展,2025
華碩,28,32,-2,2,2025-05-16,2025-05-22,4,-0.32,2025-05-20,Computex電腦展,2025
華碩,28,33,-2,3,2025-05-16,2025-05-23,5,-1.89,2025-05-20,Computex電腦展,2025
華碩,28,34,-2,4,2025-05-16,2025-05-26,6,-1.1,2025-05-20,Computex電腦展,2025
華碩,28,35,-2,5,2025-05-16,2025-05-27,7,-4.1,2025-05-20,Computex電腦展,2025
華碩,28,36,-2,6,2025-05-16,2025-05-28,8,-2.37,2025-05-20,Computex電腦展,2025
華碩,28,37,-2,7,2025-05-16,2025-05-29,9,-1.42,2025-05-20,Computex電腦展,2025
華碩,28,38,-2,8,2025-05-16,2025-06-02,10,-1.89,2025-05-20,Computex電腦展,2025
華碩,28,39,-2,9,2025-05-16,2025-06-03,11,0.63,2025-05-20,Computex電腦展,2025
華碩,28,40,-2,10,2025-05-16,2025-06-04,12,0.63,2025-05-20,Computex電腦展,2025
華碩,28,41,-2,11,2025-05-16,2025-06-05,13,1.26,2025-05-20,Computex電腦展,2025
華碩,28,42,-2,12,2025-05-16,2025-06-06,14,1.74,2025-05-20,Computex電腦展,2025
華碩,28,43,-2,13,2025-05-16,2025-06-09,15,1.89,2025-05-20,Computex電腦展,2025
華碩,28,44,-2,14,2025-05-16,2025-06-10,16,3.94,2025-05-20,Computex電腦展,2025
華碩,28,45,-2,15,2025-05-16,2025-06-11,17,6.47,2025-05-20,Computex電腦展,2025
華碩,28,46,-2,16,2025-05-16,2025-06-12,18,7.57,2025-05-20,Computex電腦展,2025
華碩,29,30,-1,0,2025-05-19,2025-05-20,1,1.77,2025-05-20,Computex電腦展,2025
華碩,29,31,-1,1,2025-05-19,2025-05-21,2,1.13,2025-05-20,Computex電腦展,2025
華碩,29,32,-1,2,2025-05-19,2025-05-22,3,1.77,2025-05-20,Computex電腦展,2025
華碩,29,33,-1,3,2025-05-19,2025-05-23,4,0.16,2025-05-20,Computex電腦展,2025
華碩,29,34,-1,4,2025-05-19,2025-05-26,5,0.97,2025-05-20,Computex電腦展,2025
華碩,29,35,-1,5,2025-05-19,2025-05-27,6,-2.09,2025-05-20,Computex電腦展,2025
華碩,29,36,-1,6,2025-05-19,2025-05-28,7,-0.32,2025-05-20,Computex電腦展,2025
華碩,29,37,-1,7,2025-05-19,2025-05-29,8,0.64,2025-05-20,Computex電腦展,2025
華碩,29,38,-1,8,2025-05-19,2025-06-02,9,0.16,2025-05-20,Computex電腦展,2025
華碩,29,39,-1,9,2025-05-19,2025-06-03,10,2.74,2025-05-20,Computex電腦展,2025
華碩,29,40,-1,10,2025-05-19,2025-06-04,11,2.74,2025-05-20,Computex電腦展,2025
華碩,29,41,-1,11,2025-05-19,2025-06-05,12,3.38,2025-05-20,Computex電腦展,2025
華碩,29,42,-1,12,2025-05-19,2025-06-06,13,3.86,2025-05-20,Computex電腦展,2025
華碩,29,43,-1,13,2025-05-19,2025-06-09,14,4.03,2025-05-20,Computex電腦展,2025
華碩,29,44,-1,14,2025-05-19,2025-06-10,15,6.12,2025-05-20,Computex電腦展,2025
華碩,29,45,-1,15,2025-05-19,2025-06-11,16,8.7,2025-05-20,Computex電腦展,2025
華碩,29,46,-1,16,2025-05-19,2025-06-12,17,9.82,2025-05-20,Computex電腦展,2025
華碩,30,31,0,1,2025-05-20,2025-05-21,1,-0.63,2025-05-20,Computex電腦展,2025
華碩,30,32,0,2,2025-05-20,2025-05-22,2,0.0,2025-05-20,Computex電腦展,2025
華碩,30,33,0,3,2025-05-20,2025-05-23,3,-1.58,2025-05-20,Computex電腦展,2025
華碩,30,34,0,4,2025-05-20,2025-05-26,4,-0.79,2025-05-20,Computex電腦展,2025
華碩,30,35,0,5,2025-05-20,2025-05-27,5,-3.8,2025-05-20,Computex電腦展,2025
華碩,30,36,0,6,2025-05-20,2025-05-28,6,-2.06,2025-05-20,Computex電腦展,2025
華碩,30,37,0,7,2025-05-20,2025-05-29,7,-1.11,2025-05-20,Computex電腦展,2025
華碩,30,38,0,8,2025-05-20,2025-06-02,8,-1.58,2025-05-20,Computex電腦展,2025
華碩,30,39,0,9,2025-05-20,2025-06-03,9,0.95,2025-05-20,Computex電腦展,2025
華碩,30,40,0,10,2025-05-20,2025-06-04,10,0.95,2025-05-20,Computex電腦展,2025
華碩,30,41,0,11,2025-05-20,2025-06-05,11,1.58,2025-05-20,Computex電腦展,2025
華碩,30,42,0,12,2025-05-20,2025-06-06,12,2.06,2025-05-20,Computex電腦展,2025
華碩,30,43,0,13,2025-05-20,2025-06-09,13,2.22,2025-05-20,Computex電腦展,2025
華碩,30,44,0,14,2025-05-20,2025-06-10,14,4.27,2025-05-20,Computex電腦展,2025
華碩,30,45,0,15,2025-05-20,2025-06-11,15,6.8,2025-05-20,Computex電腦展,2025
華碩,30,46,0,16,2025-05-20,2025-06-12,16,7.91,2025-05-20,Computex電腦展,2025
華碩,31,32,1,2,2025-05-21,2025-05-22,1,0.64,2025-05-20,Computex電腦展,2025
華碩,31,33,1,3,2025-05-21,2025-05-23,2,-0.96,2025-05-20,Computex電腦展,2025
華碩,31,34,1,4,2025-05-21,2025-05-26,3,-0.16,2025-05-20,Computex電腦展,2025
華碩,31,35,1,5,2025-05-21,2025-05-27,4,-3.18,2025-05-20,Computex電腦展,2025
華碩,31,36,1,6,2025-05-21,2025-05-28,5,-1.43,2025-05-20,Computex電腦展,2025
華碩,31,37,1,7,2025-05-21,2025-05-29,6,-0.48,2025-05-20,Computex電腦展,2025
華碩,31,38,1,8,2025-05-21,2025-06-02,7,-0.96,2025-05-20,Computex電腦展,2025
華碩,31,39,1,9,2025-05-21,2025-06-03,8,1.59,2025-05-20,Computex電腦展,2025
華碩,31,40,1,10,2025-05-21,2025-06-04,9,1.59,2025-05-20,Computex電腦展,2025
華碩,31,41,1,11,2025-05-21,2025-06-05,10,2.23,2025-05-20,Computex電腦展,2025
華碩,31,42,1,12,2025-05-21,2025-06-06,11,2.71,2025-05-20,Computex電腦展,2025
華碩,31,43,1,13,2025-05-21,2025-06-09,12,2.87,2025-05-20,Computex電腦展,2025
華碩,31,44,1,14,2025-05-21,2025-06-10,13,4.94,2025-05-20,Computex電腦展,2025
華碩,31,45,1,15,2025-05-21,2025-06-11,14,7.48,2025-05-20,Computex電腦展,2025
華碩,31,46,1,16,2025-05-21,2025-06-12,15,8.6,2025-05-20,Computex電腦展,2025
華碩,32,33,2,3,2025-05-22,2025-05-23,1,-1.58,2025-05-20,Computex電腦展,2025
華碩,32,34,2,4,2025-05-22,2025-05-26,2,-0.79,2025-05-20,Computex電腦展,2025
華碩,32,35,2,5,2025-05-22,2025-05-27,3,-3.8,2025-05-20,Computex電腦展,2025
華碩,32,36,2,6,2025-05-22,2025-05-28,4,-2.06,2025-05-20,Computex電腦展,2025
華碩,32,37,2,7,2025-05-22,2025-05-29,5,-1.11,2025-05-20,Computex電腦展,2025
華碩,32,38,2,8,2025-05-22,2025-06-02,6,-1.58,2025-05-20,Computex電腦展,2025
華碩,32,39,2,9,2025-05-22,2025-06-03,7,0.95,2025-05-20,Computex電腦展,2025
華碩,32,40,2,10,2025-05-22,2025-06-04,8,0.95,2025-05-20,Computex電腦展,2025
華碩,32,41,2,11,2025-05-22,2025-06-05,9,1.58,2025-05-20,Computex電腦展,2025
華碩,32,42,2,12,2025-05-22,2025-06-06,10,2.06,2025-05-20,Computex電腦展,2025
華碩,32,43,2,13,2025-05-22,2025-06-09,11,2.22,2025-05-20,Computex電腦展,2025
華碩,32,44,2,14,2025-05-22,2025-06-10,12,4.27,2025-05-20,Computex電腦展,2025
華碩,32,45,2,15,2025-05-22,2025-06-11,13,6.8,2025-05-20,Computex電腦展,2025
華碩,32,46,2,16,2025-05-22,2025-06-12,14,7.91,2025-05-20,Computex電腦展,2025
華碩,33,34,3,4,2025-05-23,2025-05-26,1,0.8,2025-05-20,Computex電腦展,2025
華碩,33,35,3,5,2025-05-23,2025-05-27,2,-2.25,2025-05-20,Computex電腦展,2025
華碩,33,36,3,6,2025-05-23,2025-05-28,3,-0.48,2025-05-20,Computex電腦展,2025
華碩,33,37,3,7,2025-05-23,2025-05-29,4,0.48,2025-05-20,Computex電腦展,2025
華碩,33,38,3,8,2025-05-23,2025-06-02,5,0.0,2025-05-20,Computex電腦展,2025
華碩,33,39,3,9,2025-05-23,2025-06-03,6,2.57,2025-05-20,Computex電腦展,2025
華碩,33,40,3,10,2025-05-23,2025-06-04,7,2.57,2025-05-20,Computex電腦展,2025
華碩,33,41,3,11,2025-05-23,2025-06-05,8,3.22,2025-05-20,Computex電腦展,2025
華碩,33,42,3,12,2025-05-23,2025-06-06,9,3.7,2025-05-20,Computex電腦展,2025
華碩,33,43,3,13,2025-05-23,2025-06-09,10,3.86,2025-05-20,Computex電腦展,2025
華碩,33,44,3,14,2025-05-23,2025-06-10,11,5.95,2025-05-20,Computex電腦展,2025
華碩,33,45,3,15,2025-05-23,2025-06-11,12,8.52,2025-05-20,Computex電腦展,2025
華碩,33,46,3,16,2025-05-23,2025-06-12,13,9.65,2025-05-20,Computex電腦展,2025
華碩,34,35,4,5,2025-05-26,2025-05-27,1,-3.03,2025-05-20,Computex電腦展,2025
華碩,34,36,4,6,2025-05-26,2025-05-28,2,-1.28,2025-05-20,Computex電腦展,2025
華碩,34,37,4,7,2025-05-26,2025-05-29,3,-0.32,2025-05-20,Computex電腦展,2025
華碩,34,38,4,8,2025-05-26,2025-06-02,4,-0.8,2025-05-20,Computex電腦展,2025
華碩,34,39,4,9,2025-05-26,2025-06-03,5,1.75,2025-05-20,Computex電腦展,2025
華碩,34,40,4,10,2025-05-26,2025-06-04,6,1.75,2025-05-20,Computex電腦展,2025
華碩,34,41,4,11,2025-05-26,2025-06-05,7,2.39,2025-05-20,Computex電腦展,2025
華碩,34,42,4,12,2025-05-26,2025-06-06,8,2.87,2025-05-20,Computex電腦展,2025
華碩,34,43,4,13,2025-05-26,2025-06-09,9,3.03,2025-05-20,Computex電腦展,2025
華碩,34,44,4,14,2025-05-26,2025-06-10,10,5.1,2025-05-20,Computex電腦展,2025
華碩,34,45,4,15,2025-05-26,2025-06-11,11,7.66,2025-05-20,Computex電腦展,2025
華碩,34,46,4,16,2025-05-26,2025-06-12,12,8.77,2025-05-20,Computex電腦展,2025
華碩,35,36,5,6,2025-05-27,2025-05-28,1,1.81,2025-05-20,Computex電腦展,2025
華碩,35,37,5,7,2025-05-27,2025-05-29,2,2.8,2025-05-20,Computex電腦展,2025
華碩,35,38,5,8,2025-05-27,2025-06-02,3,2.3,2025-05-20,Computex電腦展,2025
華碩,35,39,5,9,2025-05-27,2025-06-03,4,4.93,2025-05-20,Computex電腦展,2025
華碩,35,40,5,10,2025-05-27,2025-06-04,5,4.93,2025-05-20,Computex電腦展,2025
華碩,35,41,5,11,2025-05-27,2025-06-05,6,5.59,2025-05-20,Computex電腦展,2025
華碩,35,42,5,12,2025-05-27,2025-06-06,7,6.09,2025-05-20,Computex電腦展,2025
華碩,35,43,5,13,2025-05-27,2025-06-09,8,6.25,2025-05-20,Computex電腦展,2025
華碩,35,44,5,14,2025-05-27,2025-06-10,9,8.39,2025-05-20,Computex電腦展,2025
華碩,35,45,5,15,2025-05-27,2025-06-11,10,11.02,2025-05-20,Computex電腦展,2025
華碩,35,46,5,16,2025-05-27,2025-06-12,11,12.17,2025-05-20,Computex電腦展,2025
華碩,36,37,6,7,2025-05-28,2025-05-29,1,0.97,2025-05-20,Computex電腦展,2025
華碩,36,38,6,8,2025-05-28,2025-06-02,2,0.48,2025-05-20,Computex電腦展,2025
華碩,36,39,6,9,2025-05-28,2025-06-03,3,3.07,2025-05-20,Computex電腦展,2025
華碩,36,40,6,10,2025-05-28,2025-06-04,4,3.07,2025-05-20,Computex電腦展,2025
華碩,36,41,6,11,2025-05-28,2025-06-05,5,3.72,2025-05-20,Computex電腦展,2025
華碩,36,42,6,12,2025-05-28,2025-06-06,6,4.2,2025-05-20,Computex電腦展,2025
華碩,36,43,6,13,2025-05-28,2025-06-09,7,4.36,2025-05-20,Computex電腦展,2025
華碩,36,44,6,14,2025-05-28,2025-06-10,8,6.46,2025-05-20,Computex電腦展,2025
華碩,36,45,6,15,2025-05-28,2025-06-11,9,9.05,2025-05-20,Computex電腦展,2025
華碩,36,46,6,16,2025-05-28,2025-06-12,10,10.18,2025-05-20,Computex電腦展,2025
華碩,37,38,7,8,2025-05-29,2025-06-02,1,-0.48,2025-05-20,Computex電腦展,2025
華碩,37,39,7,9,2025-05-29,2025-06-03,2,2.08,2025-05-20,Computex電腦展,2025
華碩,37,40,7,10,2025-05-29,2025-06-04,3,2.08,2025-05-20,Computex電腦展,2025
華碩,37,41,7,11,2025-05-29,2025-06-05,4,2.72,2025-05-20,Computex電腦展,2025
華碩,37,42,7,12,2025-05-29,2025-06-06,5,3.2,2025-05-20,Computex電腦展,2025
華碩,37,43,7,13,2025-05-29,2025-06-09,6,3.36,2025-05-20,Computex電腦展,2025
華碩,37,44,7,14,2025-05-29,2025-06-10,7,5.44,2025-05-20,Computex電腦展,2025
華碩,37,45,7,15,2025-05-29,2025-06-11,8,8.0,2025-05-20,Computex電腦展,2025
華碩,37,46,7,16,2025-05-29,2025-06-12,9,9.12,2025-05-20,Computex電腦展,2025
華碩,38,39,8,9,2025-06-02,2025-06-03,1,2.57,2025-05-20,Computex電腦展,2025
華碩,38,40,8,10,2025-06-02,2025-06-04,2,2.57,2025-05-20,Computex電腦展,2025
華碩,38,41,8,11,2025-06-02,2025-06-05,3,3.22,2025-05-20,Computex電腦展,2025
華碩,38,42,8,12,2025-06-02,2025-06-06,4,3.7,2025-05-20,Computex電腦展,2025
華碩,38,43,8,13,2025-06-02,2025-06-09,5,3.86,2025-05-20,Computex電腦展,2025
華碩,38,44,8,14,2025-06-02,2025-06-10,6,5.95,2025-05-20,Computex電腦展,2025
華碩,38,45,8,15,2025-06-02,2025-06-11,7,8.52,2025-05-20,Computex電腦展,2025
華碩,38,46,8,16,2025-06-02,2025-06-12,8,9.65,2025-05-20,Computex電腦展,2025
華碩,39,40,9,10,2025-06-03,2025-06-04,1,0.0,2025-05-20,Computex電腦展,2025
華碩,39,41,9,11,2025-06-03,2025-06-05,2,0.63,2025-05-20,Computex電腦展,2025
華碩,39,42,9,12,2025-06-03,2025-06-06,3,1.1,2025-05-20,Computex電腦展,2025
華碩,39,43,9,13,2025-06-03,2025-06-09,4,1.25,2025-05-20,Computex電腦展,2025
華碩,39,44,9,14,2025-06-03,2025-06-10,5,3.29,2025-05-20,Computex電腦展,2025
華碩,39,45,9,15,2025-06-03,2025-06-11,6,5.8,2025-05-20,Computex電腦展,2025
華碩,39,46,9,16,2025-06-03,2025-06-12,7,6.9,2025-05-20,Computex電腦展,2025
華碩,40,41,10,11,2025-06-04,2025-06-05,1,0.63,2025-05-20,Computex電腦展,2025
華碩,40,42,10,12,2025-06-04,2025-06-06,2,1.1,2025-05-20,Computex電腦展,2025
華碩,40,43,10,13,2025-06-04,2025-06-09,3,1.25,2025-05-20,Computex電腦展,2025
華碩,40,44,10,14,2025-06-04,2025-06-10,4,3.29,2025-05-20,Computex電腦展,2025
華碩,40,45,10,15,2025-06-04,2025-06-11,5,5.8,2025-05-20,Computex電腦展,2025
華碩,40,46,10,16,2025-06-04,2025-06-12,6,6.9,2025-05-20,Computex電腦展,2025
華碩,41,42,11,12,2025-06-05,2025-06-06,1,0.47,2025-05-20,Computex電腦展,2025
華碩,41,43,11,13,2025-06-05,2025-06-09,2,0.62,2025-05-20,Computex電腦展,2025
華碩,41,44,11,14,2025-06-05,2025-06-10,3,2.65,2025-05-20,Computex電腦展,2025
華碩,41,45,11,15,2025-06-05,2025-06-11,4,5.14,2025-05-20,Computex電腦展,2025
華碩,41,46,11,16,2025-06-05,2025-06-12,5,6.23,2025-05-20,Computex電腦展,2025
華碩,42,43,12,13,2025-06-06,2025-06-09,1,0.16,2025-05-20,Computex電腦展,2025
華碩,42,44,12,14,2025-06-06,2025-06-10,2,2.17,2025-05-20,Computex電腦展,2025
華碩,42,45,12,15,2025-06-06,2025-06-11,3,4.65,2025-05-20,Computex電腦展,2025
華碩,42,46,12,16,2025-06-06,2025-06-12,4,5.74,2025-05-20,Computex電腦展,2025
華碩,43,44,13,14,2025-06-09,2025-06-10,1,2.01,2025-05-20,Computex電腦展,2025
華碩,43,45,13,15,2025-06-09,2025-06-11,2,4.49,2025-05-20,Computex電腦展,2025
華碩,43,46,13,16,2025-06-09,2025-06-12,3,5.57,2025-05-20,Computex電腦展,2025
華碩,44,45,14,15,2025-06-10,2025-06-11,1,2.43,2025-05-20,Computex電腦展,2025
華碩,44,46,14,16,2025-06-10,2025-06-12,2,3.49,2025-05-20,Computex電腦展,2025
華碩,45,46,15,16,2025-06-11,2025-06-12,1,1.04,2025-05-20,Computex電腦展,2025
威盛,0,1,-30,-29,2025-04-07,2025-04-08,1,-9.92,2025-05-20,Computex電腦展,2025
威盛,0,2,-30,-28,2025-04-07,2025-04-09,2,-18.85,2025-05-20,Computex電腦展,2025
威盛,0,3,-30,-27,2025-04-07,2025-04-10,3,-10.75,2025-05-20,Computex電腦展,2025
威盛,0,4,-30,-26,2025-04-07,2025-04-11,4,-8.38,2025-05-20,Computex電腦展,2025
威盛,0,5,-30,-25,2025-04-07,2025-04-14,5,-5.03,2025-05-20,Computex電腦展,2025
威盛,0,6,-30,-24,2025-04-07,2025-04-15,6,-0.42,2025-05-20,Computex電腦展,2025
威盛,0,7,-30,-23,2025-04-07,2025-04-16,7,-4.05,2025-05-20,Computex電腦展,2025
威盛,0,8,-30,-22,2025-04-07,2025-04-17,8,-2.79,2025-05-20,Computex電腦展,2025
威盛,0,9,-30,-21,2025-04-07,2025-04-18,9,-3.07,2025-05-20,Computex電腦展,2025
威盛,0,10,-30,-20,2025-04-07,2025-04-21,10,-7.12,2025-05-20,Computex電腦展,2025
威盛,0,11,-30,-19,2025-04-07,2025-04-22,11,-8.1,2025-05-20,Computex電腦展,2025
威盛,0,12,-30,-18,2025-04-07,2025-04-23,12,-4.33,2025-05-20,Computex電腦展,2025
威盛,0,13,-30,-17,2025-04-07,2025-04-24,13,-3.35,2025-05-20,Computex電腦展,2025
威盛,0,14,-30,-16,2025-04-07,2025-04-25,14,-0.84,2025-05-20,Computex電腦展,2025
威盛,0,15,-30,-15,2025-04-07,2025-04-28,15,1.12,2025-05-20,Computex電腦展,2025
威盛,0,16,-30,-14,2025-04-07,2025-04-29,16,4.75,2025-05-20,Computex電腦展,2025
威盛,0,17,-30,-13,2025-04-07,2025-04-30,17,1.26,2025-05-20,Computex電腦展,2025
威盛,0,18,-30,-12,2025-04-07,2025-05-02,18,2.65,2025-05-20,Computex電腦展,2025
威盛,0,19,-30,-11,2025-04-07,2025-05-05,19,-0.28,2025-05-20,Computex電腦展,2025
威盛,0,20,-30,-10,2025-04-07,2025-05-06,20,-0.28,2025-05-20,Computex電腦展,2025
威盛,0,21,-30,-9,2025-04-07,2025-05-07,21,-0.14,2025-05-20,Computex電腦展,2025
威盛,0,22,-30,-8,2025-04-07,2025-05-08,22,2.65,2025-05-20,Computex電腦展,2025
威盛,0,23,-30,-7,2025-04-07,2025-05-09,23,2.51,2025-05-20,Computex電腦展,2025
威盛,0,24,-30,-6,2025-04-07,2025-05-12,24,2.93,2025-05-20,Computex電腦展,2025
威盛,0,25,-30,-5,2025-04-07,2025-05-13,25,1.82,2025-05-20,Computex電腦展,2025
威盛,0,26,-30,-4,2025-04-07,2025-05-14,26,2.37,2025-05-20,Computex電腦展,2025
威盛,0,27,-30,-3,2025-04-07,2025-05-15,27,0.7,2025-05-20,Computex電腦展,2025
威盛,0,28,-30,-2,2025-04-07,2025-05-16,28,0.56,2025-05-20,Computex電腦展,2025
威盛,0,29,-30,-1,2025-04-07,2025-05-19,29,-4.33,2025-05-20,Computex電腦展,2025
威盛,0,30,-30,0,2025-04-07,2025-05-20,30,-4.19,2025-05-20,Computex電腦展,2025
威盛,0,31,-30,1,2025-04-07,2025-05-21,31,-2.79,2025-05-20,Computex電腦展,2025
威盛,0,32,-30,2,2025-04-07,2025-05-22,32,-5.17,2025-05-20,Computex電腦展,2025
威盛,0,33,-30,3,2025-04-07,2025-05-23,33,-5.87,2025-05-20,Computex電腦展,2025
威盛,0,34,-30,4,2025-04-07,2025-05-26,34,-5.73,2025-05-20,Computex電腦展,2025
威盛,0,35,-30,5,2025-04-07,2025-05-27,35,-7.82,2025-05-20,Computex電腦展,2025
威盛,0,36,-30,6,2025-04-07,2025-05-28,36,-7.82,2025-05-20,Computex電腦展,2025
威盛,0,37,-30,7,2025-04-07,2025-05-29,37,-6.42,2025-05-20,Computex電腦展,2025
威盛,0,38,-30,8,2025-04-07,2025-06-02,38,-12.29,2025-05-20,Computex電腦展,2025
威盛,0,39,-30,9,2025-04-07,2025-06-03,39,-12.43,2025-05-20,Computex電腦展,2025
威盛,0,40,-30,10,2025-04-07,2025-06-04,40,-10.47,2025-05-20,Computex電腦展,2025
威盛,0,41,-30,11,2025-04-07,2025-06-05,41,-8.52,2025-05-20,Computex電腦展,2025
威盛,0,42,-30,12,2025-04-07,2025-06-06,42,-8.66,2025-05-20,Computex電腦展,2025
威盛,0,43,-30,13,2025-04-07,2025-06-09,43,-10.61,2025-05-20,Computex電腦展,2025
威盛,0,44,-30,14,2025-04-07,2025-06-10,44,-11.03,2025-05-20,Computex電腦展,2025
威盛,0,45,-30,15,2025-04-07,2025-06-11,45,-7.54,2025-05-20,Computex電腦展,2025
威盛,0,46,-30,16,2025-04-07,2025-06-12,46,-7.26,2025-05-20,Computex電腦展,2025
威盛,1,2,-29,-28,2025-04-08,2025-04-09,1,-9.92,2025-05-20,Computex電腦展,2025
威盛,1,3,-29,-27,2025-04-08,2025-04-10,2,-0.93,2025-05-20,Computex電腦展,2025
威盛,1,4,-29,-26,2025-04-08,2025-04-11,3,1.71,2025-05-20,Computex電腦展,2025
威盛,1,5,-29,-25,2025-04-08,2025-04-14,4,5.43,2025-05-20,Computex電腦展,2025
威盛,1,6,-29,-24,2025-04-08,2025-04-15,5,10.54,2025-05-20,Computex電腦展,2025
威盛,1,7,-29,-23,2025-04-08,2025-04-16,6,6.51,2025-05-20,Computex電腦展,2025
威盛,1,8,-29,-22,2025-04-08,2025-04-17,7,7.91,2025-05-20,Computex電腦展,2025
威盛,1,9,-29,-21,2025-04-08,2025-04-18,8,7.6,2025-05-20,Computex電腦展,2025
威盛,1,10,-29,-20,2025-04-08,2025-04-21,9,3.1,2025-05-20,Computex電腦展,2025
威盛,1,11,-29,-19,2025-04-08,2025-04-22,10,2.02,2025-05-20,Computex電腦展,2025
威盛,1,12,-29,-18,2025-04-08,2025-04-23,11,6.2,2025-05-20,Computex電腦展,2025
威盛,1,13,-29,-17,2025-04-08,2025-04-24,12,7.29,2025-05-20,Computex電腦展,2025
威盛,1,14,-29,-16,2025-04-08,2025-04-25,13,10.08,2025-05-20,Computex電腦展,2025
威盛,1,15,-29,-15,2025-04-08,2025-04-28,14,12.25,2025-05-20,Computex電腦展,2025
威盛,1,16,-29,-14,2025-04-08,2025-04-29,15,16.28,2025-05-20,Computex電腦展,2025
威盛,1,17,-29,-13,2025-04-08,2025-04-30,16,12.4,2025-05-20,Computex電腦展,2025
威盛,1,18,-29,-12,2025-04-08,2025-05-02,17,13.95,2025-05-20,Computex電腦展,2025
威盛,1,19,-29,-11,2025-04-08,2025-05-05,18,10.7,2025-05-20,Computex電腦展,2025
威盛,1,20,-29,-10,2025-04-08,2025-05-06,19,10.7,2025-05-20,Computex電腦展,2025
威盛,1,21,-29,-9,2025-04-08,2025-05-07,20,10.85,2025-05-20,Computex電腦展,2025
威盛,1,22,-29,-8,2025-04-08,2025-05-08,21,13.95,2025-05-20,Computex電腦展,2025
威盛,1,23,-29,-7,2025-04-08,2025-05-09,22,13.8,2025-05-20,Computex電腦展,2025
威盛,1,24,-29,-6,2025-04-08,2025-05-12,23,14.26,2025-05-20,Computex電腦展,2025
威盛,1,25,-29,-5,2025-04-08,2025-05-13,24,13.02,2025-05-20,Computex電腦展,2025
威盛,1,26,-29,-4,2025-04-08,2025-05-14,25,13.64,2025-05-20,Computex電腦展,2025
威盛,1,27,-29,-3,2025-04-08,2025-05-15,26,11.78,2025-05-20,Computex電腦展,2025
威盛,1,28,-29,-2,2025-04-08,2025-05-16,27,11.63,2025-05-20,Computex電腦展,2025
威盛,1,29,-29,-1,2025-04-08,2025-05-19,28,6.2,2025-05-20,Computex電腦展,2025
威盛,1,30,-29,0,2025-04-08,2025-05-20,29,6.36,2025-05-20,Computex電腦展,2025
威盛,1,31,-29,1,2025-04-08,2025-05-21,30,7.91,2025-05-20,Computex電腦展,2025
威盛,1,32,-29,2,2025-04-08,2025-05-22,31,5.27,2025-05-20,Computex電腦展,2025
威盛,1,33,-29,3,2025-04-08,2025-05-23,32,4.5,2025-05-20,Computex電腦展,2025
威盛,1,34,-29,4,2025-04-08,2025-05-26,33,4.65,2025-05-20,Computex電腦展,2025
威盛,1,35,-29,5,2025-04-08,2025-05-27,34,2.33,2025-05-20,Computex電腦展,2025
威盛,1,36,-29,6,2025-04-08,2025-05-28,35,2.33,2025-05-20,Computex電腦展,2025
威盛,1,37,-29,7,2025-04-08,2025-05-29,36,3.88,2025-05-20,Computex電腦展,2025
威盛,1,38,-29,8,2025-04-08,2025-06-02,37,-2.64,2025-05-20,Computex電腦展,2025
威盛,1,39,-29,9,2025-04-08,2025-06-03,38,-2.79,2025-05-20,Computex電腦展,2025
威盛,1,40,-29,10,2025-04-08,2025-06-04,39,-0.62,2025-05-20,Computex電腦展,2025
威盛,1,41,-29,11,2025-04-08,2025-06-05,40,1.55,2025-05-20,Computex電腦展,2025
威盛,1,42,-29,12,2025-04-08,2025-06-06,41,1.4,2025-05-20,Computex電腦展,2025
威盛,1,43,-29,13,2025-04-08,2025-06-09,42,-0.78,2025-05-20,Computex電腦展,2025
威盛,1,44,-29,14,2025-04-08,2025-06-10,43,-1.24,2025-05-20,Computex電腦展,2025
威盛,1,45,-29,15,2025-04-08,2025-06-11,44,2.64,2025-05-20,Computex電腦展,2025
威盛,1,46,-29,16,2025-04-08,2025-06-12,45,2.95,2025-05-20,Computex電腦展,2025
威盛,2,3,-28,-27,2025-04-09,2025-04-10,1,9.98,2025-05-20,Computex電腦展,2025
威盛,2,4,-28,-26,2025-04-09,2025-04-11,2,12.91,2025-05-20,Computex電腦展,2025
威盛,2,5,-28,-25,2025-04-09,2025-04-14,3,17.04,2025-05-20,Computex電腦展,2025
威盛,2,6,-28,-24,2025-04-09,2025-04-15,4,22.72,2025-05-20,Computex電腦展,2025
威盛,2,7,-28,-23,2025-04-09,2025-04-16,5,18.24,2025-05-20,Computex電腦展,2025
威盛,2,8,-28,-22,2025-04-09,2025-04-17,6,19.79,2025-05-20,Computex電腦展,2025
威盛,2,9,-28,-21,2025-04-09,2025-04-18,7,19.45,2025-05-20,Computex電腦展,2025
威盛,2,10,-28,-20,2025-04-09,2025-04-21,8,14.46,2025-05-20,Computex電腦展,2025
威盛,2,11,-28,-19,2025-04-09,2025-04-22,9,13.25,2025-05-20,Computex電腦展,2025
威盛,2,12,-28,-18,2025-04-09,2025-04-23,10,17.9,2025-05-20,Computex電腦展,2025
威盛,2,13,-28,-17,2025-04-09,2025-04-24,11,19.1,2025-05-20,Computex電腦展,2025
威盛,2,14,-28,-16,2025-04-09,2025-04-25,12,22.2,2025-05-20,Computex電腦展,2025
威盛,2,15,-28,-15,2025-04-09,2025-04-28,13,24.61,2025-05-20,Computex電腦展,2025
威盛,2,16,-28,-14,2025-04-09,2025-04-29,14,29.09,2025-05-20,Computex電腦展,2025
威盛,2,17,-28,-13,2025-04-09,2025-04-30,15,24.78,2025-05-20,Computex電腦展,2025
威盛,2,18,-28,-12,2025-04-09,2025-05-02,16,26.51,2025-05-20,Computex電腦展,2025
威盛,2,19,-28,-11,2025-04-09,2025-05-05,17,22.89,2025-05-20,Computex電腦展,2025
威盛,2,20,-28,-10,2025-04-09,2025-05-06,18,22.89,2025-05-20,Computex電腦展,2025
威盛,2,21,-28,-9,2025-04-09,2025-05-07,19,23.06,2025-05-20,Computex電腦展,2025
威盛,2,22,-28,-8,2025-04-09,2025-05-08,20,26.51,2025-05-20,Computex電腦展,2025
威盛,2,23,-28,-7,2025-04-09,2025-05-09,21,26.33,2025-05-20,Computex電腦展,2025
威盛,2,24,-28,-6,2025-04-09,2025-05-12,22,26.85,2025-05-20,Computex電腦展,2025
威盛,2,25,-28,-5,2025-04-09,2025-05-13,23,25.47,2025-05-20,Computex電腦展,2025
威盛,2,26,-28,-4,2025-04-09,2025-05-14,24,26.16,2025-05-20,Computex電腦展,2025
威盛,2,27,-28,-3,2025-04-09,2025-05-15,25,24.1,2025-05-20,Computex電腦展,2025
威盛,2,28,-28,-2,2025-04-09,2025-05-16,26,23.92,2025-05-20,Computex電腦展,2025
威盛,2,29,-28,-1,2025-04-09,2025-05-19,27,17.9,2025-05-20,Computex電腦展,2025
威盛,2,30,-28,0,2025-04-09,2025-05-20,28,18.07,2025-05-20,Computex電腦展,2025
威盛,2,31,-28,1,2025-04-09,2025-05-21,29,19.79,2025-05-20,Computex電腦展,2025
威盛,2,32,-28,2,2025-04-09,2025-05-22,30,16.87,2025-05-20,Computex電腦展,2025
威盛,2,33,-28,3,2025-04-09,2025-05-23,31,16.01,2025-05-20,Computex電腦展,2025
威盛,2,34,-28,4,2025-04-09,2025-05-26,32,16.18,2025-05-20,Computex電腦展,2025
威盛,2,35,-28,5,2025-04-09,2025-05-27,33,13.6,2025-05-20,Computex電腦展,2025
威盛,2,36,-28,6,2025-04-09,2025-05-28,34,13.6,2025-05-20,Computex電腦展,2025
威盛,2,37,-28,7,2025-04-09,2025-05-29,35,15.32,2025-05-20,Computex電腦展,2025
威盛,2,38,-28,8,2025-04-09,2025-06-02,36,8.09,2025-05-20,Computex電腦展,2025
威盛,2,39,-28,9,2025-04-09,2025-06-03,37,7.92,2025-05-20,Computex電腦展,2025
威盛,2,40,-28,10,2025-04-09,2025-06-04,38,10.33,2025-05-20,Computex電腦展,2025
威盛,2,41,-28,11,2025-04-09,2025-06-05,39,12.74,2025-05-20,Computex電腦展,2025
威盛,2,42,-28,12,2025-04-09,2025-06-06,40,12.56,2025-05-20,Computex電腦展,2025
威盛,2,43,-28,13,2025-04-09,2025-06-09,41,10.15,2025-05-20,Computex電腦展,2025
威盛,2,44,-28,14,2025-04-09,2025-06-10,42,9.64,2025-05-20,Computex電腦展,2025
威盛,2,45,-28,15,2025-04-09,2025-06-11,43,13.94,2025-05-20,Computex電腦展,2025
威盛,2,46,-28,16,2025-04-09,2025-06-12,44,14.29,2025-05-20,Computex電腦展,2025
威盛,3,4,-27,-26,2025-04-10,2025-04-11,1,2.66,2025-05-20,Computex電腦展,2025
威盛,3,5,-27,-25,2025-04-10,2025-04-14,2,6.42,2025-05-20,Computex電腦展,2025
威盛,3,6,-27,-24,2025-04-10,2025-04-15,3,11.58,2025-05-20,Computex電腦展,2025
威盛,3,7,-27,-23,2025-04-10,2025-04-16,4,7.51,2025-05-20,Computex電腦展,2025
威盛,3,8,-27,-22,2025-04-10,2025-04-17,5,8.92,2025-05-20,Computex電腦展,2025
威盛,3,9,-27,-21,2025-04-10,2025-04-18,6,8.61,2025-05-20,Computex電腦展,2025
威盛,3,10,-27,-20,2025-04-10,2025-04-21,7,4.07,2025-05-20,Computex電腦展,2025
威盛,3,11,-27,-19,2025-04-10,2025-04-22,8,2.97,2025-05-20,Computex電腦展,2025
威盛,3,12,-27,-18,2025-04-10,2025-04-23,9,7.2,2025-05-20,Computex電腦展,2025
威盛,3,13,-27,-17,2025-04-10,2025-04-24,10,8.29,2025-05-20,Computex電腦展,2025
威盛,3,14,-27,-16,2025-04-10,2025-04-25,11,11.11,2025-05-20,Computex電腦展,2025
威盛,3,15,-27,-15,2025-04-10,2025-04-28,12,13.3,2025-05-20,Computex電腦展,2025
威盛,3,16,-27,-14,2025-04-10,2025-04-29,13,17.37,2025-05-20,Computex電腦展,2025
威盛,3,17,-27,-13,2025-04-10,2025-04-30,14,13.46,2025-05-20,Computex電腦展,2025
威盛,3,18,-27,-12,2025-04-10,2025-05-02,15,15.02,2025-05-20,Computex電腦展,2025
威盛,3,19,-27,-11,2025-04-10,2025-05-05,16,11.74,2025-05-20,Computex電腦展,2025
威盛,3,20,-27,-10,2025-04-10,2025-05-06,17,11.74,2025-05-20,Computex電腦展,2025
威盛,3,21,-27,-9,2025-04-10,2025-05-07,18,11.89,2025-05-20,Computex電腦展,2025
威盛,3,22,-27,-8,2025-04-10,2025-05-08,19,15.02,2025-05-20,Computex電腦展,2025
威盛,3,23,-27,-7,2025-04-10,2025-05-09,20,14.87,2025-05-20,Computex電腦展,2025
威盛,3,24,-27,-6,2025-04-10,2025-05-12,21,15.34,2025-05-20,Computex電腦展,2025
威盛,3,25,-27,-5,2025-04-10,2025-05-13,22,14.08,2025-05-20,Computex電腦展,2025
威盛,3,26,-27,-4,2025-04-10,2025-05-14,23,14.71,2025-05-20,Computex電腦展,2025
威盛,3,27,-27,-3,2025-04-10,2025-05-15,24,12.83,2025-05-20,Computex電腦展,2025
威盛,3,28,-27,-2,2025-04-10,2025-05-16,25,12.68,2025-05-20,Computex電腦展,2025
威盛,3,29,-27,-1,2025-04-10,2025-05-19,26,7.2,2025-05-20,Computex電腦展,2025
威盛,3,30,-27,0,2025-04-10,2025-05-20,27,7.36,2025-05-20,Computex電腦展,2025
威盛,3,31,-27,1,2025-04-10,2025-05-21,28,8.92,2025-05-20,Computex電腦展,2025
威盛,3,32,-27,2,2025-04-10,2025-05-22,29,6.26,2025-05-20,Computex電腦展,2025
威盛,3,33,-27,3,2025-04-10,2025-05-23,30,5.48,2025-05-20,Computex電腦展,2025
威盛,3,34,-27,4,2025-04-10,2025-05-26,31,5.63,2025-05-20,Computex電腦展,2025
威盛,3,35,-27,5,2025-04-10,2025-05-27,32,3.29,2025-05-20,Computex電腦展,2025
威盛,3,36,-27,6,2025-04-10,2025-05-28,33,3.29,2025-05-20,Computex電腦展,2025
威盛,3,37,-27,7,2025-04-10,2025-05-29,34,4.85,2025-05-20,Computex電腦展,2025
威盛,3,38,-27,8,2025-04-10,2025-06-02,35,-1.72,2025-05-20,Computex電腦展,2025
威盛,3,39,-27,9,2025-04-10,2025-06-03,36,-1.88,2025-05-20,Computex電腦展,2025
威盛,3,40,-27,10,2025-04-10,2025-06-04,37,0.31,2025-05-20,Computex電腦展,2025
威盛,3,41,-27,11,2025-04-10,2025-06-05,38,2.5,2025-05-20,Computex電腦展,2025
威盛,3,42,-27,12,2025-04-10,2025-06-06,39,2.35,2025-05-20,Computex電腦展,2025
威盛,3,43,-27,13,2025-04-10,2025-06-09,40,0.16,2025-05-20,Computex電腦展,2025
威盛,3,44,-27,14,2025-04-10,2025-06-10,41,-0.31,2025-05-20,Computex電腦展,2025
威盛,3,45,-27,15,2025-04-10,2025-06-11,42,3.6,2025-05-20,Computex電腦展,2025
威盛,3,46,-27,16,2025-04-10,2025-06-12,43,3.91,2025-05-20,Computex電腦展,2025
威盛,4,5,-26,-25,2025-04-11,2025-04-14,1,3.66,2025-05-20,Computex電腦展,2025
威盛,4,6,-26,-24,2025-04-11,2025-04-15,2,8.69,2025-05-20,Computex電腦展,2025
威盛,4,7,-26,-23,2025-04-11,2025-04-16,3,4.73,2025-05-20,Computex電腦展,2025
威盛,4,8,-26,-22,2025-04-11,2025-04-17,4,6.1,2025-05-20,Computex電腦展,2025
威盛,4,9,-26,-21,2025-04-11,2025-04-18,5,5.79,2025-05-20,Computex電腦展,2025
威盛,4,10,-26,-20,2025-04-11,2025-04-21,6,1.37,2025-05-20,Computex電腦展,2025
威盛,4,11,-26,-19,2025-04-11,2025-04-22,7,0.3,2025-05-20,Computex電腦展,2025
威盛,4,12,-26,-18,2025-04-11,2025-04-23,8,4.42,2025-05-20,Computex電腦展,2025
威盛,4,13,-26,-17,2025-04-11,2025-04-24,9,5.49,2025-05-20,Computex電腦展,2025
威盛,4,14,-26,-16,2025-04-11,2025-04-25,10,8.23,2025-05-20,Computex電腦展,2025
威盛,4,15,-26,-15,2025-04-11,2025-04-28,11,10.37,2025-05-20,Computex電腦展,2025
威盛,4,16,-26,-14,2025-04-11,2025-04-29,12,14.33,2025-05-20,Computex電腦展,2025
威盛,4,17,-26,-13,2025-04-11,2025-04-30,13,10.52,2025-05-20,Computex電腦展,2025
威盛,4,18,-26,-12,2025-04-11,2025-05-02,14,12.04,2025-05-20,Computex電腦展,2025
威盛,4,19,-26,-11,2025-04-11,2025-05-05,15,8.84,2025-05-20,Computex電腦展,2025
威盛,4,20,-26,-10,2025-04-11,2025-05-06,16,8.84,2025-05-20,Computex電腦展,2025
威盛,4,21,-26,-9,2025-04-11,2025-05-07,17,8.99,2025-05-20,Computex電腦展,2025
威盛,4,22,-26,-8,2025-04-11,2025-05-08,18,12.04,2025-05-20,Computex電腦展,2025
威盛,4,23,-26,-7,2025-04-11,2025-05-09,19,11.89,2025-05-20,Computex電腦展,2025
威盛,4,24,-26,-6,2025-04-11,2025-05-12,20,12.35,2025-05-20,Computex電腦展,2025
威盛,4,25,-26,-5,2025-04-11,2025-05-13,21,11.13,2025-05-20,Computex電腦展,2025
威盛,4,26,-26,-4,2025-04-11,2025-05-14,22,11.74,2025-05-20,Computex電腦展,2025
威盛,4,27,-26,-3,2025-04-11,2025-05-15,23,9.91,2025-05-20,Computex電腦展,2025
威盛,4,28,-26,-2,2025-04-11,2025-05-16,24,9.76,2025-05-20,Computex電腦展,2025
威盛,4,29,-26,-1,2025-04-11,2025-05-19,25,4.42,2025-05-20,Computex電腦展,2025
威盛,4,30,-26,0,2025-04-11,2025-05-20,26,4.57,2025-05-20,Computex電腦展,2025
威盛,4,31,-26,1,2025-04-11,2025-05-21,27,6.1,2025-05-20,Computex電腦展,2025
威盛,4,32,-26,2,2025-04-11,2025-05-22,28,3.51,2025-05-20,Computex電腦展,2025
威盛,4,33,-26,3,2025-04-11,2025-05-23,29,2.74,2025-05-20,Computex電腦展,2025
威盛,4,34,-26,4,2025-04-11,2025-05-26,30,2.9,2025-05-20,Computex電腦展,2025
威盛,4,35,-26,5,2025-04-11,2025-05-27,31,0.61,2025-05-20,Computex電腦展,2025
威盛,4,36,-26,6,2025-04-11,2025-05-28,32,0.61,2025-05-20,Computex電腦展,2025
威盛,4,37,-26,7,2025-04-11,2025-05-29,33,2.13,2025-05-20,Computex電腦展,2025
威盛,4,38,-26,8,2025-04-11,2025-06-02,34,-4.27,2025-05-20,Computex電腦展,2025
威盛,4,39,-26,9,2025-04-11,2025-06-03,35,-4.42,2025-05-20,Computex電腦展,2025
威盛,4,40,-26,10,2025-04-11,2025-06-04,36,-2.29,2025-05-20,Computex電腦展,2025
威盛,4,41,-26,11,2025-04-11,2025-06-05,37,-0.15,2025-05-20,Computex電腦展,2025
威盛,4,42,-26,12,2025-04-11,2025-06-06,38,-0.3,2025-05-20,Computex電腦展,2025
威盛,4,43,-26,13,2025-04-11,2025-06-09,39,-2.44,2025-05-20,Computex電腦展,2025
威盛,4,44,-26,14,2025-04-11,2025-06-10,40,-2.9,2025-05-20,Computex電腦展,2025
威盛,4,45,-26,15,2025-04-11,2025-06-11,41,0.91,2025-05-20,Computex電腦展,2025
威盛,4,46,-26,16,2025-04-11,2025-06-12,42,1.22,2025-05-20,Computex電腦展,2025
威盛,5,6,-25,-24,2025-04-14,2025-04-15,1,4.85,2025-05-20,Computex電腦展,2025
威盛,5,7,-25,-23,2025-04-14,2025-04-16,2,1.03,2025-05-20,Computex電腦展,2025
威盛,5,8,-25,-22,2025-04-14,2025-04-17,3,2.35,2025-05-20,Computex電腦展,2025
威盛,5,9,-25,-21,2025-04-14,2025-04-18,4,2.06,2025-05-20,Computex電腦展,2025
威盛,5,10,-25,-20,2025-04-14,2025-04-21,5,-2.21,2025-05-20,Computex電腦展,2025
威盛,5,11,-25,-19,2025-04-14,2025-04-22,6,-3.24,2025-05-20,Computex電腦展,2025
威盛,5,12,-25,-18,2025-04-14,2025-04-23,7,0.74,2025-05-20,Computex電腦展,2025
威盛,5,13,-25,-17,2025-04-14,2025-04-24,8,1.76,2025-05-20,Computex電腦展,2025
威盛,5,14,-25,-16,2025-04-14,2025-04-25,9,4.41,2025-05-20,Computex電腦展,2025
威盛,5,15,-25,-15,2025-04-14,2025-04-28,10,6.47,2025-05-20,Computex電腦展,2025
威盛,5,16,-25,-14,2025-04-14,2025-04-29,11,10.29,2025-05-20,Computex電腦展,2025
威盛,5,17,-25,-13,2025-04-14,2025-04-30,12,6.62,2025-05-20,Computex電腦展,2025
威盛,5,18,-25,-12,2025-04-14,2025-05-02,13,8.09,2025-05-20,Computex電腦展,2025
威盛,5,19,-25,-11,2025-04-14,2025-05-05,14,5.0,2025-05-20,Computex電腦展,2025
威盛,5,20,-25,-10,2025-04-14,2025-05-06,15,5.0,2025-05-20,Computex電腦展,2025
威盛,5,21,-25,-9,2025-04-14,2025-05-07,16,5.15,2025-05-20,Computex電腦展,2025
威盛,5,22,-25,-8,2025-04-14,2025-05-08,17,8.09,2025-05-20,Computex電腦展,2025
威盛,5,23,-25,-7,2025-04-14,2025-05-09,18,7.94,2025-05-20,Computex電腦展,2025
威盛,5,24,-25,-6,2025-04-14,2025-05-12,19,8.38,2025-05-20,Computex電腦展,2025
威盛,5,25,-25,-5,2025-04-14,2025-05-13,20,7.21,2025-05-20,Computex電腦展,2025
威盛,5,26,-25,-4,2025-04-14,2025-05-14,21,7.79,2025-05-20,Computex電腦展,2025
威盛,5,27,-25,-3,2025-04-14,2025-05-15,22,6.03,2025-05-20,Computex電腦展,2025
威盛,5,28,-25,-2,2025-04-14,2025-05-16,23,5.88,2025-05-20,Computex電腦展,2025
威盛,5,29,-25,-1,2025-04-14,2025-05-19,24,0.74,2025-05-20,Computex電腦展,2025
威盛,5,30,-25,0,2025-04-14,2025-05-20,25,0.88,2025-05-20,Computex電腦展,2025
威盛,5,31,-25,1,2025-04-14,2025-05-21,26,2.35,2025-05-20,Computex電腦展,2025
威盛,5,32,-25,2,2025-04-14,2025-05-22,27,-0.15,2025-05-20,Computex電腦展,2025
威盛,5,33,-25,3,2025-04-14,2025-05-23,28,-0.88,2025-05-20,Computex電腦展,2025
威盛,5,34,-25,4,2025-04-14,2025-05-26,29,-0.74,2025-05-20,Computex電腦展,2025
威盛,5,35,-25,5,2025-04-14,2025-05-27,30,-2.94,2025-05-20,Computex電腦展,2025
威盛,5,36,-25,6,2025-04-14,2025-05-28,31,-2.94,2025-05-20,Computex電腦展,2025
威盛,5,37,-25,7,2025-04-14,2025-05-29,32,-1.47,2025-05-20,Computex電腦展,2025
威盛,5,38,-25,8,2025-04-14,2025-06-02,33,-7.65,2025-05-20,Computex電腦展,2025
威盛,5,39,-25,9,2025-04-14,2025-06-03,34,-7.79,2025-05-20,Computex電腦展,2025
威盛,5,40,-25,10,2025-04-14,2025-06-04,35,-5.74,2025-05-20,Computex電腦展,2025
威盛,5,41,-25,11,2025-04-14,2025-06-05,36,-3.68,2025-05-20,Computex電腦展,2025
威盛,5,42,-25,12,2025-04-14,2025-06-06,37,-3.82,2025-05-20,Computex電腦展,2025
威盛,5,43,-25,13,2025-04-14,2025-06-09,38,-5.88,2025-05-20,Computex電腦展,2025
威盛,5,44,-25,14,2025-04-14,2025-06-10,39,-6.32,2025-05-20,Computex電腦展,2025
威盛,5,45,-25,15,2025-04-14,2025-06-11,40,-2.65,2025-05-20,Computex電腦展,2025
威盛,5,46,-25,16,2025-04-14,2025-06-12,41,-2.35,2025-05-20,Computex電腦展,2025
威盛,6,7,-24,-23,2025-04-15,2025-04-16,1,-3.65,2025-05-20,Computex電腦展,2025
威盛,6,8,-24,-22,2025-04-15,2025-04-17,2,-2.38,2025-05-20,Computex電腦展,2025
威盛,6,9,-24,-21,2025-04-15,2025-04-18,3,-2.66,2025-05-20,Computex電腦展,2025
威盛,6,10,-24,-20,2025-04-15,2025-04-21,4,-6.73,2025-05-20,Computex電腦展,2025
威盛,6,11,-24,-19,2025-04-15,2025-04-22,5,-7.71,2025-05-20,Computex電腦展,2025
威盛,6,12,-24,-18,2025-04-15,2025-04-23,6,-3.93,2025-05-20,Computex電腦展,2025
威盛,6,13,-24,-17,2025-04-15,2025-04-24,7,-2.95,2025-05-20,Computex電腦展,2025
威盛,6,14,-24,-16,2025-04-15,2025-04-25,8,-0.42,2025-05-20,Computex電腦展,2025
威盛,6,15,-24,-15,2025-04-15,2025-04-28,9,1.54,2025-05-20,Computex電腦展,2025
威盛,6,16,-24,-14,2025-04-15,2025-04-29,10,5.19,2025-05-20,Computex電腦展,2025
威盛,6,17,-24,-13,2025-04-15,2025-04-30,11,1.68,2025-05-20,Computex電腦展,2025
威盛,6,18,-24,-12,2025-04-15,2025-05-02,12,3.09,2025-05-20,Computex電腦展,2025
威盛,6,19,-24,-11,2025-04-15,2025-05-05,13,0.14,2025-05-20,Computex電腦展,2025
威盛,6,20,-24,-10,2025-04-15,2025-05-06,14,0.14,2025-05-20,Computex電腦展,2025
威盛,6,21,-24,-9,2025-04-15,2025-05-07,15,0.28,2025-05-20,Computex電腦展,2025
威盛,6,22,-24,-8,2025-04-15,2025-05-08,16,3.09,2025-05-20,Computex電腦展,2025
威盛,6,23,-24,-7,2025-04-15,2025-05-09,17,2.95,2025-05-20,Computex電腦展,2025
威盛,6,24,-24,-6,2025-04-15,2025-05-12,18,3.37,2025-05-20,Computex電腦展,2025
威盛,6,25,-24,-5,2025-04-15,2025-05-13,19,2.24,2025-05-20,Computex電腦展,2025
威盛,6,26,-24,-4,2025-04-15,2025-05-14,20,2.81,2025-05-20,Computex電腦展,2025
威盛,6,27,-24,-3,2025-04-15,2025-05-15,21,1.12,2025-05-20,Computex電腦展,2025
威盛,6,28,-24,-2,2025-04-15,2025-05-16,22,0.98,2025-05-20,Computex電腦展,2025
威盛,6,29,-24,-1,2025-04-15,2025-05-19,23,-3.93,2025-05-20,Computex電腦展,2025
威盛,6,30,-24,0,2025-04-15,2025-05-20,24,-3.79,2025-05-20,Computex電腦展,2025
威盛,6,31,-24,1,2025-04-15,2025-05-21,25,-2.38,2025-05-20,Computex電腦展,2025
威盛,6,32,-24,2,2025-04-15,2025-05-22,26,-4.77,2025-05-20,Computex電腦展,2025
威盛,6,33,-24,3,2025-04-15,2025-05-23,27,-5.47,2025-05-20,Computex電腦展,2025
威盛,6,34,-24,4,2025-04-15,2025-05-26,28,-5.33,2025-05-20,Computex電腦展,2025
威盛,6,35,-24,5,2025-04-15,2025-05-27,29,-7.43,2025-05-20,Computex電腦展,2025
威盛,6,36,-24,6,2025-04-15,2025-05-28,30,-7.43,2025-05-20,Computex電腦展,2025
威盛,6,37,-24,7,2025-04-15,2025-05-29,31,-6.03,2025-05-20,Computex電腦展,2025
威盛,6,38,-24,8,2025-04-15,2025-06-02,32,-11.92,2025-05-20,Computex電腦展,2025
威盛,6,39,-24,9,2025-04-15,2025-06-03,33,-12.06,2025-05-20,Computex電腦展,2025
威盛,6,40,-24,10,2025-04-15,2025-06-04,34,-10.1,2025-05-20,Computex電腦展,2025
威盛,6,41,-24,11,2025-04-15,2025-06-05,35,-8.13,2025-05-20,Computex電腦展,2025
威盛,6,42,-24,12,2025-04-15,2025-06-06,36,-8.27,2025-05-20,Computex電腦展,2025
威盛,6,43,-24,13,2025-04-15,2025-06-09,37,-10.24,2025-05-20,Computex電腦展,2025
威盛,6,44,-24,14,2025-04-15,2025-06-10,38,-10.66,2025-05-20,Computex電腦展,2025
威盛,6,45,-24,15,2025-04-15,2025-06-11,39,-7.15,2025-05-20,Computex電腦展,2025
威盛,6,46,-24,16,2025-04-15,2025-06-12,40,-6.87,2025-05-20,Computex電腦展,2025
威盛,7,8,-23,-22,2025-04-16,2025-04-17,1,1.31,2025-05-20,Computex電腦展,2025
威盛,7,9,-23,-21,2025-04-16,2025-04-18,2,1.02,2025-05-20,Computex電腦展,2025
威盛,7,10,-23,-20,2025-04-16,2025-04-21,3,-3.2,2025-05-20,Computex電腦展,2025
威盛,7,11,-23,-19,2025-04-16,2025-04-22,4,-4.22,2025-05-20,Computex電腦展,2025
威盛,7,12,-23,-18,2025-04-16,2025-04-23,5,-0.29,2025-05-20,Computex電腦展,2025
威盛,7,13,-23,-17,2025-04-16,2025-04-24,6,0.73,2025-05-20,Computex電腦展,2025
威盛,7,14,-23,-16,2025-04-16,2025-04-25,7,3.35,2025-05-20,Computex電腦展,2025
威盛,7,15,-23,-15,2025-04-16,2025-04-28,8,5.39,2025-05-20,Computex電腦展,2025
威盛,7,16,-23,-14,2025-04-16,2025-04-29,9,9.17,2025-05-20,Computex電腦展,2025
威盛,7,17,-23,-13,2025-04-16,2025-04-30,10,5.53,2025-05-20,Computex電腦展,2025
威盛,7,18,-23,-12,2025-04-16,2025-05-02,11,6.99,2025-05-20,Computex電腦展,2025
威盛,7,19,-23,-11,2025-04-16,2025-05-05,12,3.93,2025-05-20,Computex電腦展,2025
威盛,7,20,-23,-10,2025-04-16,2025-05-06,13,3.93,2025-05-20,Computex電腦展,2025
威盛,7,21,-23,-9,2025-04-16,2025-05-07,14,4.08,2025-05-20,Computex電腦展,2025
威盛,7,22,-23,-8,2025-04-16,2025-05-08,15,6.99,2025-05-20,Computex電腦展,2025
威盛,7,23,-23,-7,2025-04-16,2025-05-09,16,6.84,2025-05-20,Computex電腦展,2025
威盛,7,24,-23,-6,2025-04-16,2025-05-12,17,7.28,2025-05-20,Computex電腦展,2025
威盛,7,25,-23,-5,2025-04-16,2025-05-13,18,6.11,2025-05-20,Computex電腦展,2025
威盛,7,26,-23,-4,2025-04-16,2025-05-14,19,6.7,2025-05-20,Computex電腦展,2025
威盛,7,27,-23,-3,2025-04-16,2025-05-15,20,4.95,2025-05-20,Computex電腦展,2025
威盛,7,28,-23,-2,2025-04-16,2025-05-16,21,4.8,2025-05-20,Computex電腦展,2025
威盛,7,29,-23,-1,2025-04-16,2025-05-19,22,-0.29,2025-05-20,Computex電腦展,2025
威盛,7,30,-23,0,2025-04-16,2025-05-20,23,-0.15,2025-05-20,Computex電腦展,2025
威盛,7,31,-23,1,2025-04-16,2025-05-21,24,1.31,2025-05-20,Computex電腦展,2025
威盛,7,32,-23,2,2025-04-16,2025-05-22,25,-1.16,2025-05-20,Computex電腦展,2025
威盛,7,33,-23,3,2025-04-16,2025-05-23,26,-1.89,2025-05-20,Computex電腦展,2025
威盛,7,34,-23,4,2025-04-16,2025-05-26,27,-1.75,2025-05-20,Computex電腦展,2025
威盛,7,35,-23,5,2025-04-16,2025-05-27,28,-3.93,2025-05-20,Computex電腦展,2025
威盛,7,36,-23,6,2025-04-16,2025-05-28,29,-3.93,2025-05-20,Computex電腦展,2025
威盛,7,37,-23,7,2025-04-16,2025-05-29,30,-2.47,2025-05-20,Computex電腦展,2025
威盛,7,38,-23,8,2025-04-16,2025-06-02,31,-8.59,2025-05-20,Computex電腦展,2025
威盛,7,39,-23,9,2025-04-16,2025-06-03,32,-8.73,2025-05-20,Computex電腦展,2025
威盛,7,40,-23,10,2025-04-16,2025-06-04,33,-6.7,2025-05-20,Computex電腦展,2025
威盛,7,41,-23,11,2025-04-16,2025-06-05,34,-4.66,2025-05-20,Computex電腦展,2025
威盛,7,42,-23,12,2025-04-16,2025-06-06,35,-4.8,2025-05-20,Computex電腦展,2025
威盛,7,43,-23,13,2025-04-16,2025-06-09,36,-6.84,2025-05-20,Computex電腦展,2025
威盛,7,44,-23,14,2025-04-16,2025-06-10,37,-7.28,2025-05-20,Computex電腦展,2025
威盛,7,45,-23,15,2025-04-16,2025-06-11,38,-3.64,2025-05-20,Computex電腦展,2025
威盛,7,46,-23,16,2025-04-16,2025-06-12,39,-3.35,2025-05-20,Computex電腦展,2025
威盛,8,9,-22,-21,2025-04-17,2025-04-18,1,-0.29,2025-05-20,Computex電腦展,2025
威盛,8,10,-22,-20,2025-04-17,2025-04-21,2,-4.45,2025-05-20,Computex電腦展,2025
威盛,8,11,-22,-19,2025-04-17,2025-04-22,3,-5.46,2025-05-20,Computex電腦展,2025
威盛,8,12,-22,-18,2025-04-17,2025-04-23,4,-1.58,2025-05-20,Computex電腦展,2025
威盛,8,13,-22,-17,2025-04-17,2025-04-24,5,-0.57,2025-05-20,Computex電腦展,2025
威盛,8,14,-22,-16,2025-04-17,2025-04-25,6,2.01,2025-05-20,Computex電腦展,2025
威盛,8,15,-22,-15,2025-04-17,2025-04-28,7,4.02,2025-05-20,Computex電腦展,2025
威盛,8,16,-22,-14,2025-04-17,2025-04-29,8,7.76,2025-05-20,Computex電腦展,2025
威盛,8,17,-22,-13,2025-04-17,2025-04-30,9,4.17,2025-05-20,Computex電腦展,2025
威盛,8,18,-22,-12,2025-04-17,2025-05-02,10,5.6,2025-05-20,Computex電腦展,2025
威盛,8,19,-22,-11,2025-04-17,2025-05-05,11,2.59,2025-05-20,Computex電腦展,2025
威盛,8,20,-22,-10,2025-04-17,2025-05-06,12,2.59,2025-05-20,Computex電腦展,2025
威盛,8,21,-22,-9,2025-04-17,2025-05-07,13,2.73,2025-05-20,Computex電腦展,2025
威盛,8,22,-22,-8,2025-04-17,2025-05-08,14,5.6,2025-05-20,Computex電腦展,2025
威盛,8,23,-22,-7,2025-04-17,2025-05-09,15,5.46,2025-05-20,Computex電腦展,2025
威盛,8,24,-22,-6,2025-04-17,2025-05-12,16,5.89,2025-05-20,Computex電腦展,2025
威盛,8,25,-22,-5,2025-04-17,2025-05-13,17,4.74,2025-05-20,Computex電腦展,2025
威盛,8,26,-22,-4,2025-04-17,2025-05-14,18,5.32,2025-05-20,Computex電腦展,2025
威盛,8,27,-22,-3,2025-04-17,2025-05-15,19,3.59,2025-05-20,Computex電腦展,2025
威盛,8,28,-22,-2,2025-04-17,2025-05-16,20,3.45,2025-05-20,Computex電腦展,2025
威盛,8,29,-22,-1,2025-04-17,2025-05-19,21,-1.58,2025-05-20,Computex電腦展,2025
威盛,8,30,-22,0,2025-04-17,2025-05-20,22,-1.44,2025-05-20,Computex電腦展,2025
威盛,8,31,-22,1,2025-04-17,2025-05-21,23,0.0,2025-05-20,Computex電腦展,2025
威盛,8,32,-22,2,2025-04-17,2025-05-22,24,-2.44,2025-05-20,Computex電腦展,2025
威盛,8,33,-22,3,2025-04-17,2025-05-23,25,-3.16,2025-05-20,Computex電腦展,2025
威盛,8,34,-22,4,2025-04-17,2025-05-26,26,-3.02,2025-05-20,Computex電腦展,2025
威盛,8,35,-22,5,2025-04-17,2025-05-27,27,-5.17,2025-05-20,Computex電腦展,2025
威盛,8,36,-22,6,2025-04-17,2025-05-28,28,-5.17,2025-05-20,Computex電腦展,2025
威盛,8,37,-22,7,2025-04-17,2025-05-29,29,-3.74,2025-05-20,Computex電腦展,2025
威盛,8,38,-22,8,2025-04-17,2025-06-02,30,-9.77,2025-05-20,Computex電腦展,2025
威盛,8,39,-22,9,2025-04-17,2025-06-03,31,-9.91,2025-05-20,Computex電腦展,2025
威盛,8,40,-22,10,2025-04-17,2025-06-04,32,-7.9,2025-05-20,Computex電腦展,2025
威盛,8,41,-22,11,2025-04-17,2025-06-05,33,-5.89,2025-05-20,Computex電腦展,2025
威盛,8,42,-22,12,2025-04-17,2025-06-06,34,-6.03,2025-05-20,Computex電腦展,2025
威盛,8,43,-22,13,2025-04-17,2025-06-09,35,-8.05,2025-05-20,Computex電腦展,2025
威盛,8,44,-22,14,2025-04-17,2025-06-10,36,-8.48,2025-05-20,Computex電腦展,2025
威盛,8,45,-22,15,2025-04-17,2025-06-11,37,-4.89,2025-05-20,Computex電腦展,2025
威盛,8,46,-22,16,2025-04-17,2025-06-12,38,-4.6,2025-05-20,Computex電腦展,2025
威盛,9,10,-21,-20,2025-04-18,2025-04-21,1,-4.18,2025-05-20,Computex電腦展,2025
威盛,9,11,-21,-19,2025-04-18,2025-04-22,2,-5.19,2025-05-20,Computex電腦展,2025
威盛,9,12,-21,-18,2025-04-18,2025-04-23,3,-1.3,2025-05-20,Computex電腦展,2025
威盛,9,13,-21,-17,2025-04-18,2025-04-24,4,-0.29,2025-05-20,Computex電腦展,2025
威盛,9,14,-21,-16,2025-04-18,2025-04-25,5,2.31,2025-05-20,Computex電腦展,2025
威盛,9,15,-21,-15,2025-04-18,2025-04-28,6,4.32,2025-05-20,Computex電腦展,2025
威盛,9,16,-21,-14,2025-04-18,2025-04-29,7,8.07,2025-05-20,Computex電腦展,2025
威盛,9,17,-21,-13,2025-04-18,2025-04-30,8,4.47,2025-05-20,Computex電腦展,2025
威盛,9,18,-21,-12,2025-04-18,2025-05-02,9,5.91,2025-05-20,Computex電腦展,2025
威盛,9,19,-21,-11,2025-04-18,2025-05-05,10,2.88,2025-05-20,Computex電腦展,2025
威盛,9,20,-21,-10,2025-04-18,2025-05-06,11,2.88,2025-05-20,Computex電腦展,2025
威盛,9,21,-21,-9,2025-04-18,2025-05-07,12,3.03,2025-05-20,Computex電腦展,2025
威盛,9,22,-21,-8,2025-04-18,2025-05-08,13,5.91,2025-05-20,Computex電腦展,2025
威盛,9,23,-21,-7,2025-04-18,2025-05-09,14,5.76,2025-05-20,Computex電腦展,2025
威盛,9,24,-21,-6,2025-04-18,2025-05-12,15,6.2,2025-05-20,Computex電腦展,2025
威盛,9,25,-21,-5,2025-04-18,2025-05-13,16,5.04,2025-05-20,Computex電腦展,2025
威盛,9,26,-21,-4,2025-04-18,2025-05-14,17,5.62,2025-05-20,Computex電腦展,2025
威盛,9,27,-21,-3,2025-04-18,2025-05-15,18,3.89,2025-05-20,Computex電腦展,2025
威盛,9,28,-21,-2,2025-04-18,2025-05-16,19,3.75,2025-05-20,Computex電腦展,2025
威盛,9,29,-21,-1,2025-04-18,2025-05-19,20,-1.3,2025-05-20,Computex電腦展,2025
威盛,9,30,-21,0,2025-04-18,2025-05-20,21,-1.15,2025-05-20,Computex電腦展,2025
威盛,9,31,-21,1,2025-04-18,2025-05-21,22,0.29,2025-05-20,Computex電腦展,2025
威盛,9,32,-21,2,2025-04-18,2025-05-22,23,-2.16,2025-05-20,Computex電腦展,2025
威盛,9,33,-21,3,2025-04-18,2025-05-23,24,-2.88,2025-05-20,Computex電腦展,2025
威盛,9,34,-21,4,2025-04-18,2025-05-26,25,-2.74,2025-05-20,Computex電腦展,2025
威盛,9,35,-21,5,2025-04-18,2025-05-27,26,-4.9,2025-05-20,Computex電腦展,2025
威盛,9,36,-21,6,2025-04-18,2025-05-28,27,-4.9,2025-05-20,Computex電腦展,2025
威盛,9,37,-21,7,2025-04-18,2025-05-29,28,-3.46,2025-05-20,Computex電腦展,2025
威盛,9,38,-21,8,2025-04-18,2025-06-02,29,-9.51,2025-05-20,Computex電腦展,2025
威盛,9,39,-21,9,2025-04-18,2025-06-03,30,-9.65,2025-05-20,Computex電腦展,2025
威盛,9,40,-21,10,2025-04-18,2025-06-04,31,-7.64,2025-05-20,Computex電腦展,2025
威盛,9,41,-21,11,2025-04-18,2025-06-05,32,-5.62,2025-05-20,Computex電腦展,2025
威盛,9,42,-21,12,2025-04-18,2025-06-06,33,-5.76,2025-05-20,Computex電腦展,2025
威盛,9,43,-21,13,2025-04-18,2025-06-09,34,-7.78,2025-05-20,Computex電腦展,2025
威盛,9,44,-21,14,2025-04-18,2025-06-10,35,-8.21,2025-05-20,Computex電腦展,2025
威盛,9,45,-21,15,2025-04-18,2025-06-11,36,-4.61,2025-05-20,Computex電腦展,2025
威盛,9,46,-21,16,2025-04-18,2025-06-12,37,-4.32,2025-05-20,Computex電腦展,2025
威盛,10,11,-20,-19,2025-04-21,2025-04-22,1,-1.05,2025-05-20,Computex電腦展,2025
威盛,10,12,-20,-18,2025-04-21,2025-04-23,2,3.01,2025-05-20,Computex電腦展,2025
威盛,10,13,-20,-17,2025-04-21,2025-04-24,3,4.06,2025-05-20,Computex電腦展,2025
威盛,10,14,-20,-16,2025-04-21,2025-04-25,4,6.77,2025-05-20,Computex電腦展,2025
威盛,10,15,-20,-15,2025-04-21,2025-04-28,5,8.87,2025-05-20,Computex電腦展,2025
威盛,10,16,-20,-14,2025-04-21,2025-04-29,6,12.78,2025-05-20,Computex電腦展,2025
威盛,10,17,-20,-13,2025-04-21,2025-04-30,7,9.02,2025-05-20,Computex電腦展,2025
威盛,10,18,-20,-12,2025-04-21,2025-05-02,8,10.53,2025-05-20,Computex電腦展,2025
威盛,10,19,-20,-11,2025-04-21,2025-05-05,9,7.37,2025-05-20,Computex電腦展,2025
威盛,10,20,-20,-10,2025-04-21,2025-05-06,10,7.37,2025-05-20,Computex電腦展,2025
威盛,10,21,-20,-9,2025-04-21,2025-05-07,11,7.52,2025-05-20,Computex電腦展,2025
威盛,10,22,-20,-8,2025-04-21,2025-05-08,12,10.53,2025-05-20,Computex電腦展,2025
威盛,10,23,-20,-7,2025-04-21,2025-05-09,13,10.38,2025-05-20,Computex電腦展,2025
威盛,10,24,-20,-6,2025-04-21,2025-05-12,14,10.83,2025-05-20,Computex電腦展,2025
威盛,10,25,-20,-5,2025-04-21,2025-05-13,15,9.62,2025-05-20,Computex電腦展,2025
威盛,10,26,-20,-4,2025-04-21,2025-05-14,16,10.23,2025-05-20,Computex電腦展,2025
威盛,10,27,-20,-3,2025-04-21,2025-05-15,17,8.42,2025-05-20,Computex電腦展,2025
威盛,10,28,-20,-2,2025-04-21,2025-05-16,18,8.27,2025-05-20,Computex電腦展,2025
威盛,10,29,-20,-1,2025-04-21,2025-05-19,19,3.01,2025-05-20,Computex電腦展,2025
威盛,10,30,-20,0,2025-04-21,2025-05-20,20,3.16,2025-05-20,Computex電腦展,2025
威盛,10,31,-20,1,2025-04-21,2025-05-21,21,4.66,2025-05-20,Computex電腦展,2025
威盛,10,32,-20,2,2025-04-21,2025-05-22,22,2.11,2025-05-20,Computex電腦展,2025
威盛,10,33,-20,3,2025-04-21,2025-05-23,23,1.35,2025-05-20,Computex電腦展,2025
威盛,10,34,-20,4,2025-04-21,2025-05-26,24,1.5,2025-05-20,Computex電腦展,2025
威盛,10,35,-20,5,2025-04-21,2025-05-27,25,-0.75,2025-05-20,Computex電腦展,2025
威盛,10,36,-20,6,2025-04-21,2025-05-28,26,-0.75,2025-05-20,Computex電腦展,2025
威盛,10,37,-20,7,2025-04-21,2025-05-29,27,0.75,2025-05-20,Computex電腦展,2025
威盛,10,38,-20,8,2025-04-21,2025-06-02,28,-5.56,2025-05-20,Computex電腦展,2025
威盛,10,39,-20,9,2025-04-21,2025-06-03,29,-5.71,2025-05-20,Computex電腦展,2025
威盛,10,40,-20,10,2025-04-21,2025-06-04,30,-3.61,2025-05-20,Computex電腦展,2025
威盛,10,41,-20,11,2025-04-21,2025-06-05,31,-1.5,2025-05-20,Computex電腦展,2025
威盛,10,42,-20,12,2025-04-21,2025-06-06,32,-1.65,2025-05-20,Computex電腦展,2025
威盛,10,43,-20,13,2025-04-21,2025-06-09,33,-3.76,2025-05-20,Computex電腦展,2025
威盛,10,44,-20,14,2025-04-21,2025-06-10,34,-4.21,2025-05-20,Computex電腦展,2025
威盛,10,45,-20,15,2025-04-21,2025-06-11,35,-0.45,2025-05-20,Computex電腦展,2025
威盛,10,46,-20,16,2025-04-21,2025-06-12,36,-0.15,2025-05-20,Computex電腦展,2025
威盛,11,12,-19,-18,2025-04-22,2025-04-23,1,4.1,2025-05-20,Computex電腦展,2025
威盛,11,13,-19,-17,2025-04-22,2025-04-24,2,5.17,2025-05-20,Computex電腦展,2025
威盛,11,14,-19,-16,2025-04-22,2025-04-25,3,7.9,2025-05-20,Computex電腦展,2025
威盛,11,15,-19,-15,2025-04-22,2025-04-28,4,10.03,2025-05-20,Computex電腦展,2025
威盛,11,16,-19,-14,2025-04-22,2025-04-29,5,13.98,2025-05-20,Computex電腦展,2025
威盛,11,17,-19,-13,2025-04-22,2025-04-30,6,10.18,2025-05-20,Computex電腦展,2025
威盛,11,18,-19,-12,2025-04-22,2025-05-02,7,11.7,2025-05-20,Computex電腦展,2025
威盛,11,19,-19,-11,2025-04-22,2025-05-05,8,8.51,2025-05-20,Computex電腦展,2025
威盛,11,20,-19,-10,2025-04-22,2025-05-06,9,8.51,2025-05-20,Computex電腦展,2025
威盛,11,21,-19,-9,2025-04-22,2025-05-07,10,8.66,2025-05-20,Computex電腦展,2025
威盛,11,22,-19,-8,2025-04-22,2025-05-08,11,11.7,2025-05-20,Computex電腦展,2025
威盛,11,23,-19,-7,2025-04-22,2025-05-09,12,11.55,2025-05-20,Computex電腦展,2025
威盛,11,24,-19,-6,2025-04-22,2025-05-12,13,12.01,2025-05-20,Computex電腦展,2025
威盛,11,25,-19,-5,2025-04-22,2025-05-13,14,10.79,2025-05-20,Computex電腦展,2025
威盛,11,26,-19,-4,2025-04-22,2025-05-14,15,11.4,2025-05-20,Computex電腦展,2025
威盛,11,27,-19,-3,2025-04-22,2025-05-15,16,9.57,2025-05-20,Computex電腦展,2025
威盛,11,28,-19,-2,2025-04-22,2025-05-16,17,9.42,2025-05-20,Computex電腦展,2025
威盛,11,29,-19,-1,2025-04-22,2025-05-19,18,4.1,2025-05-20,Computex電腦展,2025
威盛,11,30,-19,0,2025-04-22,2025-05-20,19,4.26,2025-05-20,Computex電腦展,2025
威盛,11,31,-19,1,2025-04-22,2025-05-21,20,5.78,2025-05-20,Computex電腦展,2025
威盛,11,32,-19,2,2025-04-22,2025-05-22,21,3.19,2025-05-20,Computex電腦展,2025
威盛,11,33,-19,3,2025-04-22,2025-05-23,22,2.43,2025-05-20,Computex電腦展,2025
威盛,11,34,-19,4,2025-04-22,2025-05-26,23,2.58,2025-05-20,Computex電腦展,2025
威盛,11,35,-19,5,2025-04-22,2025-05-27,24,0.3,2025-05-20,Computex電腦展,2025
威盛,11,36,-19,6,2025-04-22,2025-05-28,25,0.3,2025-05-20,Computex電腦展,2025
威盛,11,37,-19,7,2025-04-22,2025-05-29,26,1.82,2025-05-20,Computex電腦展,2025
威盛,11,38,-19,8,2025-04-22,2025-06-02,27,-4.56,2025-05-20,Computex電腦展,2025
威盛,11,39,-19,9,2025-04-22,2025-06-03,28,-4.71,2025-05-20,Computex電腦展,2025
威盛,11,40,-19,10,2025-04-22,2025-06-04,29,-2.58,2025-05-20,Computex電腦展,2025
威盛,11,41,-19,11,2025-04-22,2025-06-05,30,-0.46,2025-05-20,Computex電腦展,2025
威盛,11,42,-19,12,2025-04-22,2025-06-06,31,-0.61,2025-05-20,Computex電腦展,2025
威盛,11,43,-19,13,2025-04-22,2025-06-09,32,-2.74,2025-05-20,Computex電腦展,2025
威盛,11,44,-19,14,2025-04-22,2025-06-10,33,-3.19,2025-05-20,Computex電腦展,2025
威盛,11,45,-19,15,2025-04-22,2025-06-11,34,0.61,2025-05-20,Computex電腦展,2025
威盛,11,46,-19,16,2025-04-22,2025-06-12,35,0.91,2025-05-20,Computex電腦展,2025
威盛,12,13,-18,-17,2025-04-23,2025-04-24,1,1.02,2025-05-20,Computex電腦展,2025
威盛,12,14,-18,-16,2025-04-23,2025-04-25,2,3.65,2025-05-20,Computex電腦展,2025
威盛,12,15,-18,-15,2025-04-23,2025-04-28,3,5.69,2025-05-20,Computex電腦展,2025
威盛,12,16,-18,-14,2025-04-23,2025-04-29,4,9.49,2025-05-20,Computex電腦展,2025
威盛,12,17,-18,-13,2025-04-23,2025-04-30,5,5.84,2025-05-20,Computex電腦展,2025
威盛,12,18,-18,-12,2025-04-23,2025-05-02,6,7.3,2025-05-20,Computex電腦展,2025
威盛,12,19,-18,-11,2025-04-23,2025-05-05,7,4.23,2025-05-20,Computex電腦展,2025
威盛,12,20,-18,-10,2025-04-23,2025-05-06,8,4.23,2025-05-20,Computex電腦展,2025
威盛,12,21,-18,-9,2025-04-23,2025-05-07,9,4.38,2025-05-20,Computex電腦展,2025
威盛,12,22,-18,-8,2025-04-23,2025-05-08,10,7.3,2025-05-20,Computex電腦展,2025
威盛,12,23,-18,-7,2025-04-23,2025-05-09,11,7.15,2025-05-20,Computex電腦展,2025
威盛,12,24,-18,-6,2025-04-23,2025-05-12,12,7.59,2025-05-20,Computex電腦展,2025
威盛,12,25,-18,-5,2025-04-23,2025-05-13,13,6.42,2025-05-20,Computex電腦展,2025
威盛,12,26,-18,-4,2025-04-23,2025-05-14,14,7.01,2025-05-20,Computex電腦展,2025
威盛,12,27,-18,-3,2025-04-23,2025-05-15,15,5.26,2025-05-20,Computex電腦展,2025
威盛,12,28,-18,-2,2025-04-23,2025-05-16,16,5.11,2025-05-20,Computex電腦展,2025
威盛,12,29,-18,-1,2025-04-23,2025-05-19,17,0.0,2025-05-20,Computex電腦展,2025
威盛,12,30,-18,0,2025-04-23,2025-05-20,18,0.15,2025-05-20,Computex電腦展,2025
威盛,12,31,-18,1,2025-04-23,2025-05-21,19,1.61,2025-05-20,Computex電腦展,2025
威盛,12,32,-18,2,2025-04-23,2025-05-22,20,-0.88,2025-05-20,Computex電腦展,2025
威盛,12,33,-18,3,2025-04-23,2025-05-23,21,-1.61,2025-05-20,Computex電腦展,2025
威盛,12,34,-18,4,2025-04-23,2025-05-26,22,-1.46,2025-05-20,Computex電腦展,2025
威盛,12,35,-18,5,2025-04-23,2025-05-27,23,-3.65,2025-05-20,Computex電腦展,2025
威盛,12,36,-18,6,2025-04-23,2025-05-28,24,-3.65,2025-05-20,Computex電腦展,2025
威盛,12,37,-18,7,2025-04-23,2025-05-29,25,-2.19,2025-05-20,Computex電腦展,2025
威盛,12,38,-18,8,2025-04-23,2025-06-02,26,-8.32,2025-05-20,Computex電腦展,2025
威盛,12,39,-18,9,2025-04-23,2025-06-03,27,-8.47,2025-05-20,Computex電腦展,2025
威盛,12,40,-18,10,2025-04-23,2025-06-04,28,-6.42,2025-05-20,Computex電腦展,2025
威盛,12,41,-18,11,2025-04-23,2025-06-05,29,-4.38,2025-05-20,Computex電腦展,2025
威盛,12,42,-18,12,2025-04-23,2025-06-06,30,-4.53,2025-05-20,Computex電腦展,2025
威盛,12,43,-18,13,2025-04-23,2025-06-09,31,-6.57,2025-05-20,Computex電腦展,2025
威盛,12,44,-18,14,2025-04-23,2025-06-10,32,-7.01,2025-05-20,Computex電腦展,2025
威盛,12,45,-18,15,2025-04-23,2025-06-11,33,-3.36,2025-05-20,Computex電腦展,2025
威盛,12,46,-18,16,2025-04-23,2025-06-12,34,-3.07,2025-05-20,Computex電腦展,2025
威盛,13,14,-17,-16,2025-04-24,2025-04-25,1,2.6,2025-05-20,Computex電腦展,2025
威盛,13,15,-17,-15,2025-04-24,2025-04-28,2,4.62,2025-05-20,Computex電腦展,2025
威盛,13,16,-17,-14,2025-04-24,2025-04-29,3,8.38,2025-05-20,Computex電腦展,2025
威盛,13,17,-17,-13,2025-04-24,2025-04-30,4,4.77,2025-05-20,Computex電腦展,2025
威盛,13,18,-17,-12,2025-04-24,2025-05-02,5,6.21,2025-05-20,Computex電腦展,2025
威盛,13,19,-17,-11,2025-04-24,2025-05-05,6,3.18,2025-05-20,Computex電腦展,2025
威盛,13,20,-17,-10,2025-04-24,2025-05-06,7,3.18,2025-05-20,Computex電腦展,2025
威盛,13,21,-17,-9,2025-04-24,2025-05-07,8,3.32,2025-05-20,Computex電腦展,2025
威盛,13,22,-17,-8,2025-04-24,2025-05-08,9,6.21,2025-05-20,Computex電腦展,2025
威盛,13,23,-17,-7,2025-04-24,2025-05-09,10,6.07,2025-05-20,Computex電腦展,2025
威盛,13,24,-17,-6,2025-04-24,2025-05-12,11,6.5,2025-05-20,Computex電腦展,2025
威盛,13,25,-17,-5,2025-04-24,2025-05-13,12,5.35,2025-05-20,Computex電腦展,2025
威盛,13,26,-17,-4,2025-04-24,2025-05-14,13,5.92,2025-05-20,Computex電腦展,2025
威盛,13,27,-17,-3,2025-04-24,2025-05-15,14,4.19,2025-05-20,Computex電腦展,2025
威盛,13,28,-17,-2,2025-04-24,2025-05-16,15,4.05,2025-05-20,Computex電腦展,2025
威盛,13,29,-17,-1,2025-04-24,2025-05-19,16,-1.01,2025-05-20,Computex電腦展,2025
威盛,13,30,-17,0,2025-04-24,2025-05-20,17,-0.87,2025-05-20,Computex電腦展,2025
威盛,13,31,-17,1,2025-04-24,2025-05-21,18,0.58,2025-05-20,Computex電腦展,2025
威盛,13,32,-17,2,2025-04-24,2025-05-22,19,-1.88,2025-05-20,Computex電腦展,2025
威盛,13,33,-17,3,2025-04-24,2025-05-23,20,-2.6,2025-05-20,Computex電腦展,2025
威盛,13,34,-17,4,2025-04-24,2025-05-26,21,-2.46,2025-05-20,Computex電腦展,2025
威盛,13,35,-17,5,2025-04-24,2025-05-27,22,-4.62,2025-05-20,Computex電腦展,2025
威盛,13,36,-17,6,2025-04-24,2025-05-28,23,-4.62,2025-05-20,Computex電腦展,2025
威盛,13,37,-17,7,2025-04-24,2025-05-29,24,-3.18,2025-05-20,Computex電腦展,2025
威盛,13,38,-17,8,2025-04-24,2025-06-02,25,-9.25,2025-05-20,Computex電腦展,2025
威盛,13,39,-17,9,2025-04-24,2025-06-03,26,-9.39,2025-05-20,Computex電腦展,2025
威盛,13,40,-17,10,2025-04-24,2025-06-04,27,-7.37,2025-05-20,Computex電腦展,2025
威盛,13,41,-17,11,2025-04-24,2025-06-05,28,-5.35,2025-05-20,Computex電腦展,2025
威盛,13,42,-17,12,2025-04-24,2025-06-06,29,-5.49,2025-05-20,Computex電腦展,2025
威盛,13,43,-17,13,2025-04-24,2025-06-09,30,-7.51,2025-05-20,Computex電腦展,2025
威盛,13,44,-17,14,2025-04-24,2025-06-10,31,-7.95,2025-05-20,Computex電腦展,2025
威盛,13,45,-17,15,2025-04-24,2025-06-11,32,-4.34,2025-05-20,Computex電腦展,2025
威盛,13,46,-17,16,2025-04-24,2025-06-12,33,-4.05,2025-05-20,Computex電腦展,2025
威盛,14,15,-16,-15,2025-04-25,2025-04-28,1,1.97,2025-05-20,Computex電腦展,2025
威盛,14,16,-16,-14,2025-04-25,2025-04-29,2,5.63,2025-05-20,Computex電腦展,2025
威盛,14,17,-16,-13,2025-04-25,2025-04-30,3,2.11,2025-05-20,Computex電腦展,2025
威盛,14,18,-16,-12,2025-04-25,2025-05-02,4,3.52,2025-05-20,Computex電腦展,2025
威盛,14,19,-16,-11,2025-04-25,2025-05-05,5,0.56,2025-05-20,Computex電腦展,2025
威盛,14,20,-16,-10,2025-04-25,2025-05-06,6,0.56,2025-05-20,Computex電腦展,2025
威盛,14,21,-16,-9,2025-04-25,2025-05-07,7,0.7,2025-05-20,Computex電腦展,2025
威盛,14,22,-16,-8,2025-04-25,2025-05-08,8,3.52,2025-05-20,Computex電腦展,2025
威盛,14,23,-16,-7,2025-04-25,2025-05-09,9,3.38,2025-05-20,Computex電腦展,2025
威盛,14,24,-16,-6,2025-04-25,2025-05-12,10,3.8,2025-05-20,Computex電腦展,2025
威盛,14,25,-16,-5,2025-04-25,2025-05-13,11,2.68,2025-05-20,Computex電腦展,2025
威盛,14,26,-16,-4,2025-04-25,2025-05-14,12,3.24,2025-05-20,Computex電腦展,2025
威盛,14,27,-16,-3,2025-04-25,2025-05-15,13,1.55,2025-05-20,Computex電腦展,2025
威盛,14,28,-16,-2,2025-04-25,2025-05-16,14,1.41,2025-05-20,Computex電腦展,2025
威盛,14,29,-16,-1,2025-04-25,2025-05-19,15,-3.52,2025-05-20,Computex電腦展,2025
威盛,14,30,-16,0,2025-04-25,2025-05-20,16,-3.38,2025-05-20,Computex電腦展,2025
威盛,14,31,-16,1,2025-04-25,2025-05-21,17,-1.97,2025-05-20,Computex電腦展,2025
威盛,14,32,-16,2,2025-04-25,2025-05-22,18,-4.37,2025-05-20,Computex電腦展,2025
威盛,14,33,-16,3,2025-04-25,2025-05-23,19,-5.07,2025-05-20,Computex電腦展,2025
威盛,14,34,-16,4,2025-04-25,2025-05-26,20,-4.93,2025-05-20,Computex電腦展,2025
威盛,14,35,-16,5,2025-04-25,2025-05-27,21,-7.04,2025-05-20,Computex電腦展,2025
威盛,14,36,-16,6,2025-04-25,2025-05-28,22,-7.04,2025-05-20,Computex電腦展,2025
威盛,14,37,-16,7,2025-04-25,2025-05-29,23,-5.63,2025-05-20,Computex電腦展,2025
威盛,14,38,-16,8,2025-04-25,2025-06-02,24,-11.55,2025-05-20,Computex電腦展,2025
威盛,14,39,-16,9,2025-04-25,2025-06-03,25,-11.69,2025-05-20,Computex電腦展,2025
威盛,14,40,-16,10,2025-04-25,2025-06-04,26,-9.72,2025-05-20,Computex電腦展,2025
威盛,14,41,-16,11,2025-04-25,2025-06-05,27,-7.75,2025-05-20,Computex電腦展,2025
威盛,14,42,-16,12,2025-04-25,2025-06-06,28,-7.89,2025-05-20,Computex電腦展,2025
威盛,14,43,-16,13,2025-04-25,2025-06-09,29,-9.86,2025-05-20,Computex電腦展,2025
威盛,14,44,-16,14,2025-04-25,2025-06-10,30,-10.28,2025-05-20,Computex電腦展,2025
威盛,14,45,-16,15,2025-04-25,2025-06-11,31,-6.76,2025-05-20,Computex電腦展,2025
威盛,14,46,-16,16,2025-04-25,2025-06-12,32,-6.48,2025-05-20,Computex電腦展,2025
威盛,15,16,-15,-14,2025-04-28,2025-04-29,1,3.59,2025-05-20,Computex電腦展,2025
威盛,15,17,-15,-13,2025-04-28,2025-04-30,2,0.14,2025-05-20,Computex電腦展,2025
威盛,15,18,-15,-12,2025-04-28,2025-05-02,3,1.52,2025-05-20,Computex電腦展,2025
威盛,15,19,-15,-11,2025-04-28,2025-05-05,4,-1.38,2025-05-20,Computex電腦展,2025
威盛,15,20,-15,-10,2025-04-28,2025-05-06,5,-1.38,2025-05-20,Computex電腦展,2025
威盛,15,21,-15,-9,2025-04-28,2025-05-07,6,-1.24,2025-05-20,Computex電腦展,2025
威盛,15,22,-15,-8,2025-04-28,2025-05-08,7,1.52,2025-05-20,Computex電腦展,2025
威盛,15,23,-15,-7,2025-04-28,2025-05-09,8,1.38,2025-05-20,Computex電腦展,2025
威盛,15,24,-15,-6,2025-04-28,2025-05-12,9,1.8,2025-05-20,Computex電腦展,2025
威盛,15,25,-15,-5,2025-04-28,2025-05-13,10,0.69,2025-05-20,Computex電腦展,2025
威盛,15,26,-15,-4,2025-04-28,2025-05-14,11,1.24,2025-05-20,Computex電腦展,2025
威盛,15,27,-15,-3,2025-04-28,2025-05-15,12,-0.41,2025-05-20,Computex電腦展,2025
威盛,15,28,-15,-2,2025-04-28,2025-05-16,13,-0.55,2025-05-20,Computex電腦展,2025
威盛,15,29,-15,-1,2025-04-28,2025-05-19,14,-5.39,2025-05-20,Computex電腦展,2025
威盛,15,30,-15,0,2025-04-28,2025-05-20,15,-5.25,2025-05-20,Computex電腦展,2025
威盛,15,31,-15,1,2025-04-28,2025-05-21,16,-3.87,2025-05-20,Computex電腦展,2025
威盛,15,32,-15,2,2025-04-28,2025-05-22,17,-6.22,2025-05-20,Computex電腦展,2025
威盛,15,33,-15,3,2025-04-28,2025-05-23,18,-6.91,2025-05-20,Computex電腦展,2025
威盛,15,34,-15,4,2025-04-28,2025-05-26,19,-6.77,2025-05-20,Computex電腦展,2025
威盛,15,35,-15,5,2025-04-28,2025-05-27,20,-8.84,2025-05-20,Computex電腦展,2025
威盛,15,36,-15,6,2025-04-28,2025-05-28,21,-8.84,2025-05-20,Computex電腦展,2025
威盛,15,37,-15,7,2025-04-28,2025-05-29,22,-7.46,2025-05-20,Computex電腦展,2025
威盛,15,38,-15,8,2025-04-28,2025-06-02,23,-13.26,2025-05-20,Computex電腦展,2025
威盛,15,39,-15,9,2025-04-28,2025-06-03,24,-13.4,2025-05-20,Computex電腦展,2025
威盛,15,40,-15,10,2025-04-28,2025-06-04,25,-11.46,2025-05-20,Computex電腦展,2025
威盛,15,41,-15,11,2025-04-28,2025-06-05,26,-9.53,2025-05-20,Computex電腦展,2025
威盛,15,42,-15,12,2025-04-28,2025-06-06,27,-9.67,2025-05-20,Computex電腦展,2025
威盛,15,43,-15,13,2025-04-28,2025-06-09,28,-11.6,2025-05-20,Computex電腦展,2025
威盛,15,44,-15,14,2025-04-28,2025-06-10,29,-12.02,2025-05-20,Computex電腦展,2025
威盛,15,45,-15,15,2025-04-28,2025-06-11,30,-8.56,2025-05-20,Computex電腦展,2025
威盛,15,46,-15,16,2025-04-28,2025-06-12,31,-8.29,2025-05-20,Computex電腦展,2025
威盛,16,17,-14,-13,2025-04-29,2025-04-30,1,-3.33,2025-05-20,Computex電腦展,2025
威盛,16,18,-14,-12,2025-04-29,2025-05-02,2,-2.0,2025-05-20,Computex電腦展,2025
威盛,16,19,-14,-11,2025-04-29,2025-05-05,3,-4.8,2025-05-20,Computex電腦展,2025
威盛,16,20,-14,-10,2025-04-29,2025-05-06,4,-4.8,2025-05-20,Computex電腦展,2025
威盛,16,21,-14,-9,2025-04-29,2025-05-07,5,-4.67,2025-05-20,Computex電腦展,2025
威盛,16,22,-14,-8,2025-04-29,2025-05-08,6,-2.0,2025-05-20,Computex電腦展,2025
威盛,16,23,-14,-7,2025-04-29,2025-05-09,7,-2.13,2025-05-20,Computex電腦展,2025
威盛,16,24,-14,-6,2025-04-29,2025-05-12,8,-1.73,2025-05-20,Computex電腦展,2025
威盛,16,25,-14,-5,2025-04-29,2025-05-13,9,-2.8,2025-05-20,Computex電腦展,2025
威盛,16,26,-14,-4,2025-04-29,2025-05-14,10,-2.27,2025-05-20,Computex電腦展,2025
威盛,16,27,-14,-3,2025-04-29,2025-05-15,11,-3.87,2025-05-20,Computex電腦展,2025
威盛,16,28,-14,-2,2025-04-29,2025-05-16,12,-4.0,2025-05-20,Computex電腦展,2025
威盛,16,29,-14,-1,2025-04-29,2025-05-19,13,-8.67,2025-05-20,Computex電腦展,2025
威盛,16,30,-14,0,2025-04-29,2025-05-20,14,-8.53,2025-05-20,Computex電腦展,2025
威盛,16,31,-14,1,2025-04-29,2025-05-21,15,-7.2,2025-05-20,Computex電腦展,2025
威盛,16,32,-14,2,2025-04-29,2025-05-22,16,-9.47,2025-05-20,Computex電腦展,2025
威盛,16,33,-14,3,2025-04-29,2025-05-23,17,-10.13,2025-05-20,Computex電腦展,2025
威盛,16,34,-14,4,2025-04-29,2025-05-26,18,-10.0,2025-05-20,Computex電腦展,2025
威盛,16,35,-14,5,2025-04-29,2025-05-27,19,-12.0,2025-05-20,Computex電腦展,2025
威盛,16,36,-14,6,2025-04-29,2025-05-28,20,-12.0,2025-05-20,Computex電腦展,2025
威盛,16,37,-14,7,2025-04-29,2025-05-29,21,-10.67,2025-05-20,Computex電腦展,2025
威盛,16,38,-14,8,2025-04-29,2025-06-02,22,-16.27,2025-05-20,Computex電腦展,2025
威盛,16,39,-14,9,2025-04-29,2025-06-03,23,-16.4,2025-05-20,Computex電腦展,2025
威盛,16,40,-14,10,2025-04-29,2025-06-04,24,-14.53,2025-05-20,Computex電腦展,2025
威盛,16,41,-14,11,2025-04-29,2025-06-05,25,-12.67,2025-05-20,Computex電腦展,2025
威盛,16,42,-14,12,2025-04-29,2025-06-06,26,-12.8,2025-05-20,Computex電腦展,2025
威盛,16,43,-14,13,2025-04-29,2025-06-09,27,-14.67,2025-05-20,Computex電腦展,2025
威盛,16,44,-14,14,2025-04-29,2025-06-10,28,-15.07,2025-05-20,Computex電腦展,2025
威盛,16,45,-14,15,2025-04-29,2025-06-11,29,-11.73,2025-05-20,Computex電腦展,2025
威盛,16,46,-14,16,2025-04-29,2025-06-12,30,-11.47,2025-05-20,Computex電腦展,2025
威盛,17,18,-13,-12,2025-04-30,2025-05-02,1,1.38,2025-05-20,Computex電腦展,2025
威盛,17,19,-13,-11,2025-04-30,2025-05-05,2,-1.52,2025-05-20,Computex電腦展,2025
威盛,17,20,-13,-10,2025-04-30,2025-05-06,3,-1.52,2025-05-20,Computex電腦展,2025
威盛,17,21,-13,-9,2025-04-30,2025-05-07,4,-1.38,2025-05-20,Computex電腦展,2025
威盛,17,22,-13,-8,2025-04-30,2025-05-08,5,1.38,2025-05-20,Computex電腦展,2025
威盛,17,23,-13,-7,2025-04-30,2025-05-09,6,1.24,2025-05-20,Computex電腦展,2025
威盛,17,24,-13,-6,2025-04-30,2025-05-12,7,1.66,2025-05-20,Computex電腦展,2025
威盛,17,25,-13,-5,2025-04-30,2025-05-13,8,0.55,2025-05-20,Computex電腦展,2025
威盛,17,26,-13,-4,2025-04-30,2025-05-14,9,1.1,2025-05-20,Computex電腦展,2025
威盛,17,27,-13,-3,2025-04-30,2025-05-15,10,-0.55,2025-05-20,Computex電腦展,2025
威盛,17,28,-13,-2,2025-04-30,2025-05-16,11,-0.69,2025-05-20,Computex電腦展,2025
威盛,17,29,-13,-1,2025-04-30,2025-05-19,12,-5.52,2025-05-20,Computex電腦展,2025
威盛,17,30,-13,0,2025-04-30,2025-05-20,13,-5.38,2025-05-20,Computex電腦展,2025
威盛,17,31,-13,1,2025-04-30,2025-05-21,14,-4.0,2025-05-20,Computex電腦展,2025
威盛,17,32,-13,2,2025-04-30,2025-05-22,15,-6.34,2025-05-20,Computex電腦展,2025
威盛,17,33,-13,3,2025-04-30,2025-05-23,16,-7.03,2025-05-20,Computex電腦展,2025
威盛,17,34,-13,4,2025-04-30,2025-05-26,17,-6.9,2025-05-20,Computex電腦展,2025
威盛,17,35,-13,5,2025-04-30,2025-05-27,18,-8.97,2025-05-20,Computex電腦展,2025
威盛,17,36,-13,6,2025-04-30,2025-05-28,19,-8.97,2025-05-20,Computex電腦展,2025
威盛,17,37,-13,7,2025-04-30,2025-05-29,20,-7.59,2025-05-20,Computex電腦展,2025
威盛,17,38,-13,8,2025-04-30,2025-06-02,21,-13.38,2025-05-20,Computex電腦展,2025
威盛,17,39,-13,9,2025-04-30,2025-06-03,22,-13.52,2025-05-20,Computex電腦展,2025
威盛,17,40,-13,10,2025-04-30,2025-06-04,23,-11.59,2025-05-20,Computex電腦展,2025
威盛,17,41,-13,11,2025-04-30,2025-06-05,24,-9.66,2025-05-20,Computex電腦展,2025
威盛,17,42,-13,12,2025-04-30,2025-06-06,25,-9.79,2025-05-20,Computex電腦展,2025
威盛,17,43,-13,13,2025-04-30,2025-06-09,26,-11.72,2025-05-20,Computex電腦展,2025
威盛,17,44,-13,14,2025-04-30,2025-06-10,27,-12.14,2025-05-20,Computex電腦展,2025
威盛,17,45,-13,15,2025-04-30,2025-06-11,28,-8.69,2025-05-20,Computex電腦展,2025
威盛,17,46,-13,16,2025-04-30,2025-06-12,29,-8.41,2025-05-20,Computex電腦展,2025
威盛,18,19,-12,-11,2025-05-02,2025-05-05,1,-2.86,2025-05-20,Computex電腦展,2025
威盛,18,20,-12,-10,2025-05-02,2025-05-06,2,-2.86,2025-05-20,Computex電腦展,2025
威盛,18,21,-12,-9,2025-05-02,2025-05-07,3,-2.72,2025-05-20,Computex電腦展,2025
威盛,18,22,-12,-8,2025-05-02,2025-05-08,4,0.0,2025-05-20,Computex電腦展,2025
威盛,18,23,-12,-7,2025-05-02,2025-05-09,5,-0.14,2025-05-20,Computex電腦展,2025
威盛,18,24,-12,-6,2025-05-02,2025-05-12,6,0.27,2025-05-20,Computex電腦展,2025
威盛,18,25,-12,-5,2025-05-02,2025-05-13,7,-0.82,2025-05-20,Computex電腦展,2025
威盛,18,26,-12,-4,2025-05-02,2025-05-14,8,-0.27,2025-05-20,Computex電腦展,2025
威盛,18,27,-12,-3,2025-05-02,2025-05-15,9,-1.9,2025-05-20,Computex電腦展,2025
威盛,18,28,-12,-2,2025-05-02,2025-05-16,10,-2.04,2025-05-20,Computex電腦展,2025
威盛,18,29,-12,-1,2025-05-02,2025-05-19,11,-6.8,2025-05-20,Computex電腦展,2025
威盛,18,30,-12,0,2025-05-02,2025-05-20,12,-6.67,2025-05-20,Computex電腦展,2025
威盛,18,31,-12,1,2025-05-02,2025-05-21,13,-5.31,2025-05-20,Computex電腦展,2025
威盛,18,32,-12,2,2025-05-02,2025-05-22,14,-7.62,2025-05-20,Computex電腦展,2025
威盛,18,33,-12,3,2025-05-02,2025-05-23,15,-8.3,2025-05-20,Computex電腦展,2025
威盛,18,34,-12,4,2025-05-02,2025-05-26,16,-8.16,2025-05-20,Computex電腦展,2025
威盛,18,35,-12,5,2025-05-02,2025-05-27,17,-10.2,2025-05-20,Computex電腦展,2025
威盛,18,36,-12,6,2025-05-02,2025-05-28,18,-10.2,2025-05-20,Computex電腦展,2025
威盛,18,37,-12,7,2025-05-02,2025-05-29,19,-8.84,2025-05-20,Computex電腦展,2025
威盛,18,38,-12,8,2025-05-02,2025-06-02,20,-14.56,2025-05-20,Computex電腦展,2025
威盛,18,39,-12,9,2025-05-02,2025-06-03,21,-14.69,2025-05-20,Computex電腦展,2025
威盛,18,40,-12,10,2025-05-02,2025-06-04,22,-12.79,2025-05-20,Computex電腦展,2025
威盛,18,41,-12,11,2025-05-02,2025-06-05,23,-10.88,2025-05-20,Computex電腦展,2025
威盛,18,42,-12,12,2025-05-02,2025-06-06,24,-11.02,2025-05-20,Computex電腦展,2025
威盛,18,43,-12,13,2025-05-02,2025-06-09,25,-12.93,2025-05-20,Computex電腦展,2025
威盛,18,44,-12,14,2025-05-02,2025-06-10,26,-13.33,2025-05-20,Computex電腦展,2025
威盛,18,45,-12,15,2025-05-02,2025-06-11,27,-9.93,2025-05-20,Computex電腦展,2025
威盛,18,46,-12,16,2025-05-02,2025-06-12,28,-9.66,2025-05-20,Computex電腦展,2025
威盛,19,20,-11,-10,2025-05-05,2025-05-06,1,0.0,2025-05-20,Computex電腦展,2025
威盛,19,21,-11,-9,2025-05-05,2025-05-07,2,0.14,2025-05-20,Computex電腦展,2025
威盛,19,22,-11,-8,2025-05-05,2025-05-08,3,2.94,2025-05-20,Computex電腦展,2025
威盛,19,23,-11,-7,2025-05-05,2025-05-09,4,2.8,2025-05-20,Computex電腦展,2025
威盛,19,24,-11,-6,2025-05-05,2025-05-12,5,3.22,2025-05-20,Computex電腦展,2025
威盛,19,25,-11,-5,2025-05-05,2025-05-13,6,2.1,2025-05-20,Computex電腦展,2025
威盛,19,26,-11,-4,2025-05-05,2025-05-14,7,2.66,2025-05-20,Computex電腦展,2025
威盛,19,27,-11,-3,2025-05-05,2025-05-15,8,0.98,2025-05-20,Computex電腦展,2025
威盛,19,28,-11,-2,2025-05-05,2025-05-16,9,0.84,2025-05-20,Computex電腦展,2025
威盛,19,29,-11,-1,2025-05-05,2025-05-19,10,-4.06,2025-05-20,Computex電腦展,2025
威盛,19,30,-11,0,2025-05-05,2025-05-20,11,-3.92,2025-05-20,Computex電腦展,2025
威盛,19,31,-11,1,2025-05-05,2025-05-21,12,-2.52,2025-05-20,Computex電腦展,2025
威盛,19,32,-11,2,2025-05-05,2025-05-22,13,-4.9,2025-05-20,Computex電腦展,2025
威盛,19,33,-11,3,2025-05-05,2025-05-23,14,-5.6,2025-05-20,Computex電腦展,2025
威盛,19,34,-11,4,2025-05-05,2025-05-26,15,-5.46,2025-05-20,Computex電腦展,2025
威盛,19,35,-11,5,2025-05-05,2025-05-27,16,-7.56,2025-05-20,Computex電腦展,2025
威盛,19,36,-11,6,2025-05-05,2025-05-28,17,-7.56,2025-05-20,Computex電腦展,2025
威盛,19,37,-11,7,2025-05-05,2025-05-29,18,-6.16,2025-05-20,Computex電腦展,2025
威盛,19,38,-11,8,2025-05-05,2025-06-02,19,-12.04,2025-05-20,Computex電腦展,2025
威盛,19,39,-11,9,2025-05-05,2025-06-03,20,-12.18,2025-05-20,Computex電腦展,2025
威盛,19,40,-11,10,2025-05-05,2025-06-04,21,-10.22,2025-05-20,Computex電腦展,2025
威盛,19,41,-11,11,2025-05-05,2025-06-05,22,-8.26,2025-05-20,Computex電腦展,2025
威盛,19,42,-11,12,2025-05-05,2025-06-06,23,-8.4,2025-05-20,Computex電腦展,2025
威盛,19,43,-11,13,2025-05-05,2025-06-09,24,-10.36,2025-05-20,Computex電腦展,2025
威盛,19,44,-11,14,2025-05-05,2025-06-10,25,-10.78,2025-05-20,Computex電腦展,2025
威盛,19,45,-11,15,2025-05-05,2025-06-11,26,-7.28,2025-05-20,Computex電腦展,2025
威盛,19,46,-11,16,2025-05-05,2025-06-12,27,-7.0,2025-05-20,Computex電腦展,2025
威盛,20,21,-10,-9,2025-05-06,2025-05-07,1,0.14,2025-05-20,Computex電腦展,2025
威盛,20,22,-10,-8,2025-05-06,2025-05-08,2,2.94,2025-05-20,Computex電腦展,2025
威盛,20,23,-10,-7,2025-05-06,2025-05-09,3,2.8,2025-05-20,Computex電腦展,2025
威盛,20,24,-10,-6,2025-05-06,2025-05-12,4,3.22,2025-05-20,Computex電腦展,2025
威盛,20,25,-10,-5,2025-05-06,2025-05-13,5,2.1,2025-05-20,Computex電腦展,2025
威盛,20,26,-10,-4,2025-05-06,2025-05-14,6,2.66,2025-05-20,Computex電腦展,2025
威盛,20,27,-10,-3,2025-05-06,2025-05-15,7,0.98,2025-05-20,Computex電腦展,2025
威盛,20,28,-10,-2,2025-05-06,2025-05-16,8,0.84,2025-05-20,Computex電腦展,2025
威盛,20,29,-10,-1,2025-05-06,2025-05-19,9,-4.06,2025-05-20,Computex電腦展,2025
威盛,20,30,-10,0,2025-05-06,2025-05-20,10,-3.92,2025-05-20,Computex電腦展,2025
威盛,20,31,-10,1,2025-05-06,2025-05-21,11,-2.52,2025-05-20,Computex電腦展,2025
威盛,20,32,-10,2,2025-05-06,2025-05-22,12,-4.9,2025-05-20,Computex電腦展,2025
威盛,20,33,-10,3,2025-05-06,2025-05-23,13,-5.6,2025-05-20,Computex電腦展,2025
威盛,20,34,-10,4,2025-05-06,2025-05-26,14,-5.46,2025-05-20,Computex電腦展,2025
威盛,20,35,-10,5,2025-05-06,2025-05-27,15,-7.56,2025-05-20,Computex電腦展,2025
威盛,20,36,-10,6,2025-05-06,2025-05-28,16,-7.56,2025-05-20,Computex電腦展,2025
威盛,20,37,-10,7,2025-05-06,2025-05-29,17,-6.16,2025-05-20,Computex電腦展,2025
威盛,20,38,-10,8,2025-05-06,2025-06-02,18,-12.04,2025-05-20,Computex電腦展,2025
威盛,20,39,-10,9,2025-05-06,2025-06-03,19,-12.18,2025-05-20,Computex電腦展,2025
威盛,20,40,-10,10,2025-05-06,2025-06-04,20,-10.22,2025-05-20,Computex電腦展,2025
威盛,20,41,-10,11,2025-05-06,2025-06-05,21,-8.26,2025-05-20,Computex電腦展,2025
威盛,20,42,-10,12,2025-05-06,2025-06-06,22,-8.4,2025-05-20,Computex電腦展,2025
威盛,20,43,-10,13,2025-05-06,2025-06-09,23,-10.36,2025-05-20,Computex電腦展,2025
威盛,20,44,-10,14,2025-05-06,2025-06-10,24,-10.78,2025-05-20,Computex電腦展,2025
威盛,20,45,-10,15,2025-05-06,2025-06-11,25,-7.28,2025-05-20,Computex電腦展,2025
威盛,20,46,-10,16,2025-05-06,2025-06-12,26,-7.0,2025-05-20,Computex電腦展,2025
威盛,21,22,-9,-8,2025-05-07,2025-05-08,1,2.8,2025-05-20,Computex電腦展,2025
威盛,21,23,-9,-7,2025-05-07,2025-05-09,2,2.66,2025-05-20,Computex電腦展,2025
威盛,21,24,-9,-6,2025-05-07,2025-05-12,3,3.08,2025-05-20,Computex電腦展,2025
威盛,21,25,-9,-5,2025-05-07,2025-05-13,4,1.96,2025-05-20,Computex電腦展,2025
威盛,21,26,-9,-4,2025-05-07,2025-05-14,5,2.52,2025-05-20,Computex電腦展,2025
威盛,21,27,-9,-3,2025-05-07,2025-05-15,6,0.84,2025-05-20,Computex電腦展,2025
威盛,21,28,-9,-2,2025-05-07,2025-05-16,7,0.7,2025-05-20,Computex電腦展,2025
威盛,21,29,-9,-1,2025-05-07,2025-05-19,8,-4.2,2025-05-20,Computex電腦展,2025
威盛,21,30,-9,0,2025-05-07,2025-05-20,9,-4.06,2025-05-20,Computex電腦展,2025
威盛,21,31,-9,1,2025-05-07,2025-05-21,10,-2.66,2025-05-20,Computex電腦展,2025
威盛,21,32,-9,2,2025-05-07,2025-05-22,11,-5.03,2025-05-20,Computex電腦展,2025
威盛,21,33,-9,3,2025-05-07,2025-05-23,12,-5.73,2025-05-20,Computex電腦展,2025
威盛,21,34,-9,4,2025-05-07,2025-05-26,13,-5.59,2025-05-20,Computex電腦展,2025
威盛,21,35,-9,5,2025-05-07,2025-05-27,14,-7.69,2025-05-20,Computex電腦展,2025
威盛,21,36,-9,6,2025-05-07,2025-05-28,15,-7.69,2025-05-20,Computex電腦展,2025
威盛,21,37,-9,7,2025-05-07,2025-05-29,16,-6.29,2025-05-20,Computex電腦展,2025
威盛,21,38,-9,8,2025-05-07,2025-06-02,17,-12.17,2025-05-20,Computex電腦展,2025
威盛,21,39,-9,9,2025-05-07,2025-06-03,18,-12.31,2025-05-20,Computex電腦展,2025
威盛,21,40,-9,10,2025-05-07,2025-06-04,19,-10.35,2025-05-20,Computex電腦展,2025
威盛,21,41,-9,11,2025-05-07,2025-06-05,20,-8.39,2025-05-20,Computex電腦展,2025
威盛,21,42,-9,12,2025-05-07,2025-06-06,21,-8.53,2025-05-20,Computex電腦展,2025
威盛,21,43,-9,13,2025-05-07,2025-06-09,22,-10.49,2025-05-20,Computex電腦展,2025
威盛,21,44,-9,14,2025-05-07,2025-06-10,23,-10.91,2025-05-20,Computex電腦展,2025
威盛,21,45,-9,15,2025-05-07,2025-06-11,24,-7.41,2025-05-20,Computex電腦展,2025
威盛,21,46,-9,16,2025-05-07,2025-06-12,25,-7.13,2025-05-20,Computex電腦展,2025
威盛,22,23,-8,-7,2025-05-08,2025-05-09,1,-0.14,2025-05-20,Computex電腦展,2025
威盛,22,24,-8,-6,2025-05-08,2025-05-12,2,0.27,2025-05-20,Computex電腦展,2025
威盛,22,25,-8,-5,2025-05-08,2025-05-13,3,-0.82,2025-05-20,Computex電腦展,2025
威盛,22,26,-8,-4,2025-05-08,2025-05-14,4,-0.27,2025-05-20,Computex電腦展,2025
威盛,22,27,-8,-3,2025-05-08,2025-05-15,5,-1.9,2025-05-20,Computex電腦展,2025
威盛,22,28,-8,-2,2025-05-08,2025-05-16,6,-2.04,2025-05-20,Computex電腦展,2025
威盛,22,29,-8,-1,2025-05-08,2025-05-19,7,-6.8,2025-05-20,Computex電腦展,2025
威盛,22,30,-8,0,2025-05-08,2025-05-20,8,-6.67,2025-05-20,Computex電腦展,2025
威盛,22,31,-8,1,2025-05-08,2025-05-21,9,-5.31,2025-05-20,Computex電腦展,2025
威盛,22,32,-8,2,2025-05-08,2025-05-22,10,-7.62,2025-05-20,Computex電腦展,2025
威盛,22,33,-8,3,2025-05-08,2025-05-23,11,-8.3,2025-05-20,Computex電腦展,2025
威盛,22,34,-8,4,2025-05-08,2025-05-26,12,-8.16,2025-05-20,Computex電腦展,2025
威盛,22,35,-8,5,2025-05-08,2025-05-27,13,-10.2,2025-05-20,Computex電腦展,2025
威盛,22,36,-8,6,2025-05-08,2025-05-28,14,-10.2,2025-05-20,Computex電腦展,2025
威盛,22,37,-8,7,2025-05-08,2025-05-29,15,-8.84,2025-05-20,Computex電腦展,2025
威盛,22,38,-8,8,2025-05-08,2025-06-02,16,-14.56,2025-05-20,Computex電腦展,2025
威盛,22,39,-8,9,2025-05-08,2025-06-03,17,-14.69,2025-05-20,Computex電腦展,2025
威盛,22,40,-8,10,2025-05-08,2025-06-04,18,-12.79,2025-05-20,Computex電腦展,2025
威盛,22,41,-8,11,2025-05-08,2025-06-05,19,-10.88,2025-05-20,Computex電腦展,2025
威盛,22,42,-8,12,2025-05-08,2025-06-06,20,-11.02,2025-05-20,Computex電腦展,2025
威盛,22,43,-8,13,2025-05-08,2025-06-09,21,-12.93,2025-05-20,Computex電腦展,2025
威盛,22,44,-8,14,2025-05-08,2025-06-10,22,-13.33,2025-05-20,Computex電腦展,2025
威盛,22,45,-8,15,2025-05-08,2025-06-11,23,-9.93,2025-05-20,Computex電腦展,2025
威盛,22,46,-8,16,2025-05-08,2025-06-12,24,-9.66,2025-05-20,Computex電腦展,2025
威盛,23,24,-7,-6,2025-05-09,2025-05-12,1,0.41,2025-05-20,Computex電腦展,2025
威盛,23,25,-7,-5,2025-05-09,2025-05-13,2,-0.68,2025-05-20,Computex電腦展,2025
威盛,23,26,-7,-4,2025-05-09,2025-05-14,3,-0.14,2025-05-20,Computex電腦展,2025
威盛,23,27,-7,-3,2025-05-09,2025-05-15,4,-1.77,2025-05-20,Computex電腦展,2025
威盛,23,28,-7,-2,2025-05-09,2025-05-16,5,-1.91,2025-05-20,Computex電腦展,2025
威盛,23,29,-7,-1,2025-05-09,2025-05-19,6,-6.68,2025-05-20,Computex電腦展,2025
威盛,23,30,-7,0,2025-05-09,2025-05-20,7,-6.54,2025-05-20,Computex電腦展,2025
威盛,23,31,-7,1,2025-05-09,2025-05-21,8,-5.18,2025-05-20,Computex電腦展,2025
威盛,23,32,-7,2,2025-05-09,2025-05-22,9,-7.49,2025-05-20,Computex電腦展,2025
威盛,23,33,-7,3,2025-05-09,2025-05-23,10,-8.17,2025-05-20,Computex電腦展,2025
威盛,23,34,-7,4,2025-05-09,2025-05-26,11,-8.04,2025-05-20,Computex電腦展,2025
威盛,23,35,-7,5,2025-05-09,2025-05-27,12,-10.08,2025-05-20,Computex電腦展,2025
威盛,23,36,-7,6,2025-05-09,2025-05-28,13,-10.08,2025-05-20,Computex電腦展,2025
威盛,23,37,-7,7,2025-05-09,2025-05-29,14,-8.72,2025-05-20,Computex電腦展,2025
威盛,23,38,-7,8,2025-05-09,2025-06-02,15,-14.44,2025-05-20,Computex電腦展,2025
威盛,23,39,-7,9,2025-05-09,2025-06-03,16,-14.58,2025-05-20,Computex電腦展,2025
威盛,23,40,-7,10,2025-05-09,2025-06-04,17,-12.67,2025-05-20,Computex電腦展,2025
威盛,23,41,-7,11,2025-05-09,2025-06-05,18,-10.76,2025-05-20,Computex電腦展,2025
威盛,23,42,-7,12,2025-05-09,2025-06-06,19,-10.9,2025-05-20,Computex電腦展,2025
威盛,23,43,-7,13,2025-05-09,2025-06-09,20,-12.81,2025-05-20,Computex電腦展,2025
威盛,23,44,-7,14,2025-05-09,2025-06-10,21,-13.22,2025-05-20,Computex電腦展,2025
威盛,23,45,-7,15,2025-05-09,2025-06-11,22,-9.81,2025-05-20,Computex電腦展,2025
威盛,23,46,-7,16,2025-05-09,2025-06-12,23,-9.54,2025-05-20,Computex電腦展,2025
威盛,24,25,-6,-5,2025-05-12,2025-05-13,1,-1.09,2025-05-20,Computex電腦展,2025
威盛,24,26,-6,-4,2025-05-12,2025-05-14,2,-0.54,2025-05-20,Computex電腦展,2025
威盛,24,27,-6,-3,2025-05-12,2025-05-15,3,-2.17,2025-05-20,Computex電腦展,2025
威盛,24,28,-6,-2,2025-05-12,2025-05-16,4,-2.31,2025-05-20,Computex電腦展,2025
威盛,24,29,-6,-1,2025-05-12,2025-05-19,5,-7.06,2025-05-20,Computex電腦展,2025
威盛,24,30,-6,0,2025-05-12,2025-05-20,6,-6.92,2025-05-20,Computex電腦展,2025
威盛,24,31,-6,1,2025-05-12,2025-05-21,7,-5.56,2025-05-20,Computex電腦展,2025
威盛,24,32,-6,2,2025-05-12,2025-05-22,8,-7.87,2025-05-20,Computex電腦展,2025
威盛,24,33,-6,3,2025-05-12,2025-05-23,9,-8.55,2025-05-20,Computex電腦展,2025
威盛,24,34,-6,4,2025-05-12,2025-05-26,10,-8.41,2025-05-20,Computex電腦展,2025
威盛,24,35,-6,5,2025-05-12,2025-05-27,11,-10.45,2025-05-20,Computex電腦展,2025
威盛,24,36,-6,6,2025-05-12,2025-05-28,12,-10.45,2025-05-20,Computex電腦展,2025
威盛,24,37,-6,7,2025-05-12,2025-05-29,13,-9.09,2025-05-20,Computex電腦展,2025
威盛,24,38,-6,8,2025-05-12,2025-06-02,14,-14.79,2025-05-20,Computex電腦展,2025
威盛,24,39,-6,9,2025-05-12,2025-06-03,15,-14.93,2025-05-20,Computex電腦展,2025
威盛,24,40,-6,10,2025-05-12,2025-06-04,16,-13.03,2025-05-20,Computex電腦展,2025
威盛,24,41,-6,11,2025-05-12,2025-06-05,17,-11.13,2025-05-20,Computex電腦展,2025
威盛,24,42,-6,12,2025-05-12,2025-06-06,18,-11.26,2025-05-20,Computex電腦展,2025
威盛,24,43,-6,13,2025-05-12,2025-06-09,19,-13.16,2025-05-20,Computex電腦展,2025
威盛,24,44,-6,14,2025-05-12,2025-06-10,20,-13.57,2025-05-20,Computex電腦展,2025
威盛,24,45,-6,15,2025-05-12,2025-06-11,21,-10.18,2025-05-20,Computex電腦展,2025
威盛,24,46,-6,16,2025-05-12,2025-06-12,22,-9.91,2025-05-20,Computex電腦展,2025
威盛,25,26,-5,-4,2025-05-13,2025-05-14,1,0.55,2025-05-20,Computex電腦展,2025
威盛,25,27,-5,-3,2025-05-13,2025-05-15,2,-1.1,2025-05-20,Computex電腦展,2025
威盛,25,28,-5,-2,2025-05-13,2025-05-16,3,-1.23,2025-05-20,Computex電腦展,2025
威盛,25,29,-5,-1,2025-05-13,2025-05-19,4,-6.04,2025-05-20,Computex電腦展,2025
威盛,25,30,-5,0,2025-05-13,2025-05-20,5,-5.9,2025-05-20,Computex電腦展,2025
威盛,25,31,-5,1,2025-05-13,2025-05-21,6,-4.53,2025-05-20,Computex電腦展,2025
威盛,25,32,-5,2,2025-05-13,2025-05-22,7,-6.86,2025-05-20,Computex電腦展,2025
威盛,25,33,-5,3,2025-05-13,2025-05-23,8,-7.54,2025-05-20,Computex電腦展,2025
威盛,25,34,-5,4,2025-05-13,2025-05-26,9,-7.41,2025-05-20,Computex電腦展,2025
威盛,25,35,-5,5,2025-05-13,2025-05-27,10,-9.47,2025-05-20,Computex電腦展,2025
威盛,25,36,-5,6,2025-05-13,2025-05-28,11,-9.47,2025-05-20,Computex電腦展,2025
威盛,25,37,-5,7,2025-05-13,2025-05-29,12,-8.09,2025-05-20,Computex電腦展,2025
威盛,25,38,-5,8,2025-05-13,2025-06-02,13,-13.85,2025-05-20,Computex電腦展,2025
威盛,25,39,-5,9,2025-05-13,2025-06-03,14,-13.99,2025-05-20,Computex電腦展,2025
威盛,25,40,-5,10,2025-05-13,2025-06-04,15,-12.07,2025-05-20,Computex電腦展,2025
威盛,25,41,-5,11,2025-05-13,2025-06-05,16,-10.15,2025-05-20,Computex電腦展,2025
威盛,25,42,-5,12,2025-05-13,2025-06-06,17,-10.29,2025-05-20,Computex電腦展,2025
威盛,25,43,-5,13,2025-05-13,2025-06-09,18,-12.21,2025-05-20,Computex電腦展,2025
威盛,25,44,-5,14,2025-05-13,2025-06-10,19,-12.62,2025-05-20,Computex電腦展,2025
威盛,25,45,-5,15,2025-05-13,2025-06-11,20,-9.19,2025-05-20,Computex電腦展,2025
威盛,25,46,-5,16,2025-05-13,2025-06-12,21,-8.92,2025-05-20,Computex電腦展,2025
威盛,26,27,-4,-3,2025-05-14,2025-05-15,1,-1.64,2025-05-20,Computex電腦展,2025
威盛,26,28,-4,-2,2025-05-14,2025-05-16,2,-1.77,2025-05-20,Computex電腦展,2025
威盛,26,29,-4,-1,2025-05-14,2025-05-19,3,-6.55,2025-05-20,Computex電腦展,2025
威盛,26,30,-4,0,2025-05-14,2025-05-20,4,-6.41,2025-05-20,Computex電腦展,2025
威盛,26,31,-4,1,2025-05-14,2025-05-21,5,-5.05,2025-05-20,Computex電腦展,2025
威盛,26,32,-4,2,2025-05-14,2025-05-22,6,-7.37,2025-05-20,Computex電腦展,2025
威盛,26,33,-4,3,2025-05-14,2025-05-23,7,-8.05,2025-05-20,Computex電腦展,2025
威盛,26,34,-4,4,2025-05-14,2025-05-26,8,-7.91,2025-05-20,Computex電腦展,2025
威盛,26,35,-4,5,2025-05-14,2025-05-27,9,-9.96,2025-05-20,Computex電腦展,2025
威盛,26,36,-4,6,2025-05-14,2025-05-28,10,-9.96,2025-05-20,Computex電腦展,2025
威盛,26,37,-4,7,2025-05-14,2025-05-29,11,-8.59,2025-05-20,Computex電腦展,2025
威盛,26,38,-4,8,2025-05-14,2025-06-02,12,-14.32,2025-05-20,Computex電腦展,2025
威盛,26,39,-4,9,2025-05-14,2025-06-03,13,-14.46,2025-05-20,Computex電腦展,2025
威盛,26,40,-4,10,2025-05-14,2025-06-04,14,-12.55,2025-05-20,Computex電腦展,2025
威盛,26,41,-4,11,2025-05-14,2025-06-05,15,-10.64,2025-05-20,Computex電腦展,2025
威盛,26,42,-4,12,2025-05-14,2025-06-06,16,-10.78,2025-05-20,Computex電腦展,2025
威盛,26,43,-4,13,2025-05-14,2025-06-09,17,-12.69,2025-05-20,Computex電腦展,2025
威盛,26,44,-4,14,2025-05-14,2025-06-10,18,-13.1,2025-05-20,Computex電腦展,2025
威盛,26,45,-4,15,2025-05-14,2025-06-11,19,-9.69,2025-05-20,Computex電腦展,2025
威盛,26,46,-4,16,2025-05-14,2025-06-12,20,-9.41,2025-05-20,Computex電腦展,2025
威盛,27,28,-3,-2,2025-05-15,2025-05-16,1,-0.14,2025-05-20,Computex電腦展,2025
威盛,27,29,-3,-1,2025-05-15,2025-05-19,2,-4.99,2025-05-20,Computex電腦展,2025
威盛,27,30,-3,0,2025-05-15,2025-05-20,3,-4.85,2025-05-20,Computex電腦展,2025
威盛,27,31,-3,1,2025-05-15,2025-05-21,4,-3.47,2025-05-20,Computex電腦展,2025
威盛,27,32,-3,2,2025-05-15,2025-05-22,5,-5.83,2025-05-20,Computex電腦展,2025
威盛,27,33,-3,3,2025-05-15,2025-05-23,6,-6.52,2025-05-20,Computex電腦展,2025
威盛,27,34,-3,4,2025-05-15,2025-05-26,7,-6.38,2025-05-20,Computex電腦展,2025
威盛,27,35,-3,5,2025-05-15,2025-05-27,8,-8.46,2025-05-20,Computex電腦展,2025
威盛,27,36,-3,6,2025-05-15,2025-05-28,9,-8.46,2025-05-20,Computex電腦展,2025
威盛,27,37,-3,7,2025-05-15,2025-05-29,10,-7.07,2025-05-20,Computex電腦展,2025
威盛,27,38,-3,8,2025-05-15,2025-06-02,11,-12.9,2025-05-20,Computex電腦展,2025
威盛,27,39,-3,9,2025-05-15,2025-06-03,12,-13.04,2025-05-20,Computex電腦展,2025
威盛,27,40,-3,10,2025-05-15,2025-06-04,13,-11.1,2025-05-20,Computex電腦展,2025
威盛,27,41,-3,11,2025-05-15,2025-06-05,14,-9.15,2025-05-20,Computex電腦展,2025
威盛,27,42,-3,12,2025-05-15,2025-06-06,15,-9.29,2025-05-20,Computex電腦展,2025
威盛,27,43,-3,13,2025-05-15,2025-06-09,16,-11.23,2025-05-20,Computex電腦展,2025
威盛,27,44,-3,14,2025-05-15,2025-06-10,17,-11.65,2025-05-20,Computex電腦展,2025
威盛,27,45,-3,15,2025-05-15,2025-06-11,18,-8.18,2025-05-20,Computex電腦展,2025
威盛,27,46,-3,16,2025-05-15,2025-06-12,19,-7.91,2025-05-20,Computex電腦展,2025
威盛,28,29,-2,-1,2025-05-16,2025-05-19,1,-4.86,2025-05-20,Computex電腦展,2025
威盛,28,30,-2,0,2025-05-16,2025-05-20,2,-4.72,2025-05-20,Computex電腦展,2025
威盛,28,31,-2,1,2025-05-16,2025-05-21,3,-3.33,2025-05-20,Computex電腦展,2025
威盛,28,32,-2,2,2025-05-16,2025-05-22,4,-5.69,2025-05-20,Computex電腦展,2025
威盛,28,33,-2,3,2025-05-16,2025-05-23,5,-6.39,2025-05-20,Computex電腦展,2025
威盛,28,34,-2,4,2025-05-16,2025-05-26,6,-6.25,2025-05-20,Computex電腦展,2025
威盛,28,35,-2,5,2025-05-16,2025-05-27,7,-8.33,2025-05-20,Computex電腦展,2025
威盛,28,36,-2,6,2025-05-16,2025-05-28,8,-8.33,2025-05-20,Computex電腦展,2025
威盛,28,37,-2,7,2025-05-16,2025-05-29,9,-6.94,2025-05-20,Computex電腦展,2025
威盛,28,38,-2,8,2025-05-16,2025-06-02,10,-12.78,2025-05-20,Computex電腦展,2025
威盛,28,39,-2,9,2025-05-16,2025-06-03,11,-12.92,2025-05-20,Computex電腦展,2025
威盛,28,40,-2,10,2025-05-16,2025-06-04,12,-10.97,2025-05-20,Computex電腦展,2025
威盛,28,41,-2,11,2025-05-16,2025-06-05,13,-9.03,2025-05-20,Computex電腦展,2025
威盛,28,42,-2,12,2025-05-16,2025-06-06,14,-9.17,2025-05-20,Computex電腦展,2025
威盛,28,43,-2,13,2025-05-16,2025-06-09,15,-11.11,2025-05-20,Computex電腦展,2025
威盛,28,44,-2,14,2025-05-16,2025-06-10,16,-11.53,2025-05-20,Computex電腦展,2025
威盛,28,45,-2,15,2025-05-16,2025-06-11,17,-8.06,2025-05-20,Computex電腦展,2025
威盛,28,46,-2,16,2025-05-16,2025-06-12,18,-7.78,2025-05-20,Computex電腦展,2025
威盛,29,30,-1,0,2025-05-19,2025-05-20,1,0.15,2025-05-20,Computex電腦展,2025
威盛,29,31,-1,1,2025-05-19,2025-05-21,2,1.61,2025-05-20,Computex電腦展,2025
威盛,29,32,-1,2,2025-05-19,2025-05-22,3,-0.88,2025-05-20,Computex電腦展,2025
威盛,29,33,-1,3,2025-05-19,2025-05-23,4,-1.61,2025-05-20,Computex電腦展,2025
威盛,29,34,-1,4,2025-05-19,2025-05-26,5,-1.46,2025-05-20,Computex電腦展,2025
威盛,29,35,-1,5,2025-05-19,2025-05-27,6,-3.65,2025-05-20,Computex電腦展,2025
威盛,29,36,-1,6,2025-05-19,2025-05-28,7,-3.65,2025-05-20,Computex電腦展,2025
威盛,29,37,-1,7,2025-05-19,2025-05-29,8,-2.19,2025-05-20,Computex電腦展,2025
威盛,29,38,-1,8,2025-05-19,2025-06-02,9,-8.32,2025-05-20,Computex電腦展,2025
威盛,29,39,-1,9,2025-05-19,2025-06-03,10,-8.47,2025-05-20,Computex電腦展,2025
威盛,29,40,-1,10,2025-05-19,2025-06-04,11,-6.42,2025-05-20,Computex電腦展,2025
威盛,29,41,-1,11,2025-05-19,2025-06-05,12,-4.38,2025-05-20,Computex電腦展,2025
威盛,29,42,-1,12,2025-05-19,2025-06-06,13,-4.53,2025-05-20,Computex電腦展,2025
威盛,29,43,-1,13,2025-05-19,2025-06-09,14,-6.57,2025-05-20,Computex電腦展,2025
威盛,29,44,-1,14,2025-05-19,2025-06-10,15,-7.01,2025-05-20,Computex電腦展,2025
威盛,29,45,-1,15,2025-05-19,2025-06-11,16,-3.36,2025-05-20,Computex電腦展,2025
威盛,29,46,-1,16,2025-05-19,2025-06-12,17,-3.07,2025-05-20,Computex電腦展,2025
威盛,30,31,0,1,2025-05-20,2025-05-21,1,1.46,2025-05-20,Computex電腦展,2025
威盛,30,32,0,2,2025-05-20,2025-05-22,2,-1.02,2025-05-20,Computex電腦展,2025
威盛,30,33,0,3,2025-05-20,2025-05-23,3,-1.75,2025-05-20,Computex電腦展,2025
威盛,30,34,0,4,2025-05-20,2025-05-26,4,-1.6,2025-05-20,Computex電腦展,2025
威盛,30,35,0,5,2025-05-20,2025-05-27,5,-3.79,2025-05-20,Computex電腦展,2025
威盛,30,36,0,6,2025-05-20,2025-05-28,6,-3.79,2025-05-20,Computex電腦展,2025
威盛,30,37,0,7,2025-05-20,2025-05-29,7,-2.33,2025-05-20,Computex電腦展,2025
威盛,30,38,0,8,2025-05-20,2025-06-02,8,-8.45,2025-05-20,Computex電腦展,2025
威盛,30,39,0,9,2025-05-20,2025-06-03,9,-8.6,2025-05-20,Computex電腦展,2025
威盛,30,40,0,10,2025-05-20,2025-06-04,10,-6.56,2025-05-20,Computex電腦展,2025
威盛,30,41,0,11,2025-05-20,2025-06-05,11,-4.52,2025-05-20,Computex電腦展,2025
威盛,30,42,0,12,2025-05-20,2025-06-06,12,-4.66,2025-05-20,Computex電腦展,2025
威盛,30,43,0,13,2025-05-20,2025-06-09,13,-6.71,2025-05-20,Computex電腦展,2025
威盛,30,44,0,14,2025-05-20,2025-06-10,14,-7.14,2025-05-20,Computex電腦展,2025
威盛,30,45,0,15,2025-05-20,2025-06-11,15,-3.5,2025-05-20,Computex電腦展,2025
威盛,30,46,0,16,2025-05-20,2025-06-12,16,-3.21,2025-05-20,Computex電腦展,2025
威盛,31,32,1,2,2025-05-21,2025-05-22,1,-2.44,2025-05-20,Computex電腦展,2025
威盛,31,33,1,3,2025-05-21,2025-05-23,2,-3.16,2025-05-20,Computex電腦展,2025
威盛,31,34,1,4,2025-05-21,2025-05-26,3,-3.02,2025-05-20,Computex電腦展,2025
威盛,31,35,1,5,2025-05-21,2025-05-27,4,-5.17,2025-05-20,Computex電腦展,2025
威盛,31,36,1,6,2025-05-21,2025-05-28,5,-5.17,2025-05-20,Computex電腦展,2025
威盛,31,37,1,7,2025-05-21,2025-05-29,6,-3.74,2025-05-20,Computex電腦展,2025
威盛,31,38,1,8,2025-05-21,2025-06-02,7,-9.77,2025-05-20,Computex電腦展,2025
威盛,31,39,1,9,2025-05-21,2025-06-03,8,-9.91,2025-05-20,Computex電腦展,2025
威盛,31,40,1,10,2025-05-21,2025-06-04,9,-7.9,2025-05-20,Computex電腦展,2025
威盛,31,41,1,11,2025-05-21,2025-06-05,10,-5.89,2025-05-20,Computex電腦展,2025
威盛,31,42,1,12,2025-05-21,2025-06-06,11,-6.03,2025-05-20,Computex電腦展,2025
威盛,31,43,1,13,2025-05-21,2025-06-09,12,-8.05,2025-05-20,Computex電腦展,2025
威盛,31,44,1,14,2025-05-21,2025-06-10,13,-8.48,2025-05-20,Computex電腦展,2025
威盛,31,45,1,15,2025-05-21,2025-06-11,14,-4.89,2025-05-20,Computex電腦展,2025
威盛,31,46,1,16,2025-05-21,2025-06-12,15,-4.6,2025-05-20,Computex電腦展,2025
威盛,32,33,2,3,2025-05-22,2025-05-23,1,-0.74,2025-05-20,Computex電腦展,2025
威盛,32,34,2,4,2025-05-22,2025-05-26,2,-0.59,2025-05-20,Computex電腦展,2025
威盛,32,35,2,5,2025-05-22,2025-05-27,3,-2.8,2025-05-20,Computex電腦展,2025
威盛,32,36,2,6,2025-05-22,2025-05-28,4,-2.8,2025-05-20,Computex電腦展,2025
威盛,32,37,2,7,2025-05-22,2025-05-29,5,-1.33,2025-05-20,Computex電腦展,2025
威盛,32,38,2,8,2025-05-22,2025-06-02,6,-7.51,2025-05-20,Computex電腦展,2025
威盛,32,39,2,9,2025-05-22,2025-06-03,7,-7.66,2025-05-20,Computex電腦展,2025
威盛,32,40,2,10,2025-05-22,2025-06-04,8,-5.6,2025-05-20,Computex電腦展,2025
威盛,32,41,2,11,2025-05-22,2025-06-05,9,-3.53,2025-05-20,Computex電腦展,2025
威盛,32,42,2,12,2025-05-22,2025-06-06,10,-3.68,2025-05-20,Computex電腦展,2025
威盛,32,43,2,13,2025-05-22,2025-06-09,11,-5.74,2025-05-20,Computex電腦展,2025
威盛,32,44,2,14,2025-05-22,2025-06-10,12,-6.19,2025-05-20,Computex電腦展,2025
威盛,32,45,2,15,2025-05-22,2025-06-11,13,-2.5,2025-05-20,Computex電腦展,2025
威盛,32,46,2,16,2025-05-22,2025-06-12,14,-2.21,2025-05-20,Computex電腦展,2025
威盛,33,34,3,4,2025-05-23,2025-05-26,1,0.15,2025-05-20,Computex電腦展,2025
威盛,33,35,3,5,2025-05-23,2025-05-27,2,-2.08,2025-05-20,Computex電腦展,2025
威盛,33,36,3,6,2025-05-23,2025-05-28,3,-2.08,2025-05-20,Computex電腦展,2025
威盛,33,37,3,7,2025-05-23,2025-05-29,4,-0.59,2025-05-20,Computex電腦展,2025
威盛,33,38,3,8,2025-05-23,2025-06-02,5,-6.82,2025-05-20,Computex電腦展,2025
威盛,33,39,3,9,2025-05-23,2025-06-03,6,-6.97,2025-05-20,Computex電腦展,2025
威盛,33,40,3,10,2025-05-23,2025-06-04,7,-4.9,2025-05-20,Computex電腦展,2025
威盛,33,41,3,11,2025-05-23,2025-06-05,8,-2.82,2025-05-20,Computex電腦展,2025
威盛,33,42,3,12,2025-05-23,2025-06-06,9,-2.97,2025-05-20,Computex電腦展,2025
威盛,33,43,3,13,2025-05-23,2025-06-09,10,-5.04,2025-05-20,Computex電腦展,2025
威盛,33,44,3,14,2025-05-23,2025-06-10,11,-5.49,2025-05-20,Computex電腦展,2025
威盛,33,45,3,15,2025-05-23,2025-06-11,12,-1.78,2025-05-20,Computex電腦展,2025
威盛,33,46,3,16,2025-05-23,2025-06-12,13,-1.48,2025-05-20,Computex電腦展,2025
威盛,34,35,4,5,2025-05-26,2025-05-27,1,-2.22,2025-05-20,Computex電腦展,2025
威盛,34,36,4,6,2025-05-26,2025-05-28,2,-2.22,2025-05-20,Computex電腦展,2025
威盛,34,37,4,7,2025-05-26,2025-05-29,3,-0.74,2025-05-20,Computex電腦展,2025
威盛,34,38,4,8,2025-05-26,2025-06-02,4,-6.96,2025-05-20,Computex電腦展,2025
威盛,34,39,4,9,2025-05-26,2025-06-03,5,-7.11,2025-05-20,Computex電腦展,2025
威盛,34,40,4,10,2025-05-26,2025-06-04,6,-5.04,2025-05-20,Computex電腦展,2025
威盛,34,41,4,11,2025-05-26,2025-06-05,7,-2.96,2025-05-20,Computex電腦展,2025
威盛,34,42,4,12,2025-05-26,2025-06-06,8,-3.11,2025-05-20,Computex電腦展,2025
威盛,34,43,4,13,2025-05-26,2025-06-09,9,-5.19,2025-05-20,Computex電腦展,2025
威盛,34,44,4,14,2025-05-26,2025-06-10,10,-5.63,2025-05-20,Computex電腦展,2025
威盛,34,45,4,15,2025-05-26,2025-06-11,11,-1.93,2025-05-20,Computex電腦展,2025
威盛,34,46,4,16,2025-05-26,2025-06-12,12,-1.63,2025-05-20,Computex電腦展,2025
威盛,35,36,5,6,2025-05-27,2025-05-28,1,0.0,2025-05-20,Computex電腦展,2025
威盛,35,37,5,7,2025-05-27,2025-05-29,2,1.52,2025-05-20,Computex電腦展,2025
威盛,35,38,5,8,2025-05-27,2025-06-02,3,-4.85,2025-05-20,Computex電腦展,2025
威盛,35,39,5,9,2025-05-27,2025-06-03,4,-5.0,2025-05-20,Computex電腦展,2025
威盛,35,40,5,10,2025-05-27,2025-06-04,5,-2.88,2025-05-20,Computex電腦展,2025
威盛,35,41,5,11,2025-05-27,2025-06-05,6,-0.76,2025-05-20,Computex電腦展,2025
威盛,35,42,5,12,2025-05-27,2025-06-06,7,-0.91,2025-05-20,Computex電腦展,2025
威盛,35,43,5,13,2025-05-27,2025-06-09,8,-3.03,2025-05-20,Computex電腦展,2025
威盛,35,44,5,14,2025-05-27,2025-06-10,9,-3.48,2025-05-20,Computex電腦展,2025
威盛,35,45,5,15,2025-05-27,2025-06-11,10,0.3,2025-05-20,Computex電腦展,2025
威盛,35,46,5,16,2025-05-27,2025-06-12,11,0.61,2025-05-20,Computex電腦展,2025
威盛,36,37,6,7,2025-05-28,2025-05-29,1,1.52,2025-05-20,Computex電腦展,2025
威盛,36,38,6,8,2025-05-28,2025-06-02,2,-4.85,2025-05-20,Computex電腦展,2025
威盛,36,39,6,9,2025-05-28,2025-06-03,3,-5.0,2025-05-20,Computex電腦展,2025
威盛,36,40,6,10,2025-05-28,2025-06-04,4,-2.88,2025-05-20,Computex電腦展,2025
威盛,36,41,6,11,2025-05-28,2025-06-05,5,-0.76,2025-05-20,Computex電腦展,2025
威盛,36,42,6,12,2025-05-28,2025-06-06,6,-0.91,2025-05-20,Computex電腦展,2025
威盛,36,43,6,13,2025-05-28,2025-06-09,7,-3.03,2025-05-20,Computex電腦展,2025
威盛,36,44,6,14,2025-05-28,2025-06-10,8,-3.48,2025-05-20,Computex電腦展,2025
威盛,36,45,6,15,2025-05-28,2025-06-11,9,0.3,2025-05-20,Computex電腦展,2025
威盛,36,46,6,16,2025-05-28,2025-06-12,10,0.61,2025-05-20,Computex電腦展,2025
威盛,37,38,7,8,2025-05-29,2025-06-02,1,-6.27,2025-05-20,Computex電腦展,2025
威盛,37,39,7,9,2025-05-29,2025-06-03,2,-6.42,2025-05-20,Computex電腦展,2025
威盛,37,40,7,10,2025-05-29,2025-06-04,3,-4.33,2025-05-20,Computex電腦展,2025
威盛,37,41,7,11,2025-05-29,2025-06-05,4,-2.24,2025-05-20,Computex電腦展,2025
威盛,37,42,7,12,2025-05-29,2025-06-06,5,-2.39,2025-05-20,Computex電腦展,2025
威盛,37,43,7,13,2025-05-29,2025-06-09,6,-4.48,2025-05-20,Computex電腦展,2025
威盛,37,44,7,14,2025-05-29,2025-06-10,7,-4.93,2025-05-20,Computex電腦展,2025
威盛,37,45,7,15,2025-05-29,2025-06-11,8,-1.19,2025-05-20,Computex電腦展,2025
威盛,37,46,7,16,2025-05-29,2025-06-12,9,-0.9,2025-05-20,Computex電腦展,2025
威盛,38,39,8,9,2025-06-02,2025-06-03,1,-0.16,2025-05-20,Computex電腦展,2025
威盛,38,40,8,10,2025-06-02,2025-06-04,2,2.07,2025-05-20,Computex電腦展,2025
威盛,38,41,8,11,2025-06-02,2025-06-05,3,4.3,2025-05-20,Computex電腦展,2025
威盛,38,42,8,12,2025-06-02,2025-06-06,4,4.14,2025-05-20,Computex電腦展,2025
威盛,38,43,8,13,2025-06-02,2025-06-09,5,1.91,2025-05-20,Computex電腦展,2025
威盛,38,44,8,14,2025-06-02,2025-06-10,6,1.43,2025-05-20,Computex電腦展,2025
威盛,38,45,8,15,2025-06-02,2025-06-11,7,5.41,2025-05-20,Computex電腦展,2025
威盛,38,46,8,16,2025-06-02,2025-06-12,8,5.73,2025-05-20,Computex電腦展,2025
威盛,39,40,9,10,2025-06-03,2025-06-04,1,2.23,2025-05-20,Computex電腦展,2025
威盛,39,41,9,11,2025-06-03,2025-06-05,2,4.47,2025-05-20,Computex電腦展,2025
威盛,39,42,9,12,2025-06-03,2025-06-06,3,4.31,2025-05-20,Computex電腦展,2025
威盛,39,43,9,13,2025-06-03,2025-06-09,4,2.07,2025-05-20,Computex電腦展,2025
威盛,39,44,9,14,2025-06-03,2025-06-10,5,1.59,2025-05-20,Computex電腦展,2025
威盛,39,45,9,15,2025-06-03,2025-06-11,6,5.58,2025-05-20,Computex電腦展,2025
威盛,39,46,9,16,2025-06-03,2025-06-12,7,5.9,2025-05-20,Computex電腦展,2025
威盛,40,41,10,11,2025-06-04,2025-06-05,1,2.18,2025-05-20,Computex電腦展,2025
威盛,40,42,10,12,2025-06-04,2025-06-06,2,2.03,2025-05-20,Computex電腦展,2025
威盛,40,43,10,13,2025-06-04,2025-06-09,3,-0.16,2025-05-20,Computex電腦展,2025
威盛,40,44,10,14,2025-06-04,2025-06-10,4,-0.62,2025-05-20,Computex電腦展,2025
威盛,40,45,10,15,2025-06-04,2025-06-11,5,3.28,2025-05-20,Computex電腦展,2025
威盛,40,46,10,16,2025-06-04,2025-06-12,6,3.59,2025-05-20,Computex電腦展,2025
威盛,41,42,11,12,2025-06-05,2025-06-06,1,-0.15,2025-05-20,Computex電腦展,2025
威盛,41,43,11,13,2025-06-05,2025-06-09,2,-2.29,2025-05-20,Computex電腦展,2025
威盛,41,44,11,14,2025-06-05,2025-06-10,3,-2.75,2025-05-20,Computex電腦展,2025
威盛,41,45,11,15,2025-06-05,2025-06-11,4,1.07,2025-05-20,Computex電腦展,2025
威盛,41,46,11,16,2025-06-05,2025-06-12,5,1.37,2025-05-20,Computex電腦展,2025
威盛,42,43,12,13,2025-06-06,2025-06-09,1,-2.14,2025-05-20,Computex電腦展,2025
威盛,42,44,12,14,2025-06-06,2025-06-10,2,-2.6,2025-05-20,Computex電腦展,2025
威盛,42,45,12,15,2025-06-06,2025-06-11,3,1.22,2025-05-20,Computex電腦展,2025
威盛,42,46,12,16,2025-06-06,2025-06-12,4,1.53,2025-05-20,Computex電腦展,2025
威盛,43,44,13,14,2025-06-09,2025-06-10,1,-0.47,2025-05-20,Computex電腦展,2025
威盛,43,45,13,15,2025-06-09,2025-06-11,2,3.44,2025-05-20,Computex電腦展,2025
威盛,43,46,13,16,2025-06-09,2025-06-12,3,3.75,2025-05-20,Computex電腦展,2025
威盛,44,45,14,15,2025-06-10,2025-06-11,1,3.92,2025-05-20,Computex電腦展,2025
威盛,44,46,14,16,2025-06-10,2025-06-12,2,4.24,2025-05-20,Computex電腦展,2025
威盛,45,46,15,16,2025-06-11,2025-06-12,1,0.3,2025-05-20,Computex電腦展,2025
迎廣,0,1,-30,-29,2025-04-07,2025-04-08,1,-9.9,2025-05-20,Computex電腦展,2025
迎廣,0,2,-30,-28,2025-04-07,2025-04-09,2,-18.89,2025-05-20,Computex電腦展,2025
迎廣,0,3,-30,-27,2025-04-07,2025-04-10,3,-10.8,2025-05-20,Computex電腦展,2025
迎廣,0,4,-30,-26,2025-04-07,2025-04-11,4,-8.1,2025-05-20,Computex電腦展,2025
迎廣,0,5,-30,-25,2025-04-07,2025-04-14,5,-4.11,2025-05-20,Computex電腦展,2025
迎廣,0,6,-30,-24,2025-04-07,2025-04-15,6,2.96,2025-05-20,Computex電腦展,2025
迎廣,0,7,-30,-23,2025-04-07,2025-04-16,7,-1.29,2025-05-20,Computex電腦展,2025
迎廣,0,8,-30,-22,2025-04-07,2025-04-17,8,-0.39,2025-05-20,Computex電腦展,2025
迎廣,0,9,-30,-21,2025-04-07,2025-04-18,9,1.67,2025-05-20,Computex電腦展,2025
迎廣,0,10,-30,-20,2025-04-07,2025-04-21,10,-2.57,2025-05-20,Computex電腦展,2025
迎廣,0,11,-30,-19,2025-04-07,2025-04-22,11,0.13,2025-05-20,Computex電腦展,2025
迎廣,0,12,-30,-18,2025-04-07,2025-04-23,12,2.19,2025-05-20,Computex電腦展,2025
迎廣,0,13,-30,-17,2025-04-07,2025-04-24,13,0.13,2025-05-20,Computex電腦展,2025
迎廣,0,14,-30,-16,2025-04-07,2025-04-25,14,4.11,2025-05-20,Computex電腦展,2025
迎廣,0,15,-30,-15,2025-04-07,2025-04-28,15,7.46,2025-05-20,Computex電腦展,2025
迎廣,0,16,-30,-14,2025-04-07,2025-04-29,16,8.48,2025-05-20,Computex電腦展,2025
迎廣,0,17,-30,-13,2025-04-07,2025-04-30,17,5.78,2025-05-20,Computex電腦展,2025
迎廣,0,18,-30,-12,2025-04-07,2025-05-02,18,7.07,2025-05-20,Computex電腦展,2025
迎廣,0,19,-30,-11,2025-04-07,2025-05-05,19,-0.9,2025-05-20,Computex電腦展,2025
迎廣,0,20,-30,-10,2025-04-07,2025-05-06,20,1.16,2025-05-20,Computex電腦展,2025
迎廣,0,21,-30,-9,2025-04-07,2025-05-07,21,-0.13,2025-05-20,Computex電腦展,2025
迎廣,0,22,-30,-8,2025-04-07,2025-05-08,22,1.41,2025-05-20,Computex電腦展,2025
迎廣,0,23,-30,-7,2025-04-07,2025-05-09,23,3.47,2025-05-20,Computex電腦展,2025
迎廣,0,24,-30,-6,2025-04-07,2025-05-12,24,5.78,2025-05-20,Computex電腦展,2025
迎廣,0,25,-30,-5,2025-04-07,2025-05-13,25,8.1,2025-05-20,Computex電腦展,2025
迎廣,0,26,-30,-4,2025-04-07,2025-05-14,26,18.89,2025-05-20,Computex電腦展,2025
迎廣,0,27,-30,-3,2025-04-07,2025-05-15,27,18.25,2025-05-20,Computex電腦展,2025
迎廣,0,28,-30,-2,2025-04-07,2025-05-16,28,17.22,2025-05-20,Computex電腦展,2025
迎廣,0,29,-30,-1,2025-04-07,2025-05-19,29,17.22,2025-05-20,Computex電腦展,2025
迎廣,0,30,-30,0,2025-04-07,2025-05-20,30,21.72,2025-05-20,Computex電腦展,2025
迎廣,0,31,-30,1,2025-04-07,2025-05-21,31,23.52,2025-05-20,Computex電腦展,2025
迎廣,0,32,-30,2,2025-04-07,2025-05-22,32,20.31,2025-05-20,Computex電腦展,2025
迎廣,0,33,-30,3,2025-04-07,2025-05-23,33,21.72,2025-05-20,Computex電腦展,2025
迎廣,0,34,-30,4,2025-04-07,2025-05-26,34,22.37,2025-05-20,Computex電腦展,2025
迎廣,0,35,-30,5,2025-04-07,2025-05-27,35,29.18,2025-05-20,Computex電腦展,2025
迎廣,0,36,-30,6,2025-04-07,2025-05-28,36,29.18,2025-05-20,Computex電腦展,2025
迎廣,0,37,-30,7,2025-04-07,2025-05-29,37,21.59,2025-05-20,Computex電腦展,2025
迎廣,0,38,-30,8,2025-04-07,2025-06-02,38,19.02,2025-05-20,Computex電腦展,2025
迎廣,0,39,-30,9,2025-04-07,2025-06-03,39,17.99,2025-05-20,Computex電腦展,2025
迎廣,0,40,-30,10,2025-04-07,2025-06-04,40,21.59,2025-05-20,Computex電腦展,2025
迎廣,0,41,-30,11,2025-04-07,2025-06-05,41,20.57,2025-05-20,Computex電腦展,2025
迎廣,0,42,-30,12,2025-04-07,2025-06-06,42,21.72,2025-05-20,Computex電腦展,2025
迎廣,0,43,-30,13,2025-04-07,2025-06-09,43,24.04,2025-05-20,Computex電腦展,2025
迎廣,0,44,-30,14,2025-04-07,2025-06-10,44,29.82,2025-05-20,Computex電腦展,2025
迎廣,0,45,-30,15,2025-04-07,2025-06-11,45,27.25,2025-05-20,Computex電腦展,2025
迎廣,0,46,-30,16,2025-04-07,2025-06-12,46,26.09,2025-05-20,Computex電腦展,2025
迎廣,1,2,-29,-28,2025-04-08,2025-04-09,1,-9.99,2025-05-20,Computex電腦展,2025
迎廣,1,3,-29,-27,2025-04-08,2025-04-10,2,-1.0,2025-05-20,Computex電腦展,2025
迎廣,1,4,-29,-26,2025-04-08,2025-04-11,3,2.0,2025-05-20,Computex電腦展,2025
迎廣,1,5,-29,-25,2025-04-08,2025-04-14,4,6.42,2025-05-20,Computex電腦展,2025
迎廣,1,6,-29,-24,2025-04-08,2025-04-15,5,14.27,2025-05-20,Computex電腦展,2025
迎廣,1,7,-29,-23,2025-04-08,2025-04-16,6,9.56,2025-05-20,Computex電腦展,2025
迎廣,1,8,-29,-22,2025-04-08,2025-04-17,7,10.56,2025-05-20,Computex電腦展,2025
迎廣,1,9,-29,-21,2025-04-08,2025-04-18,8,12.84,2025-05-20,Computex電腦展,2025
迎廣,1,10,-29,-20,2025-04-08,2025-04-21,9,8.13,2025-05-20,Computex電腦展,2025
迎廣,1,11,-29,-19,2025-04-08,2025-04-22,10,11.13,2025-05-20,Computex電腦展,2025
迎廣,1,12,-29,-18,2025-04-08,2025-04-23,11,13.41,2025-05-20,Computex電腦展,2025
迎廣,1,13,-29,-17,2025-04-08,2025-04-24,12,11.13,2025-05-20,Computex電腦展,2025
迎廣,1,14,-29,-16,2025-04-08,2025-04-25,13,15.55,2025-05-20,Computex電腦展,2025
迎廣,1,15,-29,-15,2025-04-08,2025-04-28,14,19.26,2025-05-20,Computex電腦展,2025
迎廣,1,16,-29,-14,2025-04-08,2025-04-29,15,20.4,2025-05-20,Computex電腦展,2025
迎廣,1,17,-29,-13,2025-04-08,2025-04-30,16,17.4,2025-05-20,Computex電腦展,2025
迎廣,1,18,-29,-12,2025-04-08,2025-05-02,17,18.83,2025-05-20,Computex電腦展,2025
迎廣,1,19,-29,-11,2025-04-08,2025-05-05,18,9.99,2025-05-20,Computex電腦展,2025
迎廣,1,20,-29,-10,2025-04-08,2025-05-06,19,12.27,2025-05-20,Computex電腦展,2025
迎廣,1,21,-29,-9,2025-04-08,2025-05-07,20,10.84,2025-05-20,Computex電腦展,2025
迎廣,1,22,-29,-8,2025-04-08,2025-05-08,21,12.55,2025-05-20,Computex電腦展,2025
迎廣,1,23,-29,-7,2025-04-08,2025-05-09,22,14.84,2025-05-20,Computex電腦展,2025
迎廣,1,24,-29,-6,2025-04-08,2025-05-12,23,17.4,2025-05-20,Computex電腦展,2025
迎廣,1,25,-29,-5,2025-04-08,2025-05-13,24,19.97,2025-05-20,Computex電腦展,2025
迎廣,1,26,-29,-4,2025-04-08,2025-05-14,25,31.95,2025-05-20,Computex電腦展,2025
迎廣,1,27,-29,-3,2025-04-08,2025-05-15,26,31.24,2025-05-20,Computex電腦展,2025
迎廣,1,28,-29,-2,2025-04-08,2025-05-16,27,30.1,2025-05-20,Computex電腦展,2025
迎廣,1,29,-29,-1,2025-04-08,2025-05-19,28,30.1,2025-05-20,Computex電腦展,2025
迎廣,1,30,-29,0,2025-04-08,2025-05-20,29,35.09,2025-05-20,Computex電腦展,2025
迎廣,1,31,-29,1,2025-04-08,2025-05-21,30,37.09,2025-05-20,Computex電腦展,2025
迎廣,1,32,-29,2,2025-04-08,2025-05-22,31,33.52,2025-05-20,Computex電腦展,2025
迎廣,1,33,-29,3,2025-04-08,2025-05-23,32,35.09,2025-05-20,Computex電腦展,2025
迎廣,1,34,-29,4,2025-04-08,2025-05-26,33,35.81,2025-05-20,Computex電腦展,2025
迎廣,1,35,-29,5,2025-04-08,2025-05-27,34,43.37,2025-05-20,Computex電腦展,2025
迎廣,1,36,-29,6,2025-04-08,2025-05-28,35,43.37,2025-05-20,Computex電腦展,2025
迎廣,1,37,-29,7,2025-04-08,2025-05-29,36,34.95,2025-05-20,Computex電腦展,2025
迎廣,1,38,-29,8,2025-04-08,2025-06-02,37,32.1,2025-05-20,Computex電腦展,2025
迎廣,1,39,-29,9,2025-04-08,2025-06-03,38,30.96,2025-05-20,Computex電腦展,2025
迎廣,1,40,-29,10,2025-04-08,2025-06-04,39,34.95,2025-05-20,Computex電腦展,2025
迎廣,1,41,-29,11,2025-04-08,2025-06-05,40,33.81,2025-05-20,Computex電腦展,2025
迎廣,1,42,-29,12,2025-04-08,2025-06-06,41,35.09,2025-05-20,Computex電腦展,2025
迎廣,1,43,-29,13,2025-04-08,2025-06-09,42,37.66,2025-05-20,Computex電腦展,2025
迎廣,1,44,-29,14,2025-04-08,2025-06-10,43,44.08,2025-05-20,Computex電腦展,2025
迎廣,1,45,-29,15,2025-04-08,2025-06-11,44,41.23,2025-05-20,Computex電腦展,2025
迎廣,1,46,-29,16,2025-04-08,2025-06-12,45,39.94,2025-05-20,Computex電腦展,2025
迎廣,2,3,-28,-27,2025-04-09,2025-04-10,1,9.98,2025-05-20,Computex電腦展,2025
迎廣,2,4,-28,-26,2025-04-09,2025-04-11,2,13.31,2025-05-20,Computex電腦展,2025
迎廣,2,5,-28,-25,2025-04-09,2025-04-14,3,18.23,2025-05-20,Computex電腦展,2025
迎廣,2,6,-28,-24,2025-04-09,2025-04-15,4,26.94,2025-05-20,Computex電腦展,2025
迎廣,2,7,-28,-23,2025-04-09,2025-04-16,5,21.71,2025-05-20,Computex電腦展,2025
迎廣,2,8,-28,-22,2025-04-09,2025-04-17,6,22.82,2025-05-20,Computex電腦展,2025
迎廣,2,9,-28,-21,2025-04-09,2025-04-18,7,25.36,2025-05-20,Computex電腦展,2025
迎廣,2,10,-28,-20,2025-04-09,2025-04-21,8,20.13,2025-05-20,Computex電腦展,2025
迎廣,2,11,-28,-19,2025-04-09,2025-04-22,9,23.45,2025-05-20,Computex電腦展,2025
迎廣,2,12,-28,-18,2025-04-09,2025-04-23,10,25.99,2025-05-20,Computex電腦展,2025
迎廣,2,13,-28,-17,2025-04-09,2025-04-24,11,23.45,2025-05-20,Computex電腦展,2025
迎廣,2,14,-28,-16,2025-04-09,2025-04-25,12,28.37,2025-05-20,Computex電腦展,2025
迎廣,2,15,-28,-15,2025-04-09,2025-04-28,13,32.49,2025-05-20,Computex電腦展,2025
迎廣,2,16,-28,-14,2025-04-09,2025-04-29,14,33.76,2025-05-20,Computex電腦展,2025
迎廣,2,17,-28,-13,2025-04-09,2025-04-30,15,30.43,2025-05-20,Computex電腦展,2025
迎廣,2,18,-28,-12,2025-04-09,2025-05-02,16,32.01,2025-05-20,Computex電腦展,2025
迎廣,2,19,-28,-11,2025-04-09,2025-05-05,17,22.19,2025-05-20,Computex電腦展,2025
迎廣,2,20,-28,-10,2025-04-09,2025-05-06,18,24.72,2025-05-20,Computex電腦展,2025
迎廣,2,21,-28,-9,2025-04-09,2025-05-07,19,23.14,2025-05-20,Computex電腦展,2025
迎廣,2,22,-28,-8,2025-04-09,2025-05-08,20,25.04,2025-05-20,Computex電腦展,2025
迎廣,2,23,-28,-7,2025-04-09,2025-05-09,21,27.58,2025-05-20,Computex電腦展,2025
迎廣,2,24,-28,-6,2025-04-09,2025-05-12,22,30.43,2025-05-20,Computex電腦展,2025
迎廣,2,25,-28,-5,2025-04-09,2025-05-13,23,33.28,2025-05-20,Computex電腦展,2025
迎廣,2,26,-28,-4,2025-04-09,2025-05-14,24,46.59,2025-05-20,Computex電腦展,2025
迎廣,2,27,-28,-3,2025-04-09,2025-05-15,25,45.8,2025-05-20,Computex電腦展,2025
迎廣,2,28,-28,-2,2025-04-09,2025-05-16,26,44.53,2025-05-20,Computex電腦展,2025
迎廣,2,29,-28,-1,2025-04-09,2025-05-19,27,44.53,2025-05-20,Computex電腦展,2025
迎廣,2,30,-28,0,2025-04-09,2025-05-20,28,50.08,2025-05-20,Computex電腦展,2025
迎廣,2,31,-28,1,2025-04-09,2025-05-21,29,52.3,2025-05-20,Computex電腦展,2025
迎廣,2,32,-28,2,2025-04-09,2025-05-22,30,48.34,2025-05-20,Computex電腦展,2025
迎廣,2,33,-28,3,2025-04-09,2025-05-23,31,50.08,2025-05-20,Computex電腦展,2025
迎廣,2,34,-28,4,2025-04-09,2025-05-26,32,50.87,2025-05-20,Computex電腦展,2025
迎廣,2,35,-28,5,2025-04-09,2025-05-27,33,59.27,2025-05-20,Computex電腦展,2025
迎廣,2,36,-28,6,2025-04-09,2025-05-28,34,59.27,2025-05-20,Computex電腦展,2025
迎廣,2,37,-28,7,2025-04-09,2025-05-29,35,49.92,2025-05-20,Computex電腦展,2025
迎廣,2,38,-28,8,2025-04-09,2025-06-02,36,46.75,2025-05-20,Computex電腦展,2025
迎廣,2,39,-28,9,2025-04-09,2025-06-03,37,45.48,2025-05-20,Computex電腦展,2025
迎廣,2,40,-28,10,2025-04-09,2025-06-04,38,49.92,2025-05-20,Computex電腦展,2025
迎廣,2,41,-28,11,2025-04-09,2025-06-05,39,48.65,2025-05-20,Computex電腦展,2025
迎廣,2,42,-28,12,2025-04-09,2025-06-06,40,50.08,2025-05-20,Computex電腦展,2025
迎廣,2,43,-28,13,2025-04-09,2025-06-09,41,52.93,2025-05-20,Computex電腦展,2025
迎廣,2,44,-28,14,2025-04-09,2025-06-10,42,60.06,2025-05-20,Computex電腦展,2025
迎廣,2,45,-28,15,2025-04-09,2025-06-11,43,56.89,2025-05-20,Computex電腦展,2025
迎廣,2,46,-28,16,2025-04-09,2025-06-12,44,55.47,2025-05-20,Computex電腦展,2025
迎廣,3,4,-27,-26,2025-04-10,2025-04-11,1,3.03,2025-05-20,Computex電腦展,2025
迎廣,3,5,-27,-25,2025-04-10,2025-04-14,2,7.49,2025-05-20,Computex電腦展,2025
迎廣,3,6,-27,-24,2025-04-10,2025-04-15,3,15.42,2025-05-20,Computex電腦展,2025
迎廣,3,7,-27,-23,2025-04-10,2025-04-16,4,10.66,2025-05-20,Computex電腦展,2025
迎廣,3,8,-27,-22,2025-04-10,2025-04-17,5,11.67,2025-05-20,Computex電腦展,2025
迎廣,3,9,-27,-21,2025-04-10,2025-04-18,6,13.98,2025-05-20,Computex電腦展,2025
迎廣,3,10,-27,-20,2025-04-10,2025-04-21,7,9.22,2025-05-20,Computex電腦展,2025
迎廣,3,11,-27,-19,2025-04-10,2025-04-22,8,12.25,2025-05-20,Computex電腦展,2025
迎廣,3,12,-27,-18,2025-04-10,2025-04-23,9,14.55,2025-05-20,Computex電腦展,2025
迎廣,3,13,-27,-17,2025-04-10,2025-04-24,10,12.25,2025-05-20,Computex電腦展,2025
迎廣,3,14,-27,-16,2025-04-10,2025-04-25,11,16.71,2025-05-20,Computex電腦展,2025
迎廣,3,15,-27,-15,2025-04-10,2025-04-28,12,20.46,2025-05-20,Computex電腦展,2025
迎廣,3,16,-27,-14,2025-04-10,2025-04-29,13,21.61,2025-05-20,Computex電腦展,2025
迎廣,3,17,-27,-13,2025-04-10,2025-04-30,14,18.59,2025-05-20,Computex電腦展,2025
迎廣,3,18,-27,-12,2025-04-10,2025-05-02,15,20.03,2025-05-20,Computex電腦展,2025
迎廣,3,19,-27,-11,2025-04-10,2025-05-05,16,11.1,2025-05-20,Computex電腦展,2025
迎廣,3,20,-27,-10,2025-04-10,2025-05-06,17,13.4,2025-05-20,Computex電腦展,2025
迎廣,3,21,-27,-9,2025-04-10,2025-05-07,18,11.96,2025-05-20,Computex電腦展,2025
迎廣,3,22,-27,-8,2025-04-10,2025-05-08,19,13.69,2025-05-20,Computex電腦展,2025
迎廣,3,23,-27,-7,2025-04-10,2025-05-09,20,15.99,2025-05-20,Computex電腦展,2025
迎廣,3,24,-27,-6,2025-04-10,2025-05-12,21,18.59,2025-05-20,Computex電腦展,2025
迎廣,3,25,-27,-5,2025-04-10,2025-05-13,22,21.18,2025-05-20,Computex電腦展,2025
迎廣,3,26,-27,-4,2025-04-10,2025-05-14,23,33.29,2025-05-20,Computex電腦展,2025
迎廣,3,27,-27,-3,2025-04-10,2025-05-15,24,32.56,2025-05-20,Computex電腦展,2025
迎廣,3,28,-27,-2,2025-04-10,2025-05-16,25,31.41,2025-05-20,Computex電腦展,2025
迎廣,3,29,-27,-1,2025-04-10,2025-05-19,26,31.41,2025-05-20,Computex電腦展,2025
迎廣,3,30,-27,0,2025-04-10,2025-05-20,27,36.46,2025-05-20,Computex電腦展,2025
迎廣,3,31,-27,1,2025-04-10,2025-05-21,28,38.47,2025-05-20,Computex電腦展,2025
迎廣,3,32,-27,2,2025-04-10,2025-05-22,29,34.87,2025-05-20,Computex電腦展,2025
迎廣,3,33,-27,3,2025-04-10,2025-05-23,30,36.46,2025-05-20,Computex電腦展,2025
迎廣,3,34,-27,4,2025-04-10,2025-05-26,31,37.18,2025-05-20,Computex電腦展,2025
迎廣,3,35,-27,5,2025-04-10,2025-05-27,32,44.81,2025-05-20,Computex電腦展,2025
迎廣,3,36,-27,6,2025-04-10,2025-05-28,33,44.81,2025-05-20,Computex電腦展,2025
迎廣,3,37,-27,7,2025-04-10,2025-05-29,34,36.31,2025-05-20,Computex電腦展,2025
迎廣,3,38,-27,8,2025-04-10,2025-06-02,35,33.43,2025-05-20,Computex電腦展,2025
迎廣,3,39,-27,9,2025-04-10,2025-06-03,36,32.28,2025-05-20,Computex電腦展,2025
迎廣,3,40,-27,10,2025-04-10,2025-06-04,37,36.31,2025-05-20,Computex電腦展,2025
迎廣,3,41,-27,11,2025-04-10,2025-06-05,38,35.16,2025-05-20,Computex電腦展,2025
迎廣,3,42,-27,12,2025-04-10,2025-06-06,39,36.46,2025-05-20,Computex電腦展,2025
迎廣,3,43,-27,13,2025-04-10,2025-06-09,40,39.05,2025-05-20,Computex電腦展,2025
迎廣,3,44,-27,14,2025-04-10,2025-06-10,41,45.53,2025-05-20,Computex電腦展,2025
迎廣,3,45,-27,15,2025-04-10,2025-06-11,42,42.65,2025-05-20,Computex電腦展,2025
迎廣,3,46,-27,16,2025-04-10,2025-06-12,43,41.35,2025-05-20,Computex電腦展,2025
迎廣,4,5,-26,-25,2025-04-11,2025-04-14,1,4.34,2025-05-20,Computex電腦展,2025
迎廣,4,6,-26,-24,2025-04-11,2025-04-15,2,12.03,2025-05-20,Computex電腦展,2025
迎廣,4,7,-26,-23,2025-04-11,2025-04-16,3,7.41,2025-05-20,Computex電腦展,2025
迎廣,4,8,-26,-22,2025-04-11,2025-04-17,4,8.39,2025-05-20,Computex電腦展,2025
迎廣,4,9,-26,-21,2025-04-11,2025-04-18,5,10.63,2025-05-20,Computex電腦展,2025
迎廣,4,10,-26,-20,2025-04-11,2025-04-21,6,6.01,2025-05-20,Computex電腦展,2025
迎廣,4,11,-26,-19,2025-04-11,2025-04-22,7,8.95,2025-05-20,Computex電腦展,2025
迎廣,4,12,-26,-18,2025-04-11,2025-04-23,8,11.19,2025-05-20,Computex電腦展,2025
迎廣,4,13,-26,-17,2025-04-11,2025-04-24,9,8.95,2025-05-20,Computex電腦展,2025
迎廣,4,14,-26,-16,2025-04-11,2025-04-25,10,13.29,2025-05-20,Computex電腦展,2025
迎廣,4,15,-26,-15,2025-04-11,2025-04-28,11,16.92,2025-05-20,Computex電腦展,2025
迎廣,4,16,-26,-14,2025-04-11,2025-04-29,12,18.04,2025-05-20,Computex電腦展,2025
迎廣,4,17,-26,-13,2025-04-11,2025-04-30,13,15.1,2025-05-20,Computex電腦展,2025
迎廣,4,18,-26,-12,2025-04-11,2025-05-02,14,16.5,2025-05-20,Computex電腦展,2025
迎廣,4,19,-26,-11,2025-04-11,2025-05-05,15,7.83,2025-05-20,Computex電腦展,2025
迎廣,4,20,-26,-10,2025-04-11,2025-05-06,16,10.07,2025-05-20,Computex電腦展,2025
迎廣,4,21,-26,-9,2025-04-11,2025-05-07,17,8.67,2025-05-20,Computex電腦展,2025
迎廣,4,22,-26,-8,2025-04-11,2025-05-08,18,10.35,2025-05-20,Computex電腦展,2025
迎廣,4,23,-26,-7,2025-04-11,2025-05-09,19,12.59,2025-05-20,Computex電腦展,2025
迎廣,4,24,-26,-6,2025-04-11,2025-05-12,20,15.1,2025-05-20,Computex電腦展,2025
迎廣,4,25,-26,-5,2025-04-11,2025-05-13,21,17.62,2025-05-20,Computex電腦展,2025
迎廣,4,26,-26,-4,2025-04-11,2025-05-14,22,29.37,2025-05-20,Computex電腦展,2025
迎廣,4,27,-26,-3,2025-04-11,2025-05-15,23,28.67,2025-05-20,Computex電腦展,2025
迎廣,4,28,-26,-2,2025-04-11,2025-05-16,24,27.55,2025-05-20,Computex電腦展,2025
迎廣,4,29,-26,-1,2025-04-11,2025-05-19,25,27.55,2025-05-20,Computex電腦展,2025
迎廣,4,30,-26,0,2025-04-11,2025-05-20,26,32.45,2025-05-20,Computex電腦展,2025
迎廣,4,31,-26,1,2025-04-11,2025-05-21,27,34.41,2025-05-20,Computex電腦展,2025
迎廣,4,32,-26,2,2025-04-11,2025-05-22,28,30.91,2025-05-20,Computex電腦展,2025
迎廣,4,33,-26,3,2025-04-11,2025-05-23,29,32.45,2025-05-20,Computex電腦展,2025
迎廣,4,34,-26,4,2025-04-11,2025-05-26,30,33.15,2025-05-20,Computex電腦展,2025
迎廣,4,35,-26,5,2025-04-11,2025-05-27,31,40.56,2025-05-20,Computex電腦展,2025
迎廣,4,36,-26,6,2025-04-11,2025-05-28,32,40.56,2025-05-20,Computex電腦展,2025
迎廣,4,37,-26,7,2025-04-11,2025-05-29,33,32.31,2025-05-20,Computex電腦展,2025
迎廣,4,38,-26,8,2025-04-11,2025-06-02,34,29.51,2025-05-20,Computex電腦展,2025
迎廣,4,39,-26,9,2025-04-11,2025-06-03,35,28.39,2025-05-20,Computex電腦展,2025
迎廣,4,40,-26,10,2025-04-11,2025-06-04,36,32.31,2025-05-20,Computex電腦展,2025
迎廣,4,41,-26,11,2025-04-11,2025-06-05,37,31.19,2025-05-20,Computex電腦展,2025
迎廣,4,42,-26,12,2025-04-11,2025-06-06,38,32.45,2025-05-20,Computex電腦展,2025
迎廣,4,43,-26,13,2025-04-11,2025-06-09,39,34.97,2025-05-20,Computex電腦展,2025
迎廣,4,44,-26,14,2025-04-11,2025-06-10,40,41.26,2025-05-20,Computex電腦展,2025
迎廣,4,45,-26,15,2025-04-11,2025-06-11,41,38.46,2025-05-20,Computex電腦展,2025
迎廣,4,46,-26,16,2025-04-11,2025-06-12,42,37.2,2025-05-20,Computex電腦展,2025
迎廣,5,6,-25,-24,2025-04-14,2025-04-15,1,7.37,2025-05-20,Computex電腦展,2025
迎廣,5,7,-25,-23,2025-04-14,2025-04-16,2,2.95,2025-05-20,Computex電腦展,2025
迎廣,5,8,-25,-22,2025-04-14,2025-04-17,3,3.89,2025-05-20,Computex電腦展,2025
迎廣,5,9,-25,-21,2025-04-14,2025-04-18,4,6.03,2025-05-20,Computex電腦展,2025
迎廣,5,10,-25,-20,2025-04-14,2025-04-21,5,1.61,2025-05-20,Computex電腦展,2025
迎廣,5,11,-25,-19,2025-04-14,2025-04-22,6,4.42,2025-05-20,Computex電腦展,2025
迎廣,5,12,-25,-18,2025-04-14,2025-04-23,7,6.57,2025-05-20,Computex電腦展,2025
迎廣,5,13,-25,-17,2025-04-14,2025-04-24,8,4.42,2025-05-20,Computex電腦展,2025
迎廣,5,14,-25,-16,2025-04-14,2025-04-25,9,8.58,2025-05-20,Computex電腦展,2025
迎廣,5,15,-25,-15,2025-04-14,2025-04-28,10,12.06,2025-05-20,Computex電腦展,2025
迎廣,5,16,-25,-14,2025-04-14,2025-04-29,11,13.14,2025-05-20,Computex電腦展,2025
迎廣,5,17,-25,-13,2025-04-14,2025-04-30,12,10.32,2025-05-20,Computex電腦展,2025
迎廣,5,18,-25,-12,2025-04-14,2025-05-02,13,11.66,2025-05-20,Computex電腦展,2025
迎廣,5,19,-25,-11,2025-04-14,2025-05-05,14,3.35,2025-05-20,Computex電腦展,2025
迎廣,5,20,-25,-10,2025-04-14,2025-05-06,15,5.5,2025-05-20,Computex電腦展,2025
迎廣,5,21,-25,-9,2025-04-14,2025-05-07,16,4.16,2025-05-20,Computex電腦展,2025
迎廣,5,22,-25,-8,2025-04-14,2025-05-08,17,5.76,2025-05-20,Computex電腦展,2025
迎廣,5,23,-25,-7,2025-04-14,2025-05-09,18,7.91,2025-05-20,Computex電腦展,2025
迎廣,5,24,-25,-6,2025-04-14,2025-05-12,19,10.32,2025-05-20,Computex電腦展,2025
迎廣,5,25,-25,-5,2025-04-14,2025-05-13,20,12.73,2025-05-20,Computex電腦展,2025
迎廣,5,26,-25,-4,2025-04-14,2025-05-14,21,23.99,2025-05-20,Computex電腦展,2025
迎廣,5,27,-25,-3,2025-04-14,2025-05-15,22,23.32,2025-05-20,Computex電腦展,2025
迎廣,5,28,-25,-2,2025-04-14,2025-05-16,23,22.25,2025-05-20,Computex電腦展,2025
迎廣,5,29,-25,-1,2025-04-14,2025-05-19,24,22.25,2025-05-20,Computex電腦展,2025
迎廣,5,30,-25,0,2025-04-14,2025-05-20,25,26.94,2025-05-20,Computex電腦展,2025
迎廣,5,31,-25,1,2025-04-14,2025-05-21,26,28.82,2025-05-20,Computex電腦展,2025
迎廣,5,32,-25,2,2025-04-14,2025-05-22,27,25.47,2025-05-20,Computex電腦展,2025
迎廣,5,33,-25,3,2025-04-14,2025-05-23,28,26.94,2025-05-20,Computex電腦展,2025
迎廣,5,34,-25,4,2025-04-14,2025-05-26,29,27.61,2025-05-20,Computex電腦展,2025
迎廣,5,35,-25,5,2025-04-14,2025-05-27,30,34.72,2025-05-20,Computex電腦展,2025
迎廣,5,36,-25,6,2025-04-14,2025-05-28,31,34.72,2025-05-20,Computex電腦展,2025
迎廣,5,37,-25,7,2025-04-14,2025-05-29,32,26.81,2025-05-20,Computex電腦展,2025
迎廣,5,38,-25,8,2025-04-14,2025-06-02,33,24.13,2025-05-20,Computex電腦展,2025
迎廣,5,39,-25,9,2025-04-14,2025-06-03,34,23.06,2025-05-20,Computex電腦展,2025
迎廣,5,40,-25,10,2025-04-14,2025-06-04,35,26.81,2025-05-20,Computex電腦展,2025
迎廣,5,41,-25,11,2025-04-14,2025-06-05,36,25.74,2025-05-20,Computex電腦展,2025
迎廣,5,42,-25,12,2025-04-14,2025-06-06,37,26.94,2025-05-20,Computex電腦展,2025
迎廣,5,43,-25,13,2025-04-14,2025-06-09,38,29.36,2025-05-20,Computex電腦展,2025
迎廣,5,44,-25,14,2025-04-14,2025-06-10,39,35.39,2025-05-20,Computex電腦展,2025
迎廣,5,45,-25,15,2025-04-14,2025-06-11,40,32.71,2025-05-20,Computex電腦展,2025
迎廣,5,46,-25,16,2025-04-14,2025-06-12,41,31.5,2025-05-20,Computex電腦展,2025
迎廣,6,7,-24,-23,2025-04-15,2025-04-16,1,-4.12,2025-05-20,Computex電腦展,2025
迎廣,6,8,-24,-22,2025-04-15,2025-04-17,2,-3.25,2025-05-20,Computex電腦展,2025
迎廣,6,9,-24,-21,2025-04-15,2025-04-18,3,-1.25,2025-05-20,Computex電腦展,2025
迎廣,6,10,-24,-20,2025-04-15,2025-04-21,4,-5.37,2025-05-20,Computex電腦展,2025
迎廣,6,11,-24,-19,2025-04-15,2025-04-22,5,-2.75,2025-05-20,Computex電腦展,2025
迎廣,6,12,-24,-18,2025-04-15,2025-04-23,6,-0.75,2025-05-20,Computex電腦展,2025
迎廣,6,13,-24,-17,2025-04-15,2025-04-24,7,-2.75,2025-05-20,Computex電腦展,2025
迎廣,6,14,-24,-16,2025-04-15,2025-04-25,8,1.12,2025-05-20,Computex電腦展,2025
迎廣,6,15,-24,-15,2025-04-15,2025-04-28,9,4.37,2025-05-20,Computex電腦展,2025
迎廣,6,16,-24,-14,2025-04-15,2025-04-29,10,5.37,2025-05-20,Computex電腦展,2025
迎廣,6,17,-24,-13,2025-04-15,2025-04-30,11,2.75,2025-05-20,Computex電腦展,2025
迎廣,6,18,-24,-12,2025-04-15,2025-05-02,12,4.0,2025-05-20,Computex電腦展,2025
迎廣,6,19,-24,-11,2025-04-15,2025-05-05,13,-3.75,2025-05-20,Computex電腦展,2025
迎廣,6,20,-24,-10,2025-04-15,2025-05-06,14,-1.75,2025-05-20,Computex電腦展,2025
迎廣,6,21,-24,-9,2025-04-15,2025-05-07,15,-3.0,2025-05-20,Computex電腦展,2025
迎廣,6,22,-24,-8,2025-04-15,2025-05-08,16,-1.5,2025-05-20,Computex電腦展,2025
迎廣,6,23,-24,-7,2025-04-15,2025-05-09,17,0.5,2025-05-20,Computex電腦展,2025
迎廣,6,24,-24,-6,2025-04-15,2025-05-12,18,2.75,2025-05-20,Computex電腦展,2025
迎廣,6,25,-24,-5,2025-04-15,2025-05-13,19,4.99,2025-05-20,Computex電腦展,2025
迎廣,6,26,-24,-4,2025-04-15,2025-05-14,20,15.48,2025-05-20,Computex電腦展,2025
迎廣,6,27,-24,-3,2025-04-15,2025-05-15,21,14.86,2025-05-20,Computex電腦展,2025
迎廣,6,28,-24,-2,2025-04-15,2025-05-16,22,13.86,2025-05-20,Computex電腦展,2025
迎廣,6,29,-24,-1,2025-04-15,2025-05-19,23,13.86,2025-05-20,Computex電腦展,2025
迎廣,6,30,-24,0,2025-04-15,2025-05-20,24,18.23,2025-05-20,Computex電腦展,2025
迎廣,6,31,-24,1,2025-04-15,2025-05-21,25,19.98,2025-05-20,Computex電腦展,2025
迎廣,6,32,-24,2,2025-04-15,2025-05-22,26,16.85,2025-05-20,Computex電腦展,2025
迎廣,6,33,-24,3,2025-04-15,2025-05-23,27,18.23,2025-05-20,Computex電腦展,2025
迎廣,6,34,-24,4,2025-04-15,2025-05-26,28,18.85,2025-05-20,Computex電腦展,2025
迎廣,6,35,-24,5,2025-04-15,2025-05-27,29,25.47,2025-05-20,Computex電腦展,2025
迎廣,6,36,-24,6,2025-04-15,2025-05-28,30,25.47,2025-05-20,Computex電腦展,2025
迎廣,6,37,-24,7,2025-04-15,2025-05-29,31,18.1,2025-05-20,Computex電腦展,2025
迎廣,6,38,-24,8,2025-04-15,2025-06-02,32,15.61,2025-05-20,Computex電腦展,2025
迎廣,6,39,-24,9,2025-04-15,2025-06-03,33,14.61,2025-05-20,Computex電腦展,2025
迎廣,6,40,-24,10,2025-04-15,2025-06-04,34,18.1,2025-05-20,Computex電腦展,2025
迎廣,6,41,-24,11,2025-04-15,2025-06-05,35,17.1,2025-05-20,Computex電腦展,2025
迎廣,6,42,-24,12,2025-04-15,2025-06-06,36,18.23,2025-05-20,Computex電腦展,2025
迎廣,6,43,-24,13,2025-04-15,2025-06-09,37,20.47,2025-05-20,Computex電腦展,2025
迎廣,6,44,-24,14,2025-04-15,2025-06-10,38,26.09,2025-05-20,Computex電腦展,2025
迎廣,6,45,-24,15,2025-04-15,2025-06-11,39,23.6,2025-05-20,Computex電腦展,2025
迎廣,6,46,-24,16,2025-04-15,2025-06-12,40,22.47,2025-05-20,Computex電腦展,2025
迎廣,7,8,-23,-22,2025-04-16,2025-04-17,1,0.91,2025-05-20,Computex電腦展,2025
迎廣,7,9,-23,-21,2025-04-16,2025-04-18,2,2.99,2025-05-20,Computex電腦展,2025
迎廣,7,10,-23,-20,2025-04-16,2025-04-21,3,-1.3,2025-05-20,Computex電腦展,2025
迎廣,7,11,-23,-19,2025-04-16,2025-04-22,4,1.43,2025-05-20,Computex電腦展,2025
迎廣,7,12,-23,-18,2025-04-16,2025-04-23,5,3.52,2025-05-20,Computex電腦展,2025
迎廣,7,13,-23,-17,2025-04-16,2025-04-24,6,1.43,2025-05-20,Computex電腦展,2025
迎廣,7,14,-23,-16,2025-04-16,2025-04-25,7,5.47,2025-05-20,Computex電腦展,2025
迎廣,7,15,-23,-15,2025-04-16,2025-04-28,8,8.85,2025-05-20,Computex電腦展,2025
迎廣,7,16,-23,-14,2025-04-16,2025-04-29,9,9.9,2025-05-20,Computex電腦展,2025
迎廣,7,17,-23,-13,2025-04-16,2025-04-30,10,7.16,2025-05-20,Computex電腦展,2025
迎廣,7,18,-23,-12,2025-04-16,2025-05-02,11,8.46,2025-05-20,Computex電腦展,2025
迎廣,7,19,-23,-11,2025-04-16,2025-05-05,12,0.39,2025-05-20,Computex電腦展,2025
迎廣,7,20,-23,-10,2025-04-16,2025-05-06,13,2.47,2025-05-20,Computex電腦展,2025
迎廣,7,21,-23,-9,2025-04-16,2025-05-07,14,1.17,2025-05-20,Computex電腦展,2025
迎廣,7,22,-23,-8,2025-04-16,2025-05-08,15,2.73,2025-05-20,Computex電腦展,2025
迎廣,7,23,-23,-7,2025-04-16,2025-05-09,16,4.82,2025-05-20,Computex電腦展,2025
迎廣,7,24,-23,-6,2025-04-16,2025-05-12,17,7.16,2025-05-20,Computex電腦展,2025
迎廣,7,25,-23,-5,2025-04-16,2025-05-13,18,9.51,2025-05-20,Computex電腦展,2025
迎廣,7,26,-23,-4,2025-04-16,2025-05-14,19,20.44,2025-05-20,Computex電腦展,2025
迎廣,7,27,-23,-3,2025-04-16,2025-05-15,20,19.79,2025-05-20,Computex電腦展,2025
迎廣,7,28,-23,-2,2025-04-16,2025-05-16,21,18.75,2025-05-20,Computex電腦展,2025
迎廣,7,29,-23,-1,2025-04-16,2025-05-19,22,18.75,2025-05-20,Computex電腦展,2025
迎廣,7,30,-23,0,2025-04-16,2025-05-20,23,23.31,2025-05-20,Computex電腦展,2025
迎廣,7,31,-23,1,2025-04-16,2025-05-21,24,25.13,2025-05-20,Computex電腦展,2025
迎廣,7,32,-23,2,2025-04-16,2025-05-22,25,21.88,2025-05-20,Computex電腦展,2025
迎廣,7,33,-23,3,2025-04-16,2025-05-23,26,23.31,2025-05-20,Computex電腦展,2025
迎廣,7,34,-23,4,2025-04-16,2025-05-26,27,23.96,2025-05-20,Computex電腦展,2025
迎廣,7,35,-23,5,2025-04-16,2025-05-27,28,30.86,2025-05-20,Computex電腦展,2025
迎廣,7,36,-23,6,2025-04-16,2025-05-28,29,30.86,2025-05-20,Computex電腦展,2025
迎廣,7,37,-23,7,2025-04-16,2025-05-29,30,23.18,2025-05-20,Computex電腦展,2025
迎廣,7,38,-23,8,2025-04-16,2025-06-02,31,20.57,2025-05-20,Computex電腦展,2025
迎廣,7,39,-23,9,2025-04-16,2025-06-03,32,19.53,2025-05-20,Computex電腦展,2025
迎廣,7,40,-23,10,2025-04-16,2025-06-04,33,23.18,2025-05-20,Computex電腦展,2025
迎廣,7,41,-23,11,2025-04-16,2025-06-05,34,22.14,2025-05-20,Computex電腦展,2025
迎廣,7,42,-23,12,2025-04-16,2025-06-06,35,23.31,2025-05-20,Computex電腦展,2025
迎廣,7,43,-23,13,2025-04-16,2025-06-09,36,25.65,2025-05-20,Computex電腦展,2025
迎廣,7,44,-23,14,2025-04-16,2025-06-10,37,31.51,2025-05-20,Computex電腦展,2025
迎廣,7,45,-23,15,2025-04-16,2025-06-11,38,28.91,2025-05-20,Computex電腦展,2025
迎廣,7,46,-23,16,2025-04-16,2025-06-12,39,27.73,2025-05-20,Computex電腦展,2025
迎廣,8,9,-22,-21,2025-04-17,2025-04-18,1,2.06,2025-05-20,Computex電腦展,2025
迎廣,8,10,-22,-20,2025-04-17,2025-04-21,2,-2.19,2025-05-20,Computex電腦展,2025
迎廣,8,11,-22,-19,2025-04-17,2025-04-22,3,0.52,2025-05-20,Computex電腦展,2025
迎廣,8,12,-22,-18,2025-04-17,2025-04-23,4,2.58,2025-05-20,Computex電腦展,2025
迎廣,8,13,-22,-17,2025-04-17,2025-04-24,5,0.52,2025-05-20,Computex電腦展,2025
迎廣,8,14,-22,-16,2025-04-17,2025-04-25,6,4.52,2025-05-20,Computex電腦展,2025
迎廣,8,15,-22,-15,2025-04-17,2025-04-28,7,7.87,2025-05-20,Computex電腦展,2025
迎廣,8,16,-22,-14,2025-04-17,2025-04-29,8,8.9,2025-05-20,Computex電腦展,2025
迎廣,8,17,-22,-13,2025-04-17,2025-04-30,9,6.19,2025-05-20,Computex電腦展,2025
迎廣,8,18,-22,-12,2025-04-17,2025-05-02,10,7.48,2025-05-20,Computex電腦展,2025
迎廣,8,19,-22,-11,2025-04-17,2025-05-05,11,-0.52,2025-05-20,Computex電腦展,2025
迎廣,8,20,-22,-10,2025-04-17,2025-05-06,12,1.55,2025-05-20,Computex電腦展,2025
迎廣,8,21,-22,-9,2025-04-17,2025-05-07,13,0.26,2025-05-20,Computex電腦展,2025
迎廣,8,22,-22,-8,2025-04-17,2025-05-08,14,1.81,2025-05-20,Computex電腦展,2025
迎廣,8,23,-22,-7,2025-04-17,2025-05-09,15,3.87,2025-05-20,Computex電腦展,2025
迎廣,8,24,-22,-6,2025-04-17,2025-05-12,16,6.19,2025-05-20,Computex電腦展,2025
迎廣,8,25,-22,-5,2025-04-17,2025-05-13,17,8.52,2025-05-20,Computex電腦展,2025
迎廣,8,26,-22,-4,2025-04-17,2025-05-14,18,19.35,2025-05-20,Computex電腦展,2025
迎廣,8,27,-22,-3,2025-04-17,2025-05-15,19,18.71,2025-05-20,Computex電腦展,2025
迎廣,8,28,-22,-2,2025-04-17,2025-05-16,20,17.68,2025-05-20,Computex電腦展,2025
迎廣,8,29,-22,-1,2025-04-17,2025-05-19,21,17.68,2025-05-20,Computex電腦展,2025
迎廣,8,30,-22,0,2025-04-17,2025-05-20,22,22.19,2025-05-20,Computex電腦展,2025
迎廣,8,31,-22,1,2025-04-17,2025-05-21,23,24.0,2025-05-20,Computex電腦展,2025
迎廣,8,32,-22,2,2025-04-17,2025-05-22,24,20.77,2025-05-20,Computex電腦展,2025
迎廣,8,33,-22,3,2025-04-17,2025-05-23,25,22.19,2025-05-20,Computex電腦展,2025
迎廣,8,34,-22,4,2025-04-17,2025-05-26,26,22.84,2025-05-20,Computex電腦展,2025
迎廣,8,35,-22,5,2025-04-17,2025-05-27,27,29.68,2025-05-20,Computex電腦展,2025
迎廣,8,36,-22,6,2025-04-17,2025-05-28,28,29.68,2025-05-20,Computex電腦展,2025
迎廣,8,37,-22,7,2025-04-17,2025-05-29,29,22.06,2025-05-20,Computex電腦展,2025
迎廣,8,38,-22,8,2025-04-17,2025-06-02,30,19.48,2025-05-20,Computex電腦展,2025
迎廣,8,39,-22,9,2025-04-17,2025-06-03,31,18.45,2025-05-20,Computex電腦展,2025
迎廣,8,40,-22,10,2025-04-17,2025-06-04,32,22.06,2025-05-20,Computex電腦展,2025
迎廣,8,41,-22,11,2025-04-17,2025-06-05,33,21.03,2025-05-20,Computex電腦展,2025
迎廣,8,42,-22,12,2025-04-17,2025-06-06,34,22.19,2025-05-20,Computex電腦展,2025
迎廣,8,43,-22,13,2025-04-17,2025-06-09,35,24.52,2025-05-20,Computex電腦展,2025
迎廣,8,44,-22,14,2025-04-17,2025-06-10,36,30.32,2025-05-20,Computex電腦展,2025
迎廣,8,45,-22,15,2025-04-17,2025-06-11,37,27.74,2025-05-20,Computex電腦展,2025
迎廣,8,46,-22,16,2025-04-17,2025-06-12,38,26.58,2025-05-20,Computex電腦展,2025
迎廣,9,10,-21,-20,2025-04-18,2025-04-21,1,-4.17,2025-05-20,Computex電腦展,2025
迎廣,9,11,-21,-19,2025-04-18,2025-04-22,2,-1.52,2025-05-20,Computex電腦展,2025
迎廣,9,12,-21,-18,2025-04-18,2025-04-23,3,0.51,2025-05-20,Computex電腦展,2025
迎廣,9,13,-21,-17,2025-04-18,2025-04-24,4,-1.52,2025-05-20,Computex電腦展,2025
迎廣,9,14,-21,-16,2025-04-18,2025-04-25,5,2.4,2025-05-20,Computex電腦展,2025
迎廣,9,15,-21,-15,2025-04-18,2025-04-28,6,5.69,2025-05-20,Computex電腦展,2025
迎廣,9,16,-21,-14,2025-04-18,2025-04-29,7,6.7,2025-05-20,Computex電腦展,2025
迎廣,9,17,-21,-13,2025-04-18,2025-04-30,8,4.05,2025-05-20,Computex電腦展,2025
迎廣,9,18,-21,-12,2025-04-18,2025-05-02,9,5.31,2025-05-20,Computex電腦展,2025
迎廣,9,19,-21,-11,2025-04-18,2025-05-05,10,-2.53,2025-05-20,Computex電腦展,2025
迎廣,9,20,-21,-10,2025-04-18,2025-05-06,11,-0.51,2025-05-20,Computex電腦展,2025
迎廣,9,21,-21,-9,2025-04-18,2025-05-07,12,-1.77,2025-05-20,Computex電腦展,2025
迎廣,9,22,-21,-8,2025-04-18,2025-05-08,13,-0.25,2025-05-20,Computex電腦展,2025
迎廣,9,23,-21,-7,2025-04-18,2025-05-09,14,1.77,2025-05-20,Computex電腦展,2025
迎廣,9,24,-21,-6,2025-04-18,2025-05-12,15,4.05,2025-05-20,Computex電腦展,2025
迎廣,9,25,-21,-5,2025-04-18,2025-05-13,16,6.32,2025-05-20,Computex電腦展,2025
迎廣,9,26,-21,-4,2025-04-18,2025-05-14,17,16.94,2025-05-20,Computex電腦展,2025
迎廣,9,27,-21,-3,2025-04-18,2025-05-15,18,16.31,2025-05-20,Computex電腦展,2025
迎廣,9,28,-21,-2,2025-04-18,2025-05-16,19,15.3,2025-05-20,Computex電腦展,2025
迎廣,9,29,-21,-1,2025-04-18,2025-05-19,20,15.3,2025-05-20,Computex電腦展,2025
迎廣,9,30,-21,0,2025-04-18,2025-05-20,21,19.72,2025-05-20,Computex電腦展,2025
迎廣,9,31,-21,1,2025-04-18,2025-05-21,22,21.49,2025-05-20,Computex電腦展,2025
迎廣,9,32,-21,2,2025-04-18,2025-05-22,23,18.33,2025-05-20,Computex電腦展,2025
迎廣,9,33,-21,3,2025-04-18,2025-05-23,24,19.72,2025-05-20,Computex電腦展,2025
迎廣,9,34,-21,4,2025-04-18,2025-05-26,25,20.35,2025-05-20,Computex電腦展,2025
迎廣,9,35,-21,5,2025-04-18,2025-05-27,26,27.05,2025-05-20,Computex電腦展,2025
迎廣,9,36,-21,6,2025-04-18,2025-05-28,27,27.05,2025-05-20,Computex電腦展,2025
迎廣,9,37,-21,7,2025-04-18,2025-05-29,28,19.6,2025-05-20,Computex電腦展,2025
迎廣,9,38,-21,8,2025-04-18,2025-06-02,29,17.07,2025-05-20,Computex電腦展,2025
迎廣,9,39,-21,9,2025-04-18,2025-06-03,30,16.06,2025-05-20,Computex電腦展,2025
迎廣,9,40,-21,10,2025-04-18,2025-06-04,31,19.6,2025-05-20,Computex電腦展,2025
迎廣,9,41,-21,11,2025-04-18,2025-06-05,32,18.58,2025-05-20,Computex電腦展,2025
迎廣,9,42,-21,12,2025-04-18,2025-06-06,33,19.72,2025-05-20,Computex電腦展,2025
迎廣,9,43,-21,13,2025-04-18,2025-06-09,34,22.0,2025-05-20,Computex電腦展,2025
迎廣,9,44,-21,14,2025-04-18,2025-06-10,35,27.69,2025-05-20,Computex電腦展,2025
迎廣,9,45,-21,15,2025-04-18,2025-06-11,36,25.16,2025-05-20,Computex電腦展,2025
迎廣,9,46,-21,16,2025-04-18,2025-06-12,37,24.02,2025-05-20,Computex電腦展,2025
迎廣,10,11,-20,-19,2025-04-21,2025-04-22,1,2.77,2025-05-20,Computex電腦展,2025
迎廣,10,12,-20,-18,2025-04-21,2025-04-23,2,4.88,2025-05-20,Computex電腦展,2025
迎廣,10,13,-20,-17,2025-04-21,2025-04-24,3,2.77,2025-05-20,Computex電腦展,2025
迎廣,10,14,-20,-16,2025-04-21,2025-04-25,4,6.86,2025-05-20,Computex電腦展,2025
迎廣,10,15,-20,-15,2025-04-21,2025-04-28,5,10.29,2025-05-20,Computex電腦展,2025
迎廣,10,16,-20,-14,2025-04-21,2025-04-29,6,11.35,2025-05-20,Computex電腦展,2025
迎廣,10,17,-20,-13,2025-04-21,2025-04-30,7,8.58,2025-05-20,Computex電腦展,2025
迎廣,10,18,-20,-12,2025-04-21,2025-05-02,8,9.89,2025-05-20,Computex電腦展,2025
迎廣,10,19,-20,-11,2025-04-21,2025-05-05,9,1.72,2025-05-20,Computex電腦展,2025
迎廣,10,20,-20,-10,2025-04-21,2025-05-06,10,3.83,2025-05-20,Computex電腦展,2025
迎廣,10,21,-20,-9,2025-04-21,2025-05-07,11,2.51,2025-05-20,Computex電腦展,2025
迎廣,10,22,-20,-8,2025-04-21,2025-05-08,12,4.09,2025-05-20,Computex電腦展,2025
迎廣,10,23,-20,-7,2025-04-21,2025-05-09,13,6.2,2025-05-20,Computex電腦展,2025
迎廣,10,24,-20,-6,2025-04-21,2025-05-12,14,8.58,2025-05-20,Computex電腦展,2025
迎廣,10,25,-20,-5,2025-04-21,2025-05-13,15,10.95,2025-05-20,Computex電腦展,2025
迎廣,10,26,-20,-4,2025-04-21,2025-05-14,16,22.03,2025-05-20,Computex電腦展,2025
迎廣,10,27,-20,-3,2025-04-21,2025-05-15,17,21.37,2025-05-20,Computex電腦展,2025
迎廣,10,28,-20,-2,2025-04-21,2025-05-16,18,20.32,2025-05-20,Computex電腦展,2025
迎廣,10,29,-20,-1,2025-04-21,2025-05-19,19,20.32,2025-05-20,Computex電腦展,2025
迎廣,10,30,-20,0,2025-04-21,2025-05-20,20,24.93,2025-05-20,Computex電腦展,2025
迎廣,10,31,-20,1,2025-04-21,2025-05-21,21,26.78,2025-05-20,Computex電腦展,2025
迎廣,10,32,-20,2,2025-04-21,2025-05-22,22,23.48,2025-05-20,Computex電腦展,2025
迎廣,10,33,-20,3,2025-04-21,2025-05-23,23,24.93,2025-05-20,Computex電腦展,2025
迎廣,10,34,-20,4,2025-04-21,2025-05-26,24,25.59,2025-05-20,Computex電腦展,2025
迎廣,10,35,-20,5,2025-04-21,2025-05-27,25,32.59,2025-05-20,Computex電腦展,2025
迎廣,10,36,-20,6,2025-04-21,2025-05-28,26,32.59,2025-05-20,Computex電腦展,2025
迎廣,10,37,-20,7,2025-04-21,2025-05-29,27,24.8,2025-05-20,Computex電腦展,2025
迎廣,10,38,-20,8,2025-04-21,2025-06-02,28,22.16,2025-05-20,Computex電腦展,2025
迎廣,10,39,-20,9,2025-04-21,2025-06-03,29,21.11,2025-05-20,Computex電腦展,2025
迎廣,10,40,-20,10,2025-04-21,2025-06-04,30,24.8,2025-05-20,Computex電腦展,2025
迎廣,10,41,-20,11,2025-04-21,2025-06-05,31,23.75,2025-05-20,Computex電腦展,2025
迎廣,10,42,-20,12,2025-04-21,2025-06-06,32,24.93,2025-05-20,Computex電腦展,2025
迎廣,10,43,-20,13,2025-04-21,2025-06-09,33,27.31,2025-05-20,Computex電腦展,2025
迎廣,10,44,-20,14,2025-04-21,2025-06-10,34,33.25,2025-05-20,Computex電腦展,2025
迎廣,10,45,-20,15,2025-04-21,2025-06-11,35,30.61,2025-05-20,Computex電腦展,2025
迎廣,10,46,-20,16,2025-04-21,2025-06-12,36,29.42,2025-05-20,Computex電腦展,2025
迎廣,11,12,-19,-18,2025-04-22,2025-04-23,1,2.05,2025-05-20,Computex電腦展,2025
迎廣,11,13,-19,-17,2025-04-22,2025-04-24,2,0.0,2025-05-20,Computex電腦展,2025
迎廣,11,14,-19,-16,2025-04-22,2025-04-25,3,3.98,2025-05-20,Computex電腦展,2025
迎廣,11,15,-19,-15,2025-04-22,2025-04-28,4,7.32,2025-05-20,Computex電腦展,2025
迎廣,11,16,-19,-14,2025-04-22,2025-04-29,5,8.34,2025-05-20,Computex電腦展,2025
迎廣,11,17,-19,-13,2025-04-22,2025-04-30,6,5.65,2025-05-20,Computex電腦展,2025
迎廣,11,18,-19,-12,2025-04-22,2025-05-02,7,6.93,2025-05-20,Computex電腦展,2025
迎廣,11,19,-19,-11,2025-04-22,2025-05-05,8,-1.03,2025-05-20,Computex電腦展,2025
迎廣,11,20,-19,-10,2025-04-22,2025-05-06,9,1.03,2025-05-20,Computex電腦展,2025
迎廣,11,21,-19,-9,2025-04-22,2025-05-07,10,-0.26,2025-05-20,Computex電腦展,2025
迎廣,11,22,-19,-8,2025-04-22,2025-05-08,11,1.28,2025-05-20,Computex電腦展,2025
迎廣,11,23,-19,-7,2025-04-22,2025-05-09,12,3.34,2025-05-20,Computex電腦展,2025
迎廣,11,24,-19,-6,2025-04-22,2025-05-12,13,5.65,2025-05-20,Computex電腦展,2025
迎廣,11,25,-19,-5,2025-04-22,2025-05-13,14,7.96,2025-05-20,Computex電腦展,2025
迎廣,11,26,-19,-4,2025-04-22,2025-05-14,15,18.74,2025-05-20,Computex電腦展,2025
迎廣,11,27,-19,-3,2025-04-22,2025-05-15,16,18.1,2025-05-20,Computex電腦展,2025
迎廣,11,28,-19,-2,2025-04-22,2025-05-16,17,17.07,2025-05-20,Computex電腦展,2025
迎廣,11,29,-19,-1,2025-04-22,2025-05-19,18,17.07,2025-05-20,Computex電腦展,2025
迎廣,11,30,-19,0,2025-04-22,2025-05-20,19,21.57,2025-05-20,Computex電腦展,2025
迎廣,11,31,-19,1,2025-04-22,2025-05-21,20,23.36,2025-05-20,Computex電腦展,2025
迎廣,11,32,-19,2,2025-04-22,2025-05-22,21,20.15,2025-05-20,Computex電腦展,2025
迎廣,11,33,-19,3,2025-04-22,2025-05-23,22,21.57,2025-05-20,Computex電腦展,2025
迎廣,11,34,-19,4,2025-04-22,2025-05-26,23,22.21,2025-05-20,Computex電腦展,2025
迎廣,11,35,-19,5,2025-04-22,2025-05-27,24,29.01,2025-05-20,Computex電腦展,2025
迎廣,11,36,-19,6,2025-04-22,2025-05-28,25,29.01,2025-05-20,Computex電腦展,2025
迎廣,11,37,-19,7,2025-04-22,2025-05-29,26,21.44,2025-05-20,Computex電腦展,2025
迎廣,11,38,-19,8,2025-04-22,2025-06-02,27,18.87,2025-05-20,Computex電腦展,2025
迎廣,11,39,-19,9,2025-04-22,2025-06-03,28,17.84,2025-05-20,Computex電腦展,2025
迎廣,11,40,-19,10,2025-04-22,2025-06-04,29,21.44,2025-05-20,Computex電腦展,2025
迎廣,11,41,-19,11,2025-04-22,2025-06-05,30,20.41,2025-05-20,Computex電腦展,2025
迎廣,11,42,-19,12,2025-04-22,2025-06-06,31,21.57,2025-05-20,Computex電腦展,2025
迎廣,11,43,-19,13,2025-04-22,2025-06-09,32,23.88,2025-05-20,Computex電腦展,2025
迎廣,11,44,-19,14,2025-04-22,2025-06-10,33,29.65,2025-05-20,Computex電腦展,2025
迎廣,11,45,-19,15,2025-04-22,2025-06-11,34,27.09,2025-05-20,Computex電腦展,2025
迎廣,11,46,-19,16,2025-04-22,2025-06-12,35,25.93,2025-05-20,Computex電腦展,2025
迎廣,12,13,-18,-17,2025-04-23,2025-04-24,1,-2.01,2025-05-20,Computex電腦展,2025
迎廣,12,14,-18,-16,2025-04-23,2025-04-25,2,1.89,2025-05-20,Computex電腦展,2025
迎廣,12,15,-18,-15,2025-04-23,2025-04-28,3,5.16,2025-05-20,Computex電腦展,2025
迎廣,12,16,-18,-14,2025-04-23,2025-04-29,4,6.16,2025-05-20,Computex電腦展,2025
迎廣,12,17,-18,-13,2025-04-23,2025-04-30,5,3.52,2025-05-20,Computex電腦展,2025
迎廣,12,18,-18,-12,2025-04-23,2025-05-02,6,4.78,2025-05-20,Computex電腦展,2025
迎廣,12,19,-18,-11,2025-04-23,2025-05-05,7,-3.02,2025-05-20,Computex電腦展,2025
迎廣,12,20,-18,-10,2025-04-23,2025-05-06,8,-1.01,2025-05-20,Computex電腦展,2025
迎廣,12,21,-18,-9,2025-04-23,2025-05-07,9,-2.26,2025-05-20,Computex電腦展,2025
迎廣,12,22,-18,-8,2025-04-23,2025-05-08,10,-0.75,2025-05-20,Computex電腦展,2025
迎廣,12,23,-18,-7,2025-04-23,2025-05-09,11,1.26,2025-05-20,Computex電腦展,2025
迎廣,12,24,-18,-6,2025-04-23,2025-05-12,12,3.52,2025-05-20,Computex電腦展,2025
迎廣,12,25,-18,-5,2025-04-23,2025-05-13,13,5.79,2025-05-20,Computex電腦展,2025
迎廣,12,26,-18,-4,2025-04-23,2025-05-14,14,16.35,2025-05-20,Computex電腦展,2025
迎廣,12,27,-18,-3,2025-04-23,2025-05-15,15,15.72,2025-05-20,Computex電腦展,2025
迎廣,12,28,-18,-2,2025-04-23,2025-05-16,16,14.72,2025-05-20,Computex電腦展,2025
迎廣,12,29,-18,-1,2025-04-23,2025-05-19,17,14.72,2025-05-20,Computex電腦展,2025
迎廣,12,30,-18,0,2025-04-23,2025-05-20,18,19.12,2025-05-20,Computex電腦展,2025
迎廣,12,31,-18,1,2025-04-23,2025-05-21,19,20.88,2025-05-20,Computex電腦展,2025
迎廣,12,32,-18,2,2025-04-23,2025-05-22,20,17.74,2025-05-20,Computex電腦展,2025
迎廣,12,33,-18,3,2025-04-23,2025-05-23,21,19.12,2025-05-20,Computex電腦展,2025
迎廣,12,34,-18,4,2025-04-23,2025-05-26,22,19.75,2025-05-20,Computex電腦展,2025
迎廣,12,35,-18,5,2025-04-23,2025-05-27,23,26.42,2025-05-20,Computex電腦展,2025
迎廣,12,36,-18,6,2025-04-23,2025-05-28,24,26.42,2025-05-20,Computex電腦展,2025
迎廣,12,37,-18,7,2025-04-23,2025-05-29,25,18.99,2025-05-20,Computex電腦展,2025
迎廣,12,38,-18,8,2025-04-23,2025-06-02,26,16.48,2025-05-20,Computex電腦展,2025
迎廣,12,39,-18,9,2025-04-23,2025-06-03,27,15.47,2025-05-20,Computex電腦展,2025
迎廣,12,40,-18,10,2025-04-23,2025-06-04,28,18.99,2025-05-20,Computex電腦展,2025
迎廣,12,41,-18,11,2025-04-23,2025-06-05,29,17.99,2025-05-20,Computex電腦展,2025
迎廣,12,42,-18,12,2025-04-23,2025-06-06,30,19.12,2025-05-20,Computex電腦展,2025
迎廣,12,43,-18,13,2025-04-23,2025-06-09,31,21.38,2025-05-20,Computex電腦展,2025
迎廣,12,44,-18,14,2025-04-23,2025-06-10,32,27.04,2025-05-20,Computex電腦展,2025
迎廣,12,45,-18,15,2025-04-23,2025-06-11,33,24.53,2025-05-20,Computex電腦展,2025
迎廣,12,46,-18,16,2025-04-23,2025-06-12,34,23.4,2025-05-20,Computex電腦展,2025
迎廣,13,14,-17,-16,2025-04-24,2025-04-25,1,3.98,2025-05-20,Computex電腦展,2025
迎廣,13,15,-17,-15,2025-04-24,2025-04-28,2,7.32,2025-05-20,Computex電腦展,2025
迎廣,13,16,-17,-14,2025-04-24,2025-04-29,3,8.34,2025-05-20,Computex電腦展,2025
迎廣,13,17,-17,-13,2025-04-24,2025-04-30,4,5.65,2025-05-20,Computex電腦展,2025
迎廣,13,18,-17,-12,2025-04-24,2025-05-02,5,6.93,2025-05-20,Computex電腦展,2025
迎廣,13,19,-17,-11,2025-04-24,2025-05-05,6,-1.03,2025-05-20,Computex電腦展,2025
迎廣,13,20,-17,-10,2025-04-24,2025-05-06,7,1.03,2025-05-20,Computex電腦展,2025
迎廣,13,21,-17,-9,2025-04-24,2025-05-07,8,-0.26,2025-05-20,Computex電腦展,2025
迎廣,13,22,-17,-8,2025-04-24,2025-05-08,9,1.28,2025-05-20,Computex電腦展,2025
迎廣,13,23,-17,-7,2025-04-24,2025-05-09,10,3.34,2025-05-20,Computex電腦展,2025
迎廣,13,24,-17,-6,2025-04-24,2025-05-12,11,5.65,2025-05-20,Computex電腦展,2025
迎廣,13,25,-17,-5,2025-04-24,2025-05-13,12,7.96,2025-05-20,Computex電腦展,2025
迎廣,13,26,-17,-4,2025-04-24,2025-05-14,13,18.74,2025-05-20,Computex電腦展,2025
迎廣,13,27,-17,-3,2025-04-24,2025-05-15,14,18.1,2025-05-20,Computex電腦展,2025
迎廣,13,28,-17,-2,2025-04-24,2025-05-16,15,17.07,2025-05-20,Computex電腦展,2025
迎廣,13,29,-17,-1,2025-04-24,2025-05-19,16,17.07,2025-05-20,Computex電腦展,2025
迎廣,13,30,-17,0,2025-04-24,2025-05-20,17,21.57,2025-05-20,Computex電腦展,2025
迎廣,13,31,-17,1,2025-04-24,2025-05-21,18,23.36,2025-05-20,Computex電腦展,2025
迎廣,13,32,-17,2,2025-04-24,2025-05-22,19,20.15,2025-05-20,Computex電腦展,2025
迎廣,13,33,-17,3,2025-04-24,2025-05-23,20,21.57,2025-05-20,Computex電腦展,2025
迎廣,13,34,-17,4,2025-04-24,2025-05-26,21,22.21,2025-05-20,Computex電腦展,2025
迎廣,13,35,-17,5,2025-04-24,2025-05-27,22,29.01,2025-05-20,Computex電腦展,2025
迎廣,13,36,-17,6,2025-04-24,2025-05-28,23,29.01,2025-05-20,Computex電腦展,2025
迎廣,13,37,-17,7,2025-04-24,2025-05-29,24,21.44,2025-05-20,Computex電腦展,2025
迎廣,13,38,-17,8,2025-04-24,2025-06-02,25,18.87,2025-05-20,Computex電腦展,2025
迎廣,13,39,-17,9,2025-04-24,2025-06-03,26,17.84,2025-05-20,Computex電腦展,2025
迎廣,13,40,-17,10,2025-04-24,2025-06-04,27,21.44,2025-05-20,Computex電腦展,2025
迎廣,13,41,-17,11,2025-04-24,2025-06-05,28,20.41,2025-05-20,Computex電腦展,2025
迎廣,13,42,-17,12,2025-04-24,2025-06-06,29,21.57,2025-05-20,Computex電腦展,2025
迎廣,13,43,-17,13,2025-04-24,2025-06-09,30,23.88,2025-05-20,Computex電腦展,2025
迎廣,13,44,-17,14,2025-04-24,2025-06-10,31,29.65,2025-05-20,Computex電腦展,2025
迎廣,13,45,-17,15,2025-04-24,2025-06-11,32,27.09,2025-05-20,Computex電腦展,2025
迎廣,13,46,-17,16,2025-04-24,2025-06-12,33,25.93,2025-05-20,Computex電腦展,2025
迎廣,14,15,-16,-15,2025-04-25,2025-04-28,1,3.21,2025-05-20,Computex電腦展,2025
迎廣,14,16,-16,-14,2025-04-25,2025-04-29,2,4.2,2025-05-20,Computex電腦展,2025
迎廣,14,17,-16,-13,2025-04-25,2025-04-30,3,1.6,2025-05-20,Computex電腦展,2025
迎廣,14,18,-16,-12,2025-04-25,2025-05-02,4,2.84,2025-05-20,Computex電腦展,2025
迎廣,14,19,-16,-11,2025-04-25,2025-05-05,5,-4.81,2025-05-20,Computex電腦展,2025
迎廣,14,20,-16,-10,2025-04-25,2025-05-06,6,-2.84,2025-05-20,Computex電腦展,2025
迎廣,14,21,-16,-9,2025-04-25,2025-05-07,7,-4.07,2025-05-20,Computex電腦展,2025
迎廣,14,22,-16,-8,2025-04-25,2025-05-08,8,-2.59,2025-05-20,Computex電腦展,2025
迎廣,14,23,-16,-7,2025-04-25,2025-05-09,9,-0.62,2025-05-20,Computex電腦展,2025
迎廣,14,24,-16,-6,2025-04-25,2025-05-12,10,1.6,2025-05-20,Computex電腦展,2025
迎廣,14,25,-16,-5,2025-04-25,2025-05-13,11,3.83,2025-05-20,Computex電腦展,2025
迎廣,14,26,-16,-4,2025-04-25,2025-05-14,12,14.2,2025-05-20,Computex電腦展,2025
迎廣,14,27,-16,-3,2025-04-25,2025-05-15,13,13.58,2025-05-20,Computex電腦展,2025
迎廣,14,28,-16,-2,2025-04-25,2025-05-16,14,12.59,2025-05-20,Computex電腦展,2025
迎廣,14,29,-16,-1,2025-04-25,2025-05-19,15,12.59,2025-05-20,Computex電腦展,2025
迎廣,14,30,-16,0,2025-04-25,2025-05-20,16,16.91,2025-05-20,Computex電腦展,2025
迎廣,14,31,-16,1,2025-04-25,2025-05-21,17,18.64,2025-05-20,Computex電腦展,2025
迎廣,14,32,-16,2,2025-04-25,2025-05-22,18,15.56,2025-05-20,Computex電腦展,2025
迎廣,14,33,-16,3,2025-04-25,2025-05-23,19,16.91,2025-05-20,Computex電腦展,2025
迎廣,14,34,-16,4,2025-04-25,2025-05-26,20,17.53,2025-05-20,Computex電腦展,2025
迎廣,14,35,-16,5,2025-04-25,2025-05-27,21,24.07,2025-05-20,Computex電腦展,2025
迎廣,14,36,-16,6,2025-04-25,2025-05-28,22,24.07,2025-05-20,Computex電腦展,2025
迎廣,14,37,-16,7,2025-04-25,2025-05-29,23,16.79,2025-05-20,Computex電腦展,2025
迎廣,14,38,-16,8,2025-04-25,2025-06-02,24,14.32,2025-05-20,Computex電腦展,2025
迎廣,14,39,-16,9,2025-04-25,2025-06-03,25,13.33,2025-05-20,Computex電腦展,2025
迎廣,14,40,-16,10,2025-04-25,2025-06-04,26,16.79,2025-05-20,Computex電腦展,2025
迎廣,14,41,-16,11,2025-04-25,2025-06-05,27,15.8,2025-05-20,Computex電腦展,2025
迎廣,14,42,-16,12,2025-04-25,2025-06-06,28,16.91,2025-05-20,Computex電腦展,2025
迎廣,14,43,-16,13,2025-04-25,2025-06-09,29,19.14,2025-05-20,Computex電腦展,2025
迎廣,14,44,-16,14,2025-04-25,2025-06-10,30,24.69,2025-05-20,Computex電腦展,2025
迎廣,14,45,-16,15,2025-04-25,2025-06-11,31,22.22,2025-05-20,Computex電腦展,2025
迎廣,14,46,-16,16,2025-04-25,2025-06-12,32,21.11,2025-05-20,Computex電腦展,2025
迎廣,15,16,-15,-14,2025-04-28,2025-04-29,1,0.96,2025-05-20,Computex電腦展,2025
迎廣,15,17,-15,-13,2025-04-28,2025-04-30,2,-1.56,2025-05-20,Computex電腦展,2025
迎廣,15,18,-15,-12,2025-04-28,2025-05-02,3,-0.36,2025-05-20,Computex電腦展,2025
迎廣,15,19,-15,-11,2025-04-28,2025-05-05,4,-7.78,2025-05-20,Computex電腦展,2025
迎廣,15,20,-15,-10,2025-04-28,2025-05-06,5,-5.86,2025-05-20,Computex電腦展,2025
迎廣,15,21,-15,-9,2025-04-28,2025-05-07,6,-7.06,2025-05-20,Computex電腦展,2025
迎廣,15,22,-15,-8,2025-04-28,2025-05-08,7,-5.62,2025-05-20,Computex電腦展,2025
迎廣,15,23,-15,-7,2025-04-28,2025-05-09,8,-3.71,2025-05-20,Computex電腦展,2025
迎廣,15,24,-15,-6,2025-04-28,2025-05-12,9,-1.56,2025-05-20,Computex電腦展,2025
迎廣,15,25,-15,-5,2025-04-28,2025-05-13,10,0.6,2025-05-20,Computex電腦展,2025
迎廣,15,26,-15,-4,2025-04-28,2025-05-14,11,10.65,2025-05-20,Computex電腦展,2025
迎廣,15,27,-15,-3,2025-04-28,2025-05-15,12,10.05,2025-05-20,Computex電腦展,2025
迎廣,15,28,-15,-2,2025-04-28,2025-05-16,13,9.09,2025-05-20,Computex電腦展,2025
迎廣,15,29,-15,-1,2025-04-28,2025-05-19,14,9.09,2025-05-20,Computex電腦展,2025
迎廣,15,30,-15,0,2025-04-28,2025-05-20,15,13.28,2025-05-20,Computex電腦展,2025
迎廣,15,31,-15,1,2025-04-28,2025-05-21,16,14.95,2025-05-20,Computex電腦展,2025
迎廣,15,32,-15,2,2025-04-28,2025-05-22,17,11.96,2025-05-20,Computex電腦展,2025
迎廣,15,33,-15,3,2025-04-28,2025-05-23,18,13.28,2025-05-20,Computex電腦展,2025
迎廣,15,34,-15,4,2025-04-28,2025-05-26,19,13.88,2025-05-20,Computex電腦展,2025
迎廣,15,35,-15,5,2025-04-28,2025-05-27,20,20.22,2025-05-20,Computex電腦展,2025
迎廣,15,36,-15,6,2025-04-28,2025-05-28,21,20.22,2025-05-20,Computex電腦展,2025
迎廣,15,37,-15,7,2025-04-28,2025-05-29,22,13.16,2025-05-20,Computex電腦展,2025
迎廣,15,38,-15,8,2025-04-28,2025-06-02,23,10.77,2025-05-20,Computex電腦展,2025
迎廣,15,39,-15,9,2025-04-28,2025-06-03,24,9.81,2025-05-20,Computex電腦展,2025
迎廣,15,40,-15,10,2025-04-28,2025-06-04,25,13.16,2025-05-20,Computex電腦展,2025
迎廣,15,41,-15,11,2025-04-28,2025-06-05,26,12.2,2025-05-20,Computex電腦展,2025
迎廣,15,42,-15,12,2025-04-28,2025-06-06,27,13.28,2025-05-20,Computex電腦展,2025
迎廣,15,43,-15,13,2025-04-28,2025-06-09,28,15.43,2025-05-20,Computex電腦展,2025
迎廣,15,44,-15,14,2025-04-28,2025-06-10,29,20.81,2025-05-20,Computex電腦展,2025
迎廣,15,45,-15,15,2025-04-28,2025-06-11,30,18.42,2025-05-20,Computex電腦展,2025
迎廣,15,46,-15,16,2025-04-28,2025-06-12,31,17.34,2025-05-20,Computex電腦展,2025
迎廣,16,17,-14,-13,2025-04-29,2025-04-30,1,-2.49,2025-05-20,Computex電腦展,2025
迎廣,16,18,-14,-12,2025-04-29,2025-05-02,2,-1.3,2025-05-20,Computex電腦展,2025
迎廣,16,19,-14,-11,2025-04-29,2025-05-05,3,-8.65,2025-05-20,Computex電腦展,2025
迎廣,16,20,-14,-10,2025-04-29,2025-05-06,4,-6.75,2025-05-20,Computex電腦展,2025
迎廣,16,21,-14,-9,2025-04-29,2025-05-07,5,-7.94,2025-05-20,Computex電腦展,2025
迎廣,16,22,-14,-8,2025-04-29,2025-05-08,6,-6.52,2025-05-20,Computex電腦展,2025
迎廣,16,23,-14,-7,2025-04-29,2025-05-09,7,-4.62,2025-05-20,Computex電腦展,2025
迎廣,16,24,-14,-6,2025-04-29,2025-05-12,8,-2.49,2025-05-20,Computex電腦展,2025
迎廣,16,25,-14,-5,2025-04-29,2025-05-13,9,-0.36,2025-05-20,Computex電腦展,2025
迎廣,16,26,-14,-4,2025-04-29,2025-05-14,10,9.6,2025-05-20,Computex電腦展,2025
迎廣,16,27,-14,-3,2025-04-29,2025-05-15,11,9.0,2025-05-20,Computex電腦展,2025
迎廣,16,28,-14,-2,2025-04-29,2025-05-16,12,8.06,2025-05-20,Computex電腦展,2025
迎廣,16,29,-14,-1,2025-04-29,2025-05-19,13,8.06,2025-05-20,Computex電腦展,2025
迎廣,16,30,-14,0,2025-04-29,2025-05-20,14,12.2,2025-05-20,Computex電腦展,2025
迎廣,16,31,-14,1,2025-04-29,2025-05-21,15,13.86,2025-05-20,Computex電腦展,2025
迎廣,16,32,-14,2,2025-04-29,2025-05-22,16,10.9,2025-05-20,Computex電腦展,2025
迎廣,16,33,-14,3,2025-04-29,2025-05-23,17,12.2,2025-05-20,Computex電腦展,2025
迎廣,16,34,-14,4,2025-04-29,2025-05-26,18,12.8,2025-05-20,Computex電腦展,2025
迎廣,16,35,-14,5,2025-04-29,2025-05-27,19,19.08,2025-05-20,Computex電腦展,2025
迎廣,16,36,-14,6,2025-04-29,2025-05-28,20,19.08,2025-05-20,Computex電腦展,2025
迎廣,16,37,-14,7,2025-04-29,2025-05-29,21,12.09,2025-05-20,Computex電腦展,2025
迎廣,16,38,-14,8,2025-04-29,2025-06-02,22,9.72,2025-05-20,Computex電腦展,2025
迎廣,16,39,-14,9,2025-04-29,2025-06-03,23,8.77,2025-05-20,Computex電腦展,2025
迎廣,16,40,-14,10,2025-04-29,2025-06-04,24,12.09,2025-05-20,Computex電腦展,2025
迎廣,16,41,-14,11,2025-04-29,2025-06-05,25,11.14,2025-05-20,Computex電腦展,2025
迎廣,16,42,-14,12,2025-04-29,2025-06-06,26,12.2,2025-05-20,Computex電腦展,2025
迎廣,16,43,-14,13,2025-04-29,2025-06-09,27,14.34,2025-05-20,Computex電腦展,2025
迎廣,16,44,-14,14,2025-04-29,2025-06-10,28,19.67,2025-05-20,Computex電腦展,2025
迎廣,16,45,-14,15,2025-04-29,2025-06-11,29,17.3,2025-05-20,Computex電腦展,2025
迎廣,16,46,-14,16,2025-04-29,2025-06-12,30,16.23,2025-05-20,Computex電腦展,2025
迎廣,17,18,-13,-12,2025-04-30,2025-05-02,1,1.22,2025-05-20,Computex電腦展,2025
迎廣,17,19,-13,-11,2025-04-30,2025-05-05,2,-6.32,2025-05-20,Computex電腦展,2025
迎廣,17,20,-13,-10,2025-04-30,2025-05-06,3,-4.37,2025-05-20,Computex電腦展,2025
迎廣,17,21,-13,-9,2025-04-30,2025-05-07,4,-5.59,2025-05-20,Computex電腦展,2025
迎廣,17,22,-13,-8,2025-04-30,2025-05-08,5,-4.13,2025-05-20,Computex電腦展,2025
迎廣,17,23,-13,-7,2025-04-30,2025-05-09,6,-2.19,2025-05-20,Computex電腦展,2025
迎廣,17,24,-13,-6,2025-04-30,2025-05-12,7,0.0,2025-05-20,Computex電腦展,2025
迎廣,17,25,-13,-5,2025-04-30,2025-05-13,8,2.19,2025-05-20,Computex電腦展,2025
迎廣,17,26,-13,-4,2025-04-30,2025-05-14,9,12.39,2025-05-20,Computex電腦展,2025
迎廣,17,27,-13,-3,2025-04-30,2025-05-15,10,11.79,2025-05-20,Computex電腦展,2025
迎廣,17,28,-13,-2,2025-04-30,2025-05-16,11,10.81,2025-05-20,Computex電腦展,2025
迎廣,17,29,-13,-1,2025-04-30,2025-05-19,12,10.81,2025-05-20,Computex電腦展,2025
迎廣,17,30,-13,0,2025-04-30,2025-05-20,13,15.07,2025-05-20,Computex電腦展,2025
迎廣,17,31,-13,1,2025-04-30,2025-05-21,14,16.77,2025-05-20,Computex電腦展,2025
迎廣,17,32,-13,2,2025-04-30,2025-05-22,15,13.73,2025-05-20,Computex電腦展,2025
迎廣,17,33,-13,3,2025-04-30,2025-05-23,16,15.07,2025-05-20,Computex電腦展,2025
迎廣,17,34,-13,4,2025-04-30,2025-05-26,17,15.67,2025-05-20,Computex電腦展,2025
迎廣,17,35,-13,5,2025-04-30,2025-05-27,18,22.11,2025-05-20,Computex電腦展,2025
迎廣,17,36,-13,6,2025-04-30,2025-05-28,19,22.11,2025-05-20,Computex電腦展,2025
迎廣,17,37,-13,7,2025-04-30,2025-05-29,20,14.95,2025-05-20,Computex電腦展,2025
迎廣,17,38,-13,8,2025-04-30,2025-06-02,21,12.52,2025-05-20,Computex電腦展,2025
迎廣,17,39,-13,9,2025-04-30,2025-06-03,22,11.54,2025-05-20,Computex電腦展,2025
迎廣,17,40,-13,10,2025-04-30,2025-06-04,23,14.95,2025-05-20,Computex電腦展,2025
迎廣,17,41,-13,11,2025-04-30,2025-06-05,24,13.97,2025-05-20,Computex電腦展,2025
迎廣,17,42,-13,12,2025-04-30,2025-06-06,25,15.07,2025-05-20,Computex電腦展,2025
迎廣,17,43,-13,13,2025-04-30,2025-06-09,26,17.25,2025-05-20,Computex電腦展,2025
迎廣,17,44,-13,14,2025-04-30,2025-06-10,27,22.72,2025-05-20,Computex電腦展,2025
迎廣,17,45,-13,15,2025-04-30,2025-06-11,28,20.29,2025-05-20,Computex電腦展,2025
迎廣,17,46,-13,16,2025-04-30,2025-06-12,29,19.2,2025-05-20,Computex電腦展,2025
迎廣,18,19,-12,-11,2025-05-02,2025-05-05,1,-7.44,2025-05-20,Computex電腦展,2025
迎廣,18,20,-12,-10,2025-05-02,2025-05-06,2,-5.52,2025-05-20,Computex電腦展,2025
迎廣,18,21,-12,-9,2025-05-02,2025-05-07,3,-6.72,2025-05-20,Computex電腦展,2025
迎廣,18,22,-12,-8,2025-05-02,2025-05-08,4,-5.28,2025-05-20,Computex電腦展,2025
迎廣,18,23,-12,-7,2025-05-02,2025-05-09,5,-3.36,2025-05-20,Computex電腦展,2025
迎廣,18,24,-12,-6,2025-05-02,2025-05-12,6,-1.2,2025-05-20,Computex電腦展,2025
迎廣,18,25,-12,-5,2025-05-02,2025-05-13,7,0.96,2025-05-20,Computex電腦展,2025
迎廣,18,26,-12,-4,2025-05-02,2025-05-14,8,11.04,2025-05-20,Computex電腦展,2025
迎廣,18,27,-12,-3,2025-05-02,2025-05-15,9,10.44,2025-05-20,Computex電腦展,2025
迎廣,18,28,-12,-2,2025-05-02,2025-05-16,10,9.48,2025-05-20,Computex電腦展,2025
迎廣,18,29,-12,-1,2025-05-02,2025-05-19,11,9.48,2025-05-20,Computex電腦展,2025
迎廣,18,30,-12,0,2025-05-02,2025-05-20,12,13.69,2025-05-20,Computex電腦展,2025
迎廣,18,31,-12,1,2025-05-02,2025-05-21,13,15.37,2025-05-20,Computex電腦展,2025
迎廣,18,32,-12,2,2025-05-02,2025-05-22,14,12.36,2025-05-20,Computex電腦展,2025
迎廣,18,33,-12,3,2025-05-02,2025-05-23,15,13.69,2025-05-20,Computex電腦展,2025
迎廣,18,34,-12,4,2025-05-02,2025-05-26,16,14.29,2025-05-20,Computex電腦展,2025
迎廣,18,35,-12,5,2025-05-02,2025-05-27,17,20.65,2025-05-20,Computex電腦展,2025
迎廣,18,36,-12,6,2025-05-02,2025-05-28,18,20.65,2025-05-20,Computex電腦展,2025
迎廣,18,37,-12,7,2025-05-02,2025-05-29,19,13.57,2025-05-20,Computex電腦展,2025
迎廣,18,38,-12,8,2025-05-02,2025-06-02,20,11.16,2025-05-20,Computex電腦展,2025
迎廣,18,39,-12,9,2025-05-02,2025-06-03,21,10.2,2025-05-20,Computex電腦展,2025
迎廣,18,40,-12,10,2025-05-02,2025-06-04,22,13.57,2025-05-20,Computex電腦展,2025
迎廣,18,41,-12,11,2025-05-02,2025-06-05,23,12.61,2025-05-20,Computex電腦展,2025
迎廣,18,42,-12,12,2025-05-02,2025-06-06,24,13.69,2025-05-20,Computex電腦展,2025
迎廣,18,43,-12,13,2025-05-02,2025-06-09,25,15.85,2025-05-20,Computex電腦展,2025
迎廣,18,44,-12,14,2025-05-02,2025-06-10,26,21.25,2025-05-20,Computex電腦展,2025
迎廣,18,45,-12,15,2025-05-02,2025-06-11,27,18.85,2025-05-20,Computex電腦展,2025
迎廣,18,46,-12,16,2025-05-02,2025-06-12,28,17.77,2025-05-20,Computex電腦展,2025
迎廣,19,20,-11,-10,2025-05-05,2025-05-06,1,2.08,2025-05-20,Computex電腦展,2025
迎廣,19,21,-11,-9,2025-05-05,2025-05-07,2,0.78,2025-05-20,Computex電腦展,2025
迎廣,19,22,-11,-8,2025-05-05,2025-05-08,3,2.33,2025-05-20,Computex電腦展,2025
迎廣,19,23,-11,-7,2025-05-05,2025-05-09,4,4.41,2025-05-20,Computex電腦展,2025
迎廣,19,24,-11,-6,2025-05-05,2025-05-12,5,6.74,2025-05-20,Computex電腦展,2025
迎廣,19,25,-11,-5,2025-05-05,2025-05-13,6,9.08,2025-05-20,Computex電腦展,2025
迎廣,19,26,-11,-4,2025-05-05,2025-05-14,7,19.97,2025-05-20,Computex電腦展,2025
迎廣,19,27,-11,-3,2025-05-05,2025-05-15,8,19.33,2025-05-20,Computex電腦展,2025
迎廣,19,28,-11,-2,2025-05-05,2025-05-16,9,18.29,2025-05-20,Computex電腦展,2025
迎廣,19,29,-11,-1,2025-05-05,2025-05-19,10,18.29,2025-05-20,Computex電腦展,2025
迎廣,19,30,-11,0,2025-05-05,2025-05-20,11,22.83,2025-05-20,Computex電腦展,2025
迎廣,19,31,-11,1,2025-05-05,2025-05-21,12,24.64,2025-05-20,Computex電腦展,2025
迎廣,19,32,-11,2,2025-05-05,2025-05-22,13,21.4,2025-05-20,Computex電腦展,2025
迎廣,19,33,-11,3,2025-05-05,2025-05-23,14,22.83,2025-05-20,Computex電腦展,2025
迎廣,19,34,-11,4,2025-05-05,2025-05-26,15,23.48,2025-05-20,Computex電腦展,2025
迎廣,19,35,-11,5,2025-05-05,2025-05-27,16,30.35,2025-05-20,Computex電腦展,2025
迎廣,19,36,-11,6,2025-05-05,2025-05-28,17,30.35,2025-05-20,Computex電腦展,2025
迎廣,19,37,-11,7,2025-05-05,2025-05-29,18,22.7,2025-05-20,Computex電腦展,2025
迎廣,19,38,-11,8,2025-05-05,2025-06-02,19,20.1,2025-05-20,Computex電腦展,2025
迎廣,19,39,-11,9,2025-05-05,2025-06-03,20,19.07,2025-05-20,Computex電腦展,2025
迎廣,19,40,-11,10,2025-05-05,2025-06-04,21,22.7,2025-05-20,Computex電腦展,2025
迎廣,19,41,-11,11,2025-05-05,2025-06-05,22,21.66,2025-05-20,Computex電腦展,2025
迎廣,19,42,-11,12,2025-05-05,2025-06-06,23,22.83,2025-05-20,Computex電腦展,2025
迎廣,19,43,-11,13,2025-05-05,2025-06-09,24,25.16,2025-05-20,Computex電腦展,2025
迎廣,19,44,-11,14,2025-05-05,2025-06-10,25,31.0,2025-05-20,Computex電腦展,2025
迎廣,19,45,-11,15,2025-05-05,2025-06-11,26,28.4,2025-05-20,Computex電腦展,2025
迎廣,19,46,-11,16,2025-05-05,2025-06-12,27,27.24,2025-05-20,Computex電腦展,2025
迎廣,20,21,-10,-9,2025-05-06,2025-05-07,1,-1.27,2025-05-20,Computex電腦展,2025
迎廣,20,22,-10,-8,2025-05-06,2025-05-08,2,0.25,2025-05-20,Computex電腦展,2025
迎廣,20,23,-10,-7,2025-05-06,2025-05-09,3,2.29,2025-05-20,Computex電腦展,2025
迎廣,20,24,-10,-6,2025-05-06,2025-05-12,4,4.57,2025-05-20,Computex電腦展,2025
迎廣,20,25,-10,-5,2025-05-06,2025-05-13,5,6.86,2025-05-20,Computex電腦展,2025
迎廣,20,26,-10,-4,2025-05-06,2025-05-14,6,17.53,2025-05-20,Computex電腦展,2025
迎廣,20,27,-10,-3,2025-05-06,2025-05-15,7,16.9,2025-05-20,Computex電腦展,2025
迎廣,20,28,-10,-2,2025-05-06,2025-05-16,8,15.88,2025-05-20,Computex電腦展,2025
迎廣,20,29,-10,-1,2025-05-06,2025-05-19,9,15.88,2025-05-20,Computex電腦展,2025
迎廣,20,30,-10,0,2025-05-06,2025-05-20,10,20.33,2025-05-20,Computex電腦展,2025
迎廣,20,31,-10,1,2025-05-06,2025-05-21,11,22.11,2025-05-20,Computex電腦展,2025
迎廣,20,32,-10,2,2025-05-06,2025-05-22,12,18.93,2025-05-20,Computex電腦展,2025
迎廣,20,33,-10,3,2025-05-06,2025-05-23,13,20.33,2025-05-20,Computex電腦展,2025
迎廣,20,34,-10,4,2025-05-06,2025-05-26,14,20.97,2025-05-20,Computex電腦展,2025
迎廣,20,35,-10,5,2025-05-06,2025-05-27,15,27.7,2025-05-20,Computex電腦展,2025
迎廣,20,36,-10,6,2025-05-06,2025-05-28,16,27.7,2025-05-20,Computex電腦展,2025
迎廣,20,37,-10,7,2025-05-06,2025-05-29,17,20.2,2025-05-20,Computex電腦展,2025
迎廣,20,38,-10,8,2025-05-06,2025-06-02,18,17.66,2025-05-20,Computex電腦展,2025
迎廣,20,39,-10,9,2025-05-06,2025-06-03,19,16.65,2025-05-20,Computex電腦展,2025
迎廣,20,40,-10,10,2025-05-06,2025-06-04,20,20.2,2025-05-20,Computex電腦展,2025
迎廣,20,41,-10,11,2025-05-06,2025-06-05,21,19.19,2025-05-20,Computex電腦展,2025
迎廣,20,42,-10,12,2025-05-06,2025-06-06,22,20.33,2025-05-20,Computex電腦展,2025
迎廣,20,43,-10,13,2025-05-06,2025-06-09,23,22.62,2025-05-20,Computex電腦展,2025
迎廣,20,44,-10,14,2025-05-06,2025-06-10,24,28.34,2025-05-20,Computex電腦展,2025
迎廣,20,45,-10,15,2025-05-06,2025-06-11,25,25.79,2025-05-20,Computex電腦展,2025
迎廣,20,46,-10,16,2025-05-06,2025-06-12,26,24.65,2025-05-20,Computex電腦展,2025
迎廣,21,22,-9,-8,2025-05-07,2025-05-08,1,1.54,2025-05-20,Computex電腦展,2025
迎廣,21,23,-9,-7,2025-05-07,2025-05-09,2,3.6,2025-05-20,Computex電腦展,2025
迎廣,21,24,-9,-6,2025-05-07,2025-05-12,3,5.92,2025-05-20,Computex電腦展,2025
迎廣,21,25,-9,-5,2025-05-07,2025-05-13,4,8.24,2025-05-20,Computex電腦展,2025
迎廣,21,26,-9,-4,2025-05-07,2025-05-14,5,19.05,2025-05-20,Computex電腦展,2025
迎廣,21,27,-9,-3,2025-05-07,2025-05-15,6,18.4,2025-05-20,Computex電腦展,2025
迎廣,21,28,-9,-2,2025-05-07,2025-05-16,7,17.37,2025-05-20,Computex電腦展,2025
迎廣,21,29,-9,-1,2025-05-07,2025-05-19,8,17.37,2025-05-20,Computex電腦展,2025
迎廣,21,30,-9,0,2025-05-07,2025-05-20,9,21.88,2025-05-20,Computex電腦展,2025
迎廣,21,31,-9,1,2025-05-07,2025-05-21,10,23.68,2025-05-20,Computex電腦展,2025
迎廣,21,32,-9,2,2025-05-07,2025-05-22,11,20.46,2025-05-20,Computex電腦展,2025
迎廣,21,33,-9,3,2025-05-07,2025-05-23,12,21.88,2025-05-20,Computex電腦展,2025
迎廣,21,34,-9,4,2025-05-07,2025-05-26,13,22.52,2025-05-20,Computex電腦展,2025
迎廣,21,35,-9,5,2025-05-07,2025-05-27,14,29.34,2025-05-20,Computex電腦展,2025
迎廣,21,36,-9,6,2025-05-07,2025-05-28,15,29.34,2025-05-20,Computex電腦展,2025
迎廣,21,37,-9,7,2025-05-07,2025-05-29,16,21.75,2025-05-20,Computex電腦展,2025
迎廣,21,38,-9,8,2025-05-07,2025-06-02,17,19.18,2025-05-20,Computex電腦展,2025
迎廣,21,39,-9,9,2025-05-07,2025-06-03,18,18.15,2025-05-20,Computex電腦展,2025
迎廣,21,40,-9,10,2025-05-07,2025-06-04,19,21.75,2025-05-20,Computex電腦展,2025
迎廣,21,41,-9,11,2025-05-07,2025-06-05,20,20.72,2025-05-20,Computex電腦展,2025
迎廣,21,42,-9,12,2025-05-07,2025-06-06,21,21.88,2025-05-20,Computex電腦展,2025
迎廣,21,43,-9,13,2025-05-07,2025-06-09,22,24.2,2025-05-20,Computex電腦展,2025
迎廣,21,44,-9,14,2025-05-07,2025-06-10,23,29.99,2025-05-20,Computex電腦展,2025
迎廣,21,45,-9,15,2025-05-07,2025-06-11,24,27.41,2025-05-20,Computex電腦展,2025
迎廣,21,46,-9,16,2025-05-07,2025-06-12,25,26.25,2025-05-20,Computex電腦展,2025
迎廣,22,23,-8,-7,2025-05-08,2025-05-09,1,2.03,2025-05-20,Computex電腦展,2025
迎廣,22,24,-8,-6,2025-05-08,2025-05-12,2,4.31,2025-05-20,Computex電腦展,2025
迎廣,22,25,-8,-5,2025-05-08,2025-05-13,3,6.59,2025-05-20,Computex電腦展,2025
迎廣,22,26,-8,-4,2025-05-08,2025-05-14,4,17.24,2025-05-20,Computex電腦展,2025
迎廣,22,27,-8,-3,2025-05-08,2025-05-15,5,16.6,2025-05-20,Computex電腦展,2025
迎廣,22,28,-8,-2,2025-05-08,2025-05-16,6,15.59,2025-05-20,Computex電腦展,2025
迎廣,22,29,-8,-1,2025-05-08,2025-05-19,7,15.59,2025-05-20,Computex電腦展,2025
迎廣,22,30,-8,0,2025-05-08,2025-05-20,8,20.03,2025-05-20,Computex電腦展,2025
迎廣,22,31,-8,1,2025-05-08,2025-05-21,9,21.8,2025-05-20,Computex電腦展,2025
迎廣,22,32,-8,2,2025-05-08,2025-05-22,10,18.63,2025-05-20,Computex電腦展,2025
迎廣,22,33,-8,3,2025-05-08,2025-05-23,11,20.03,2025-05-20,Computex電腦展,2025
迎廣,22,34,-8,4,2025-05-08,2025-05-26,12,20.66,2025-05-20,Computex電腦展,2025
迎廣,22,35,-8,5,2025-05-08,2025-05-27,13,27.38,2025-05-20,Computex電腦展,2025
迎廣,22,36,-8,6,2025-05-08,2025-05-28,14,27.38,2025-05-20,Computex電腦展,2025
迎廣,22,37,-8,7,2025-05-08,2025-05-29,15,19.9,2025-05-20,Computex電腦展,2025
迎廣,22,38,-8,8,2025-05-08,2025-06-02,16,17.36,2025-05-20,Computex電腦展,2025
迎廣,22,39,-8,9,2025-05-08,2025-06-03,17,16.35,2025-05-20,Computex電腦展,2025
迎廣,22,40,-8,10,2025-05-08,2025-06-04,18,19.9,2025-05-20,Computex電腦展,2025
迎廣,22,41,-8,11,2025-05-08,2025-06-05,19,18.88,2025-05-20,Computex電腦展,2025
迎廣,22,42,-8,12,2025-05-08,2025-06-06,20,20.03,2025-05-20,Computex電腦展,2025
迎廣,22,43,-8,13,2025-05-08,2025-06-09,21,22.31,2025-05-20,Computex電腦展,2025
迎廣,22,44,-8,14,2025-05-08,2025-06-10,22,28.01,2025-05-20,Computex電腦展,2025
迎廣,22,45,-8,15,2025-05-08,2025-06-11,23,25.48,2025-05-20,Computex電腦展,2025
迎廣,22,46,-8,16,2025-05-08,2025-06-12,24,24.33,2025-05-20,Computex電腦展,2025
迎廣,23,24,-7,-6,2025-05-09,2025-05-12,1,2.24,2025-05-20,Computex電腦展,2025
迎廣,23,25,-7,-5,2025-05-09,2025-05-13,2,4.47,2025-05-20,Computex電腦展,2025
迎廣,23,26,-7,-4,2025-05-09,2025-05-14,3,14.91,2025-05-20,Computex電腦展,2025
迎廣,23,27,-7,-3,2025-05-09,2025-05-15,4,14.29,2025-05-20,Computex電腦展,2025
迎廣,23,28,-7,-2,2025-05-09,2025-05-16,5,13.29,2025-05-20,Computex電腦展,2025
迎廣,23,29,-7,-1,2025-05-09,2025-05-19,6,13.29,2025-05-20,Computex電腦展,2025
迎廣,23,30,-7,0,2025-05-09,2025-05-20,7,17.64,2025-05-20,Computex電腦展,2025
迎廣,23,31,-7,1,2025-05-09,2025-05-21,8,19.38,2025-05-20,Computex電腦展,2025
迎廣,23,32,-7,2,2025-05-09,2025-05-22,9,16.27,2025-05-20,Computex電腦展,2025
迎廣,23,33,-7,3,2025-05-09,2025-05-23,10,17.64,2025-05-20,Computex電腦展,2025
迎廣,23,34,-7,4,2025-05-09,2025-05-26,11,18.26,2025-05-20,Computex電腦展,2025
迎廣,23,35,-7,5,2025-05-09,2025-05-27,12,24.84,2025-05-20,Computex電腦展,2025
迎廣,23,36,-7,6,2025-05-09,2025-05-28,13,24.84,2025-05-20,Computex電腦展,2025
迎廣,23,37,-7,7,2025-05-09,2025-05-29,14,17.52,2025-05-20,Computex電腦展,2025
迎廣,23,38,-7,8,2025-05-09,2025-06-02,15,15.03,2025-05-20,Computex電腦展,2025
迎廣,23,39,-7,9,2025-05-09,2025-06-03,16,14.04,2025-05-20,Computex電腦展,2025
迎廣,23,40,-7,10,2025-05-09,2025-06-04,17,17.52,2025-05-20,Computex電腦展,2025
迎廣,23,41,-7,11,2025-05-09,2025-06-05,18,16.52,2025-05-20,Computex電腦展,2025
迎廣,23,42,-7,12,2025-05-09,2025-06-06,19,17.64,2025-05-20,Computex電腦展,2025
迎廣,23,43,-7,13,2025-05-09,2025-06-09,20,19.88,2025-05-20,Computex電腦展,2025
迎廣,23,44,-7,14,2025-05-09,2025-06-10,21,25.47,2025-05-20,Computex電腦展,2025
迎廣,23,45,-7,15,2025-05-09,2025-06-11,22,22.98,2025-05-20,Computex電腦展,2025
迎廣,23,46,-7,16,2025-05-09,2025-06-12,23,21.86,2025-05-20,Computex電腦展,2025
迎廣,24,25,-6,-5,2025-05-12,2025-05-13,1,2.19,2025-05-20,Computex電腦展,2025
迎廣,24,26,-6,-4,2025-05-12,2025-05-14,2,12.39,2025-05-20,Computex電腦展,2025
迎廣,24,27,-6,-3,2025-05-12,2025-05-15,3,11.79,2025-05-20,Computex電腦展,2025
迎廣,24,28,-6,-2,2025-05-12,2025-05-16,4,10.81,2025-05-20,Computex電腦展,2025
迎廣,24,29,-6,-1,2025-05-12,2025-05-19,5,10.81,2025-05-20,Computex電腦展,2025
迎廣,24,30,-6,0,2025-05-12,2025-05-20,6,15.07,2025-05-20,Computex電腦展,2025
迎廣,24,31,-6,1,2025-05-12,2025-05-21,7,16.77,2025-05-20,Computex電腦展,2025
迎廣,24,32,-6,2,2025-05-12,2025-05-22,8,13.73,2025-05-20,Computex電腦展,2025
迎廣,24,33,-6,3,2025-05-12,2025-05-23,9,15.07,2025-05-20,Computex電腦展,2025
迎廣,24,34,-6,4,2025-05-12,2025-05-26,10,15.67,2025-05-20,Computex電腦展,2025
迎廣,24,35,-6,5,2025-05-12,2025-05-27,11,22.11,2025-05-20,Computex電腦展,2025
迎廣,24,36,-6,6,2025-05-12,2025-05-28,12,22.11,2025-05-20,Computex電腦展,2025
迎廣,24,37,-6,7,2025-05-12,2025-05-29,13,14.95,2025-05-20,Computex電腦展,2025
迎廣,24,38,-6,8,2025-05-12,2025-06-02,14,12.52,2025-05-20,Computex電腦展,2025
迎廣,24,39,-6,9,2025-05-12,2025-06-03,15,11.54,2025-05-20,Computex電腦展,2025
迎廣,24,40,-6,10,2025-05-12,2025-06-04,16,14.95,2025-05-20,Computex電腦展,2025
迎廣,24,41,-6,11,2025-05-12,2025-06-05,17,13.97,2025-05-20,Computex電腦展,2025
迎廣,24,42,-6,12,2025-05-12,2025-06-06,18,15.07,2025-05-20,Computex電腦展,2025
迎廣,24,43,-6,13,2025-05-12,2025-06-09,19,17.25,2025-05-20,Computex電腦展,2025
迎廣,24,44,-6,14,2025-05-12,2025-06-10,20,22.72,2025-05-20,Computex電腦展,2025
迎廣,24,45,-6,15,2025-05-12,2025-06-11,21,20.29,2025-05-20,Computex電腦展,2025
迎廣,24,46,-6,16,2025-05-12,2025-06-12,22,19.2,2025-05-20,Computex電腦展,2025
迎廣,25,26,-5,-4,2025-05-13,2025-05-14,1,9.99,2025-05-20,Computex電腦展,2025
迎廣,25,27,-5,-3,2025-05-13,2025-05-15,2,9.39,2025-05-20,Computex電腦展,2025
迎廣,25,28,-5,-2,2025-05-13,2025-05-16,3,8.44,2025-05-20,Computex電腦展,2025
迎廣,25,29,-5,-1,2025-05-13,2025-05-19,4,8.44,2025-05-20,Computex電腦展,2025
迎廣,25,30,-5,0,2025-05-13,2025-05-20,5,12.6,2025-05-20,Computex電腦展,2025
迎廣,25,31,-5,1,2025-05-13,2025-05-21,6,14.27,2025-05-20,Computex電腦展,2025
迎廣,25,32,-5,2,2025-05-13,2025-05-22,7,11.3,2025-05-20,Computex電腦展,2025
迎廣,25,33,-5,3,2025-05-13,2025-05-23,8,12.6,2025-05-20,Computex電腦展,2025
迎廣,25,34,-5,4,2025-05-13,2025-05-26,9,13.2,2025-05-20,Computex電腦展,2025
迎廣,25,35,-5,5,2025-05-13,2025-05-27,10,19.5,2025-05-20,Computex電腦展,2025
迎廣,25,36,-5,6,2025-05-13,2025-05-28,11,19.5,2025-05-20,Computex電腦展,2025
迎廣,25,37,-5,7,2025-05-13,2025-05-29,12,12.49,2025-05-20,Computex電腦展,2025
迎廣,25,38,-5,8,2025-05-13,2025-06-02,13,10.11,2025-05-20,Computex電腦展,2025
迎廣,25,39,-5,9,2025-05-13,2025-06-03,14,9.16,2025-05-20,Computex電腦展,2025
迎廣,25,40,-5,10,2025-05-13,2025-06-04,15,12.49,2025-05-20,Computex電腦展,2025
迎廣,25,41,-5,11,2025-05-13,2025-06-05,16,11.53,2025-05-20,Computex電腦展,2025
迎廣,25,42,-5,12,2025-05-13,2025-06-06,17,12.6,2025-05-20,Computex電腦展,2025
迎廣,25,43,-5,13,2025-05-13,2025-06-09,18,14.74,2025-05-20,Computex電腦展,2025
迎廣,25,44,-5,14,2025-05-13,2025-06-10,19,20.1,2025-05-20,Computex電腦展,2025
迎廣,25,45,-5,15,2025-05-13,2025-06-11,20,17.72,2025-05-20,Computex電腦展,2025
迎廣,25,46,-5,16,2025-05-13,2025-06-12,21,16.65,2025-05-20,Computex電腦展,2025
迎廣,26,27,-4,-3,2025-05-14,2025-05-15,1,-0.54,2025-05-20,Computex電腦展,2025
迎廣,26,28,-4,-2,2025-05-14,2025-05-16,2,-1.41,2025-05-20,Computex電腦展,2025
迎廣,26,29,-4,-1,2025-05-14,2025-05-19,3,-1.41,2025-05-20,Computex電腦展,2025
迎廣,26,30,-4,0,2025-05-14,2025-05-20,4,2.38,2025-05-20,Computex電腦展,2025
迎廣,26,31,-4,1,2025-05-14,2025-05-21,5,3.89,2025-05-20,Computex電腦展,2025
迎廣,26,32,-4,2,2025-05-14,2025-05-22,6,1.19,2025-05-20,Computex電腦展,2025
迎廣,26,33,-4,3,2025-05-14,2025-05-23,7,2.38,2025-05-20,Computex電腦展,2025
迎廣,26,34,-4,4,2025-05-14,2025-05-26,8,2.92,2025-05-20,Computex電腦展,2025
迎廣,26,35,-4,5,2025-05-14,2025-05-27,9,8.65,2025-05-20,Computex電腦展,2025
迎廣,26,36,-4,6,2025-05-14,2025-05-28,10,8.65,2025-05-20,Computex電腦展,2025
迎廣,26,37,-4,7,2025-05-14,2025-05-29,11,2.27,2025-05-20,Computex電腦展,2025
迎廣,26,38,-4,8,2025-05-14,2025-06-02,12,0.11,2025-05-20,Computex電腦展,2025
迎廣,26,39,-4,9,2025-05-14,2025-06-03,13,-0.76,2025-05-20,Computex電腦展,2025
迎廣,26,40,-4,10,2025-05-14,2025-06-04,14,2.27,2025-05-20,Computex電腦展,2025
迎廣,26,41,-4,11,2025-05-14,2025-06-05,15,1.41,2025-05-20,Computex電腦展,2025
迎廣,26,42,-4,12,2025-05-14,2025-06-06,16,2.38,2025-05-20,Computex電腦展,2025
迎廣,26,43,-4,13,2025-05-14,2025-06-09,17,4.32,2025-05-20,Computex電腦展,2025
迎廣,26,44,-4,14,2025-05-14,2025-06-10,18,9.19,2025-05-20,Computex電腦展,2025
迎廣,26,45,-4,15,2025-05-14,2025-06-11,19,7.03,2025-05-20,Computex電腦展,2025
迎廣,26,46,-4,16,2025-05-14,2025-06-12,20,6.05,2025-05-20,Computex電腦展,2025
迎廣,27,28,-3,-2,2025-05-15,2025-05-16,1,-0.87,2025-05-20,Computex電腦展,2025
迎廣,27,29,-3,-1,2025-05-15,2025-05-19,2,-0.87,2025-05-20,Computex電腦展,2025
迎廣,27,30,-3,0,2025-05-15,2025-05-20,3,2.93,2025-05-20,Computex電腦展,2025
迎廣,27,31,-3,1,2025-05-15,2025-05-21,4,4.46,2025-05-20,Computex電腦展,2025
迎廣,27,32,-3,2,2025-05-15,2025-05-22,5,1.74,2025-05-20,Computex電腦展,2025
迎廣,27,33,-3,3,2025-05-15,2025-05-23,6,2.93,2025-05-20,Computex電腦展,2025
迎廣,27,34,-3,4,2025-05-15,2025-05-26,7,3.48,2025-05-20,Computex電腦展,2025
迎廣,27,35,-3,5,2025-05-15,2025-05-27,8,9.24,2025-05-20,Computex電腦展,2025
迎廣,27,36,-3,6,2025-05-15,2025-05-28,9,9.24,2025-05-20,Computex電腦展,2025
迎廣,27,37,-3,7,2025-05-15,2025-05-29,10,2.83,2025-05-20,Computex電腦展,2025
迎廣,27,38,-3,8,2025-05-15,2025-06-02,11,0.65,2025-05-20,Computex電腦展,2025
迎廣,27,39,-3,9,2025-05-15,2025-06-03,12,-0.22,2025-05-20,Computex電腦展,2025
迎廣,27,40,-3,10,2025-05-15,2025-06-04,13,2.83,2025-05-20,Computex電腦展,2025
迎廣,27,41,-3,11,2025-05-15,2025-06-05,14,1.96,2025-05-20,Computex電腦展,2025
迎廣,27,42,-3,12,2025-05-15,2025-06-06,15,2.93,2025-05-20,Computex電腦展,2025
迎廣,27,43,-3,13,2025-05-15,2025-06-09,16,4.89,2025-05-20,Computex電腦展,2025
迎廣,27,44,-3,14,2025-05-15,2025-06-10,17,9.78,2025-05-20,Computex電腦展,2025
迎廣,27,45,-3,15,2025-05-15,2025-06-11,18,7.61,2025-05-20,Computex電腦展,2025
迎廣,27,46,-3,16,2025-05-15,2025-06-12,19,6.63,2025-05-20,Computex電腦展,2025
迎廣,28,29,-2,-1,2025-05-16,2025-05-19,1,0.0,2025-05-20,Computex電腦展,2025
迎廣,28,30,-2,0,2025-05-16,2025-05-20,2,3.84,2025-05-20,Computex電腦展,2025
迎廣,28,31,-2,1,2025-05-16,2025-05-21,3,5.37,2025-05-20,Computex電腦展,2025
迎廣,28,32,-2,2,2025-05-16,2025-05-22,4,2.63,2025-05-20,Computex電腦展,2025
迎廣,28,33,-2,3,2025-05-16,2025-05-23,5,3.84,2025-05-20,Computex電腦展,2025
迎廣,28,34,-2,4,2025-05-16,2025-05-26,6,4.39,2025-05-20,Computex電腦展,2025
迎廣,28,35,-2,5,2025-05-16,2025-05-27,7,10.2,2025-05-20,Computex電腦展,2025
迎廣,28,36,-2,6,2025-05-16,2025-05-28,8,10.2,2025-05-20,Computex電腦展,2025
迎廣,28,37,-2,7,2025-05-16,2025-05-29,9,3.73,2025-05-20,Computex電腦展,2025
迎廣,28,38,-2,8,2025-05-16,2025-06-02,10,1.54,2025-05-20,Computex電腦展,2025
迎廣,28,39,-2,9,2025-05-16,2025-06-03,11,0.66,2025-05-20,Computex電腦展,2025
迎廣,28,40,-2,10,2025-05-16,2025-06-04,12,3.73,2025-05-20,Computex電腦展,2025
迎廣,28,41,-2,11,2025-05-16,2025-06-05,13,2.85,2025-05-20,Computex電腦展,2025
迎廣,28,42,-2,12,2025-05-16,2025-06-06,14,3.84,2025-05-20,Computex電腦展,2025
迎廣,28,43,-2,13,2025-05-16,2025-06-09,15,5.81,2025-05-20,Computex電腦展,2025
迎廣,28,44,-2,14,2025-05-16,2025-06-10,16,10.75,2025-05-20,Computex電腦展,2025
迎廣,28,45,-2,15,2025-05-16,2025-06-11,17,8.55,2025-05-20,Computex電腦展,2025
迎廣,28,46,-2,16,2025-05-16,2025-06-12,18,7.57,2025-05-20,Computex電腦展,2025
迎廣,29,30,-1,0,2025-05-19,2025-05-20,1,3.84,2025-05-20,Computex電腦展,2025
迎廣,29,31,-1,1,2025-05-19,2025-05-21,2,5.37,2025-05-20,Computex電腦展,2025
迎廣,29,32,-1,2,2025-05-19,2025-05-22,3,2.63,2025-05-20,Computex電腦展,2025
迎廣,29,33,-1,3,2025-05-19,2025-05-23,4,3.84,2025-05-20,Computex電腦展,2025
迎廣,29,34,-1,4,2025-05-19,2025-05-26,5,4.39,2025-05-20,Computex電腦展,2025
迎廣,29,35,-1,5,2025-05-19,2025-05-27,6,10.2,2025-05-20,Computex電腦展,2025
迎廣,29,36,-1,6,2025-05-19,2025-05-28,7,10.2,2025-05-20,Computex電腦展,2025
迎廣,29,37,-1,7,2025-05-19,2025-05-29,8,3.73,2025-05-20,Computex電腦展,2025
迎廣,29,38,-1,8,2025-05-19,2025-06-02,9,1.54,2025-05-20,Computex電腦展,2025
迎廣,29,39,-1,9,2025-05-19,2025-06-03,10,0.66,2025-05-20,Computex電腦展,2025
迎廣,29,40,-1,10,2025-05-19,2025-06-04,11,3.73,2025-05-20,Computex電腦展,2025
迎廣,29,41,-1,11,2025-05-19,2025-06-05,12,2.85,2025-05-20,Computex電腦展,2025
迎廣,29,42,-1,12,2025-05-19,2025-06-06,13,3.84,2025-05-20,Computex電腦展,2025
迎廣,29,43,-1,13,2025-05-19,2025-06-09,14,5.81,2025-05-20,Computex電腦展,2025
迎廣,29,44,-1,14,2025-05-19,2025-06-10,15,10.75,2025-05-20,Computex電腦展,2025
迎廣,29,45,-1,15,2025-05-19,2025-06-11,16,8.55,2025-05-20,Computex電腦展,2025
迎廣,29,46,-1,16,2025-05-19,2025-06-12,17,7.57,2025-05-20,Computex電腦展,2025
迎廣,30,31,0,1,2025-05-20,2025-05-21,1,1.48,2025-05-20,Computex電腦展,2025
迎廣,30,32,0,2,2025-05-20,2025-05-22,2,-1.16,2025-05-20,Computex電腦展,2025
迎廣,30,33,0,3,2025-05-20,2025-05-23,3,0.0,2025-05-20,Computex電腦展,2025
迎廣,30,34,0,4,2025-05-20,2025-05-26,4,0.53,2025-05-20,Computex電腦展,2025
迎廣,30,35,0,5,2025-05-20,2025-05-27,5,6.12,2025-05-20,Computex電腦展,2025
迎廣,30,36,0,6,2025-05-20,2025-05-28,6,6.12,2025-05-20,Computex電腦展,2025
迎廣,30,37,0,7,2025-05-20,2025-05-29,7,-0.11,2025-05-20,Computex電腦展,2025
迎廣,30,38,0,8,2025-05-20,2025-06-02,8,-2.22,2025-05-20,Computex電腦展,2025
迎廣,30,39,0,9,2025-05-20,2025-06-03,9,-3.06,2025-05-20,Computex電腦展,2025
迎廣,30,40,0,10,2025-05-20,2025-06-04,10,-0.11,2025-05-20,Computex電腦展,2025
迎廣,30,41,0,11,2025-05-20,2025-06-05,11,-0.95,2025-05-20,Computex電腦展,2025
迎廣,30,42,0,12,2025-05-20,2025-06-06,12,0.0,2025-05-20,Computex電腦展,2025
迎廣,30,43,0,13,2025-05-20,2025-06-09,13,1.9,2025-05-20,Computex電腦展,2025
迎廣,30,44,0,14,2025-05-20,2025-06-10,14,6.65,2025-05-20,Computex電腦展,2025
迎廣,30,45,0,15,2025-05-20,2025-06-11,15,4.54,2025-05-20,Computex電腦展,2025
迎廣,30,46,0,16,2025-05-20,2025-06-12,16,3.59,2025-05-20,Computex電腦展,2025
迎廣,31,32,1,2,2025-05-21,2025-05-22,1,-2.6,2025-05-20,Computex電腦展,2025
迎廣,31,33,1,3,2025-05-21,2025-05-23,2,-1.46,2025-05-20,Computex電腦展,2025
迎廣,31,34,1,4,2025-05-21,2025-05-26,3,-0.94,2025-05-20,Computex電腦展,2025
迎廣,31,35,1,5,2025-05-21,2025-05-27,4,4.58,2025-05-20,Computex電腦展,2025
迎廣,31,36,1,6,2025-05-21,2025-05-28,5,4.58,2025-05-20,Computex電腦展,2025
迎廣,31,37,1,7,2025-05-21,2025-05-29,6,-1.56,2025-05-20,Computex電腦展,2025
迎廣,31,38,1,8,2025-05-21,2025-06-02,7,-3.64,2025-05-20,Computex電腦展,2025
迎廣,31,39,1,9,2025-05-21,2025-06-03,8,-4.47,2025-05-20,Computex電腦展,2025
迎廣,31,40,1,10,2025-05-21,2025-06-04,9,-1.56,2025-05-20,Computex電腦展,2025
迎廣,31,41,1,11,2025-05-21,2025-06-05,10,-2.39,2025-05-20,Computex電腦展,2025
迎廣,31,42,1,12,2025-05-21,2025-06-06,11,-1.46,2025-05-20,Computex電腦展,2025
迎廣,31,43,1,13,2025-05-21,2025-06-09,12,0.42,2025-05-20,Computex電腦展,2025
迎廣,31,44,1,14,2025-05-21,2025-06-10,13,5.1,2025-05-20,Computex電腦展,2025
迎廣,31,45,1,15,2025-05-21,2025-06-11,14,3.02,2025-05-20,Computex電腦展,2025
迎廣,31,46,1,16,2025-05-21,2025-06-12,15,2.08,2025-05-20,Computex電腦展,2025
迎廣,32,33,2,3,2025-05-22,2025-05-23,1,1.18,2025-05-20,Computex電腦展,2025
迎廣,32,34,2,4,2025-05-22,2025-05-26,2,1.71,2025-05-20,Computex電腦展,2025
迎廣,32,35,2,5,2025-05-22,2025-05-27,3,7.37,2025-05-20,Computex電腦展,2025
迎廣,32,36,2,6,2025-05-22,2025-05-28,4,7.37,2025-05-20,Computex電腦展,2025
迎廣,32,37,2,7,2025-05-22,2025-05-29,5,1.07,2025-05-20,Computex電腦展,2025
迎廣,32,38,2,8,2025-05-22,2025-06-02,6,-1.07,2025-05-20,Computex電腦展,2025
迎廣,32,39,2,9,2025-05-22,2025-06-03,7,-1.92,2025-05-20,Computex電腦展,2025
迎廣,32,40,2,10,2025-05-22,2025-06-04,8,1.07,2025-05-20,Computex電腦展,2025
迎廣,32,41,2,11,2025-05-22,2025-06-05,9,0.21,2025-05-20,Computex電腦展,2025
迎廣,32,42,2,12,2025-05-22,2025-06-06,10,1.18,2025-05-20,Computex電腦展,2025
迎廣,32,43,2,13,2025-05-22,2025-06-09,11,3.1,2025-05-20,Computex電腦展,2025
迎廣,32,44,2,14,2025-05-22,2025-06-10,12,7.91,2025-05-20,Computex電腦展,2025
迎廣,32,45,2,15,2025-05-22,2025-06-11,13,5.77,2025-05-20,Computex電腦展,2025
迎廣,32,46,2,16,2025-05-22,2025-06-12,14,4.81,2025-05-20,Computex電腦展,2025
迎廣,33,34,3,4,2025-05-23,2025-05-26,1,0.53,2025-05-20,Computex電腦展,2025
迎廣,33,35,3,5,2025-05-23,2025-05-27,2,6.12,2025-05-20,Computex電腦展,2025
迎廣,33,36,3,6,2025-05-23,2025-05-28,3,6.12,2025-05-20,Computex電腦展,2025
迎廣,33,37,3,7,2025-05-23,2025-05-29,4,-0.11,2025-05-20,Computex電腦展,2025
迎廣,33,38,3,8,2025-05-23,2025-06-02,5,-2.22,2025-05-20,Computex電腦展,2025
迎廣,33,39,3,9,2025-05-23,2025-06-03,6,-3.06,2025-05-20,Computex電腦展,2025
迎廣,33,40,3,10,2025-05-23,2025-06-04,7,-0.11,2025-05-20,Computex電腦展,2025
迎廣,33,41,3,11,2025-05-23,2025-06-05,8,-0.95,2025-05-20,Computex電腦展,2025
迎廣,33,42,3,12,2025-05-23,2025-06-06,9,0.0,2025-05-20,Computex電腦展,2025
迎廣,33,43,3,13,2025-05-23,2025-06-09,10,1.9,2025-05-20,Computex電腦展,2025
迎廣,33,44,3,14,2025-05-23,2025-06-10,11,6.65,2025-05-20,Computex電腦展,2025
迎廣,33,45,3,15,2025-05-23,2025-06-11,12,4.54,2025-05-20,Computex電腦展,2025
迎廣,33,46,3,16,2025-05-23,2025-06-12,13,3.59,2025-05-20,Computex電腦展,2025
迎廣,34,35,4,5,2025-05-26,2025-05-27,1,5.57,2025-05-20,Computex電腦展,2025
迎廣,34,36,4,6,2025-05-26,2025-05-28,2,5.57,2025-05-20,Computex電腦展,2025
迎廣,34,37,4,7,2025-05-26,2025-05-29,3,-0.63,2025-05-20,Computex電腦展,2025
迎廣,34,38,4,8,2025-05-26,2025-06-02,4,-2.73,2025-05-20,Computex電腦展,2025
迎廣,34,39,4,9,2025-05-26,2025-06-03,5,-3.57,2025-05-20,Computex電腦展,2025
迎廣,34,40,4,10,2025-05-26,2025-06-04,6,-0.63,2025-05-20,Computex電腦展,2025
迎廣,34,41,4,11,2025-05-26,2025-06-05,7,-1.47,2025-05-20,Computex電腦展,2025
迎廣,34,42,4,12,2025-05-26,2025-06-06,8,-0.53,2025-05-20,Computex電腦展,2025
迎廣,34,43,4,13,2025-05-26,2025-06-09,9,1.37,2025-05-20,Computex電腦展,2025
迎廣,34,44,4,14,2025-05-26,2025-06-10,10,6.09,2025-05-20,Computex電腦展,2025
迎廣,34,45,4,15,2025-05-26,2025-06-11,11,3.99,2025-05-20,Computex電腦展,2025
迎廣,34,46,4,16,2025-05-26,2025-06-12,12,3.05,2025-05-20,Computex電腦展,2025
迎廣,35,36,5,6,2025-05-27,2025-05-28,1,0.0,2025-05-20,Computex電腦展,2025
迎廣,35,37,5,7,2025-05-27,2025-05-29,2,-5.87,2025-05-20,Computex電腦展,2025
迎廣,35,38,5,8,2025-05-27,2025-06-02,3,-7.86,2025-05-20,Computex電腦展,2025
迎廣,35,39,5,9,2025-05-27,2025-06-03,4,-8.66,2025-05-20,Computex電腦展,2025
迎廣,35,40,5,10,2025-05-27,2025-06-04,5,-5.87,2025-05-20,Computex電腦展,2025
迎廣,35,41,5,11,2025-05-27,2025-06-05,6,-6.67,2025-05-20,Computex電腦展,2025
迎廣,35,42,5,12,2025-05-27,2025-06-06,7,-5.77,2025-05-20,Computex電腦展,2025
迎廣,35,43,5,13,2025-05-27,2025-06-09,8,-3.98,2025-05-20,Computex電腦展,2025
迎廣,35,44,5,14,2025-05-27,2025-06-10,9,0.5,2025-05-20,Computex電腦展,2025
迎廣,35,45,5,15,2025-05-27,2025-06-11,10,-1.49,2025-05-20,Computex電腦展,2025
迎廣,35,46,5,16,2025-05-27,2025-06-12,11,-2.39,2025-05-20,Computex電腦展,2025
迎廣,36,37,6,7,2025-05-28,2025-05-29,1,-5.87,2025-05-20,Computex電腦展,2025
迎廣,36,38,6,8,2025-05-28,2025-06-02,2,-7.86,2025-05-20,Computex電腦展,2025
迎廣,36,39,6,9,2025-05-28,2025-06-03,3,-8.66,2025-05-20,Computex電腦展,2025
迎廣,36,40,6,10,2025-05-28,2025-06-04,4,-5.87,2025-05-20,Computex電腦展,2025
迎廣,36,41,6,11,2025-05-28,2025-06-05,5,-6.67,2025-05-20,Computex電腦展,2025
迎廣,36,42,6,12,2025-05-28,2025-06-06,6,-5.77,2025-05-20,Computex電腦展,2025
迎廣,36,43,6,13,2025-05-28,2025-06-09,7,-3.98,2025-05-20,Computex電腦展,2025
迎廣,36,44,6,14,2025-05-28,2025-06-10,8,0.5,2025-05-20,Computex電腦展,2025
迎廣,36,45,6,15,2025-05-28,2025-06-11,9,-1.49,2025-05-20,Computex電腦展,2025
迎廣,36,46,6,16,2025-05-28,2025-06-12,10,-2.39,2025-05-20,Computex電腦展,2025
迎廣,37,38,7,8,2025-05-29,2025-06-02,1,-2.11,2025-05-20,Computex電腦展,2025
迎廣,37,39,7,9,2025-05-29,2025-06-03,2,-2.96,2025-05-20,Computex電腦展,2025
迎廣,37,40,7,10,2025-05-29,2025-06-04,3,0.0,2025-05-20,Computex電腦展,2025
迎廣,37,41,7,11,2025-05-29,2025-06-05,4,-0.85,2025-05-20,Computex電腦展,2025
迎廣,37,42,7,12,2025-05-29,2025-06-06,5,0.11,2025-05-20,Computex電腦展,2025
迎廣,37,43,7,13,2025-05-29,2025-06-09,6,2.01,2025-05-20,Computex電腦展,2025
迎廣,37,44,7,14,2025-05-29,2025-06-10,7,6.77,2025-05-20,Computex電腦展,2025
迎廣,37,45,7,15,2025-05-29,2025-06-11,8,4.65,2025-05-20,Computex電腦展,2025
迎廣,37,46,7,16,2025-05-29,2025-06-12,9,3.7,2025-05-20,Computex電腦展,2025
迎廣,38,39,8,9,2025-06-02,2025-06-03,1,-0.86,2025-05-20,Computex電腦展,2025
迎廣,38,40,8,10,2025-06-02,2025-06-04,2,2.16,2025-05-20,Computex電腦展,2025
迎廣,38,41,8,11,2025-06-02,2025-06-05,3,1.3,2025-05-20,Computex電腦展,2025
迎廣,38,42,8,12,2025-06-02,2025-06-06,4,2.27,2025-05-20,Computex電腦展,2025
迎廣,38,43,8,13,2025-06-02,2025-06-09,5,4.21,2025-05-20,Computex電腦展,2025
迎廣,38,44,8,14,2025-06-02,2025-06-10,6,9.07,2025-05-20,Computex電腦展,2025
迎廣,38,45,8,15,2025-06-02,2025-06-11,7,6.91,2025-05-20,Computex電腦展,2025
迎廣,38,46,8,16,2025-06-02,2025-06-12,8,5.94,2025-05-20,Computex電腦展,2025
迎廣,39,40,9,10,2025-06-03,2025-06-04,1,3.05,2025-05-20,Computex電腦展,2025
迎廣,39,41,9,11,2025-06-03,2025-06-05,2,2.18,2025-05-20,Computex電腦展,2025
迎廣,39,42,9,12,2025-06-03,2025-06-06,3,3.16,2025-05-20,Computex電腦展,2025
迎廣,39,43,9,13,2025-06-03,2025-06-09,4,5.12,2025-05-20,Computex電腦展,2025
迎廣,39,44,9,14,2025-06-03,2025-06-10,5,10.02,2025-05-20,Computex電腦展,2025
迎廣,39,45,9,15,2025-06-03,2025-06-11,6,7.84,2025-05-20,Computex電腦展,2025
迎廣,39,46,9,16,2025-06-03,2025-06-12,7,6.86,2025-05-20,Computex電腦展,2025
迎廣,40,41,10,11,2025-06-04,2025-06-05,1,-0.85,2025-05-20,Computex電腦展,2025
迎廣,40,42,10,12,2025-06-04,2025-06-06,2,0.11,2025-05-20,Computex電腦展,2025
迎廣,40,43,10,13,2025-06-04,2025-06-09,3,2.01,2025-05-20,Computex電腦展,2025
迎廣,40,44,10,14,2025-06-04,2025-06-10,4,6.77,2025-05-20,Computex電腦展,2025
迎廣,40,45,10,15,2025-06-04,2025-06-11,5,4.65,2025-05-20,Computex電腦展,2025
迎廣,40,46,10,16,2025-06-04,2025-06-12,6,3.7,2025-05-20,Computex電腦展,2025
迎廣,41,42,11,12,2025-06-05,2025-06-06,1,0.96,2025-05-20,Computex電腦展,2025
迎廣,41,43,11,13,2025-06-05,2025-06-09,2,2.88,2025-05-20,Computex電腦展,2025
迎廣,41,44,11,14,2025-06-05,2025-06-10,3,7.68,2025-05-20,Computex電腦展,2025
迎廣,41,45,11,15,2025-06-05,2025-06-11,4,5.54,2025-05-20,Computex電腦展,2025
迎廣,41,46,11,16,2025-06-05,2025-06-12,5,4.58,2025-05-20,Computex電腦展,2025
迎廣,42,43,12,13,2025-06-06,2025-06-09,1,1.9,2025-05-20,Computex電腦展,2025
迎廣,42,44,12,14,2025-06-06,2025-06-10,2,6.65,2025-05-20,Computex電腦展,2025
迎廣,42,45,12,15,2025-06-06,2025-06-11,3,4.54,2025-05-20,Computex電腦展,2025
迎廣,42,46,12,16,2025-06-06,2025-06-12,4,3.59,2025-05-20,Computex電腦展,2025
迎廣,43,44,13,14,2025-06-09,2025-06-10,1,4.66,2025-05-20,Computex電腦展,2025
迎廣,43,45,13,15,2025-06-09,2025-06-11,2,2.59,2025-05-20,Computex電腦展,2025
迎廣,43,46,13,16,2025-06-09,2025-06-12,3,1.66,2025-05-20,Computex電腦展,2025
迎廣,44,45,14,15,2025-06-10,2025-06-11,1,-1.98,2025-05-20,Computex電腦展,2025
迎廣,44,46,14,16,2025-06-10,2025-06-12,2,-2.87,2025-05-20,Computex電腦展,2025
迎廣,45,46,15,16,2025-06-11,2025-06-12,1,-0.91,2025-05-20,Computex電腦展,2025
