,Stock,Buy_Index,Sell_Index,Relative_Date,Sell_Relative_Date,Buy_Date,Sell_Date,Holding_Days,Return_%,start_on,Exhibition,Year
0,上銀,0,1,-22,-21,2026-07-20,2026-07-21,1,1.67,2026-08-19,Tairos機器人展,2026
1,上銀,0,2,-22,-20,2026-07-20,2026-07-22,2,6.83,2026-08-19,Tairos機器人展,2026
2,上銀,0,3,-22,-19,2026-07-20,2026-07-23,3,6.5,2026-08-19,Tairos機器人展,2026
3,上銀,0,4,-22,-18,2026-07-20,2026-07-24,4,4.33,2026-08-19,Tairos機器人展,2026
4,上銀,0,5,-22,-17,2026-07-20,2026-07-27,5,7.67,2026-08-19,Tairos機器人展,2026
5,上銀,0,6,-22,-16,2026-07-20,2026-07-28,6,0.0,2026-08-19,Tairos機器人展,2026
6,上銀,0,7,-22,-15,2026-07-20,2026-07-29,7,-3.17,2026-08-19,Tairos機器人展,2026
7,上銀,0,8,-22,-14,2026-07-20,2026-07-30,8,-5.67,2026-08-19,Tairos機器人展,2026
8,上銀,0,9,-22,-13,2026-07-20,2026-07-31,9,1.5,2026-08-19,Tairos機器人展,2026
9,上銀,0,10,-22,-12,2026-07-20,2026-08-03,10,10.67,2026-08-19,Tairos機器人展,2026
10,上銀,0,11,-22,-11,2026-07-20,2026-08-04,11,10.67,2026-08-19,Tairos機器人展,2026
11,上銀,0,12,-22,-10,2026-07-20,2026-08-05,12,21.67,2026-08-19,Tairos機器人展,2026
12,上銀,0,13,-22,-9,2026-07-20,2026-08-06,13,20.67,2026-08-19,Tairos機器人展,2026
13,上銀,0,14,-22,-8,2026-07-20,2026-08-07,14,29.0,2026-08-19,Tairos機器人展,2026
14,上銀,0,15,-22,-7,2026-07-20,2026-08-10,15,29.0,2026-08-19,Tairos機器人展,2026
15,上銀,0,16,-22,-6,2026-07-20,2026-08-11,16,22.67,2026-08-19,Tairos機器人展,2026
16,上銀,0,17,-22,-5,2026-07-20,2026-08-12,17,23.0,2026-08-19,Tairos機器人展,2026
17,上銀,0,18,-22,-4,2026-07-20,2026-08-13,18,27.0,2026-08-19,Tairos機器人展,2026
18,上銀,0,19,-22,-3,2026-07-20,2026-08-14,19,24.5,2026-08-19,Tairos機器人展,2026
19,上銀,0,20,-22,-2,2026-07-20,2026-08-17,20,27.17,2026-08-19,Tairos機器人展,2026
20,上銀,0,21,-22,-1,2026-07-20,2026-08-18,21,22.67,2026-08-19,Tairos機器人展,2026
21,上銀,0,22,-22,0,2026-07-20,2026-08-19,22,22.33,2026-08-19,Tairos機器人展,2026
22,上銀,0,23,-22,1,2026-07-20,2026-08-20,23,22.17,2026-08-19,Tairos機器人展,2026
23,上銀,0,24,-22,2,2026-07-20,2026-08-21,24,16.33,2026-08-19,Tairos機器人展,2026
24,上銀,0,25,-22,3,2026-07-20,2026-08-24,25,14.5,2026-08-19,Tairos機器人展,2026
25,上銀,0,26,-22,4,2026-07-20,2026-08-25,26,15.17,2026-08-19,Tairos機器人展,2026
26,上銀,0,27,-22,5,2026-07-20,2026-08-26,27,17.67,2026-08-19,Tairos機器人展,2026
27,上銀,0,28,-22,6,2026-07-20,2026-08-27,28,19.83,2026-08-19,Tairos機器人展,2026
28,上銀,1,2,-21,-20,2026-07-21,2026-07-22,1,5.08,2026-08-19,Tairos機器人展,2026
29,上銀,1,3,-21,-19,2026-07-21,2026-07-23,2,4.75,2026-08-19,Tairos機器人展,2026
30,上銀,1,4,-21,-18,2026-07-21,2026-07-24,3,2.62,2026-08-19,Tairos機器人展,2026
31,上銀,1,5,-21,-17,2026-07-21,2026-07-27,4,5.9,2026-08-19,Tairos機器人展,2026
32,上銀,1,6,-21,-16,2026-07-21,2026-07-28,5,-1.64,2026-08-19,Tairos機器人展,2026
33,上銀,1,7,-21,-15,2026-07-21,2026-07-29,6,-4.75,2026-08-19,Tairos機器人展,2026
34,上銀,1,8,-21,-14,2026-07-21,2026-07-30,7,-7.21,2026-08-19,Tairos機器人展,2026
35,上銀,1,9,-21,-13,2026-07-21,2026-07-31,8,-0.16,2026-08-19,Tairos機器人展,2026
36,上銀,1,10,-21,-12,2026-07-21,2026-08-03,9,8.85,2026-08-19,Tairos機器人展,2026
37,上銀,1,11,-21,-11,2026-07-21,2026-08-04,10,8.85,2026-08-19,Tairos機器人展,2026
38,上銀,1,12,-21,-10,2026-07-21,2026-08-05,11,19.67,2026-08-19,Tairos機器人展,2026
39,上銀,1,13,-21,-9,2026-07-21,2026-08-06,12,18.69,2026-08-19,Tairos機器人展,2026
40,上銀,1,14,-21,-8,2026-07-21,2026-08-07,13,26.89,2026-08-19,Tairos機器人展,2026
41,上銀,1,15,-21,-7,2026-07-21,2026-08-10,14,26.89,2026-08-19,Tairos機器人展,2026
42,上銀,1,16,-21,-6,2026-07-21,2026-08-11,15,20.66,2026-08-19,Tairos機器人展,2026
43,上銀,1,17,-21,-5,2026-07-21,2026-08-12,16,20.98,2026-08-19,Tairos機器人展,2026
44,上銀,1,18,-21,-4,2026-07-21,2026-08-13,17,24.92,2026-08-19,Tairos機器人展,2026
45,上銀,1,19,-21,-3,2026-07-21,2026-08-14,18,22.46,2026-08-19,Tairos機器人展,2026
46,上銀,1,20,-21,-2,2026-07-21,2026-08-17,19,25.08,2026-08-19,Tairos機器人展,2026
47,上銀,1,21,-21,-1,2026-07-21,2026-08-18,20,20.66,2026-08-19,Tairos機器人展,2026
48,上銀,1,22,-21,0,2026-07-21,2026-08-19,21,20.33,2026-08-19,Tairos機器人展,2026
49,上銀,1,23,-21,1,2026-07-21,2026-08-20,22,20.16,2026-08-19,Tairos機器人展,2026
50,上銀,1,24,-21,2,2026-07-21,2026-08-21,23,14.43,2026-08-19,Tairos機器人展,2026
51,上銀,1,25,-21,3,2026-07-21,2026-08-24,24,12.62,2026-08-19,Tairos機器人展,2026
52,上銀,1,26,-21,4,2026-07-21,2026-08-25,25,13.28,2026-08-19,Tairos機器人展,2026
53,上銀,1,27,-21,5,2026-07-21,2026-08-26,26,15.74,2026-08-19,Tairos機器人展,2026
54,上銀,1,28,-21,6,2026-07-21,2026-08-27,27,17.87,2026-08-19,Tairos機器人展,2026
55,上銀,2,3,-20,-19,2026-07-22,2026-07-23,1,-0.31,2026-08-19,Tairos機器人展,2026
56,上銀,2,4,-20,-18,2026-07-22,2026-07-24,2,-2.34,2026-08-19,Tairos機器人展,2026
57,上銀,2,5,-20,-17,2026-07-22,2026-07-27,3,0.78,2026-08-19,Tairos機器人展,2026
58,上銀,2,6,-20,-16,2026-07-22,2026-07-28,4,-6.4,2026-08-19,Tairos機器人展,2026
59,上銀,2,7,-20,-15,2026-07-22,2026-07-29,5,-9.36,2026-08-19,Tairos機器人展,2026
60,上銀,2,8,-20,-14,2026-07-22,2026-07-30,6,-11.7,2026-08-19,Tairos機器人展,2026
61,上銀,2,9,-20,-13,2026-07-22,2026-07-31,7,-4.99,2026-08-19,Tairos機器人展,2026
62,上銀,2,10,-20,-12,2026-07-22,2026-08-03,8,3.59,2026-08-19,Tairos機器人展,2026
63,上銀,2,11,-20,-11,2026-07-22,2026-08-04,9,3.59,2026-08-19,Tairos機器人展,2026
64,上銀,2,12,-20,-10,2026-07-22,2026-08-05,10,13.88,2026-08-19,Tairos機器人展,2026
65,上銀,2,13,-20,-9,2026-07-22,2026-08-06,11,12.95,2026-08-19,Tairos機器人展,2026
66,上銀,2,14,-20,-8,2026-07-22,2026-08-07,12,20.75,2026-08-19,Tairos機器人展,2026
67,上銀,2,15,-20,-7,2026-07-22,2026-08-10,13,20.75,2026-08-19,Tairos機器人展,2026
68,上銀,2,16,-20,-6,2026-07-22,2026-08-11,14,14.82,2026-08-19,Tairos機器人展,2026
69,上銀,2,17,-20,-5,2026-07-22,2026-08-12,15,15.13,2026-08-19,Tairos機器人展,2026
70,上銀,2,18,-20,-4,2026-07-22,2026-08-13,16,18.88,2026-08-19,Tairos機器人展,2026
71,上銀,2,19,-20,-3,2026-07-22,2026-08-14,17,16.54,2026-08-19,Tairos機器人展,2026
72,上銀,2,20,-20,-2,2026-07-22,2026-08-17,18,19.03,2026-08-19,Tairos機器人展,2026
73,上銀,2,21,-20,-1,2026-07-22,2026-08-18,19,14.82,2026-08-19,Tairos機器人展,2026
74,上銀,2,22,-20,0,2026-07-22,2026-08-19,20,14.51,2026-08-19,Tairos機器人展,2026
75,上銀,2,23,-20,1,2026-07-22,2026-08-20,21,14.35,2026-08-19,Tairos機器人展,2026
76,上銀,2,24,-20,2,2026-07-22,2026-08-21,22,8.89,2026-08-19,Tairos機器人展,2026
77,上銀,2,25,-20,3,2026-07-22,2026-08-24,23,7.18,2026-08-19,Tairos機器人展,2026
78,上銀,2,26,-20,4,2026-07-22,2026-08-25,24,7.8,2026-08-19,Tairos機器人展,2026
79,上銀,2,27,-20,5,2026-07-22,2026-08-26,25,10.14,2026-08-19,Tairos機器人展,2026
80,上銀,2,28,-20,6,2026-07-22,2026-08-27,26,12.17,2026-08-19,Tairos機器人展,2026
81,上銀,3,4,-19,-18,2026-07-23,2026-07-24,1,-2.03,2026-08-19,Tairos機器人展,2026
82,上銀,3,5,-19,-17,2026-07-23,2026-07-27,2,1.1,2026-08-19,Tairos機器人展,2026
83,上銀,3,6,-19,-16,2026-07-23,2026-07-28,3,-6.1,2026-08-19,Tairos機器人展,2026
84,上銀,3,7,-19,-15,2026-07-23,2026-07-29,4,-9.08,2026-08-19,Tairos機器人展,2026
85,上銀,3,8,-19,-14,2026-07-23,2026-07-30,5,-11.42,2026-08-19,Tairos機器人展,2026
86,上銀,3,9,-19,-13,2026-07-23,2026-07-31,6,-4.69,2026-08-19,Tairos機器人展,2026
87,上銀,3,10,-19,-12,2026-07-23,2026-08-03,7,3.91,2026-08-19,Tairos機器人展,2026
88,上銀,3,11,-19,-11,2026-07-23,2026-08-04,8,3.91,2026-08-19,Tairos機器人展,2026
89,上銀,3,12,-19,-10,2026-07-23,2026-08-05,9,14.24,2026-08-19,Tairos機器人展,2026
90,上銀,3,13,-19,-9,2026-07-23,2026-08-06,10,13.3,2026-08-19,Tairos機器人展,2026
91,上銀,3,14,-19,-8,2026-07-23,2026-08-07,11,21.13,2026-08-19,Tairos機器人展,2026
92,上銀,3,15,-19,-7,2026-07-23,2026-08-10,12,21.13,2026-08-19,Tairos機器人展,2026
93,上銀,3,16,-19,-6,2026-07-23,2026-08-11,13,15.18,2026-08-19,Tairos機器人展,2026
94,上銀,3,17,-19,-5,2026-07-23,2026-08-12,14,15.49,2026-08-19,Tairos機器人展,2026
95,上銀,3,18,-19,-4,2026-07-23,2026-08-13,15,19.25,2026-08-19,Tairos機器人展,2026
96,上銀,3,19,-19,-3,2026-07-23,2026-08-14,16,16.9,2026-08-19,Tairos機器人展,2026
97,上銀,3,20,-19,-2,2026-07-23,2026-08-17,17,19.41,2026-08-19,Tairos機器人展,2026
98,上銀,3,21,-19,-1,2026-07-23,2026-08-18,18,15.18,2026-08-19,Tairos機器人展,2026
99,上銀,3,22,-19,0,2026-07-23,2026-08-19,19,14.87,2026-08-19,Tairos機器人展,2026
100,上銀,3,23,-19,1,2026-07-23,2026-08-20,20,14.71,2026-08-19,Tairos機器人展,2026
101,上銀,3,24,-19,2,2026-07-23,2026-08-21,21,9.23,2026-08-19,Tairos機器人展,2026
102,上銀,3,25,-19,3,2026-07-23,2026-08-24,22,7.51,2026-08-19,Tairos機器人展,2026
103,上銀,3,26,-19,4,2026-07-23,2026-08-25,23,8.14,2026-08-19,Tairos機器人展,2026
104,上銀,3,27,-19,5,2026-07-23,2026-08-26,24,10.49,2026-08-19,Tairos機器人展,2026
105,上銀,3,28,-19,6,2026-07-23,2026-08-27,25,12.52,2026-08-19,Tairos機器人展,2026
106,上銀,4,5,-18,-17,2026-07-24,2026-07-27,1,3.19,2026-08-19,Tairos機器人展,2026
107,上銀,4,6,-18,-16,2026-07-24,2026-07-28,2,-4.15,2026-08-19,Tairos機器人展,2026
108,上銀,4,7,-18,-15,2026-07-24,2026-07-29,3,-7.19,2026-08-19,Tairos機器人展,2026
109,上銀,4,8,-18,-14,2026-07-24,2026-07-30,4,-9.58,2026-08-19,Tairos機器人展,2026
110,上銀,4,9,-18,-13,2026-07-24,2026-07-31,5,-2.72,2026-08-19,Tairos機器人展,2026
111,上銀,4,10,-18,-12,2026-07-24,2026-08-03,6,6.07,2026-08-19,Tairos機器人展,2026
112,上銀,4,11,-18,-11,2026-07-24,2026-08-04,7,6.07,2026-08-19,Tairos機器人展,2026
113,上銀,4,12,-18,-10,2026-07-24,2026-08-05,8,16.61,2026-08-19,Tairos機器人展,2026
114,上銀,4,13,-18,-9,2026-07-24,2026-08-06,9,15.65,2026-08-19,Tairos機器人展,2026
115,上銀,4,14,-18,-8,2026-07-24,2026-08-07,10,23.64,2026-08-19,Tairos機器人展,2026
116,上銀,4,15,-18,-7,2026-07-24,2026-08-10,11,23.64,2026-08-19,Tairos機器人展,2026
117,上銀,4,16,-18,-6,2026-07-24,2026-08-11,12,17.57,2026-08-19,Tairos機器人展,2026
118,上銀,4,17,-18,-5,2026-07-24,2026-08-12,13,17.89,2026-08-19,Tairos機器人展,2026
119,上銀,4,18,-18,-4,2026-07-24,2026-08-13,14,21.73,2026-08-19,Tairos機器人展,2026
120,上銀,4,19,-18,-3,2026-07-24,2026-08-14,15,19.33,2026-08-19,Tairos機器人展,2026
121,上銀,4,20,-18,-2,2026-07-24,2026-08-17,16,21.88,2026-08-19,Tairos機器人展,2026
122,上銀,4,21,-18,-1,2026-07-24,2026-08-18,17,17.57,2026-08-19,Tairos機器人展,2026
123,上銀,4,22,-18,0,2026-07-24,2026-08-19,18,17.25,2026-08-19,Tairos機器人展,2026
124,上銀,4,23,-18,1,2026-07-24,2026-08-20,19,17.09,2026-08-19,Tairos機器人展,2026
125,上銀,4,24,-18,2,2026-07-24,2026-08-21,20,11.5,2026-08-19,Tairos機器人展,2026
126,上銀,4,25,-18,3,2026-07-24,2026-08-24,21,9.74,2026-08-19,Tairos機器人展,2026
127,上銀,4,26,-18,4,2026-07-24,2026-08-25,22,10.38,2026-08-19,Tairos機器人展,2026
128,上銀,4,27,-18,5,2026-07-24,2026-08-26,23,12.78,2026-08-19,Tairos機器人展,2026
129,上銀,4,28,-18,6,2026-07-24,2026-08-27,24,14.86,2026-08-19,Tairos機器人展,2026
130,上銀,5,6,-17,-16,2026-07-27,2026-07-28,1,-7.12,2026-08-19,Tairos機器人展,2026
131,上銀,5,7,-17,-15,2026-07-27,2026-07-29,2,-10.06,2026-08-19,Tairos機器人展,2026
132,上銀,5,8,-17,-14,2026-07-27,2026-07-30,3,-12.38,2026-08-19,Tairos機器人展,2026
133,上銀,5,9,-17,-13,2026-07-27,2026-07-31,4,-5.73,2026-08-19,Tairos機器人展,2026
134,上銀,5,10,-17,-12,2026-07-27,2026-08-03,5,2.79,2026-08-19,Tairos機器人展,2026
135,上銀,5,11,-17,-11,2026-07-27,2026-08-04,6,2.79,2026-08-19,Tairos機器人展,2026
136,上銀,5,12,-17,-10,2026-07-27,2026-08-05,7,13.0,2026-08-19,Tairos機器人展,2026
137,上銀,5,13,-17,-9,2026-07-27,2026-08-06,8,12.07,2026-08-19,Tairos機器人展,2026
138,上銀,5,14,-17,-8,2026-07-27,2026-08-07,9,19.81,2026-08-19,Tairos機器人展,2026
139,上銀,5,15,-17,-7,2026-07-27,2026-08-10,10,19.81,2026-08-19,Tairos機器人展,2026
140,上銀,5,16,-17,-6,2026-07-27,2026-08-11,11,13.93,2026-08-19,Tairos機器人展,2026
141,上銀,5,17,-17,-5,2026-07-27,2026-08-12,12,14.24,2026-08-19,Tairos機器人展,2026
142,上銀,5,18,-17,-4,2026-07-27,2026-08-13,13,17.96,2026-08-19,Tairos機器人展,2026
143,上銀,5,19,-17,-3,2026-07-27,2026-08-14,14,15.63,2026-08-19,Tairos機器人展,2026
144,上銀,5,20,-17,-2,2026-07-27,2026-08-17,15,18.11,2026-08-19,Tairos機器人展,2026
145,上銀,5,21,-17,-1,2026-07-27,2026-08-18,16,13.93,2026-08-19,Tairos機器人展,2026
146,上銀,5,22,-17,0,2026-07-27,2026-08-19,17,13.62,2026-08-19,Tairos機器人展,2026
147,上銀,5,23,-17,1,2026-07-27,2026-08-20,18,13.47,2026-08-19,Tairos機器人展,2026
148,上銀,5,24,-17,2,2026-07-27,2026-08-21,19,8.05,2026-08-19,Tairos機器人展,2026
149,上銀,5,25,-17,3,2026-07-27,2026-08-24,20,6.35,2026-08-19,Tairos機器人展,2026
150,上銀,5,26,-17,4,2026-07-27,2026-08-25,21,6.97,2026-08-19,Tairos機器人展,2026
151,上銀,5,27,-17,5,2026-07-27,2026-08-26,22,9.29,2026-08-19,Tairos機器人展,2026
152,上銀,5,28,-17,6,2026-07-27,2026-08-27,23,11.3,2026-08-19,Tairos機器人展,2026
153,上銀,6,7,-16,-15,2026-07-28,2026-07-29,1,-3.17,2026-08-19,Tairos機器人展,2026
154,上銀,6,8,-16,-14,2026-07-28,2026-07-30,2,-5.67,2026-08-19,Tairos機器人展,2026
155,上銀,6,9,-16,-13,2026-07-28,2026-07-31,3,1.5,2026-08-19,Tairos機器人展,2026
156,上銀,6,10,-16,-12,2026-07-28,2026-08-03,4,10.67,2026-08-19,Tairos機器人展,2026
157,上銀,6,11,-16,-11,2026-07-28,2026-08-04,5,10.67,2026-08-19,Tairos機器人展,2026
158,上銀,6,12,-16,-10,2026-07-28,2026-08-05,6,21.67,2026-08-19,Tairos機器人展,2026
159,上銀,6,13,-16,-9,2026-07-28,2026-08-06,7,20.67,2026-08-19,Tairos機器人展,2026
160,上銀,6,14,-16,-8,2026-07-28,2026-08-07,8,29.0,2026-08-19,Tairos機器人展,2026
161,上銀,6,15,-16,-7,2026-07-28,2026-08-10,9,29.0,2026-08-19,Tairos機器人展,2026
162,上銀,6,16,-16,-6,2026-07-28,2026-08-11,10,22.67,2026-08-19,Tairos機器人展,2026
163,上銀,6,17,-16,-5,2026-07-28,2026-08-12,11,23.0,2026-08-19,Tairos機器人展,2026
164,上銀,6,18,-16,-4,2026-07-28,2026-08-13,12,27.0,2026-08-19,Tairos機器人展,2026
165,上銀,6,19,-16,-3,2026-07-28,2026-08-14,13,24.5,2026-08-19,Tairos機器人展,2026
166,上銀,6,20,-16,-2,2026-07-28,2026-08-17,14,27.17,2026-08-19,Tairos機器人展,2026
167,上銀,6,21,-16,-1,2026-07-28,2026-08-18,15,22.67,2026-08-19,Tairos機器人展,2026
168,上銀,6,22,-16,0,2026-07-28,2026-08-19,16,22.33,2026-08-19,Tairos機器人展,2026
169,上銀,6,23,-16,1,2026-07-28,2026-08-20,17,22.17,2026-08-19,Tairos機器人展,2026
170,上銀,6,24,-16,2,2026-07-28,2026-08-21,18,16.33,2026-08-19,Tairos機器人展,2026
171,上銀,6,25,-16,3,2026-07-28,2026-08-24,19,14.5,2026-08-19,Tairos機器人展,2026
172,上銀,6,26,-16,4,2026-07-28,2026-08-25,20,15.17,2026-08-19,Tairos機器人展,2026
173,上銀,6,27,-16,5,2026-07-28,2026-08-26,21,17.67,2026-08-19,Tairos機器人展,2026
174,上銀,6,28,-16,6,2026-07-28,2026-08-27,22,19.83,2026-08-19,Tairos機器人展,2026
175,上銀,7,8,-15,-14,2026-07-29,2026-07-30,1,-2.58,2026-08-19,Tairos機器人展,2026
176,上銀,7,9,-15,-13,2026-07-29,2026-07-31,2,4.82,2026-08-19,Tairos機器人展,2026
177,上銀,7,10,-15,-12,2026-07-29,2026-08-03,3,14.29,2026-08-19,Tairos機器人展,2026
178,上銀,7,11,-15,-11,2026-07-29,2026-08-04,4,14.29,2026-08-19,Tairos機器人展,2026
179,上銀,7,12,-15,-10,2026-07-29,2026-08-05,5,25.65,2026-08-19,Tairos機器人展,2026
180,上銀,7,13,-15,-9,2026-07-29,2026-08-06,6,24.61,2026-08-19,Tairos機器人展,2026
181,上銀,7,14,-15,-8,2026-07-29,2026-08-07,7,33.22,2026-08-19,Tairos機器人展,2026
182,上銀,7,15,-15,-7,2026-07-29,2026-08-10,8,33.22,2026-08-19,Tairos機器人展,2026
183,上銀,7,16,-15,-6,2026-07-29,2026-08-11,9,26.68,2026-08-19,Tairos機器人展,2026
184,上銀,7,17,-15,-5,2026-07-29,2026-08-12,10,27.02,2026-08-19,Tairos機器人展,2026
185,上銀,7,18,-15,-4,2026-07-29,2026-08-13,11,31.15,2026-08-19,Tairos機器人展,2026
186,上銀,7,19,-15,-3,2026-07-29,2026-08-14,12,28.57,2026-08-19,Tairos機器人展,2026
187,上銀,7,20,-15,-2,2026-07-29,2026-08-17,13,31.33,2026-08-19,Tairos機器人展,2026
188,上銀,7,21,-15,-1,2026-07-29,2026-08-18,14,26.68,2026-08-19,Tairos機器人展,2026
189,上銀,7,22,-15,0,2026-07-29,2026-08-19,15,26.33,2026-08-19,Tairos機器人展,2026
190,上銀,7,23,-15,1,2026-07-29,2026-08-20,16,26.16,2026-08-19,Tairos機器人展,2026
191,上銀,7,24,-15,2,2026-07-29,2026-08-21,17,20.14,2026-08-19,Tairos機器人展,2026
192,上銀,7,25,-15,3,2026-07-29,2026-08-24,18,18.24,2026-08-19,Tairos機器人展,2026
193,上銀,7,26,-15,4,2026-07-29,2026-08-25,19,18.93,2026-08-19,Tairos機器人展,2026
194,上銀,7,27,-15,5,2026-07-29,2026-08-26,20,21.51,2026-08-19,Tairos機器人展,2026
195,上銀,7,28,-15,6,2026-07-29,2026-08-27,21,23.75,2026-08-19,Tairos機器人展,2026
196,上銀,8,9,-14,-13,2026-07-30,2026-07-31,1,7.6,2026-08-19,Tairos機器人展,2026
197,上銀,8,10,-14,-12,2026-07-30,2026-08-03,2,17.31,2026-08-19,Tairos機器人展,2026
198,上銀,8,11,-14,-11,2026-07-30,2026-08-04,3,17.31,2026-08-19,Tairos機器人展,2026
199,上銀,8,12,-14,-10,2026-07-30,2026-08-05,4,28.98,2026-08-19,Tairos機器人展,2026
200,上銀,8,13,-14,-9,2026-07-30,2026-08-06,5,27.92,2026-08-19,Tairos機器人展,2026
201,上銀,8,14,-14,-8,2026-07-30,2026-08-07,6,36.75,2026-08-19,Tairos機器人展,2026
202,上銀,8,15,-14,-7,2026-07-30,2026-08-10,7,36.75,2026-08-19,Tairos機器人展,2026
203,上銀,8,16,-14,-6,2026-07-30,2026-08-11,8,30.04,2026-08-19,Tairos機器人展,2026
204,上銀,8,17,-14,-5,2026-07-30,2026-08-12,9,30.39,2026-08-19,Tairos機器人展,2026
205,上銀,8,18,-14,-4,2026-07-30,2026-08-13,10,34.63,2026-08-19,Tairos機器人展,2026
206,上銀,8,19,-14,-3,2026-07-30,2026-08-14,11,31.98,2026-08-19,Tairos機器人展,2026
207,上銀,8,20,-14,-2,2026-07-30,2026-08-17,12,34.81,2026-08-19,Tairos機器人展,2026
208,上銀,8,21,-14,-1,2026-07-30,2026-08-18,13,30.04,2026-08-19,Tairos機器人展,2026
209,上銀,8,22,-14,0,2026-07-30,2026-08-19,14,29.68,2026-08-19,Tairos機器人展,2026
210,上銀,8,23,-14,1,2026-07-30,2026-08-20,15,29.51,2026-08-19,Tairos機器人展,2026
211,上銀,8,24,-14,2,2026-07-30,2026-08-21,16,23.32,2026-08-19,Tairos機器人展,2026
212,上銀,8,25,-14,3,2026-07-30,2026-08-24,17,21.38,2026-08-19,Tairos機器人展,2026
213,上銀,8,26,-14,4,2026-07-30,2026-08-25,18,22.08,2026-08-19,Tairos機器人展,2026
214,上銀,8,27,-14,5,2026-07-30,2026-08-26,19,24.73,2026-08-19,Tairos機器人展,2026
215,上銀,8,28,-14,6,2026-07-30,2026-08-27,20,27.03,2026-08-19,Tairos機器人展,2026
216,上銀,9,10,-13,-12,2026-07-31,2026-08-03,1,9.03,2026-08-19,Tairos機器人展,2026
217,上銀,9,11,-13,-11,2026-07-31,2026-08-04,2,9.03,2026-08-19,Tairos機器人展,2026
218,上銀,9,12,-13,-10,2026-07-31,2026-08-05,3,19.87,2026-08-19,Tairos機器人展,2026
219,上銀,9,13,-13,-9,2026-07-31,2026-08-06,4,18.88,2026-08-19,Tairos機器人展,2026
220,上銀,9,14,-13,-8,2026-07-31,2026-08-07,5,27.09,2026-08-19,Tairos機器人展,2026
221,上銀,9,15,-13,-7,2026-07-31,2026-08-10,6,27.09,2026-08-19,Tairos機器人展,2026
222,上銀,9,16,-13,-6,2026-07-31,2026-08-11,7,20.85,2026-08-19,Tairos機器人展,2026
223,上銀,9,17,-13,-5,2026-07-31,2026-08-12,8,21.18,2026-08-19,Tairos機器人展,2026
224,上銀,9,18,-13,-4,2026-07-31,2026-08-13,9,25.12,2026-08-19,Tairos機器人展,2026
225,上銀,9,19,-13,-3,2026-07-31,2026-08-14,10,22.66,2026-08-19,Tairos機器人展,2026
226,上銀,9,20,-13,-2,2026-07-31,2026-08-17,11,25.29,2026-08-19,Tairos機器人展,2026
227,上銀,9,21,-13,-1,2026-07-31,2026-08-18,12,20.85,2026-08-19,Tairos機器人展,2026
228,上銀,9,22,-13,0,2026-07-31,2026-08-19,13,20.53,2026-08-19,Tairos機器人展,2026
229,上銀,9,23,-13,1,2026-07-31,2026-08-20,14,20.36,2026-08-19,Tairos機器人展,2026
230,上銀,9,24,-13,2,2026-07-31,2026-08-21,15,14.61,2026-08-19,Tairos機器人展,2026
231,上銀,9,25,-13,3,2026-07-31,2026-08-24,16,12.81,2026-08-19,Tairos機器人展,2026
232,上銀,9,26,-13,4,2026-07-31,2026-08-25,17,13.46,2026-08-19,Tairos機器人展,2026
233,上銀,9,27,-13,5,2026-07-31,2026-08-26,18,15.93,2026-08-19,Tairos機器人展,2026
234,上銀,9,28,-13,6,2026-07-31,2026-08-27,19,18.06,2026-08-19,Tairos機器人展,2026
235,上銀,10,11,-12,-11,2026-08-03,2026-08-04,1,0.0,2026-08-19,Tairos機器人展,2026
236,上銀,10,12,-12,-10,2026-08-03,2026-08-05,2,9.94,2026-08-19,Tairos機器人展,2026
237,上銀,10,13,-12,-9,2026-08-03,2026-08-06,3,9.04,2026-08-19,Tairos機器人展,2026
238,上銀,10,14,-12,-8,2026-08-03,2026-08-07,4,16.57,2026-08-19,Tairos機器人展,2026
239,上銀,10,15,-12,-7,2026-08-03,2026-08-10,5,16.57,2026-08-19,Tairos機器人展,2026
240,上銀,10,16,-12,-6,2026-08-03,2026-08-11,6,10.84,2026-08-19,Tairos機器人展,2026
241,上銀,10,17,-12,-5,2026-08-03,2026-08-12,7,11.14,2026-08-19,Tairos機器人展,2026
242,上銀,10,18,-12,-4,2026-08-03,2026-08-13,8,14.76,2026-08-19,Tairos機器人展,2026
243,上銀,10,19,-12,-3,2026-08-03,2026-08-14,9,12.5,2026-08-19,Tairos機器人展,2026
244,上銀,10,20,-12,-2,2026-08-03,2026-08-17,10,14.91,2026-08-19,Tairos機器人展,2026
245,上銀,10,21,-12,-1,2026-08-03,2026-08-18,11,10.84,2026-08-19,Tairos機器人展,2026
246,上銀,10,22,-12,0,2026-08-03,2026-08-19,12,10.54,2026-08-19,Tairos機器人展,2026
247,上銀,10,23,-12,1,2026-08-03,2026-08-20,13,10.39,2026-08-19,Tairos機器人展,2026
248,上銀,10,24,-12,2,2026-08-03,2026-08-21,14,5.12,2026-08-19,Tairos機器人展,2026
249,上銀,10,25,-12,3,2026-08-03,2026-08-24,15,3.46,2026-08-19,Tairos機器人展,2026
250,上銀,10,26,-12,4,2026-08-03,2026-08-25,16,4.07,2026-08-19,Tairos機器人展,2026
251,上銀,10,27,-12,5,2026-08-03,2026-08-26,17,6.33,2026-08-19,Tairos機器人展,2026
252,上銀,10,28,-12,6,2026-08-03,2026-08-27,18,8.28,2026-08-19,Tairos機器人展,2026
253,上銀,11,12,-11,-10,2026-08-04,2026-08-05,1,9.94,2026-08-19,Tairos機器人展,2026
254,上銀,11,13,-11,-9,2026-08-04,2026-08-06,2,9.04,2026-08-19,Tairos機器人展,2026
255,上銀,11,14,-11,-8,2026-08-04,2026-08-07,3,16.57,2026-08-19,Tairos機器人展,2026
256,上銀,11,15,-11,-7,2026-08-04,2026-08-10,4,16.57,2026-08-19,Tairos機器人展,2026
257,上銀,11,16,-11,-6,2026-08-04,2026-08-11,5,10.84,2026-08-19,Tairos機器人展,2026
258,上銀,11,17,-11,-5,2026-08-04,2026-08-12,6,11.14,2026-08-19,Tairos機器人展,2026
259,上銀,11,18,-11,-4,2026-08-04,2026-08-13,7,14.76,2026-08-19,Tairos機器人展,2026
260,上銀,11,19,-11,-3,2026-08-04,2026-08-14,8,12.5,2026-08-19,Tairos機器人展,2026
261,上銀,11,20,-11,-2,2026-08-04,2026-08-17,9,14.91,2026-08-19,Tairos機器人展,2026
262,上銀,11,21,-11,-1,2026-08-04,2026-08-18,10,10.84,2026-08-19,Tairos機器人展,2026
263,上銀,11,22,-11,0,2026-08-04,2026-08-19,11,10.54,2026-08-19,Tairos機器人展,2026
264,上銀,11,23,-11,1,2026-08-04,2026-08-20,12,10.39,2026-08-19,Tairos機器人展,2026
265,上銀,11,24,-11,2,2026-08-04,2026-08-21,13,5.12,2026-08-19,Tairos機器人展,2026
266,上銀,11,25,-11,3,2026-08-04,2026-08-24,14,3.46,2026-08-19,Tairos機器人展,2026
267,上銀,11,26,-11,4,2026-08-04,2026-08-25,15,4.07,2026-08-19,Tairos機器人展,2026
268,上銀,11,27,-11,5,2026-08-04,2026-08-26,16,6.33,2026-08-19,Tairos機器人展,2026
269,上銀,11,28,-11,6,2026-08-04,2026-08-27,17,8.28,2026-08-19,Tairos機器人展,2026
270,上銀,12,13,-10,-9,2026-08-05,2026-08-06,1,-0.82,2026-08-19,Tairos機器人展,2026
271,上銀,12,14,-10,-8,2026-08-05,2026-08-07,2,6.03,2026-08-19,Tairos機器人展,2026
272,上銀,12,15,-10,-7,2026-08-05,2026-08-10,3,6.03,2026-08-19,Tairos機器人展,2026
273,上銀,12,16,-10,-6,2026-08-05,2026-08-11,4,0.82,2026-08-19,Tairos機器人展,2026
274,上銀,12,17,-10,-5,2026-08-05,2026-08-12,5,1.1,2026-08-19,Tairos機器人展,2026
275,上銀,12,18,-10,-4,2026-08-05,2026-08-13,6,4.38,2026-08-19,Tairos機器人展,2026
276,上銀,12,19,-10,-3,2026-08-05,2026-08-14,7,2.33,2026-08-19,Tairos機器人展,2026
277,上銀,12,20,-10,-2,2026-08-05,2026-08-17,8,4.52,2026-08-19,Tairos機器人展,2026
278,上銀,12,21,-10,-1,2026-08-05,2026-08-18,9,0.82,2026-08-19,Tairos機器人展,2026
279,上銀,12,22,-10,0,2026-08-05,2026-08-19,10,0.55,2026-08-19,Tairos機器人展,2026
280,上銀,12,23,-10,1,2026-08-05,2026-08-20,11,0.41,2026-08-19,Tairos機器人展,2026
281,上銀,12,24,-10,2,2026-08-05,2026-08-21,12,-4.38,2026-08-19,Tairos機器人展,2026
282,上銀,12,25,-10,3,2026-08-05,2026-08-24,13,-5.89,2026-08-19,Tairos機器人展,2026
283,上銀,12,26,-10,4,2026-08-05,2026-08-25,14,-5.34,2026-08-19,Tairos機器人展,2026
284,上銀,12,27,-10,5,2026-08-05,2026-08-26,15,-3.29,2026-08-19,Tairos機器人展,2026
285,上銀,12,28,-10,6,2026-08-05,2026-08-27,16,-1.51,2026-08-19,Tairos機器人展,2026
286,上銀,13,14,-9,-8,2026-08-06,2026-08-07,1,6.91,2026-08-19,Tairos機器人展,2026
287,上銀,13,15,-9,-7,2026-08-06,2026-08-10,2,6.91,2026-08-19,Tairos機器人展,2026
288,上銀,13,16,-9,-6,2026-08-06,2026-08-11,3,1.66,2026-08-19,Tairos機器人展,2026
289,上銀,13,17,-9,-5,2026-08-06,2026-08-12,4,1.93,2026-08-19,Tairos機器人展,2026
290,上銀,13,18,-9,-4,2026-08-06,2026-08-13,5,5.25,2026-08-19,Tairos機器人展,2026
291,上銀,13,19,-9,-3,2026-08-06,2026-08-14,6,3.18,2026-08-19,Tairos機器人展,2026
292,上銀,13,20,-9,-2,2026-08-06,2026-08-17,7,5.39,2026-08-19,Tairos機器人展,2026
293,上銀,13,21,-9,-1,2026-08-06,2026-08-18,8,1.66,2026-08-19,Tairos機器人展,2026
294,上銀,13,22,-9,0,2026-08-06,2026-08-19,9,1.38,2026-08-19,Tairos機器人展,2026
295,上銀,13,23,-9,1,2026-08-06,2026-08-20,10,1.24,2026-08-19,Tairos機器人展,2026
296,上銀,13,24,-9,2,2026-08-06,2026-08-21,11,-3.59,2026-08-19,Tairos機器人展,2026
297,上銀,13,25,-9,3,2026-08-06,2026-08-24,12,-5.11,2026-08-19,Tairos機器人展,2026
298,上銀,13,26,-9,4,2026-08-06,2026-08-25,13,-4.56,2026-08-19,Tairos機器人展,2026
299,上銀,13,27,-9,5,2026-08-06,2026-08-26,14,-2.49,2026-08-19,Tairos機器人展,2026
300,上銀,13,28,-9,6,2026-08-06,2026-08-27,15,-0.69,2026-08-19,Tairos機器人展,2026
301,上銀,14,15,-8,-7,2026-08-07,2026-08-10,1,0.0,2026-08-19,Tairos機器人展,2026
302,上銀,14,16,-8,-6,2026-08-07,2026-08-11,2,-4.91,2026-08-19,Tairos機器人展,2026
303,上銀,14,17,-8,-5,2026-08-07,2026-08-12,3,-4.65,2026-08-19,Tairos機器人展,2026
304,上銀,14,18,-8,-4,2026-08-07,2026-08-13,4,-1.55,2026-08-19,Tairos機器人展,2026
305,上銀,14,19,-8,-3,2026-08-07,2026-08-14,5,-3.49,2026-08-19,Tairos機器人展,2026
306,上銀,14,20,-8,-2,2026-08-07,2026-08-17,6,-1.42,2026-08-19,Tairos機器人展,2026
307,上銀,14,21,-8,-1,2026-08-07,2026-08-18,7,-4.91,2026-08-19,Tairos機器人展,2026
308,上銀,14,22,-8,0,2026-08-07,2026-08-19,8,-5.17,2026-08-19,Tairos機器人展,2026
309,上銀,14,23,-8,1,2026-08-07,2026-08-20,9,-5.3,2026-08-19,Tairos機器人展,2026
310,上銀,14,24,-8,2,2026-08-07,2026-08-21,10,-9.82,2026-08-19,Tairos機器人展,2026
311,上銀,14,25,-8,3,2026-08-07,2026-08-24,11,-11.24,2026-08-19,Tairos機器人展,2026
312,上銀,14,26,-8,4,2026-08-07,2026-08-25,12,-10.72,2026-08-19,Tairos機器人展,2026
313,上銀,14,27,-8,5,2026-08-07,2026-08-26,13,-8.79,2026-08-19,Tairos機器人展,2026
314,上銀,14,28,-8,6,2026-08-07,2026-08-27,14,-7.11,2026-08-19,Tairos機器人展,2026
315,上銀,15,16,-7,-6,2026-08-10,2026-08-11,1,-4.91,2026-08-19,Tairos機器人展,2026
316,上銀,15,17,-7,-5,2026-08-10,2026-08-12,2,-4.65,2026-08-19,Tairos機器人展,2026
317,上銀,15,18,-7,-4,2026-08-10,2026-08-13,3,-1.55,2026-08-19,Tairos機器人展,2026
318,上銀,15,19,-7,-3,2026-08-10,2026-08-14,4,-3.49,2026-08-19,Tairos機器人展,2026
319,上銀,15,20,-7,-2,2026-08-10,2026-08-17,5,-1.42,2026-08-19,Tairos機器人展,2026
320,上銀,15,21,-7,-1,2026-08-10,2026-08-18,6,-4.91,2026-08-19,Tairos機器人展,2026
321,上銀,15,22,-7,0,2026-08-10,2026-08-19,7,-5.17,2026-08-19,Tairos機器人展,2026
322,上銀,15,23,-7,1,2026-08-10,2026-08-20,8,-5.3,2026-08-19,Tairos機器人展,2026
323,上銀,15,24,-7,2,2026-08-10,2026-08-21,9,-9.82,2026-08-19,Tairos機器人展,2026
324,上銀,15,25,-7,3,2026-08-10,2026-08-24,10,-11.24,2026-08-19,Tairos機器人展,2026
325,上銀,15,26,-7,4,2026-08-10,2026-08-25,11,-10.72,2026-08-19,Tairos機器人展,2026
326,上銀,15,27,-7,5,2026-08-10,2026-08-26,12,-8.79,2026-08-19,Tairos機器人展,2026
327,上銀,15,28,-7,6,2026-08-10,2026-08-27,13,-7.11,2026-08-19,Tairos機器人展,2026
328,上銀,16,17,-6,-5,2026-08-11,2026-08-12,1,0.27,2026-08-19,Tairos機器人展,2026
329,上銀,16,18,-6,-4,2026-08-11,2026-08-13,2,3.53,2026-08-19,Tairos機器人展,2026
330,上銀,16,19,-6,-3,2026-08-11,2026-08-14,3,1.49,2026-08-19,Tairos機器人展,2026
331,上銀,16,20,-6,-2,2026-08-11,2026-08-17,4,3.67,2026-08-19,Tairos機器人展,2026
332,上銀,16,21,-6,-1,2026-08-11,2026-08-18,5,0.0,2026-08-19,Tairos機器人展,2026
333,上銀,16,22,-6,0,2026-08-11,2026-08-19,6,-0.27,2026-08-19,Tairos機器人展,2026
334,上銀,16,23,-6,1,2026-08-11,2026-08-20,7,-0.41,2026-08-19,Tairos機器人展,2026
335,上銀,16,24,-6,2,2026-08-11,2026-08-21,8,-5.16,2026-08-19,Tairos機器人展,2026
336,上銀,16,25,-6,3,2026-08-11,2026-08-24,9,-6.66,2026-08-19,Tairos機器人展,2026
337,上銀,16,26,-6,4,2026-08-11,2026-08-25,10,-6.11,2026-08-19,Tairos機器人展,2026
338,上銀,16,27,-6,5,2026-08-11,2026-08-26,11,-4.08,2026-08-19,Tairos機器人展,2026
339,上銀,16,28,-6,6,2026-08-11,2026-08-27,12,-2.31,2026-08-19,Tairos機器人展,2026
340,上銀,17,18,-5,-4,2026-08-12,2026-08-13,1,3.25,2026-08-19,Tairos機器人展,2026
341,上銀,17,19,-5,-3,2026-08-12,2026-08-14,2,1.22,2026-08-19,Tairos機器人展,2026
342,上銀,17,20,-5,-2,2026-08-12,2026-08-17,3,3.39,2026-08-19,Tairos機器人展,2026
343,上銀,17,21,-5,-1,2026-08-12,2026-08-18,4,-0.27,2026-08-19,Tairos機器人展,2026
344,上銀,17,22,-5,0,2026-08-12,2026-08-19,5,-0.54,2026-08-19,Tairos機器人展,2026
345,上銀,17,23,-5,1,2026-08-12,2026-08-20,6,-0.68,2026-08-19,Tairos機器人展,2026
346,上銀,17,24,-5,2,2026-08-12,2026-08-21,7,-5.42,2026-08-19,Tairos機器人展,2026
347,上銀,17,25,-5,3,2026-08-12,2026-08-24,8,-6.91,2026-08-19,Tairos機器人展,2026
348,上銀,17,26,-5,4,2026-08-12,2026-08-25,9,-6.37,2026-08-19,Tairos機器人展,2026
349,上銀,17,27,-5,5,2026-08-12,2026-08-26,10,-4.34,2026-08-19,Tairos機器人展,2026
350,上銀,17,28,-5,6,2026-08-12,2026-08-27,11,-2.57,2026-08-19,Tairos機器人展,2026
351,上銀,18,19,-4,-3,2026-08-13,2026-08-14,1,-1.97,2026-08-19,Tairos機器人展,2026
352,上銀,18,20,-4,-2,2026-08-13,2026-08-17,2,0.13,2026-08-19,Tairos機器人展,2026
353,上銀,18,21,-4,-1,2026-08-13,2026-08-18,3,-3.41,2026-08-19,Tairos機器人展,2026
354,上銀,18,22,-4,0,2026-08-13,2026-08-19,4,-3.67,2026-08-19,Tairos機器人展,2026
355,上銀,18,23,-4,1,2026-08-13,2026-08-20,5,-3.81,2026-08-19,Tairos機器人展,2026
356,上銀,18,24,-4,2,2026-08-13,2026-08-21,6,-8.4,2026-08-19,Tairos機器人展,2026
357,上銀,18,25,-4,3,2026-08-13,2026-08-24,7,-9.84,2026-08-19,Tairos機器人展,2026
358,上銀,18,26,-4,4,2026-08-13,2026-08-25,8,-9.32,2026-08-19,Tairos機器人展,2026
359,上銀,18,27,-4,5,2026-08-13,2026-08-26,9,-7.35,2026-08-19,Tairos機器人展,2026
360,上銀,18,28,-4,6,2026-08-13,2026-08-27,10,-5.64,2026-08-19,Tairos機器人展,2026
361,上銀,19,20,-3,-2,2026-08-14,2026-08-17,1,2.14,2026-08-19,Tairos機器人展,2026
362,上銀,19,21,-3,-1,2026-08-14,2026-08-18,2,-1.47,2026-08-19,Tairos機器人展,2026
363,上銀,19,22,-3,0,2026-08-14,2026-08-19,3,-1.74,2026-08-19,Tairos機器人展,2026
364,上銀,19,23,-3,1,2026-08-14,2026-08-20,4,-1.87,2026-08-19,Tairos機器人展,2026
365,上銀,19,24,-3,2,2026-08-14,2026-08-21,5,-6.56,2026-08-19,Tairos機器人展,2026
366,上銀,19,25,-3,3,2026-08-14,2026-08-24,6,-8.03,2026-08-19,Tairos機器人展,2026
367,上銀,19,26,-3,4,2026-08-14,2026-08-25,7,-7.5,2026-08-19,Tairos機器人展,2026
368,上銀,19,27,-3,5,2026-08-14,2026-08-26,8,-5.49,2026-08-19,Tairos機器人展,2026
369,上銀,19,28,-3,6,2026-08-14,2026-08-27,9,-3.75,2026-08-19,Tairos機器人展,2026
370,上銀,20,21,-2,-1,2026-08-17,2026-08-18,1,-3.54,2026-08-19,Tairos機器人展,2026
371,上銀,20,22,-2,0,2026-08-17,2026-08-19,2,-3.8,2026-08-19,Tairos機器人展,2026
372,上銀,20,23,-2,1,2026-08-17,2026-08-20,3,-3.93,2026-08-19,Tairos機器人展,2026
373,上銀,20,24,-2,2,2026-08-17,2026-08-21,4,-8.52,2026-08-19,Tairos機器人展,2026
374,上銀,20,25,-2,3,2026-08-17,2026-08-24,5,-9.96,2026-08-19,Tairos機器人展,2026
375,上銀,20,26,-2,4,2026-08-17,2026-08-25,6,-9.44,2026-08-19,Tairos機器人展,2026
376,上銀,20,27,-2,5,2026-08-17,2026-08-26,7,-7.47,2026-08-19,Tairos機器人展,2026
377,上銀,20,28,-2,6,2026-08-17,2026-08-27,8,-5.77,2026-08-19,Tairos機器人展,2026
378,上銀,21,22,-1,0,2026-08-18,2026-08-19,1,-0.27,2026-08-19,Tairos機器人展,2026
379,上銀,21,23,-1,1,2026-08-18,2026-08-20,2,-0.41,2026-08-19,Tairos機器人展,2026
380,上銀,21,24,-1,2,2026-08-18,2026-08-21,3,-5.16,2026-08-19,Tairos機器人展,2026
381,上銀,21,25,-1,3,2026-08-18,2026-08-24,4,-6.66,2026-08-19,Tairos機器人展,2026
382,上銀,21,26,-1,4,2026-08-18,2026-08-25,5,-6.11,2026-08-19,Tairos機器人展,2026
383,上銀,21,27,-1,5,2026-08-18,2026-08-26,6,-4.08,2026-08-19,Tairos機器人展,2026
384,上銀,21,28,-1,6,2026-08-18,2026-08-27,7,-2.31,2026-08-19,Tairos機器人展,2026
385,上銀,22,23,0,1,2026-08-19,2026-08-20,1,-0.14,2026-08-19,Tairos機器人展,2026
386,上銀,22,24,0,2,2026-08-19,2026-08-21,2,-4.9,2026-08-19,Tairos機器人展,2026
387,上銀,22,25,0,3,2026-08-19,2026-08-24,3,-6.4,2026-08-19,Tairos機器人展,2026
388,上銀,22,26,0,4,2026-08-19,2026-08-25,4,-5.86,2026-08-19,Tairos機器人展,2026
389,上銀,22,27,0,5,2026-08-19,2026-08-26,5,-3.81,2026-08-19,Tairos機器人展,2026
390,上銀,22,28,0,6,2026-08-19,2026-08-27,6,-2.04,2026-08-19,Tairos機器人展,2026
391,上銀,23,24,1,2,2026-08-20,2026-08-21,1,-4.77,2026-08-19,Tairos機器人展,2026
392,上銀,23,25,1,3,2026-08-20,2026-08-24,2,-6.28,2026-08-19,Tairos機器人展,2026
393,上銀,23,26,1,4,2026-08-20,2026-08-25,3,-5.73,2026-08-19,Tairos機器人展,2026
394,上銀,23,27,1,5,2026-08-20,2026-08-26,4,-3.68,2026-08-19,Tairos機器人展,2026
395,上銀,23,28,1,6,2026-08-20,2026-08-27,5,-1.91,2026-08-19,Tairos機器人展,2026
396,上銀,24,25,2,3,2026-08-21,2026-08-24,1,-1.58,2026-08-19,Tairos機器人展,2026
397,上銀,24,26,2,4,2026-08-21,2026-08-25,2,-1.0,2026-08-19,Tairos機器人展,2026
398,上銀,24,27,2,5,2026-08-21,2026-08-26,3,1.15,2026-08-19,Tairos機器人展,2026
399,上銀,24,28,2,6,2026-08-21,2026-08-27,4,3.01,2026-08-19,Tairos機器人展,2026
400,上銀,25,26,3,4,2026-08-24,2026-08-25,1,0.58,2026-08-19,Tairos機器人展,2026
401,上銀,25,27,3,5,2026-08-24,2026-08-26,2,2.77,2026-08-19,Tairos機器人展,2026
402,上銀,25,28,3,6,2026-08-24,2026-08-27,3,4.66,2026-08-19,Tairos機器人展,2026
403,上銀,26,27,4,5,2026-08-25,2026-08-26,1,2.17,2026-08-19,Tairos機器人展,2026
404,上銀,26,28,4,6,2026-08-25,2026-08-27,2,4.05,2026-08-19,Tairos機器人展,2026
405,上銀,27,28,5,6,2026-08-26,2026-08-27,1,1.84,2026-08-19,Tairos機器人展,2026
406,研華,0,1,-22,-21,2026-07-20,2026-07-21,1,9.88,2026-08-19,Tairos機器人展,2026
407,研華,0,2,-22,-20,2026-07-20,2026-07-22,2,15.5,2026-08-19,Tairos機器人展,2026
408,研華,0,3,-22,-19,2026-07-20,2026-07-23,3,16.28,2026-08-19,Tairos機器人展,2026
409,研華,0,4,-22,-18,2026-07-20,2026-07-24,4,12.6,2026-08-19,Tairos機器人展,2026
410,研華,0,5,-22,-17,2026-07-20,2026-07-27,5,11.82,2026-08-19,Tairos機器人展,2026
411,研華,0,6,-22,-16,2026-07-20,2026-07-28,6,7.75,2026-08-19,Tairos機器人展,2026
412,研華,0,7,-22,-15,2026-07-20,2026-07-29,7,6.59,2026-08-19,Tairos機器人展,2026
413,研華,0,8,-22,-14,2026-07-20,2026-07-30,8,6.01,2026-08-19,Tairos機器人展,2026
414,研華,0,9,-22,-13,2026-07-20,2026-07-31,9,9.11,2026-08-19,Tairos機器人展,2026
415,研華,0,10,-22,-12,2026-07-20,2026-08-03,10,11.63,2026-08-19,Tairos機器人展,2026
416,研華,0,11,-22,-11,2026-07-20,2026-08-04,11,11.63,2026-08-19,Tairos機器人展,2026
417,研華,0,12,-22,-10,2026-07-20,2026-08-05,12,22.67,2026-08-19,Tairos機器人展,2026
418,研華,0,13,-22,-9,2026-07-20,2026-08-06,13,20.54,2026-08-19,Tairos機器人展,2026
419,研華,0,14,-22,-8,2026-07-20,2026-08-07,14,22.87,2026-08-19,Tairos機器人展,2026
420,研華,0,15,-22,-7,2026-07-20,2026-08-10,15,29.26,2026-08-19,Tairos機器人展,2026
421,研華,0,16,-22,-6,2026-07-20,2026-08-11,16,28.1,2026-08-19,Tairos機器人展,2026
422,研華,0,17,-22,-5,2026-07-20,2026-08-12,17,32.95,2026-08-19,Tairos機器人展,2026
423,研華,0,18,-22,-4,2026-07-20,2026-08-13,18,35.27,2026-08-19,Tairos機器人展,2026
424,研華,0,19,-22,-3,2026-07-20,2026-08-14,19,32.36,2026-08-19,Tairos機器人展,2026
425,研華,0,20,-22,-2,2026-07-20,2026-08-17,20,30.62,2026-08-19,Tairos機器人展,2026
426,研華,0,21,-22,-1,2026-07-20,2026-08-18,21,31.59,2026-08-19,Tairos機器人展,2026
427,研華,0,22,-22,0,2026-07-20,2026-08-19,22,34.5,2026-08-19,Tairos機器人展,2026
428,研華,0,23,-22,1,2026-07-20,2026-08-20,23,30.43,2026-08-19,Tairos機器人展,2026
429,研華,0,24,-22,2,2026-07-20,2026-08-21,24,25.78,2026-08-19,Tairos機器人展,2026
430,研華,0,25,-22,3,2026-07-20,2026-08-24,25,27.52,2026-08-19,Tairos機器人展,2026
431,研華,0,26,-22,4,2026-07-20,2026-08-25,26,29.84,2026-08-19,Tairos機器人展,2026
432,研華,0,27,-22,5,2026-07-20,2026-08-26,27,33.33,2026-08-19,Tairos機器人展,2026
433,研華,0,28,-22,6,2026-07-20,2026-08-27,28,30.81,2026-08-19,Tairos機器人展,2026
434,研華,1,2,-21,-20,2026-07-21,2026-07-22,1,5.11,2026-08-19,Tairos機器人展,2026
435,研華,1,3,-21,-19,2026-07-21,2026-07-23,2,5.82,2026-08-19,Tairos機器人展,2026
436,研華,1,4,-21,-18,2026-07-21,2026-07-24,3,2.47,2026-08-19,Tairos機器人展,2026
437,研華,1,5,-21,-17,2026-07-21,2026-07-27,4,1.76,2026-08-19,Tairos機器人展,2026
438,研華,1,6,-21,-16,2026-07-21,2026-07-28,5,-1.94,2026-08-19,Tairos機器人展,2026
439,研華,1,7,-21,-15,2026-07-21,2026-07-29,6,-3.0,2026-08-19,Tairos機器人展,2026
440,研華,1,8,-21,-14,2026-07-21,2026-07-30,7,-3.53,2026-08-19,Tairos機器人展,2026
441,研華,1,9,-21,-13,2026-07-21,2026-07-31,8,-0.71,2026-08-19,Tairos機器人展,2026
442,研華,1,10,-21,-12,2026-07-21,2026-08-03,9,1.59,2026-08-19,Tairos機器人展,2026
443,研華,1,11,-21,-11,2026-07-21,2026-08-04,10,1.59,2026-08-19,Tairos機器人展,2026
444,研華,1,12,-21,-10,2026-07-21,2026-08-05,11,11.64,2026-08-19,Tairos機器人展,2026
445,研華,1,13,-21,-9,2026-07-21,2026-08-06,12,9.7,2026-08-19,Tairos機器人展,2026
446,研華,1,14,-21,-8,2026-07-21,2026-08-07,13,11.82,2026-08-19,Tairos機器人展,2026
447,研華,1,15,-21,-7,2026-07-21,2026-08-10,14,17.64,2026-08-19,Tairos機器人展,2026
448,研華,1,16,-21,-6,2026-07-21,2026-08-11,15,16.58,2026-08-19,Tairos機器人展,2026
449,研華,1,17,-21,-5,2026-07-21,2026-08-12,16,20.99,2026-08-19,Tairos機器人展,2026
450,研華,1,18,-21,-4,2026-07-21,2026-08-13,17,23.1,2026-08-19,Tairos機器人展,2026
451,研華,1,19,-21,-3,2026-07-21,2026-08-14,18,20.46,2026-08-19,Tairos機器人展,2026
452,研華,1,20,-21,-2,2026-07-21,2026-08-17,19,18.87,2026-08-19,Tairos機器人展,2026
453,研華,1,21,-21,-1,2026-07-21,2026-08-18,20,19.75,2026-08-19,Tairos機器人展,2026
454,研華,1,22,-21,0,2026-07-21,2026-08-19,21,22.4,2026-08-19,Tairos機器人展,2026
455,研華,1,23,-21,1,2026-07-21,2026-08-20,22,18.69,2026-08-19,Tairos機器人展,2026
456,研華,1,24,-21,2,2026-07-21,2026-08-21,23,14.46,2026-08-19,Tairos機器人展,2026
457,研華,1,25,-21,3,2026-07-21,2026-08-24,24,16.05,2026-08-19,Tairos機器人展,2026
458,研華,1,26,-21,4,2026-07-21,2026-08-25,25,18.17,2026-08-19,Tairos機器人展,2026
459,研華,1,27,-21,5,2026-07-21,2026-08-26,26,21.34,2026-08-19,Tairos機器人展,2026
460,研華,1,28,-21,6,2026-07-21,2026-08-27,27,19.05,2026-08-19,Tairos機器人展,2026
461,研華,2,3,-20,-19,2026-07-22,2026-07-23,1,0.67,2026-08-19,Tairos機器人展,2026
462,研華,2,4,-20,-18,2026-07-22,2026-07-24,2,-2.52,2026-08-19,Tairos機器人展,2026
463,研華,2,5,-20,-17,2026-07-22,2026-07-27,3,-3.19,2026-08-19,Tairos機器人展,2026
464,研華,2,6,-20,-16,2026-07-22,2026-07-28,4,-6.71,2026-08-19,Tairos機器人展,2026
465,研華,2,7,-20,-15,2026-07-22,2026-07-29,5,-7.72,2026-08-19,Tairos機器人展,2026
466,研華,2,8,-20,-14,2026-07-22,2026-07-30,6,-8.22,2026-08-19,Tairos機器人展,2026
467,研華,2,9,-20,-13,2026-07-22,2026-07-31,7,-5.54,2026-08-19,Tairos機器人展,2026
468,研華,2,10,-20,-12,2026-07-22,2026-08-03,8,-3.36,2026-08-19,Tairos機器人展,2026
469,研華,2,11,-20,-11,2026-07-22,2026-08-04,9,-3.36,2026-08-19,Tairos機器人展,2026
470,研華,2,12,-20,-10,2026-07-22,2026-08-05,10,6.21,2026-08-19,Tairos機器人展,2026
471,研華,2,13,-20,-9,2026-07-22,2026-08-06,11,4.36,2026-08-19,Tairos機器人展,2026
472,研華,2,14,-20,-8,2026-07-22,2026-08-07,12,6.38,2026-08-19,Tairos機器人展,2026
473,研華,2,15,-20,-7,2026-07-22,2026-08-10,13,11.91,2026-08-19,Tairos機器人展,2026
474,研華,2,16,-20,-6,2026-07-22,2026-08-11,14,10.91,2026-08-19,Tairos機器人展,2026
475,研華,2,17,-20,-5,2026-07-22,2026-08-12,15,15.1,2026-08-19,Tairos機器人展,2026
476,研華,2,18,-20,-4,2026-07-22,2026-08-13,16,17.11,2026-08-19,Tairos機器人展,2026
477,研華,2,19,-20,-3,2026-07-22,2026-08-14,17,14.6,2026-08-19,Tairos機器人展,2026
478,研華,2,20,-20,-2,2026-07-22,2026-08-17,18,13.09,2026-08-19,Tairos機器人展,2026
479,研華,2,21,-20,-1,2026-07-22,2026-08-18,19,13.93,2026-08-19,Tairos機器人展,2026
480,研華,2,22,-20,0,2026-07-22,2026-08-19,20,16.44,2026-08-19,Tairos機器人展,2026
481,研華,2,23,-20,1,2026-07-22,2026-08-20,21,12.92,2026-08-19,Tairos機器人展,2026
482,研華,2,24,-20,2,2026-07-22,2026-08-21,22,8.89,2026-08-19,Tairos機器人展,2026
483,研華,2,25,-20,3,2026-07-22,2026-08-24,23,10.4,2026-08-19,Tairos機器人展,2026
484,研華,2,26,-20,4,2026-07-22,2026-08-25,24,12.42,2026-08-19,Tairos機器人展,2026
485,研華,2,27,-20,5,2026-07-22,2026-08-26,25,15.44,2026-08-19,Tairos機器人展,2026
486,研華,2,28,-20,6,2026-07-22,2026-08-27,26,13.26,2026-08-19,Tairos機器人展,2026
487,研華,3,4,-19,-18,2026-07-23,2026-07-24,1,-3.17,2026-08-19,Tairos機器人展,2026
488,研華,3,5,-19,-17,2026-07-23,2026-07-27,2,-3.83,2026-08-19,Tairos機器人展,2026
489,研華,3,6,-19,-16,2026-07-23,2026-07-28,3,-7.33,2026-08-19,Tairos機器人展,2026
490,研華,3,7,-19,-15,2026-07-23,2026-07-29,4,-8.33,2026-08-19,Tairos機器人展,2026
491,研華,3,8,-19,-14,2026-07-23,2026-07-30,5,-8.83,2026-08-19,Tairos機器人展,2026
492,研華,3,9,-19,-13,2026-07-23,2026-07-31,6,-6.17,2026-08-19,Tairos機器人展,2026
493,研華,3,10,-19,-12,2026-07-23,2026-08-03,7,-4.0,2026-08-19,Tairos機器人展,2026
494,研華,3,11,-19,-11,2026-07-23,2026-08-04,8,-4.0,2026-08-19,Tairos機器人展,2026
495,研華,3,12,-19,-10,2026-07-23,2026-08-05,9,5.5,2026-08-19,Tairos機器人展,2026
496,研華,3,13,-19,-9,2026-07-23,2026-08-06,10,3.67,2026-08-19,Tairos機器人展,2026
497,研華,3,14,-19,-8,2026-07-23,2026-08-07,11,5.67,2026-08-19,Tairos機器人展,2026
498,研華,3,15,-19,-7,2026-07-23,2026-08-10,12,11.17,2026-08-19,Tairos機器人展,2026
499,研華,3,16,-19,-6,2026-07-23,2026-08-11,13,10.17,2026-08-19,Tairos機器人展,2026
500,研華,3,17,-19,-5,2026-07-23,2026-08-12,14,14.33,2026-08-19,Tairos機器人展,2026
501,研華,3,18,-19,-4,2026-07-23,2026-08-13,15,16.33,2026-08-19,Tairos機器人展,2026
502,研華,3,19,-19,-3,2026-07-23,2026-08-14,16,13.83,2026-08-19,Tairos機器人展,2026
503,研華,3,20,-19,-2,2026-07-23,2026-08-17,17,12.33,2026-08-19,Tairos機器人展,2026
504,研華,3,21,-19,-1,2026-07-23,2026-08-18,18,13.17,2026-08-19,Tairos機器人展,2026
505,研華,3,22,-19,0,2026-07-23,2026-08-19,19,15.67,2026-08-19,Tairos機器人展,2026
506,研華,3,23,-19,1,2026-07-23,2026-08-20,20,12.17,2026-08-19,Tairos機器人展,2026
507,研華,3,24,-19,2,2026-07-23,2026-08-21,21,8.17,2026-08-19,Tairos機器人展,2026
508,研華,3,25,-19,3,2026-07-23,2026-08-24,22,9.67,2026-08-19,Tairos機器人展,2026
509,研華,3,26,-19,4,2026-07-23,2026-08-25,23,11.67,2026-08-19,Tairos機器人展,2026
510,研華,3,27,-19,5,2026-07-23,2026-08-26,24,14.67,2026-08-19,Tairos機器人展,2026
511,研華,3,28,-19,6,2026-07-23,2026-08-27,25,12.5,2026-08-19,Tairos機器人展,2026
512,研華,4,5,-18,-17,2026-07-24,2026-07-27,1,-0.69,2026-08-19,Tairos機器人展,2026
513,研華,4,6,-18,-16,2026-07-24,2026-07-28,2,-4.3,2026-08-19,Tairos機器人展,2026
514,研華,4,7,-18,-15,2026-07-24,2026-07-29,3,-5.34,2026-08-19,Tairos機器人展,2026
515,研華,4,8,-18,-14,2026-07-24,2026-07-30,4,-5.85,2026-08-19,Tairos機器人展,2026
516,研華,4,9,-18,-13,2026-07-24,2026-07-31,5,-3.1,2026-08-19,Tairos機器人展,2026
517,研華,4,10,-18,-12,2026-07-24,2026-08-03,6,-0.86,2026-08-19,Tairos機器人展,2026
518,研華,4,11,-18,-11,2026-07-24,2026-08-04,7,-0.86,2026-08-19,Tairos機器人展,2026
519,研華,4,12,-18,-10,2026-07-24,2026-08-05,8,8.95,2026-08-19,Tairos機器人展,2026
520,研華,4,13,-18,-9,2026-07-24,2026-08-06,9,7.06,2026-08-19,Tairos機器人展,2026
521,研華,4,14,-18,-8,2026-07-24,2026-08-07,10,9.12,2026-08-19,Tairos機器人展,2026
522,研華,4,15,-18,-7,2026-07-24,2026-08-10,11,14.8,2026-08-19,Tairos機器人展,2026
523,研華,4,16,-18,-6,2026-07-24,2026-08-11,12,13.77,2026-08-19,Tairos機器人展,2026
524,研華,4,17,-18,-5,2026-07-24,2026-08-12,13,18.07,2026-08-19,Tairos機器人展,2026
525,研華,4,18,-18,-4,2026-07-24,2026-08-13,14,20.14,2026-08-19,Tairos機器人展,2026
526,研華,4,19,-18,-3,2026-07-24,2026-08-14,15,17.56,2026-08-19,Tairos機器人展,2026
527,研華,4,20,-18,-2,2026-07-24,2026-08-17,16,16.01,2026-08-19,Tairos機器人展,2026
528,研華,4,21,-18,-1,2026-07-24,2026-08-18,17,16.87,2026-08-19,Tairos機器人展,2026
529,研華,4,22,-18,0,2026-07-24,2026-08-19,18,19.45,2026-08-19,Tairos機器人展,2026
530,研華,4,23,-18,1,2026-07-24,2026-08-20,19,15.83,2026-08-19,Tairos機器人展,2026
531,研華,4,24,-18,2,2026-07-24,2026-08-21,20,11.7,2026-08-19,Tairos機器人展,2026
532,研華,4,25,-18,3,2026-07-24,2026-08-24,21,13.25,2026-08-19,Tairos機器人展,2026
533,研華,4,26,-18,4,2026-07-24,2026-08-25,22,15.32,2026-08-19,Tairos機器人展,2026
534,研華,4,27,-18,5,2026-07-24,2026-08-26,23,18.42,2026-08-19,Tairos機器人展,2026
535,研華,4,28,-18,6,2026-07-24,2026-08-27,24,16.18,2026-08-19,Tairos機器人展,2026
536,研華,5,6,-17,-16,2026-07-27,2026-07-28,1,-3.64,2026-08-19,Tairos機器人展,2026
537,研華,5,7,-17,-15,2026-07-27,2026-07-29,2,-4.68,2026-08-19,Tairos機器人展,2026
538,研華,5,8,-17,-14,2026-07-27,2026-07-30,3,-5.2,2026-08-19,Tairos機器人展,2026
539,研華,5,9,-17,-13,2026-07-27,2026-07-31,4,-2.43,2026-08-19,Tairos機器人展,2026
540,研華,5,10,-17,-12,2026-07-27,2026-08-03,5,-0.17,2026-08-19,Tairos機器人展,2026
541,研華,5,11,-17,-11,2026-07-27,2026-08-04,6,-0.17,2026-08-19,Tairos機器人展,2026
542,研華,5,12,-17,-10,2026-07-27,2026-08-05,7,9.71,2026-08-19,Tairos機器人展,2026
543,研華,5,13,-17,-9,2026-07-27,2026-08-06,8,7.8,2026-08-19,Tairos機器人展,2026
544,研華,5,14,-17,-8,2026-07-27,2026-08-07,9,9.88,2026-08-19,Tairos機器人展,2026
545,研華,5,15,-17,-7,2026-07-27,2026-08-10,10,15.6,2026-08-19,Tairos機器人展,2026
546,研華,5,16,-17,-6,2026-07-27,2026-08-11,11,14.56,2026-08-19,Tairos機器人展,2026
547,研華,5,17,-17,-5,2026-07-27,2026-08-12,12,18.89,2026-08-19,Tairos機器人展,2026
548,研華,5,18,-17,-4,2026-07-27,2026-08-13,13,20.97,2026-08-19,Tairos機器人展,2026
549,研華,5,19,-17,-3,2026-07-27,2026-08-14,14,18.37,2026-08-19,Tairos機器人展,2026
550,研華,5,20,-17,-2,2026-07-27,2026-08-17,15,16.81,2026-08-19,Tairos機器人展,2026
551,研華,5,21,-17,-1,2026-07-27,2026-08-18,16,17.68,2026-08-19,Tairos機器人展,2026
552,研華,5,22,-17,0,2026-07-27,2026-08-19,17,20.28,2026-08-19,Tairos機器人展,2026
553,研華,5,23,-17,1,2026-07-27,2026-08-20,18,16.64,2026-08-19,Tairos機器人展,2026
554,研華,5,24,-17,2,2026-07-27,2026-08-21,19,12.48,2026-08-19,Tairos機器人展,2026
555,研華,5,25,-17,3,2026-07-27,2026-08-24,20,14.04,2026-08-19,Tairos機器人展,2026
556,研華,5,26,-17,4,2026-07-27,2026-08-25,21,16.12,2026-08-19,Tairos機器人展,2026
557,研華,5,27,-17,5,2026-07-27,2026-08-26,22,19.24,2026-08-19,Tairos機器人展,2026
558,研華,5,28,-17,6,2026-07-27,2026-08-27,23,16.98,2026-08-19,Tairos機器人展,2026
559,研華,6,7,-16,-15,2026-07-28,2026-07-29,1,-1.08,2026-08-19,Tairos機器人展,2026
560,研華,6,8,-16,-14,2026-07-28,2026-07-30,2,-1.62,2026-08-19,Tairos機器人展,2026
561,研華,6,9,-16,-13,2026-07-28,2026-07-31,3,1.26,2026-08-19,Tairos機器人展,2026
562,研華,6,10,-16,-12,2026-07-28,2026-08-03,4,3.6,2026-08-19,Tairos機器人展,2026
563,研華,6,11,-16,-11,2026-07-28,2026-08-04,5,3.6,2026-08-19,Tairos機器人展,2026
564,研華,6,12,-16,-10,2026-07-28,2026-08-05,6,13.85,2026-08-19,Tairos機器人展,2026
565,研華,6,13,-16,-9,2026-07-28,2026-08-06,7,11.87,2026-08-19,Tairos機器人展,2026
566,研華,6,14,-16,-8,2026-07-28,2026-08-07,8,14.03,2026-08-19,Tairos機器人展,2026
567,研華,6,15,-16,-7,2026-07-28,2026-08-10,9,19.96,2026-08-19,Tairos機器人展,2026
568,研華,6,16,-16,-6,2026-07-28,2026-08-11,10,18.88,2026-08-19,Tairos機器人展,2026
569,研華,6,17,-16,-5,2026-07-28,2026-08-12,11,23.38,2026-08-19,Tairos機器人展,2026
570,研華,6,18,-16,-4,2026-07-28,2026-08-13,12,25.54,2026-08-19,Tairos機器人展,2026
571,研華,6,19,-16,-3,2026-07-28,2026-08-14,13,22.84,2026-08-19,Tairos機器人展,2026
572,研華,6,20,-16,-2,2026-07-28,2026-08-17,14,21.22,2026-08-19,Tairos機器人展,2026
573,研華,6,21,-16,-1,2026-07-28,2026-08-18,15,22.12,2026-08-19,Tairos機器人展,2026
574,研華,6,22,-16,0,2026-07-28,2026-08-19,16,24.82,2026-08-19,Tairos機器人展,2026
575,研華,6,23,-16,1,2026-07-28,2026-08-20,17,21.04,2026-08-19,Tairos機器人展,2026
576,研華,6,24,-16,2,2026-07-28,2026-08-21,18,16.73,2026-08-19,Tairos機器人展,2026
577,研華,6,25,-16,3,2026-07-28,2026-08-24,19,18.35,2026-08-19,Tairos機器人展,2026
578,研華,6,26,-16,4,2026-07-28,2026-08-25,20,20.5,2026-08-19,Tairos機器人展,2026
579,研華,6,27,-16,5,2026-07-28,2026-08-26,21,23.74,2026-08-19,Tairos機器人展,2026
580,研華,6,28,-16,6,2026-07-28,2026-08-27,22,21.4,2026-08-19,Tairos機器人展,2026
581,研華,7,8,-15,-14,2026-07-29,2026-07-30,1,-0.55,2026-08-19,Tairos機器人展,2026
582,研華,7,9,-15,-13,2026-07-29,2026-07-31,2,2.36,2026-08-19,Tairos機器人展,2026
583,研華,7,10,-15,-12,2026-07-29,2026-08-03,3,4.73,2026-08-19,Tairos機器人展,2026
584,研華,7,11,-15,-11,2026-07-29,2026-08-04,4,4.73,2026-08-19,Tairos機器人展,2026
585,研華,7,12,-15,-10,2026-07-29,2026-08-05,5,15.09,2026-08-19,Tairos機器人展,2026
586,研華,7,13,-15,-9,2026-07-29,2026-08-06,6,13.09,2026-08-19,Tairos機器人展,2026
587,研華,7,14,-15,-8,2026-07-29,2026-08-07,7,15.27,2026-08-19,Tairos機器人展,2026
588,研華,7,15,-15,-7,2026-07-29,2026-08-10,8,21.27,2026-08-19,Tairos機器人展,2026
589,研華,7,16,-15,-6,2026-07-29,2026-08-11,9,20.18,2026-08-19,Tairos機器人展,2026
590,研華,7,17,-15,-5,2026-07-29,2026-08-12,10,24.73,2026-08-19,Tairos機器人展,2026
591,研華,7,18,-15,-4,2026-07-29,2026-08-13,11,26.91,2026-08-19,Tairos機器人展,2026
592,研華,7,19,-15,-3,2026-07-29,2026-08-14,12,24.18,2026-08-19,Tairos機器人展,2026
593,研華,7,20,-15,-2,2026-07-29,2026-08-17,13,22.55,2026-08-19,Tairos機器人展,2026
594,研華,7,21,-15,-1,2026-07-29,2026-08-18,14,23.45,2026-08-19,Tairos機器人展,2026
595,研華,7,22,-15,0,2026-07-29,2026-08-19,15,26.18,2026-08-19,Tairos機器人展,2026
596,研華,7,23,-15,1,2026-07-29,2026-08-20,16,22.36,2026-08-19,Tairos機器人展,2026
597,研華,7,24,-15,2,2026-07-29,2026-08-21,17,18.0,2026-08-19,Tairos機器人展,2026
598,研華,7,25,-15,3,2026-07-29,2026-08-24,18,19.64,2026-08-19,Tairos機器人展,2026
599,研華,7,26,-15,4,2026-07-29,2026-08-25,19,21.82,2026-08-19,Tairos機器人展,2026
600,研華,7,27,-15,5,2026-07-29,2026-08-26,20,25.09,2026-08-19,Tairos機器人展,2026
601,研華,7,28,-15,6,2026-07-29,2026-08-27,21,22.73,2026-08-19,Tairos機器人展,2026
602,研華,8,9,-14,-13,2026-07-30,2026-07-31,1,2.93,2026-08-19,Tairos機器人展,2026
603,研華,8,10,-14,-12,2026-07-30,2026-08-03,2,5.3,2026-08-19,Tairos機器人展,2026
604,研華,8,11,-14,-11,2026-07-30,2026-08-04,3,5.3,2026-08-19,Tairos機器人展,2026
605,研華,8,12,-14,-10,2026-07-30,2026-08-05,4,15.72,2026-08-19,Tairos機器人展,2026
606,研華,8,13,-14,-9,2026-07-30,2026-08-06,5,13.71,2026-08-19,Tairos機器人展,2026
607,研華,8,14,-14,-8,2026-07-30,2026-08-07,6,15.9,2026-08-19,Tairos機器人展,2026
608,研華,8,15,-14,-7,2026-07-30,2026-08-10,7,21.94,2026-08-19,Tairos機器人展,2026
609,研華,8,16,-14,-6,2026-07-30,2026-08-11,8,20.84,2026-08-19,Tairos機器人展,2026
610,研華,8,17,-14,-5,2026-07-30,2026-08-12,9,25.41,2026-08-19,Tairos機器人展,2026
611,研華,8,18,-14,-4,2026-07-30,2026-08-13,10,27.61,2026-08-19,Tairos機器人展,2026
612,研華,8,19,-14,-3,2026-07-30,2026-08-14,11,24.86,2026-08-19,Tairos機器人展,2026
613,研華,8,20,-14,-2,2026-07-30,2026-08-17,12,23.22,2026-08-19,Tairos機器人展,2026
614,研華,8,21,-14,-1,2026-07-30,2026-08-18,13,24.13,2026-08-19,Tairos機器人展,2026
615,研華,8,22,-14,0,2026-07-30,2026-08-19,14,26.87,2026-08-19,Tairos機器人展,2026
616,研華,8,23,-14,1,2026-07-30,2026-08-20,15,23.03,2026-08-19,Tairos機器人展,2026
617,研華,8,24,-14,2,2026-07-30,2026-08-21,16,18.65,2026-08-19,Tairos機器人展,2026
618,研華,8,25,-14,3,2026-07-30,2026-08-24,17,20.29,2026-08-19,Tairos機器人展,2026
619,研華,8,26,-14,4,2026-07-30,2026-08-25,18,22.49,2026-08-19,Tairos機器人展,2026
620,研華,8,27,-14,5,2026-07-30,2026-08-26,19,25.78,2026-08-19,Tairos機器人展,2026
621,研華,8,28,-14,6,2026-07-30,2026-08-27,20,23.4,2026-08-19,Tairos機器人展,2026
622,研華,9,10,-13,-12,2026-07-31,2026-08-03,1,2.31,2026-08-19,Tairos機器人展,2026
623,研華,9,11,-13,-11,2026-07-31,2026-08-04,2,2.31,2026-08-19,Tairos機器人展,2026
624,研華,9,12,-13,-10,2026-07-31,2026-08-05,3,12.43,2026-08-19,Tairos機器人展,2026
625,研華,9,13,-13,-9,2026-07-31,2026-08-06,4,10.48,2026-08-19,Tairos機器人展,2026
626,研華,9,14,-13,-8,2026-07-31,2026-08-07,5,12.61,2026-08-19,Tairos機器人展,2026
627,研華,9,15,-13,-7,2026-07-31,2026-08-10,6,18.47,2026-08-19,Tairos機器人展,2026
628,研華,9,16,-13,-6,2026-07-31,2026-08-11,7,17.41,2026-08-19,Tairos機器人展,2026
629,研華,9,17,-13,-5,2026-07-31,2026-08-12,8,21.85,2026-08-19,Tairos機器人展,2026
630,研華,9,18,-13,-4,2026-07-31,2026-08-13,9,23.98,2026-08-19,Tairos機器人展,2026
631,研華,9,19,-13,-3,2026-07-31,2026-08-14,10,21.31,2026-08-19,Tairos機器人展,2026
632,研華,9,20,-13,-2,2026-07-31,2026-08-17,11,19.72,2026-08-19,Tairos機器人展,2026
633,研華,9,21,-13,-1,2026-07-31,2026-08-18,12,20.6,2026-08-19,Tairos機器人展,2026
634,研華,9,22,-13,0,2026-07-31,2026-08-19,13,23.27,2026-08-19,Tairos機器人展,2026
635,研華,9,23,-13,1,2026-07-31,2026-08-20,14,19.54,2026-08-19,Tairos機器人展,2026
636,研華,9,24,-13,2,2026-07-31,2026-08-21,15,15.28,2026-08-19,Tairos機器人展,2026
637,研華,9,25,-13,3,2026-07-31,2026-08-24,16,16.87,2026-08-19,Tairos機器人展,2026
638,研華,9,26,-13,4,2026-07-31,2026-08-25,17,19.01,2026-08-19,Tairos機器人展,2026
639,研華,9,27,-13,5,2026-07-31,2026-08-26,18,22.2,2026-08-19,Tairos機器人展,2026
640,研華,9,28,-13,6,2026-07-31,2026-08-27,19,19.89,2026-08-19,Tairos機器人展,2026
641,研華,10,11,-12,-11,2026-08-03,2026-08-04,1,0.0,2026-08-19,Tairos機器人展,2026
642,研華,10,12,-12,-10,2026-08-03,2026-08-05,2,9.9,2026-08-19,Tairos機器人展,2026
643,研華,10,13,-12,-9,2026-08-03,2026-08-06,3,7.99,2026-08-19,Tairos機器人展,2026
644,研華,10,14,-12,-8,2026-08-03,2026-08-07,4,10.07,2026-08-19,Tairos機器人展,2026
645,研華,10,15,-12,-7,2026-08-03,2026-08-10,5,15.8,2026-08-19,Tairos機器人展,2026
646,研華,10,16,-12,-6,2026-08-03,2026-08-11,6,14.76,2026-08-19,Tairos機器人展,2026
647,研華,10,17,-12,-5,2026-08-03,2026-08-12,7,19.1,2026-08-19,Tairos機器人展,2026
648,研華,10,18,-12,-4,2026-08-03,2026-08-13,8,21.18,2026-08-19,Tairos機器人展,2026
649,研華,10,19,-12,-3,2026-08-03,2026-08-14,9,18.58,2026-08-19,Tairos機器人展,2026
650,研華,10,20,-12,-2,2026-08-03,2026-08-17,10,17.01,2026-08-19,Tairos機器人展,2026
651,研華,10,21,-12,-1,2026-08-03,2026-08-18,11,17.88,2026-08-19,Tairos機器人展,2026
652,研華,10,22,-12,0,2026-08-03,2026-08-19,12,20.49,2026-08-19,Tairos機器人展,2026
653,研華,10,23,-12,1,2026-08-03,2026-08-20,13,16.84,2026-08-19,Tairos機器人展,2026
654,研華,10,24,-12,2,2026-08-03,2026-08-21,14,12.67,2026-08-19,Tairos機器人展,2026
655,研華,10,25,-12,3,2026-08-03,2026-08-24,15,14.24,2026-08-19,Tairos機器人展,2026
656,研華,10,26,-12,4,2026-08-03,2026-08-25,16,16.32,2026-08-19,Tairos機器人展,2026
657,研華,10,27,-12,5,2026-08-03,2026-08-26,17,19.44,2026-08-19,Tairos機器人展,2026
658,研華,10,28,-12,6,2026-08-03,2026-08-27,18,17.19,2026-08-19,Tairos機器人展,2026
659,研華,11,12,-11,-10,2026-08-04,2026-08-05,1,9.9,2026-08-19,Tairos機器人展,2026
660,研華,11,13,-11,-9,2026-08-04,2026-08-06,2,7.99,2026-08-19,Tairos機器人展,2026
661,研華,11,14,-11,-8,2026-08-04,2026-08-07,3,10.07,2026-08-19,Tairos機器人展,2026
662,研華,11,15,-11,-7,2026-08-04,2026-08-10,4,15.8,2026-08-19,Tairos機器人展,2026
663,研華,11,16,-11,-6,2026-08-04,2026-08-11,5,14.76,2026-08-19,Tairos機器人展,2026
664,研華,11,17,-11,-5,2026-08-04,2026-08-12,6,19.1,2026-08-19,Tairos機器人展,2026
665,研華,11,18,-11,-4,2026-08-04,2026-08-13,7,21.18,2026-08-19,Tairos機器人展,2026
666,研華,11,19,-11,-3,2026-08-04,2026-08-14,8,18.58,2026-08-19,Tairos機器人展,2026
667,研華,11,20,-11,-2,2026-08-04,2026-08-17,9,17.01,2026-08-19,Tairos機器人展,2026
668,研華,11,21,-11,-1,2026-08-04,2026-08-18,10,17.88,2026-08-19,Tairos機器人展,2026
669,研華,11,22,-11,0,2026-08-04,2026-08-19,11,20.49,2026-08-19,Tairos機器人展,2026
670,研華,11,23,-11,1,2026-08-04,2026-08-20,12,16.84,2026-08-19,Tairos機器人展,2026
671,研華,11,24,-11,2,2026-08-04,2026-08-21,13,12.67,2026-08-19,Tairos機器人展,2026
672,研華,11,25,-11,3,2026-08-04,2026-08-24,14,14.24,2026-08-19,Tairos機器人展,2026
673,研華,11,26,-11,4,2026-08-04,2026-08-25,15,16.32,2026-08-19,Tairos機器人展,2026
674,研華,11,27,-11,5,2026-08-04,2026-08-26,16,19.44,2026-08-19,Tairos機器人展,2026
675,研華,11,28,-11,6,2026-08-04,2026-08-27,17,17.19,2026-08-19,Tairos機器人展,2026
676,研華,12,13,-10,-9,2026-08-05,2026-08-06,1,-1.74,2026-08-19,Tairos機器人展,2026
677,研華,12,14,-10,-8,2026-08-05,2026-08-07,2,0.16,2026-08-19,Tairos機器人展,2026
678,研華,12,15,-10,-7,2026-08-05,2026-08-10,3,5.37,2026-08-19,Tairos機器人展,2026
679,研華,12,16,-10,-6,2026-08-05,2026-08-11,4,4.42,2026-08-19,Tairos機器人展,2026
680,研華,12,17,-10,-5,2026-08-05,2026-08-12,5,8.37,2026-08-19,Tairos機器人展,2026
681,研華,12,18,-10,-4,2026-08-05,2026-08-13,6,10.27,2026-08-19,Tairos機器人展,2026
682,研華,12,19,-10,-3,2026-08-05,2026-08-14,7,7.9,2026-08-19,Tairos機器人展,2026
683,研華,12,20,-10,-2,2026-08-05,2026-08-17,8,6.48,2026-08-19,Tairos機器人展,2026
684,研華,12,21,-10,-1,2026-08-05,2026-08-18,9,7.27,2026-08-19,Tairos機器人展,2026
685,研華,12,22,-10,0,2026-08-05,2026-08-19,10,9.64,2026-08-19,Tairos機器人展,2026
686,研華,12,23,-10,1,2026-08-05,2026-08-20,11,6.32,2026-08-19,Tairos機器人展,2026
687,研華,12,24,-10,2,2026-08-05,2026-08-21,12,2.53,2026-08-19,Tairos機器人展,2026
688,研華,12,25,-10,3,2026-08-05,2026-08-24,13,3.95,2026-08-19,Tairos機器人展,2026
689,研華,12,26,-10,4,2026-08-05,2026-08-25,14,5.85,2026-08-19,Tairos機器人展,2026
690,研華,12,27,-10,5,2026-08-05,2026-08-26,15,8.69,2026-08-19,Tairos機器人展,2026
691,研華,12,28,-10,6,2026-08-05,2026-08-27,16,6.64,2026-08-19,Tairos機器人展,2026
692,研華,13,14,-9,-8,2026-08-06,2026-08-07,1,1.93,2026-08-19,Tairos機器人展,2026
693,研華,13,15,-9,-7,2026-08-06,2026-08-10,2,7.23,2026-08-19,Tairos機器人展,2026
694,研華,13,16,-9,-6,2026-08-06,2026-08-11,3,6.27,2026-08-19,Tairos機器人展,2026
695,研華,13,17,-9,-5,2026-08-06,2026-08-12,4,10.29,2026-08-19,Tairos機器人展,2026
696,研華,13,18,-9,-4,2026-08-06,2026-08-13,5,12.22,2026-08-19,Tairos機器人展,2026
697,研華,13,19,-9,-3,2026-08-06,2026-08-14,6,9.81,2026-08-19,Tairos機器人展,2026
698,研華,13,20,-9,-2,2026-08-06,2026-08-17,7,8.36,2026-08-19,Tairos機器人展,2026
699,研華,13,21,-9,-1,2026-08-06,2026-08-18,8,9.16,2026-08-19,Tairos機器人展,2026
700,研華,13,22,-9,0,2026-08-06,2026-08-19,9,11.58,2026-08-19,Tairos機器人展,2026
701,研華,13,23,-9,1,2026-08-06,2026-08-20,10,8.2,2026-08-19,Tairos機器人展,2026
702,研華,13,24,-9,2,2026-08-06,2026-08-21,11,4.34,2026-08-19,Tairos機器人展,2026
703,研華,13,25,-9,3,2026-08-06,2026-08-24,12,5.79,2026-08-19,Tairos機器人展,2026
704,研華,13,26,-9,4,2026-08-06,2026-08-25,13,7.72,2026-08-19,Tairos機器人展,2026
705,研華,13,27,-9,5,2026-08-06,2026-08-26,14,10.61,2026-08-19,Tairos機器人展,2026
706,研華,13,28,-9,6,2026-08-06,2026-08-27,15,8.52,2026-08-19,Tairos機器人展,2026
707,研華,14,15,-8,-7,2026-08-07,2026-08-10,1,5.21,2026-08-19,Tairos機器人展,2026
708,研華,14,16,-8,-6,2026-08-07,2026-08-11,2,4.26,2026-08-19,Tairos機器人展,2026
709,研華,14,17,-8,-5,2026-08-07,2026-08-12,3,8.2,2026-08-19,Tairos機器人展,2026
710,研華,14,18,-8,-4,2026-08-07,2026-08-13,4,10.09,2026-08-19,Tairos機器人展,2026
711,研華,14,19,-8,-3,2026-08-07,2026-08-14,5,7.73,2026-08-19,Tairos機器人展,2026
712,研華,14,20,-8,-2,2026-08-07,2026-08-17,6,6.31,2026-08-19,Tairos機器人展,2026
713,研華,14,21,-8,-1,2026-08-07,2026-08-18,7,7.1,2026-08-19,Tairos機器人展,2026
714,研華,14,22,-8,0,2026-08-07,2026-08-19,8,9.46,2026-08-19,Tairos機器人展,2026
715,研華,14,23,-8,1,2026-08-07,2026-08-20,9,6.15,2026-08-19,Tairos機器人展,2026
716,研華,14,24,-8,2,2026-08-07,2026-08-21,10,2.37,2026-08-19,Tairos機器人展,2026
717,研華,14,25,-8,3,2026-08-07,2026-08-24,11,3.79,2026-08-19,Tairos機器人展,2026
718,研華,14,26,-8,4,2026-08-07,2026-08-25,12,5.68,2026-08-19,Tairos機器人展,2026
719,研華,14,27,-8,5,2026-08-07,2026-08-26,13,8.52,2026-08-19,Tairos機器人展,2026
720,研華,14,28,-8,6,2026-08-07,2026-08-27,14,6.47,2026-08-19,Tairos機器人展,2026
721,研華,15,16,-7,-6,2026-08-10,2026-08-11,1,-0.9,2026-08-19,Tairos機器人展,2026
722,研華,15,17,-7,-5,2026-08-10,2026-08-12,2,2.85,2026-08-19,Tairos機器人展,2026
723,研華,15,18,-7,-4,2026-08-10,2026-08-13,3,4.65,2026-08-19,Tairos機器人展,2026
724,研華,15,19,-7,-3,2026-08-10,2026-08-14,4,2.4,2026-08-19,Tairos機器人展,2026
725,研華,15,20,-7,-2,2026-08-10,2026-08-17,5,1.05,2026-08-19,Tairos機器人展,2026
726,研華,15,21,-7,-1,2026-08-10,2026-08-18,6,1.8,2026-08-19,Tairos機器人展,2026
727,研華,15,22,-7,0,2026-08-10,2026-08-19,7,4.05,2026-08-19,Tairos機器人展,2026
728,研華,15,23,-7,1,2026-08-10,2026-08-20,8,0.9,2026-08-19,Tairos機器人展,2026
729,研華,15,24,-7,2,2026-08-10,2026-08-21,9,-2.7,2026-08-19,Tairos機器人展,2026
730,研華,15,25,-7,3,2026-08-10,2026-08-24,10,-1.35,2026-08-19,Tairos機器人展,2026
731,研華,15,26,-7,4,2026-08-10,2026-08-25,11,0.45,2026-08-19,Tairos機器人展,2026
732,研華,15,27,-7,5,2026-08-10,2026-08-26,12,3.15,2026-08-19,Tairos機器人展,2026
733,研華,15,28,-7,6,2026-08-10,2026-08-27,13,1.2,2026-08-19,Tairos機器人展,2026
734,研華,16,17,-6,-5,2026-08-11,2026-08-12,1,3.78,2026-08-19,Tairos機器人展,2026
735,研華,16,18,-6,-4,2026-08-11,2026-08-13,2,5.6,2026-08-19,Tairos機器人展,2026
736,研華,16,19,-6,-3,2026-08-11,2026-08-14,3,3.33,2026-08-19,Tairos機器人展,2026
737,研華,16,20,-6,-2,2026-08-11,2026-08-17,4,1.97,2026-08-19,Tairos機器人展,2026
738,研華,16,21,-6,-1,2026-08-11,2026-08-18,5,2.72,2026-08-19,Tairos機器人展,2026
739,研華,16,22,-6,0,2026-08-11,2026-08-19,6,4.99,2026-08-19,Tairos機器人展,2026
740,研華,16,23,-6,1,2026-08-11,2026-08-20,7,1.82,2026-08-19,Tairos機器人展,2026
741,研華,16,24,-6,2,2026-08-11,2026-08-21,8,-1.82,2026-08-19,Tairos機器人展,2026
742,研華,16,25,-6,3,2026-08-11,2026-08-24,9,-0.45,2026-08-19,Tairos機器人展,2026
743,研華,16,26,-6,4,2026-08-11,2026-08-25,10,1.36,2026-08-19,Tairos機器人展,2026
744,研華,16,27,-6,5,2026-08-11,2026-08-26,11,4.08,2026-08-19,Tairos機器人展,2026
745,研華,16,28,-6,6,2026-08-11,2026-08-27,12,2.12,2026-08-19,Tairos機器人展,2026
746,研華,17,18,-5,-4,2026-08-12,2026-08-13,1,1.75,2026-08-19,Tairos機器人展,2026
747,研華,17,19,-5,-3,2026-08-12,2026-08-14,2,-0.44,2026-08-19,Tairos機器人展,2026
748,研華,17,20,-5,-2,2026-08-12,2026-08-17,3,-1.75,2026-08-19,Tairos機器人展,2026
749,研華,17,21,-5,-1,2026-08-12,2026-08-18,4,-1.02,2026-08-19,Tairos機器人展,2026
750,研華,17,22,-5,0,2026-08-12,2026-08-19,5,1.17,2026-08-19,Tairos機器人展,2026
751,研華,17,23,-5,1,2026-08-12,2026-08-20,6,-1.9,2026-08-19,Tairos機器人展,2026
752,研華,17,24,-5,2,2026-08-12,2026-08-21,7,-5.39,2026-08-19,Tairos機器人展,2026
753,研華,17,25,-5,3,2026-08-12,2026-08-24,8,-4.08,2026-08-19,Tairos機器人展,2026
754,研華,17,26,-5,4,2026-08-12,2026-08-25,9,-2.33,2026-08-19,Tairos機器人展,2026
755,研華,17,27,-5,5,2026-08-12,2026-08-26,10,0.29,2026-08-19,Tairos機器人展,2026
756,研華,17,28,-5,6,2026-08-12,2026-08-27,11,-1.6,2026-08-19,Tairos機器人展,2026
757,研華,18,19,-4,-3,2026-08-13,2026-08-14,1,-2.15,2026-08-19,Tairos機器人展,2026
758,研華,18,20,-4,-2,2026-08-13,2026-08-17,2,-3.44,2026-08-19,Tairos機器人展,2026
759,研華,18,21,-4,-1,2026-08-13,2026-08-18,3,-2.72,2026-08-19,Tairos機器人展,2026
760,研華,18,22,-4,0,2026-08-13,2026-08-19,4,-0.57,2026-08-19,Tairos機器人展,2026
761,研華,18,23,-4,1,2026-08-13,2026-08-20,5,-3.58,2026-08-19,Tairos機器人展,2026
762,研華,18,24,-4,2,2026-08-13,2026-08-21,6,-7.02,2026-08-19,Tairos機器人展,2026
763,研華,18,25,-4,3,2026-08-13,2026-08-24,7,-5.73,2026-08-19,Tairos機器人展,2026
764,研華,18,26,-4,4,2026-08-13,2026-08-25,8,-4.01,2026-08-19,Tairos機器人展,2026
765,研華,18,27,-4,5,2026-08-13,2026-08-26,9,-1.43,2026-08-19,Tairos機器人展,2026
766,研華,18,28,-4,6,2026-08-13,2026-08-27,10,-3.3,2026-08-19,Tairos機器人展,2026
767,研華,19,20,-3,-2,2026-08-14,2026-08-17,1,-1.32,2026-08-19,Tairos機器人展,2026
768,研華,19,21,-3,-1,2026-08-14,2026-08-18,2,-0.59,2026-08-19,Tairos機器人展,2026
769,研華,19,22,-3,0,2026-08-14,2026-08-19,3,1.61,2026-08-19,Tairos機器人展,2026
770,研華,19,23,-3,1,2026-08-14,2026-08-20,4,-1.46,2026-08-19,Tairos機器人展,2026
771,研華,19,24,-3,2,2026-08-14,2026-08-21,5,-4.98,2026-08-19,Tairos機器人展,2026
772,研華,19,25,-3,3,2026-08-14,2026-08-24,6,-3.66,2026-08-19,Tairos機器人展,2026
773,研華,19,26,-3,4,2026-08-14,2026-08-25,7,-1.9,2026-08-19,Tairos機器人展,2026
774,研華,19,27,-3,5,2026-08-14,2026-08-26,8,0.73,2026-08-19,Tairos機器人展,2026
775,研華,19,28,-3,6,2026-08-14,2026-08-27,9,-1.17,2026-08-19,Tairos機器人展,2026
776,研華,20,21,-2,-1,2026-08-17,2026-08-18,1,0.74,2026-08-19,Tairos機器人展,2026
777,研華,20,22,-2,0,2026-08-17,2026-08-19,2,2.97,2026-08-19,Tairos機器人展,2026
778,研華,20,23,-2,1,2026-08-17,2026-08-20,3,-0.15,2026-08-19,Tairos機器人展,2026
779,研華,20,24,-2,2,2026-08-17,2026-08-21,4,-3.71,2026-08-19,Tairos機器人展,2026
780,研華,20,25,-2,3,2026-08-17,2026-08-24,5,-2.37,2026-08-19,Tairos機器人展,2026
781,研華,20,26,-2,4,2026-08-17,2026-08-25,6,-0.59,2026-08-19,Tairos機器人展,2026
782,研華,20,27,-2,5,2026-08-17,2026-08-26,7,2.08,2026-08-19,Tairos機器人展,2026
783,研華,20,28,-2,6,2026-08-17,2026-08-27,8,0.15,2026-08-19,Tairos機器人展,2026
784,研華,21,22,-1,0,2026-08-18,2026-08-19,1,2.21,2026-08-19,Tairos機器人展,2026
785,研華,21,23,-1,1,2026-08-18,2026-08-20,2,-0.88,2026-08-19,Tairos機器人展,2026
786,研華,21,24,-1,2,2026-08-18,2026-08-21,3,-4.42,2026-08-19,Tairos機器人展,2026
787,研華,21,25,-1,3,2026-08-18,2026-08-24,4,-3.09,2026-08-19,Tairos機器人展,2026
788,研華,21,26,-1,4,2026-08-18,2026-08-25,5,-1.33,2026-08-19,Tairos機器人展,2026
789,研華,21,27,-1,5,2026-08-18,2026-08-26,6,1.33,2026-08-19,Tairos機器人展,2026
790,研華,21,28,-1,6,2026-08-18,2026-08-27,7,-0.59,2026-08-19,Tairos機器人展,2026
791,研華,22,23,0,1,2026-08-19,2026-08-20,1,-3.03,2026-08-19,Tairos機器人展,2026
792,研華,22,24,0,2,2026-08-19,2026-08-21,2,-6.48,2026-08-19,Tairos機器人展,2026
793,研華,22,25,0,3,2026-08-19,2026-08-24,3,-5.19,2026-08-19,Tairos機器人展,2026
794,研華,22,26,0,4,2026-08-19,2026-08-25,4,-3.46,2026-08-19,Tairos機器人展,2026
795,研華,22,27,0,5,2026-08-19,2026-08-26,5,-0.86,2026-08-19,Tairos機器人展,2026
796,研華,22,28,0,6,2026-08-19,2026-08-27,6,-2.74,2026-08-19,Tairos機器人展,2026
797,研華,23,24,1,2,2026-08-20,2026-08-21,1,-3.57,2026-08-19,Tairos機器人展,2026
798,研華,23,25,1,3,2026-08-20,2026-08-24,2,-2.23,2026-08-19,Tairos機器人展,2026
799,研華,23,26,1,4,2026-08-20,2026-08-25,3,-0.45,2026-08-19,Tairos機器人展,2026
800,研華,23,27,1,5,2026-08-20,2026-08-26,4,2.23,2026-08-19,Tairos機器人展,2026
801,研華,23,28,1,6,2026-08-20,2026-08-27,5,0.3,2026-08-19,Tairos機器人展,2026
802,研華,24,25,2,3,2026-08-21,2026-08-24,1,1.39,2026-08-19,Tairos機器人展,2026
803,研華,24,26,2,4,2026-08-21,2026-08-25,2,3.24,2026-08-19,Tairos機器人展,2026
804,研華,24,27,2,5,2026-08-21,2026-08-26,3,6.01,2026-08-19,Tairos機器人展,2026
805,研華,24,28,2,6,2026-08-21,2026-08-27,4,4.01,2026-08-19,Tairos機器人展,2026
806,研華,25,26,3,4,2026-08-24,2026-08-25,1,1.82,2026-08-19,Tairos機器人展,2026
807,研華,25,27,3,5,2026-08-24,2026-08-26,2,4.56,2026-08-19,Tairos機器人展,2026
808,研華,25,28,3,6,2026-08-24,2026-08-27,3,2.58,2026-08-19,Tairos機器人展,2026
809,研華,26,27,4,5,2026-08-25,2026-08-26,1,2.69,2026-08-19,Tairos機器人展,2026
810,研華,26,28,4,6,2026-08-25,2026-08-27,2,0.75,2026-08-19,Tairos機器人展,2026
811,研華,27,28,5,6,2026-08-26,2026-08-27,1,-1.89,2026-08-19,Tairos機器人展,2026
812,所羅門,0,1,-22,-21,2026-07-20,2026-07-21,1,2.97,2026-08-19,Tairos機器人展,2026
813,所羅門,0,2,-22,-20,2026-07-20,2026-07-22,2,3.35,2026-08-19,Tairos機器人展,2026
814,所羅門,0,3,-22,-19,2026-07-20,2026-07-23,3,5.58,2026-08-19,Tairos機器人展,2026
815,所羅門,0,4,-22,-18,2026-07-20,2026-07-24,4,7.81,2026-08-19,Tairos機器人展,2026
816,所羅門,0,5,-22,-17,2026-07-20,2026-07-27,5,7.43,2026-08-19,Tairos機器人展,2026
817,所羅門,0,6,-22,-16,2026-07-20,2026-07-28,6,-0.37,2026-08-19,Tairos機器人展,2026
818,所羅門,0,7,-22,-15,2026-07-20,2026-07-29,7,1.86,2026-08-19,Tairos機器人展,2026
819,所羅門,0,8,-22,-14,2026-07-20,2026-07-30,8,-8.18,2026-08-19,Tairos機器人展,2026
820,所羅門,0,9,-22,-13,2026-07-20,2026-07-31,9,-10.04,2026-08-19,Tairos機器人展,2026
821,所羅門,0,10,-22,-12,2026-07-20,2026-08-03,10,-1.49,2026-08-19,Tairos機器人展,2026
822,所羅門,0,11,-22,-11,2026-07-20,2026-08-04,11,-1.86,2026-08-19,Tairos機器人展,2026
823,所羅門,0,12,-22,-10,2026-07-20,2026-08-05,12,7.81,2026-08-19,Tairos機器人展,2026
824,所羅門,0,13,-22,-9,2026-07-20,2026-08-06,13,7.43,2026-08-19,Tairos機器人展,2026
825,所羅門,0,14,-22,-8,2026-07-20,2026-08-07,14,6.69,2026-08-19,Tairos機器人展,2026
826,所羅門,0,15,-22,-7,2026-07-20,2026-08-10,15,14.13,2026-08-19,Tairos機器人展,2026
827,所羅門,0,16,-22,-6,2026-07-20,2026-08-11,16,4.46,2026-08-19,Tairos機器人展,2026
828,所羅門,0,17,-22,-5,2026-07-20,2026-08-12,17,6.32,2026-08-19,Tairos機器人展,2026
829,所羅門,0,18,-22,-4,2026-07-20,2026-08-13,18,16.73,2026-08-19,Tairos機器人展,2026
830,所羅門,0,19,-22,-3,2026-07-20,2026-08-14,19,18.59,2026-08-19,Tairos機器人展,2026
831,所羅門,0,20,-22,-2,2026-07-20,2026-08-17,20,30.11,2026-08-19,Tairos機器人展,2026
832,所羅門,0,21,-22,-1,2026-07-20,2026-08-18,21,31.97,2026-08-19,Tairos機器人展,2026
833,所羅門,0,22,-22,0,2026-07-20,2026-08-19,22,19.7,2026-08-19,Tairos機器人展,2026
834,所羅門,0,23,-22,1,2026-07-20,2026-08-20,23,17.47,2026-08-19,Tairos機器人展,2026
835,所羅門,0,24,-22,2,2026-07-20,2026-08-21,24,11.52,2026-08-19,Tairos機器人展,2026
836,所羅門,0,25,-22,3,2026-07-20,2026-08-24,25,8.18,2026-08-19,Tairos機器人展,2026
837,所羅門,0,26,-22,4,2026-07-20,2026-08-25,26,7.81,2026-08-19,Tairos機器人展,2026
838,所羅門,0,27,-22,5,2026-07-20,2026-08-26,27,8.92,2026-08-19,Tairos機器人展,2026
839,所羅門,0,28,-22,6,2026-07-20,2026-08-27,28,9.67,2026-08-19,Tairos機器人展,2026
840,所羅門,1,2,-21,-20,2026-07-21,2026-07-22,1,0.36,2026-08-19,Tairos機器人展,2026
841,所羅門,1,3,-21,-19,2026-07-21,2026-07-23,2,2.53,2026-08-19,Tairos機器人展,2026
842,所羅門,1,4,-21,-18,2026-07-21,2026-07-24,3,4.69,2026-08-19,Tairos機器人展,2026
843,所羅門,1,5,-21,-17,2026-07-21,2026-07-27,4,4.33,2026-08-19,Tairos機器人展,2026
844,所羅門,1,6,-21,-16,2026-07-21,2026-07-28,5,-3.25,2026-08-19,Tairos機器人展,2026
845,所羅門,1,7,-21,-15,2026-07-21,2026-07-29,6,-1.08,2026-08-19,Tairos機器人展,2026
846,所羅門,1,8,-21,-14,2026-07-21,2026-07-30,7,-10.83,2026-08-19,Tairos機器人展,2026
847,所羅門,1,9,-21,-13,2026-07-21,2026-07-31,8,-12.64,2026-08-19,Tairos機器人展,2026
848,所羅門,1,10,-21,-12,2026-07-21,2026-08-03,9,-4.33,2026-08-19,Tairos機器人展,2026
849,所羅門,1,11,-21,-11,2026-07-21,2026-08-04,10,-4.69,2026-08-19,Tairos機器人展,2026
850,所羅門,1,12,-21,-10,2026-07-21,2026-08-05,11,4.69,2026-08-19,Tairos機器人展,2026
851,所羅門,1,13,-21,-9,2026-07-21,2026-08-06,12,4.33,2026-08-19,Tairos機器人展,2026
852,所羅門,1,14,-21,-8,2026-07-21,2026-08-07,13,3.61,2026-08-19,Tairos機器人展,2026
853,所羅門,1,15,-21,-7,2026-07-21,2026-08-10,14,10.83,2026-08-19,Tairos機器人展,2026
854,所羅門,1,16,-21,-6,2026-07-21,2026-08-11,15,1.44,2026-08-19,Tairos機器人展,2026
855,所羅門,1,17,-21,-5,2026-07-21,2026-08-12,16,3.25,2026-08-19,Tairos機器人展,2026
856,所羅門,1,18,-21,-4,2026-07-21,2026-08-13,17,13.36,2026-08-19,Tairos機器人展,2026
857,所羅門,1,19,-21,-3,2026-07-21,2026-08-14,18,15.16,2026-08-19,Tairos機器人展,2026
858,所羅門,1,20,-21,-2,2026-07-21,2026-08-17,19,26.35,2026-08-19,Tairos機器人展,2026
859,所羅門,1,21,-21,-1,2026-07-21,2026-08-18,20,28.16,2026-08-19,Tairos機器人展,2026
860,所羅門,1,22,-21,0,2026-07-21,2026-08-19,21,16.25,2026-08-19,Tairos機器人展,2026
861,所羅門,1,23,-21,1,2026-07-21,2026-08-20,22,14.08,2026-08-19,Tairos機器人展,2026
862,所羅門,1,24,-21,2,2026-07-21,2026-08-21,23,8.3,2026-08-19,Tairos機器人展,2026
863,所羅門,1,25,-21,3,2026-07-21,2026-08-24,24,5.05,2026-08-19,Tairos機器人展,2026
864,所羅門,1,26,-21,4,2026-07-21,2026-08-25,25,4.69,2026-08-19,Tairos機器人展,2026
865,所羅門,1,27,-21,5,2026-07-21,2026-08-26,26,5.78,2026-08-19,Tairos機器人展,2026
866,所羅門,1,28,-21,6,2026-07-21,2026-08-27,27,6.5,2026-08-19,Tairos機器人展,2026
867,所羅門,2,3,-20,-19,2026-07-22,2026-07-23,1,2.16,2026-08-19,Tairos機器人展,2026
868,所羅門,2,4,-20,-18,2026-07-22,2026-07-24,2,4.32,2026-08-19,Tairos機器人展,2026
869,所羅門,2,5,-20,-17,2026-07-22,2026-07-27,3,3.96,2026-08-19,Tairos機器人展,2026
870,所羅門,2,6,-20,-16,2026-07-22,2026-07-28,4,-3.6,2026-08-19,Tairos機器人展,2026
871,所羅門,2,7,-20,-15,2026-07-22,2026-07-29,5,-1.44,2026-08-19,Tairos機器人展,2026
872,所羅門,2,8,-20,-14,2026-07-22,2026-07-30,6,-11.15,2026-08-19,Tairos機器人展,2026
873,所羅門,2,9,-20,-13,2026-07-22,2026-07-31,7,-12.95,2026-08-19,Tairos機器人展,2026
874,所羅門,2,10,-20,-12,2026-07-22,2026-08-03,8,-4.68,2026-08-19,Tairos機器人展,2026
875,所羅門,2,11,-20,-11,2026-07-22,2026-08-04,9,-5.04,2026-08-19,Tairos機器人展,2026
876,所羅門,2,12,-20,-10,2026-07-22,2026-08-05,10,4.32,2026-08-19,Tairos機器人展,2026
877,所羅門,2,13,-20,-9,2026-07-22,2026-08-06,11,3.96,2026-08-19,Tairos機器人展,2026
878,所羅門,2,14,-20,-8,2026-07-22,2026-08-07,12,3.24,2026-08-19,Tairos機器人展,2026
879,所羅門,2,15,-20,-7,2026-07-22,2026-08-10,13,10.43,2026-08-19,Tairos機器人展,2026
880,所羅門,2,16,-20,-6,2026-07-22,2026-08-11,14,1.08,2026-08-19,Tairos機器人展,2026
881,所羅門,2,17,-20,-5,2026-07-22,2026-08-12,15,2.88,2026-08-19,Tairos機器人展,2026
882,所羅門,2,18,-20,-4,2026-07-22,2026-08-13,16,12.95,2026-08-19,Tairos機器人展,2026
883,所羅門,2,19,-20,-3,2026-07-22,2026-08-14,17,14.75,2026-08-19,Tairos機器人展,2026
884,所羅門,2,20,-20,-2,2026-07-22,2026-08-17,18,25.9,2026-08-19,Tairos機器人展,2026
885,所羅門,2,21,-20,-1,2026-07-22,2026-08-18,19,27.7,2026-08-19,Tairos機器人展,2026
886,所羅門,2,22,-20,0,2026-07-22,2026-08-19,20,15.83,2026-08-19,Tairos機器人展,2026
887,所羅門,2,23,-20,1,2026-07-22,2026-08-20,21,13.67,2026-08-19,Tairos機器人展,2026
888,所羅門,2,24,-20,2,2026-07-22,2026-08-21,22,7.91,2026-08-19,Tairos機器人展,2026
889,所羅門,2,25,-20,3,2026-07-22,2026-08-24,23,4.68,2026-08-19,Tairos機器人展,2026
890,所羅門,2,26,-20,4,2026-07-22,2026-08-25,24,4.32,2026-08-19,Tairos機器人展,2026
891,所羅門,2,27,-20,5,2026-07-22,2026-08-26,25,5.4,2026-08-19,Tairos機器人展,2026
892,所羅門,2,28,-20,6,2026-07-22,2026-08-27,26,6.12,2026-08-19,Tairos機器人展,2026
893,所羅門,3,4,-19,-18,2026-07-23,2026-07-24,1,2.11,2026-08-19,Tairos機器人展,2026
894,所羅門,3,5,-19,-17,2026-07-23,2026-07-27,2,1.76,2026-08-19,Tairos機器人展,2026
895,所羅門,3,6,-19,-16,2026-07-23,2026-07-28,3,-5.63,2026-08-19,Tairos機器人展,2026
896,所羅門,3,7,-19,-15,2026-07-23,2026-07-29,4,-3.52,2026-08-19,Tairos機器人展,2026
897,所羅門,3,8,-19,-14,2026-07-23,2026-07-30,5,-13.03,2026-08-19,Tairos機器人展,2026
898,所羅門,3,9,-19,-13,2026-07-23,2026-07-31,6,-14.79,2026-08-19,Tairos機器人展,2026
899,所羅門,3,10,-19,-12,2026-07-23,2026-08-03,7,-6.69,2026-08-19,Tairos機器人展,2026
900,所羅門,3,11,-19,-11,2026-07-23,2026-08-04,8,-7.04,2026-08-19,Tairos機器人展,2026
901,所羅門,3,12,-19,-10,2026-07-23,2026-08-05,9,2.11,2026-08-19,Tairos機器人展,2026
902,所羅門,3,13,-19,-9,2026-07-23,2026-08-06,10,1.76,2026-08-19,Tairos機器人展,2026
903,所羅門,3,14,-19,-8,2026-07-23,2026-08-07,11,1.06,2026-08-19,Tairos機器人展,2026
904,所羅門,3,15,-19,-7,2026-07-23,2026-08-10,12,8.1,2026-08-19,Tairos機器人展,2026
905,所羅門,3,16,-19,-6,2026-07-23,2026-08-11,13,-1.06,2026-08-19,Tairos機器人展,2026
906,所羅門,3,17,-19,-5,2026-07-23,2026-08-12,14,0.7,2026-08-19,Tairos機器人展,2026
907,所羅門,3,18,-19,-4,2026-07-23,2026-08-13,15,10.56,2026-08-19,Tairos機器人展,2026
908,所羅門,3,19,-19,-3,2026-07-23,2026-08-14,16,12.32,2026-08-19,Tairos機器人展,2026
909,所羅門,3,20,-19,-2,2026-07-23,2026-08-17,17,23.24,2026-08-19,Tairos機器人展,2026
910,所羅門,3,21,-19,-1,2026-07-23,2026-08-18,18,25.0,2026-08-19,Tairos機器人展,2026
911,所羅門,3,22,-19,0,2026-07-23,2026-08-19,19,13.38,2026-08-19,Tairos機器人展,2026
912,所羅門,3,23,-19,1,2026-07-23,2026-08-20,20,11.27,2026-08-19,Tairos機器人展,2026
913,所羅門,3,24,-19,2,2026-07-23,2026-08-21,21,5.63,2026-08-19,Tairos機器人展,2026
914,所羅門,3,25,-19,3,2026-07-23,2026-08-24,22,2.46,2026-08-19,Tairos機器人展,2026
915,所羅門,3,26,-19,4,2026-07-23,2026-08-25,23,2.11,2026-08-19,Tairos機器人展,2026
916,所羅門,3,27,-19,5,2026-07-23,2026-08-26,24,3.17,2026-08-19,Tairos機器人展,2026
917,所羅門,3,28,-19,6,2026-07-23,2026-08-27,25,3.87,2026-08-19,Tairos機器人展,2026
918,所羅門,4,5,-18,-17,2026-07-24,2026-07-27,1,-0.34,2026-08-19,Tairos機器人展,2026
919,所羅門,4,6,-18,-16,2026-07-24,2026-07-28,2,-7.59,2026-08-19,Tairos機器人展,2026
920,所羅門,4,7,-18,-15,2026-07-24,2026-07-29,3,-5.52,2026-08-19,Tairos機器人展,2026
921,所羅門,4,8,-18,-14,2026-07-24,2026-07-30,4,-14.83,2026-08-19,Tairos機器人展,2026
922,所羅門,4,9,-18,-13,2026-07-24,2026-07-31,5,-16.55,2026-08-19,Tairos機器人展,2026
923,所羅門,4,10,-18,-12,2026-07-24,2026-08-03,6,-8.62,2026-08-19,Tairos機器人展,2026
924,所羅門,4,11,-18,-11,2026-07-24,2026-08-04,7,-8.97,2026-08-19,Tairos機器人展,2026
925,所羅門,4,12,-18,-10,2026-07-24,2026-08-05,8,0.0,2026-08-19,Tairos機器人展,2026
926,所羅門,4,13,-18,-9,2026-07-24,2026-08-06,9,-0.34,2026-08-19,Tairos機器人展,2026
927,所羅門,4,14,-18,-8,2026-07-24,2026-08-07,10,-1.03,2026-08-19,Tairos機器人展,2026
928,所羅門,4,15,-18,-7,2026-07-24,2026-08-10,11,5.86,2026-08-19,Tairos機器人展,2026
929,所羅門,4,16,-18,-6,2026-07-24,2026-08-11,12,-3.1,2026-08-19,Tairos機器人展,2026
930,所羅門,4,17,-18,-5,2026-07-24,2026-08-12,13,-1.38,2026-08-19,Tairos機器人展,2026
931,所羅門,4,18,-18,-4,2026-07-24,2026-08-13,14,8.28,2026-08-19,Tairos機器人展,2026
932,所羅門,4,19,-18,-3,2026-07-24,2026-08-14,15,10.0,2026-08-19,Tairos機器人展,2026
933,所羅門,4,20,-18,-2,2026-07-24,2026-08-17,16,20.69,2026-08-19,Tairos機器人展,2026
934,所羅門,4,21,-18,-1,2026-07-24,2026-08-18,17,22.41,2026-08-19,Tairos機器人展,2026
935,所羅門,4,22,-18,0,2026-07-24,2026-08-19,18,11.03,2026-08-19,Tairos機器人展,2026
936,所羅門,4,23,-18,1,2026-07-24,2026-08-20,19,8.97,2026-08-19,Tairos機器人展,2026
937,所羅門,4,24,-18,2,2026-07-24,2026-08-21,20,3.45,2026-08-19,Tairos機器人展,2026
938,所羅門,4,25,-18,3,2026-07-24,2026-08-24,21,0.34,2026-08-19,Tairos機器人展,2026
939,所羅門,4,26,-18,4,2026-07-24,2026-08-25,22,0.0,2026-08-19,Tairos機器人展,2026
940,所羅門,4,27,-18,5,2026-07-24,2026-08-26,23,1.03,2026-08-19,Tairos機器人展,2026
941,所羅門,4,28,-18,6,2026-07-24,2026-08-27,24,1.72,2026-08-19,Tairos機器人展,2026
942,所羅門,5,6,-17,-16,2026-07-27,2026-07-28,1,-7.27,2026-08-19,Tairos機器人展,2026
943,所羅門,5,7,-17,-15,2026-07-27,2026-07-29,2,-5.19,2026-08-19,Tairos機器人展,2026
944,所羅門,5,8,-17,-14,2026-07-27,2026-07-30,3,-14.53,2026-08-19,Tairos機器人展,2026
945,所羅門,5,9,-17,-13,2026-07-27,2026-07-31,4,-16.26,2026-08-19,Tairos機器人展,2026
946,所羅門,5,10,-17,-12,2026-07-27,2026-08-03,5,-8.3,2026-08-19,Tairos機器人展,2026
947,所羅門,5,11,-17,-11,2026-07-27,2026-08-04,6,-8.65,2026-08-19,Tairos機器人展,2026
948,所羅門,5,12,-17,-10,2026-07-27,2026-08-05,7,0.35,2026-08-19,Tairos機器人展,2026
949,所羅門,5,13,-17,-9,2026-07-27,2026-08-06,8,0.0,2026-08-19,Tairos機器人展,2026
950,所羅門,5,14,-17,-8,2026-07-27,2026-08-07,9,-0.69,2026-08-19,Tairos機器人展,2026
951,所羅門,5,15,-17,-7,2026-07-27,2026-08-10,10,6.23,2026-08-19,Tairos機器人展,2026
952,所羅門,5,16,-17,-6,2026-07-27,2026-08-11,11,-2.77,2026-08-19,Tairos機器人展,2026
953,所羅門,5,17,-17,-5,2026-07-27,2026-08-12,12,-1.04,2026-08-19,Tairos機器人展,2026
954,所羅門,5,18,-17,-4,2026-07-27,2026-08-13,13,8.65,2026-08-19,Tairos機器人展,2026
955,所羅門,5,19,-17,-3,2026-07-27,2026-08-14,14,10.38,2026-08-19,Tairos機器人展,2026
956,所羅門,5,20,-17,-2,2026-07-27,2026-08-17,15,21.11,2026-08-19,Tairos機器人展,2026
957,所羅門,5,21,-17,-1,2026-07-27,2026-08-18,16,22.84,2026-08-19,Tairos機器人展,2026
958,所羅門,5,22,-17,0,2026-07-27,2026-08-19,17,11.42,2026-08-19,Tairos機器人展,2026
959,所羅門,5,23,-17,1,2026-07-27,2026-08-20,18,9.34,2026-08-19,Tairos機器人展,2026
960,所羅門,5,24,-17,2,2026-07-27,2026-08-21,19,3.81,2026-08-19,Tairos機器人展,2026
961,所羅門,5,25,-17,3,2026-07-27,2026-08-24,20,0.69,2026-08-19,Tairos機器人展,2026
962,所羅門,5,26,-17,4,2026-07-27,2026-08-25,21,0.35,2026-08-19,Tairos機器人展,2026
963,所羅門,5,27,-17,5,2026-07-27,2026-08-26,22,1.38,2026-08-19,Tairos機器人展,2026
964,所羅門,5,28,-17,6,2026-07-27,2026-08-27,23,2.08,2026-08-19,Tairos機器人展,2026
965,所羅門,6,7,-16,-15,2026-07-28,2026-07-29,1,2.24,2026-08-19,Tairos機器人展,2026
966,所羅門,6,8,-16,-14,2026-07-28,2026-07-30,2,-7.84,2026-08-19,Tairos機器人展,2026
967,所羅門,6,9,-16,-13,2026-07-28,2026-07-31,3,-9.7,2026-08-19,Tairos機器人展,2026
968,所羅門,6,10,-16,-12,2026-07-28,2026-08-03,4,-1.12,2026-08-19,Tairos機器人展,2026
969,所羅門,6,11,-16,-11,2026-07-28,2026-08-04,5,-1.49,2026-08-19,Tairos機器人展,2026
970,所羅門,6,12,-16,-10,2026-07-28,2026-08-05,6,8.21,2026-08-19,Tairos機器人展,2026
971,所羅門,6,13,-16,-9,2026-07-28,2026-08-06,7,7.84,2026-08-19,Tairos機器人展,2026
972,所羅門,6,14,-16,-8,2026-07-28,2026-08-07,8,7.09,2026-08-19,Tairos機器人展,2026
973,所羅門,6,15,-16,-7,2026-07-28,2026-08-10,9,14.55,2026-08-19,Tairos機器人展,2026
974,所羅門,6,16,-16,-6,2026-07-28,2026-08-11,10,4.85,2026-08-19,Tairos機器人展,2026
975,所羅門,6,17,-16,-5,2026-07-28,2026-08-12,11,6.72,2026-08-19,Tairos機器人展,2026
976,所羅門,6,18,-16,-4,2026-07-28,2026-08-13,12,17.16,2026-08-19,Tairos機器人展,2026
977,所羅門,6,19,-16,-3,2026-07-28,2026-08-14,13,19.03,2026-08-19,Tairos機器人展,2026
978,所羅門,6,20,-16,-2,2026-07-28,2026-08-17,14,30.6,2026-08-19,Tairos機器人展,2026
979,所羅門,6,21,-16,-1,2026-07-28,2026-08-18,15,32.46,2026-08-19,Tairos機器人展,2026
980,所羅門,6,22,-16,0,2026-07-28,2026-08-19,16,20.15,2026-08-19,Tairos機器人展,2026
981,所羅門,6,23,-16,1,2026-07-28,2026-08-20,17,17.91,2026-08-19,Tairos機器人展,2026
982,所羅門,6,24,-16,2,2026-07-28,2026-08-21,18,11.94,2026-08-19,Tairos機器人展,2026
983,所羅門,6,25,-16,3,2026-07-28,2026-08-24,19,8.58,2026-08-19,Tairos機器人展,2026
984,所羅門,6,26,-16,4,2026-07-28,2026-08-25,20,8.21,2026-08-19,Tairos機器人展,2026
985,所羅門,6,27,-16,5,2026-07-28,2026-08-26,21,9.33,2026-08-19,Tairos機器人展,2026
986,所羅門,6,28,-16,6,2026-07-28,2026-08-27,22,10.07,2026-08-19,Tairos機器人展,2026
987,所羅門,7,8,-15,-14,2026-07-29,2026-07-30,1,-9.85,2026-08-19,Tairos機器人展,2026
988,所羅門,7,9,-15,-13,2026-07-29,2026-07-31,2,-11.68,2026-08-19,Tairos機器人展,2026
989,所羅門,7,10,-15,-12,2026-07-29,2026-08-03,3,-3.28,2026-08-19,Tairos機器人展,2026
990,所羅門,7,11,-15,-11,2026-07-29,2026-08-04,4,-3.65,2026-08-19,Tairos機器人展,2026
991,所羅門,7,12,-15,-10,2026-07-29,2026-08-05,5,5.84,2026-08-19,Tairos機器人展,2026
992,所羅門,7,13,-15,-9,2026-07-29,2026-08-06,6,5.47,2026-08-19,Tairos機器人展,2026
993,所羅門,7,14,-15,-8,2026-07-29,2026-08-07,7,4.74,2026-08-19,Tairos機器人展,2026
994,所羅門,7,15,-15,-7,2026-07-29,2026-08-10,8,12.04,2026-08-19,Tairos機器人展,2026
995,所羅門,7,16,-15,-6,2026-07-29,2026-08-11,9,2.55,2026-08-19,Tairos機器人展,2026
996,所羅門,7,17,-15,-5,2026-07-29,2026-08-12,10,4.38,2026-08-19,Tairos機器人展,2026
997,所羅門,7,18,-15,-4,2026-07-29,2026-08-13,11,14.6,2026-08-19,Tairos機器人展,2026
998,所羅門,7,19,-15,-3,2026-07-29,2026-08-14,12,16.42,2026-08-19,Tairos機器人展,2026
999,所羅門,7,20,-15,-2,2026-07-29,2026-08-17,13,27.74,2026-08-19,Tairos機器人展,2026
1000,所羅門,7,21,-15,-1,2026-07-29,2026-08-18,14,29.56,2026-08-19,Tairos機器人展,2026
1001,所羅門,7,22,-15,0,2026-07-29,2026-08-19,15,17.52,2026-08-19,Tairos機器人展,2026
1002,所羅門,7,23,-15,1,2026-07-29,2026-08-20,16,15.33,2026-08-19,Tairos機器人展,2026
1003,所羅門,7,24,-15,2,2026-07-29,2026-08-21,17,9.49,2026-08-19,Tairos機器人展,2026
1004,所羅門,7,25,-15,3,2026-07-29,2026-08-24,18,6.2,2026-08-19,Tairos機器人展,2026
1005,所羅門,7,26,-15,4,2026-07-29,2026-08-25,19,5.84,2026-08-19,Tairos機器人展,2026
1006,所羅門,7,27,-15,5,2026-07-29,2026-08-26,20,6.93,2026-08-19,Tairos機器人展,2026
1007,所羅門,7,28,-15,6,2026-07-29,2026-08-27,21,7.66,2026-08-19,Tairos機器人展,2026
1008,所羅門,8,9,-14,-13,2026-07-30,2026-07-31,1,-2.02,2026-08-19,Tairos機器人展,2026
1009,所羅門,8,10,-14,-12,2026-07-30,2026-08-03,2,7.29,2026-08-19,Tairos機器人展,2026
1010,所羅門,8,11,-14,-11,2026-07-30,2026-08-04,3,6.88,2026-08-19,Tairos機器人展,2026
1011,所羅門,8,12,-14,-10,2026-07-30,2026-08-05,4,17.41,2026-08-19,Tairos機器人展,2026
1012,所羅門,8,13,-14,-9,2026-07-30,2026-08-06,5,17.0,2026-08-19,Tairos機器人展,2026
1013,所羅門,8,14,-14,-8,2026-07-30,2026-08-07,6,16.19,2026-08-19,Tairos機器人展,2026
1014,所羅門,8,15,-14,-7,2026-07-30,2026-08-10,7,24.29,2026-08-19,Tairos機器人展,2026
1015,所羅門,8,16,-14,-6,2026-07-30,2026-08-11,8,13.77,2026-08-19,Tairos機器人展,2026
1016,所羅門,8,17,-14,-5,2026-07-30,2026-08-12,9,15.79,2026-08-19,Tairos機器人展,2026
1017,所羅門,8,18,-14,-4,2026-07-30,2026-08-13,10,27.13,2026-08-19,Tairos機器人展,2026
1018,所羅門,8,19,-14,-3,2026-07-30,2026-08-14,11,29.15,2026-08-19,Tairos機器人展,2026
1019,所羅門,8,20,-14,-2,2026-07-30,2026-08-17,12,41.7,2026-08-19,Tairos機器人展,2026
1020,所羅門,8,21,-14,-1,2026-07-30,2026-08-18,13,43.72,2026-08-19,Tairos機器人展,2026
1021,所羅門,8,22,-14,0,2026-07-30,2026-08-19,14,30.36,2026-08-19,Tairos機器人展,2026
1022,所羅門,8,23,-14,1,2026-07-30,2026-08-20,15,27.94,2026-08-19,Tairos機器人展,2026
1023,所羅門,8,24,-14,2,2026-07-30,2026-08-21,16,21.46,2026-08-19,Tairos機器人展,2026
1024,所羅門,8,25,-14,3,2026-07-30,2026-08-24,17,17.81,2026-08-19,Tairos機器人展,2026
1025,所羅門,8,26,-14,4,2026-07-30,2026-08-25,18,17.41,2026-08-19,Tairos機器人展,2026
1026,所羅門,8,27,-14,5,2026-07-30,2026-08-26,19,18.62,2026-08-19,Tairos機器人展,2026
1027,所羅門,8,28,-14,6,2026-07-30,2026-08-27,20,19.43,2026-08-19,Tairos機器人展,2026
1028,所羅門,9,10,-13,-12,2026-07-31,2026-08-03,1,9.5,2026-08-19,Tairos機器人展,2026
1029,所羅門,9,11,-13,-11,2026-07-31,2026-08-04,2,9.09,2026-08-19,Tairos機器人展,2026
1030,所羅門,9,12,-13,-10,2026-07-31,2026-08-05,3,19.83,2026-08-19,Tairos機器人展,2026
1031,所羅門,9,13,-13,-9,2026-07-31,2026-08-06,4,19.42,2026-08-19,Tairos機器人展,2026
1032,所羅門,9,14,-13,-8,2026-07-31,2026-08-07,5,18.6,2026-08-19,Tairos機器人展,2026
1033,所羅門,9,15,-13,-7,2026-07-31,2026-08-10,6,26.86,2026-08-19,Tairos機器人展,2026
1034,所羅門,9,16,-13,-6,2026-07-31,2026-08-11,7,16.12,2026-08-19,Tairos機器人展,2026
1035,所羅門,9,17,-13,-5,2026-07-31,2026-08-12,8,18.18,2026-08-19,Tairos機器人展,2026
1036,所羅門,9,18,-13,-4,2026-07-31,2026-08-13,9,29.75,2026-08-19,Tairos機器人展,2026
1037,所羅門,9,19,-13,-3,2026-07-31,2026-08-14,10,31.82,2026-08-19,Tairos機器人展,2026
1038,所羅門,9,20,-13,-2,2026-07-31,2026-08-17,11,44.63,2026-08-19,Tairos機器人展,2026
1039,所羅門,9,21,-13,-1,2026-07-31,2026-08-18,12,46.69,2026-08-19,Tairos機器人展,2026
1040,所羅門,9,22,-13,0,2026-07-31,2026-08-19,13,33.06,2026-08-19,Tairos機器人展,2026
1041,所羅門,9,23,-13,1,2026-07-31,2026-08-20,14,30.58,2026-08-19,Tairos機器人展,2026
1042,所羅門,9,24,-13,2,2026-07-31,2026-08-21,15,23.97,2026-08-19,Tairos機器人展,2026
1043,所羅門,9,25,-13,3,2026-07-31,2026-08-24,16,20.25,2026-08-19,Tairos機器人展,2026
1044,所羅門,9,26,-13,4,2026-07-31,2026-08-25,17,19.83,2026-08-19,Tairos機器人展,2026
1045,所羅門,9,27,-13,5,2026-07-31,2026-08-26,18,21.07,2026-08-19,Tairos機器人展,2026
1046,所羅門,9,28,-13,6,2026-07-31,2026-08-27,19,21.9,2026-08-19,Tairos機器人展,2026
1047,所羅門,10,11,-12,-11,2026-08-03,2026-08-04,1,-0.38,2026-08-19,Tairos機器人展,2026
1048,所羅門,10,12,-12,-10,2026-08-03,2026-08-05,2,9.43,2026-08-19,Tairos機器人展,2026
1049,所羅門,10,13,-12,-9,2026-08-03,2026-08-06,3,9.06,2026-08-19,Tairos機器人展,2026
1050,所羅門,10,14,-12,-8,2026-08-03,2026-08-07,4,8.3,2026-08-19,Tairos機器人展,2026
1051,所羅門,10,15,-12,-7,2026-08-03,2026-08-10,5,15.85,2026-08-19,Tairos機器人展,2026
1052,所羅門,10,16,-12,-6,2026-08-03,2026-08-11,6,6.04,2026-08-19,Tairos機器人展,2026
1053,所羅門,10,17,-12,-5,2026-08-03,2026-08-12,7,7.92,2026-08-19,Tairos機器人展,2026
1054,所羅門,10,18,-12,-4,2026-08-03,2026-08-13,8,18.49,2026-08-19,Tairos機器人展,2026
1055,所羅門,10,19,-12,-3,2026-08-03,2026-08-14,9,20.38,2026-08-19,Tairos機器人展,2026
1056,所羅門,10,20,-12,-2,2026-08-03,2026-08-17,10,32.08,2026-08-19,Tairos機器人展,2026
1057,所羅門,10,21,-12,-1,2026-08-03,2026-08-18,11,33.96,2026-08-19,Tairos機器人展,2026
1058,所羅門,10,22,-12,0,2026-08-03,2026-08-19,12,21.51,2026-08-19,Tairos機器人展,2026
1059,所羅門,10,23,-12,1,2026-08-03,2026-08-20,13,19.25,2026-08-19,Tairos機器人展,2026
1060,所羅門,10,24,-12,2,2026-08-03,2026-08-21,14,13.21,2026-08-19,Tairos機器人展,2026
1061,所羅門,10,25,-12,3,2026-08-03,2026-08-24,15,9.81,2026-08-19,Tairos機器人展,2026
1062,所羅門,10,26,-12,4,2026-08-03,2026-08-25,16,9.43,2026-08-19,Tairos機器人展,2026
1063,所羅門,10,27,-12,5,2026-08-03,2026-08-26,17,10.57,2026-08-19,Tairos機器人展,2026
1064,所羅門,10,28,-12,6,2026-08-03,2026-08-27,18,11.32,2026-08-19,Tairos機器人展,2026
1065,所羅門,11,12,-11,-10,2026-08-04,2026-08-05,1,9.85,2026-08-19,Tairos機器人展,2026
1066,所羅門,11,13,-11,-9,2026-08-04,2026-08-06,2,9.47,2026-08-19,Tairos機器人展,2026
1067,所羅門,11,14,-11,-8,2026-08-04,2026-08-07,3,8.71,2026-08-19,Tairos機器人展,2026
1068,所羅門,11,15,-11,-7,2026-08-04,2026-08-10,4,16.29,2026-08-19,Tairos機器人展,2026
1069,所羅門,11,16,-11,-6,2026-08-04,2026-08-11,5,6.44,2026-08-19,Tairos機器人展,2026
1070,所羅門,11,17,-11,-5,2026-08-04,2026-08-12,6,8.33,2026-08-19,Tairos機器人展,2026
1071,所羅門,11,18,-11,-4,2026-08-04,2026-08-13,7,18.94,2026-08-19,Tairos機器人展,2026
1072,所羅門,11,19,-11,-3,2026-08-04,2026-08-14,8,20.83,2026-08-19,Tairos機器人展,2026
1073,所羅門,11,20,-11,-2,2026-08-04,2026-08-17,9,32.58,2026-08-19,Tairos機器人展,2026
1074,所羅門,11,21,-11,-1,2026-08-04,2026-08-18,10,34.47,2026-08-19,Tairos機器人展,2026
1075,所羅門,11,22,-11,0,2026-08-04,2026-08-19,11,21.97,2026-08-19,Tairos機器人展,2026
1076,所羅門,11,23,-11,1,2026-08-04,2026-08-20,12,19.7,2026-08-19,Tairos機器人展,2026
1077,所羅門,11,24,-11,2,2026-08-04,2026-08-21,13,13.64,2026-08-19,Tairos機器人展,2026
1078,所羅門,11,25,-11,3,2026-08-04,2026-08-24,14,10.23,2026-08-19,Tairos機器人展,2026
1079,所羅門,11,26,-11,4,2026-08-04,2026-08-25,15,9.85,2026-08-19,Tairos機器人展,2026
1080,所羅門,11,27,-11,5,2026-08-04,2026-08-26,16,10.98,2026-08-19,Tairos機器人展,2026
1081,所羅門,11,28,-11,6,2026-08-04,2026-08-27,17,11.74,2026-08-19,Tairos機器人展,2026
1082,所羅門,12,13,-10,-9,2026-08-05,2026-08-06,1,-0.34,2026-08-19,Tairos機器人展,2026
1083,所羅門,12,14,-10,-8,2026-08-05,2026-08-07,2,-1.03,2026-08-19,Tairos機器人展,2026
1084,所羅門,12,15,-10,-7,2026-08-05,2026-08-10,3,5.86,2026-08-19,Tairos機器人展,2026
1085,所羅門,12,16,-10,-6,2026-08-05,2026-08-11,4,-3.1,2026-08-19,Tairos機器人展,2026
1086,所羅門,12,17,-10,-5,2026-08-05,2026-08-12,5,-1.38,2026-08-19,Tairos機器人展,2026
1087,所羅門,12,18,-10,-4,2026-08-05,2026-08-13,6,8.28,2026-08-19,Tairos機器人展,2026
1088,所羅門,12,19,-10,-3,2026-08-05,2026-08-14,7,10.0,2026-08-19,Tairos機器人展,2026
1089,所羅門,12,20,-10,-2,2026-08-05,2026-08-17,8,20.69,2026-08-19,Tairos機器人展,2026
1090,所羅門,12,21,-10,-1,2026-08-05,2026-08-18,9,22.41,2026-08-19,Tairos機器人展,2026
1091,所羅門,12,22,-10,0,2026-08-05,2026-08-19,10,11.03,2026-08-19,Tairos機器人展,2026
1092,所羅門,12,23,-10,1,2026-08-05,2026-08-20,11,8.97,2026-08-19,Tairos機器人展,2026
1093,所羅門,12,24,-10,2,2026-08-05,2026-08-21,12,3.45,2026-08-19,Tairos機器人展,2026
1094,所羅門,12,25,-10,3,2026-08-05,2026-08-24,13,0.34,2026-08-19,Tairos機器人展,2026
1095,所羅門,12,26,-10,4,2026-08-05,2026-08-25,14,0.0,2026-08-19,Tairos機器人展,2026
1096,所羅門,12,27,-10,5,2026-08-05,2026-08-26,15,1.03,2026-08-19,Tairos機器人展,2026
1097,所羅門,12,28,-10,6,2026-08-05,2026-08-27,16,1.72,2026-08-19,Tairos機器人展,2026
1098,所羅門,13,14,-9,-8,2026-08-06,2026-08-07,1,-0.69,2026-08-19,Tairos機器人展,2026
1099,所羅門,13,15,-9,-7,2026-08-06,2026-08-10,2,6.23,2026-08-19,Tairos機器人展,2026
1100,所羅門,13,16,-9,-6,2026-08-06,2026-08-11,3,-2.77,2026-08-19,Tairos機器人展,2026
1101,所羅門,13,17,-9,-5,2026-08-06,2026-08-12,4,-1.04,2026-08-19,Tairos機器人展,2026
1102,所羅門,13,18,-9,-4,2026-08-06,2026-08-13,5,8.65,2026-08-19,Tairos機器人展,2026
1103,所羅門,13,19,-9,-3,2026-08-06,2026-08-14,6,10.38,2026-08-19,Tairos機器人展,2026
1104,所羅門,13,20,-9,-2,2026-08-06,2026-08-17,7,21.11,2026-08-19,Tairos機器人展,2026
1105,所羅門,13,21,-9,-1,2026-08-06,2026-08-18,8,22.84,2026-08-19,Tairos機器人展,2026
1106,所羅門,13,22,-9,0,2026-08-06,2026-08-19,9,11.42,2026-08-19,Tairos機器人展,2026
1107,所羅門,13,23,-9,1,2026-08-06,2026-08-20,10,9.34,2026-08-19,Tairos機器人展,2026
1108,所羅門,13,24,-9,2,2026-08-06,2026-08-21,11,3.81,2026-08-19,Tairos機器人展,2026
1109,所羅門,13,25,-9,3,2026-08-06,2026-08-24,12,0.69,2026-08-19,Tairos機器人展,2026
1110,所羅門,13,26,-9,4,2026-08-06,2026-08-25,13,0.35,2026-08-19,Tairos機器人展,2026
1111,所羅門,13,27,-9,5,2026-08-06,2026-08-26,14,1.38,2026-08-19,Tairos機器人展,2026
1112,所羅門,13,28,-9,6,2026-08-06,2026-08-27,15,2.08,2026-08-19,Tairos機器人展,2026
1113,所羅門,14,15,-8,-7,2026-08-07,2026-08-10,1,6.97,2026-08-19,Tairos機器人展,2026
1114,所羅門,14,16,-8,-6,2026-08-07,2026-08-11,2,-2.09,2026-08-19,Tairos機器人展,2026
1115,所羅門,14,17,-8,-5,2026-08-07,2026-08-12,3,-0.35,2026-08-19,Tairos機器人展,2026
1116,所羅門,14,18,-8,-4,2026-08-07,2026-08-13,4,9.41,2026-08-19,Tairos機器人展,2026
1117,所羅門,14,19,-8,-3,2026-08-07,2026-08-14,5,11.15,2026-08-19,Tairos機器人展,2026
1118,所羅門,14,20,-8,-2,2026-08-07,2026-08-17,6,21.95,2026-08-19,Tairos機器人展,2026
1119,所羅門,14,21,-8,-1,2026-08-07,2026-08-18,7,23.69,2026-08-19,Tairos機器人展,2026
1120,所羅門,14,22,-8,0,2026-08-07,2026-08-19,8,12.2,2026-08-19,Tairos機器人展,2026
1121,所羅門,14,23,-8,1,2026-08-07,2026-08-20,9,10.1,2026-08-19,Tairos機器人展,2026
1122,所羅門,14,24,-8,2,2026-08-07,2026-08-21,10,4.53,2026-08-19,Tairos機器人展,2026
1123,所羅門,14,25,-8,3,2026-08-07,2026-08-24,11,1.39,2026-08-19,Tairos機器人展,2026
1124,所羅門,14,26,-8,4,2026-08-07,2026-08-25,12,1.05,2026-08-19,Tairos機器人展,2026
1125,所羅門,14,27,-8,5,2026-08-07,2026-08-26,13,2.09,2026-08-19,Tairos機器人展,2026
1126,所羅門,14,28,-8,6,2026-08-07,2026-08-27,14,2.79,2026-08-19,Tairos機器人展,2026
1127,所羅門,15,16,-7,-6,2026-08-10,2026-08-11,1,-8.47,2026-08-19,Tairos機器人展,2026
1128,所羅門,15,17,-7,-5,2026-08-10,2026-08-12,2,-6.84,2026-08-19,Tairos機器人展,2026
1129,所羅門,15,18,-7,-4,2026-08-10,2026-08-13,3,2.28,2026-08-19,Tairos機器人展,2026
1130,所羅門,15,19,-7,-3,2026-08-10,2026-08-14,4,3.91,2026-08-19,Tairos機器人展,2026
1131,所羅門,15,20,-7,-2,2026-08-10,2026-08-17,5,14.01,2026-08-19,Tairos機器人展,2026
1132,所羅門,15,21,-7,-1,2026-08-10,2026-08-18,6,15.64,2026-08-19,Tairos機器人展,2026
1133,所羅門,15,22,-7,0,2026-08-10,2026-08-19,7,4.89,2026-08-19,Tairos機器人展,2026
1134,所羅門,15,23,-7,1,2026-08-10,2026-08-20,8,2.93,2026-08-19,Tairos機器人展,2026
1135,所羅門,15,24,-7,2,2026-08-10,2026-08-21,9,-2.28,2026-08-19,Tairos機器人展,2026
1136,所羅門,15,25,-7,3,2026-08-10,2026-08-24,10,-5.21,2026-08-19,Tairos機器人展,2026
1137,所羅門,15,26,-7,4,2026-08-10,2026-08-25,11,-5.54,2026-08-19,Tairos機器人展,2026
1138,所羅門,15,27,-7,5,2026-08-10,2026-08-26,12,-4.56,2026-08-19,Tairos機器人展,2026
1139,所羅門,15,28,-7,6,2026-08-10,2026-08-27,13,-3.91,2026-08-19,Tairos機器人展,2026
1140,所羅門,16,17,-6,-5,2026-08-11,2026-08-12,1,1.78,2026-08-19,Tairos機器人展,2026
1141,所羅門,16,18,-6,-4,2026-08-11,2026-08-13,2,11.74,2026-08-19,Tairos機器人展,2026
1142,所羅門,16,19,-6,-3,2026-08-11,2026-08-14,3,13.52,2026-08-19,Tairos機器人展,2026
1143,所羅門,16,20,-6,-2,2026-08-11,2026-08-17,4,24.56,2026-08-19,Tairos機器人展,2026
1144,所羅門,16,21,-6,-1,2026-08-11,2026-08-18,5,26.33,2026-08-19,Tairos機器人展,2026
1145,所羅門,16,22,-6,0,2026-08-11,2026-08-19,6,14.59,2026-08-19,Tairos機器人展,2026
1146,所羅門,16,23,-6,1,2026-08-11,2026-08-20,7,12.46,2026-08-19,Tairos機器人展,2026
1147,所羅門,16,24,-6,2,2026-08-11,2026-08-21,8,6.76,2026-08-19,Tairos機器人展,2026
1148,所羅門,16,25,-6,3,2026-08-11,2026-08-24,9,3.56,2026-08-19,Tairos機器人展,2026
1149,所羅門,16,26,-6,4,2026-08-11,2026-08-25,10,3.2,2026-08-19,Tairos機器人展,2026
1150,所羅門,16,27,-6,5,2026-08-11,2026-08-26,11,4.27,2026-08-19,Tairos機器人展,2026
1151,所羅門,16,28,-6,6,2026-08-11,2026-08-27,12,4.98,2026-08-19,Tairos機器人展,2026
1152,所羅門,17,18,-5,-4,2026-08-12,2026-08-13,1,9.79,2026-08-19,Tairos機器人展,2026
1153,所羅門,17,19,-5,-3,2026-08-12,2026-08-14,2,11.54,2026-08-19,Tairos機器人展,2026
1154,所羅門,17,20,-5,-2,2026-08-12,2026-08-17,3,22.38,2026-08-19,Tairos機器人展,2026
1155,所羅門,17,21,-5,-1,2026-08-12,2026-08-18,4,24.13,2026-08-19,Tairos機器人展,2026
1156,所羅門,17,22,-5,0,2026-08-12,2026-08-19,5,12.59,2026-08-19,Tairos機器人展,2026
1157,所羅門,17,23,-5,1,2026-08-12,2026-08-20,6,10.49,2026-08-19,Tairos機器人展,2026
1158,所羅門,17,24,-5,2,2026-08-12,2026-08-21,7,4.9,2026-08-19,Tairos機器人展,2026
1159,所羅門,17,25,-5,3,2026-08-12,2026-08-24,8,1.75,2026-08-19,Tairos機器人展,2026
1160,所羅門,17,26,-5,4,2026-08-12,2026-08-25,9,1.4,2026-08-19,Tairos機器人展,2026
1161,所羅門,17,27,-5,5,2026-08-12,2026-08-26,10,2.45,2026-08-19,Tairos機器人展,2026
1162,所羅門,17,28,-5,6,2026-08-12,2026-08-27,11,3.15,2026-08-19,Tairos機器人展,2026
1163,所羅門,18,19,-4,-3,2026-08-13,2026-08-14,1,1.59,2026-08-19,Tairos機器人展,2026
1164,所羅門,18,20,-4,-2,2026-08-13,2026-08-17,2,11.46,2026-08-19,Tairos機器人展,2026
1165,所羅門,18,21,-4,-1,2026-08-13,2026-08-18,3,13.06,2026-08-19,Tairos機器人展,2026
1166,所羅門,18,22,-4,0,2026-08-13,2026-08-19,4,2.55,2026-08-19,Tairos機器人展,2026
1167,所羅門,18,23,-4,1,2026-08-13,2026-08-20,5,0.64,2026-08-19,Tairos機器人展,2026
1168,所羅門,18,24,-4,2,2026-08-13,2026-08-21,6,-4.46,2026-08-19,Tairos機器人展,2026
1169,所羅門,18,25,-4,3,2026-08-13,2026-08-24,7,-7.32,2026-08-19,Tairos機器人展,2026
1170,所羅門,18,26,-4,4,2026-08-13,2026-08-25,8,-7.64,2026-08-19,Tairos機器人展,2026
1171,所羅門,18,27,-4,5,2026-08-13,2026-08-26,9,-6.69,2026-08-19,Tairos機器人展,2026
1172,所羅門,18,28,-4,6,2026-08-13,2026-08-27,10,-6.05,2026-08-19,Tairos機器人展,2026
1173,所羅門,19,20,-3,-2,2026-08-14,2026-08-17,1,9.72,2026-08-19,Tairos機器人展,2026
1174,所羅門,19,21,-3,-1,2026-08-14,2026-08-18,2,11.29,2026-08-19,Tairos機器人展,2026
1175,所羅門,19,22,-3,0,2026-08-14,2026-08-19,3,0.94,2026-08-19,Tairos機器人展,2026
1176,所羅門,19,23,-3,1,2026-08-14,2026-08-20,4,-0.94,2026-08-19,Tairos機器人展,2026
1177,所羅門,19,24,-3,2,2026-08-14,2026-08-21,5,-5.96,2026-08-19,Tairos機器人展,2026
1178,所羅門,19,25,-3,3,2026-08-14,2026-08-24,6,-8.78,2026-08-19,Tairos機器人展,2026
1179,所羅門,19,26,-3,4,2026-08-14,2026-08-25,7,-9.09,2026-08-19,Tairos機器人展,2026
1180,所羅門,19,27,-3,5,2026-08-14,2026-08-26,8,-8.15,2026-08-19,Tairos機器人展,2026
1181,所羅門,19,28,-3,6,2026-08-14,2026-08-27,9,-7.52,2026-08-19,Tairos機器人展,2026
1182,所羅門,20,21,-2,-1,2026-08-17,2026-08-18,1,1.43,2026-08-19,Tairos機器人展,2026
1183,所羅門,20,22,-2,0,2026-08-17,2026-08-19,2,-8.0,2026-08-19,Tairos機器人展,2026
1184,所羅門,20,23,-2,1,2026-08-17,2026-08-20,3,-9.71,2026-08-19,Tairos機器人展,2026
1185,所羅門,20,24,-2,2,2026-08-17,2026-08-21,4,-14.29,2026-08-19,Tairos機器人展,2026
1186,所羅門,20,25,-2,3,2026-08-17,2026-08-24,5,-16.86,2026-08-19,Tairos機器人展,2026
1187,所羅門,20,26,-2,4,2026-08-17,2026-08-25,6,-17.14,2026-08-19,Tairos機器人展,2026
1188,所羅門,20,27,-2,5,2026-08-17,2026-08-26,7,-16.29,2026-08-19,Tairos機器人展,2026
1189,所羅門,20,28,-2,6,2026-08-17,2026-08-27,8,-15.71,2026-08-19,Tairos機器人展,2026
1190,所羅門,21,22,-1,0,2026-08-18,2026-08-19,1,-9.3,2026-08-19,Tairos機器人展,2026
1191,所羅門,21,23,-1,1,2026-08-18,2026-08-20,2,-10.99,2026-08-19,Tairos機器人展,2026
1192,所羅門,21,24,-1,2,2026-08-18,2026-08-21,3,-15.49,2026-08-19,Tairos機器人展,2026
1193,所羅門,21,25,-1,3,2026-08-18,2026-08-24,4,-18.03,2026-08-19,Tairos機器人展,2026
1194,所羅門,21,26,-1,4,2026-08-18,2026-08-25,5,-18.31,2026-08-19,Tairos機器人展,2026
1195,所羅門,21,27,-1,5,2026-08-18,2026-08-26,6,-17.46,2026-08-19,Tairos機器人展,2026
1196,所羅門,21,28,-1,6,2026-08-18,2026-08-27,7,-16.9,2026-08-19,Tairos機器人展,2026
1197,所羅門,22,23,0,1,2026-08-19,2026-08-20,1,-1.86,2026-08-19,Tairos機器人展,2026
1198,所羅門,22,24,0,2,2026-08-19,2026-08-21,2,-6.83,2026-08-19,Tairos機器人展,2026
1199,所羅門,22,25,0,3,2026-08-19,2026-08-24,3,-9.63,2026-08-19,Tairos機器人展,2026
1200,所羅門,22,26,0,4,2026-08-19,2026-08-25,4,-9.94,2026-08-19,Tairos機器人展,2026
1201,所羅門,22,27,0,5,2026-08-19,2026-08-26,5,-9.01,2026-08-19,Tairos機器人展,2026
1202,所羅門,22,28,0,6,2026-08-19,2026-08-27,6,-8.39,2026-08-19,Tairos機器人展,2026
1203,所羅門,23,24,1,2,2026-08-20,2026-08-21,1,-5.06,2026-08-19,Tairos機器人展,2026
1204,所羅門,23,25,1,3,2026-08-20,2026-08-24,2,-7.91,2026-08-19,Tairos機器人展,2026
1205,所羅門,23,26,1,4,2026-08-20,2026-08-25,3,-8.23,2026-08-19,Tairos機器人展,2026
1206,所羅門,23,27,1,5,2026-08-20,2026-08-26,4,-7.28,2026-08-19,Tairos機器人展,2026
1207,所羅門,23,28,1,6,2026-08-20,2026-08-27,5,-6.65,2026-08-19,Tairos機器人展,2026
1208,所羅門,24,25,2,3,2026-08-21,2026-08-24,1,-3.0,2026-08-19,Tairos機器人展,2026
1209,所羅門,24,26,2,4,2026-08-21,2026-08-25,2,-3.33,2026-08-19,Tairos機器人展,2026
1210,所羅門,24,27,2,5,2026-08-21,2026-08-26,3,-2.33,2026-08-19,Tairos機器人展,2026
1211,所羅門,24,28,2,6,2026-08-21,2026-08-27,4,-1.67,2026-08-19,Tairos機器人展,2026
1212,所羅門,25,26,3,4,2026-08-24,2026-08-25,1,-0.34,2026-08-19,Tairos機器人展,2026
1213,所羅門,25,27,3,5,2026-08-24,2026-08-26,2,0.69,2026-08-19,Tairos機器人展,2026
1214,所羅門,25,28,3,6,2026-08-24,2026-08-27,3,1.37,2026-08-19,Tairos機器人展,2026
1215,所羅門,26,27,4,5,2026-08-25,2026-08-26,1,1.03,2026-08-19,Tairos機器人展,2026
1216,所羅門,26,28,4,6,2026-08-25,2026-08-27,2,1.72,2026-08-19,Tairos機器人展,2026
1217,所羅門,27,28,5,6,2026-08-26,2026-08-27,1,0.68,2026-08-19,Tairos機器人展,2026
1218,直得,0,1,-22,-21,2026-07-20,2026-07-21,1,2.46,2026-08-19,Tairos機器人展,2026
1219,直得,0,2,-22,-20,2026-07-20,2026-07-22,2,5.74,2026-08-19,Tairos機器人展,2026
1220,直得,0,3,-22,-19,2026-07-20,2026-07-23,3,10.25,2026-08-19,Tairos機器人展,2026
1221,直得,0,4,-22,-18,2026-07-20,2026-07-24,4,3.28,2026-08-19,Tairos機器人展,2026
1222,直得,0,5,-22,-17,2026-07-20,2026-07-27,5,5.33,2026-08-19,Tairos機器人展,2026
1223,直得,0,6,-22,-16,2026-07-20,2026-07-28,6,-3.69,2026-08-19,Tairos機器人展,2026
1224,直得,0,7,-22,-15,2026-07-20,2026-07-29,7,-10.25,2026-08-19,Tairos機器人展,2026
1225,直得,0,8,-22,-14,2026-07-20,2026-07-30,8,-14.75,2026-08-19,Tairos機器人展,2026
1226,直得,0,9,-22,-13,2026-07-20,2026-07-31,9,-6.56,2026-08-19,Tairos機器人展,2026
1227,直得,0,10,-22,-12,2026-07-20,2026-08-03,10,2.46,2026-08-19,Tairos機器人展,2026
1228,直得,0,11,-22,-11,2026-07-20,2026-08-04,11,7.38,2026-08-19,Tairos機器人展,2026
1229,直得,0,12,-22,-10,2026-07-20,2026-08-05,12,12.7,2026-08-19,Tairos機器人展,2026
1230,直得,0,13,-22,-9,2026-07-20,2026-08-06,13,17.21,2026-08-19,Tairos機器人展,2026
1231,直得,0,14,-22,-8,2026-07-20,2026-08-07,14,15.57,2026-08-19,Tairos機器人展,2026
1232,直得,0,15,-22,-7,2026-07-20,2026-08-10,15,22.13,2026-08-19,Tairos機器人展,2026
1233,直得,0,16,-22,-6,2026-07-20,2026-08-11,16,21.31,2026-08-19,Tairos機器人展,2026
1234,直得,0,17,-22,-5,2026-07-20,2026-08-12,17,22.13,2026-08-19,Tairos機器人展,2026
1235,直得,0,18,-22,-4,2026-07-20,2026-08-13,18,22.95,2026-08-19,Tairos機器人展,2026
1236,直得,0,19,-22,-3,2026-07-20,2026-08-14,19,17.62,2026-08-19,Tairos機器人展,2026
1237,直得,0,20,-22,-2,2026-07-20,2026-08-17,20,18.85,2026-08-19,Tairos機器人展,2026
1238,直得,0,21,-22,-1,2026-07-20,2026-08-18,21,14.34,2026-08-19,Tairos機器人展,2026
1239,直得,0,22,-22,0,2026-07-20,2026-08-19,22,10.66,2026-08-19,Tairos機器人展,2026
1240,直得,0,23,-22,1,2026-07-20,2026-08-20,23,11.23,2026-08-19,Tairos機器人展,2026
1241,直得,0,24,-22,2,2026-07-20,2026-08-21,24,9.58,2026-08-19,Tairos機器人展,2026
1242,直得,0,25,-22,3,2026-07-20,2026-08-24,25,8.35,2026-08-19,Tairos機器人展,2026
1243,直得,0,26,-22,4,2026-07-20,2026-08-25,26,7.11,2026-08-19,Tairos機器人展,2026
1244,直得,0,27,-22,5,2026-07-20,2026-08-26,27,10.82,2026-08-19,Tairos機器人展,2026
1245,直得,0,28,-22,6,2026-07-20,2026-08-27,28,21.53,2026-08-19,Tairos機器人展,2026
1246,直得,1,2,-21,-20,2026-07-21,2026-07-22,1,3.2,2026-08-19,Tairos機器人展,2026
1247,直得,1,3,-21,-19,2026-07-21,2026-07-23,2,7.6,2026-08-19,Tairos機器人展,2026
1248,直得,1,4,-21,-18,2026-07-21,2026-07-24,3,0.8,2026-08-19,Tairos機器人展,2026
1249,直得,1,5,-21,-17,2026-07-21,2026-07-27,4,2.8,2026-08-19,Tairos機器人展,2026
1250,直得,1,6,-21,-16,2026-07-21,2026-07-28,5,-6.0,2026-08-19,Tairos機器人展,2026
1251,直得,1,7,-21,-15,2026-07-21,2026-07-29,6,-12.4,2026-08-19,Tairos機器人展,2026
1252,直得,1,8,-21,-14,2026-07-21,2026-07-30,7,-16.8,2026-08-19,Tairos機器人展,2026
1253,直得,1,9,-21,-13,2026-07-21,2026-07-31,8,-8.8,2026-08-19,Tairos機器人展,2026
1254,直得,1,10,-21,-12,2026-07-21,2026-08-03,9,0.0,2026-08-19,Tairos機器人展,2026
1255,直得,1,11,-21,-11,2026-07-21,2026-08-04,10,4.8,2026-08-19,Tairos機器人展,2026
1256,直得,1,12,-21,-10,2026-07-21,2026-08-05,11,10.0,2026-08-19,Tairos機器人展,2026
1257,直得,1,13,-21,-9,2026-07-21,2026-08-06,12,14.4,2026-08-19,Tairos機器人展,2026
1258,直得,1,14,-21,-8,2026-07-21,2026-08-07,13,12.8,2026-08-19,Tairos機器人展,2026
1259,直得,1,15,-21,-7,2026-07-21,2026-08-10,14,19.2,2026-08-19,Tairos機器人展,2026
1260,直得,1,16,-21,-6,2026-07-21,2026-08-11,15,18.4,2026-08-19,Tairos機器人展,2026
1261,直得,1,17,-21,-5,2026-07-21,2026-08-12,16,19.2,2026-08-19,Tairos機器人展,2026
1262,直得,1,18,-21,-4,2026-07-21,2026-08-13,17,20.0,2026-08-19,Tairos機器人展,2026
1263,直得,1,19,-21,-3,2026-07-21,2026-08-14,18,14.8,2026-08-19,Tairos機器人展,2026
1264,直得,1,20,-21,-2,2026-07-21,2026-08-17,19,16.0,2026-08-19,Tairos機器人展,2026
1265,直得,1,21,-21,-1,2026-07-21,2026-08-18,20,11.6,2026-08-19,Tairos機器人展,2026
1266,直得,1,22,-21,0,2026-07-21,2026-08-19,21,8.0,2026-08-19,Tairos機器人展,2026
1267,直得,1,23,-21,1,2026-07-21,2026-08-20,22,8.56,2026-08-19,Tairos機器人展,2026
1268,直得,1,24,-21,2,2026-07-21,2026-08-21,23,6.95,2026-08-19,Tairos機器人展,2026
1269,直得,1,25,-21,3,2026-07-21,2026-08-24,24,5.75,2026-08-19,Tairos機器人展,2026
1270,直得,1,26,-21,4,2026-07-21,2026-08-25,25,4.54,2026-08-19,Tairos機器人展,2026
1271,直得,1,27,-21,5,2026-07-21,2026-08-26,26,8.16,2026-08-19,Tairos機器人展,2026
1272,直得,1,28,-21,6,2026-07-21,2026-08-27,27,18.62,2026-08-19,Tairos機器人展,2026
1273,直得,2,3,-20,-19,2026-07-22,2026-07-23,1,4.26,2026-08-19,Tairos機器人展,2026
1274,直得,2,4,-20,-18,2026-07-22,2026-07-24,2,-2.33,2026-08-19,Tairos機器人展,2026
1275,直得,2,5,-20,-17,2026-07-22,2026-07-27,3,-0.39,2026-08-19,Tairos機器人展,2026
1276,直得,2,6,-20,-16,2026-07-22,2026-07-28,4,-8.91,2026-08-19,Tairos機器人展,2026
1277,直得,2,7,-20,-15,2026-07-22,2026-07-29,5,-15.12,2026-08-19,Tairos機器人展,2026
1278,直得,2,8,-20,-14,2026-07-22,2026-07-30,6,-19.38,2026-08-19,Tairos機器人展,2026
1279,直得,2,9,-20,-13,2026-07-22,2026-07-31,7,-11.63,2026-08-19,Tairos機器人展,2026
1280,直得,2,10,-20,-12,2026-07-22,2026-08-03,8,-3.1,2026-08-19,Tairos機器人展,2026
1281,直得,2,11,-20,-11,2026-07-22,2026-08-04,9,1.55,2026-08-19,Tairos機器人展,2026
1282,直得,2,12,-20,-10,2026-07-22,2026-08-05,10,6.59,2026-08-19,Tairos機器人展,2026
1283,直得,2,13,-20,-9,2026-07-22,2026-08-06,11,10.85,2026-08-19,Tairos機器人展,2026
1284,直得,2,14,-20,-8,2026-07-22,2026-08-07,12,9.3,2026-08-19,Tairos機器人展,2026
1285,直得,2,15,-20,-7,2026-07-22,2026-08-10,13,15.5,2026-08-19,Tairos機器人展,2026
1286,直得,2,16,-20,-6,2026-07-22,2026-08-11,14,14.73,2026-08-19,Tairos機器人展,2026
1287,直得,2,17,-20,-5,2026-07-22,2026-08-12,15,15.5,2026-08-19,Tairos機器人展,2026
1288,直得,2,18,-20,-4,2026-07-22,2026-08-13,16,16.28,2026-08-19,Tairos機器人展,2026
1289,直得,2,19,-20,-3,2026-07-22,2026-08-14,17,11.24,2026-08-19,Tairos機器人展,2026
1290,直得,2,20,-20,-2,2026-07-22,2026-08-17,18,12.4,2026-08-19,Tairos機器人展,2026
1291,直得,2,21,-20,-1,2026-07-22,2026-08-18,19,8.14,2026-08-19,Tairos機器人展,2026
1292,直得,2,22,-20,0,2026-07-22,2026-08-19,20,4.65,2026-08-19,Tairos機器人展,2026
1293,直得,2,23,-20,1,2026-07-22,2026-08-20,21,5.2,2026-08-19,Tairos機器人展,2026
1294,直得,2,24,-20,2,2026-07-22,2026-08-21,22,3.64,2026-08-19,Tairos機器人展,2026
1295,直得,2,25,-20,3,2026-07-22,2026-08-24,23,2.47,2026-08-19,Tairos機器人展,2026
1296,直得,2,26,-20,4,2026-07-22,2026-08-25,24,1.3,2026-08-19,Tairos機器人展,2026
1297,直得,2,27,-20,5,2026-07-22,2026-08-26,25,4.81,2026-08-19,Tairos機器人展,2026
1298,直得,2,28,-20,6,2026-07-22,2026-08-27,26,14.94,2026-08-19,Tairos機器人展,2026
1299,直得,3,4,-19,-18,2026-07-23,2026-07-24,1,-6.32,2026-08-19,Tairos機器人展,2026
1300,直得,3,5,-19,-17,2026-07-23,2026-07-27,2,-4.46,2026-08-19,Tairos機器人展,2026
1301,直得,3,6,-19,-16,2026-07-23,2026-07-28,3,-12.64,2026-08-19,Tairos機器人展,2026
1302,直得,3,7,-19,-15,2026-07-23,2026-07-29,4,-18.59,2026-08-19,Tairos機器人展,2026
1303,直得,3,8,-19,-14,2026-07-23,2026-07-30,5,-22.68,2026-08-19,Tairos機器人展,2026
1304,直得,3,9,-19,-13,2026-07-23,2026-07-31,6,-15.24,2026-08-19,Tairos機器人展,2026
1305,直得,3,10,-19,-12,2026-07-23,2026-08-03,7,-7.06,2026-08-19,Tairos機器人展,2026
1306,直得,3,11,-19,-11,2026-07-23,2026-08-04,8,-2.6,2026-08-19,Tairos機器人展,2026
1307,直得,3,12,-19,-10,2026-07-23,2026-08-05,9,2.23,2026-08-19,Tairos機器人展,2026
1308,直得,3,13,-19,-9,2026-07-23,2026-08-06,10,6.32,2026-08-19,Tairos機器人展,2026
1309,直得,3,14,-19,-8,2026-07-23,2026-08-07,11,4.83,2026-08-19,Tairos機器人展,2026
1310,直得,3,15,-19,-7,2026-07-23,2026-08-10,12,10.78,2026-08-19,Tairos機器人展,2026
1311,直得,3,16,-19,-6,2026-07-23,2026-08-11,13,10.04,2026-08-19,Tairos機器人展,2026
1312,直得,3,17,-19,-5,2026-07-23,2026-08-12,14,10.78,2026-08-19,Tairos機器人展,2026
1313,直得,3,18,-19,-4,2026-07-23,2026-08-13,15,11.52,2026-08-19,Tairos機器人展,2026
1314,直得,3,19,-19,-3,2026-07-23,2026-08-14,16,6.69,2026-08-19,Tairos機器人展,2026
1315,直得,3,20,-19,-2,2026-07-23,2026-08-17,17,7.81,2026-08-19,Tairos機器人展,2026
1316,直得,3,21,-19,-1,2026-07-23,2026-08-18,18,3.72,2026-08-19,Tairos機器人展,2026
1317,直得,3,22,-19,0,2026-07-23,2026-08-19,19,0.37,2026-08-19,Tairos機器人展,2026
1318,直得,3,23,-19,1,2026-07-23,2026-08-20,20,0.89,2026-08-19,Tairos機器人展,2026
1319,直得,3,24,-19,2,2026-07-23,2026-08-21,21,-0.6,2026-08-19,Tairos機器人展,2026
1320,直得,3,25,-19,3,2026-07-23,2026-08-24,22,-1.72,2026-08-19,Tairos機器人展,2026
1321,直得,3,26,-19,4,2026-07-23,2026-08-25,23,-2.84,2026-08-19,Tairos機器人展,2026
1322,直得,3,27,-19,5,2026-07-23,2026-08-26,24,0.52,2026-08-19,Tairos機器人展,2026
1323,直得,3,28,-19,6,2026-07-23,2026-08-27,25,10.24,2026-08-19,Tairos機器人展,2026
1324,直得,4,5,-18,-17,2026-07-24,2026-07-27,1,1.98,2026-08-19,Tairos機器人展,2026
1325,直得,4,6,-18,-16,2026-07-24,2026-07-28,2,-6.75,2026-08-19,Tairos機器人展,2026
1326,直得,4,7,-18,-15,2026-07-24,2026-07-29,3,-13.1,2026-08-19,Tairos機器人展,2026
1327,直得,4,8,-18,-14,2026-07-24,2026-07-30,4,-17.46,2026-08-19,Tairos機器人展,2026
1328,直得,4,9,-18,-13,2026-07-24,2026-07-31,5,-9.52,2026-08-19,Tairos機器人展,2026
1329,直得,4,10,-18,-12,2026-07-24,2026-08-03,6,-0.79,2026-08-19,Tairos機器人展,2026
1330,直得,4,11,-18,-11,2026-07-24,2026-08-04,7,3.97,2026-08-19,Tairos機器人展,2026
1331,直得,4,12,-18,-10,2026-07-24,2026-08-05,8,9.13,2026-08-19,Tairos機器人展,2026
1332,直得,4,13,-18,-9,2026-07-24,2026-08-06,9,13.49,2026-08-19,Tairos機器人展,2026
1333,直得,4,14,-18,-8,2026-07-24,2026-08-07,10,11.9,2026-08-19,Tairos機器人展,2026
1334,直得,4,15,-18,-7,2026-07-24,2026-08-10,11,18.25,2026-08-19,Tairos機器人展,2026
1335,直得,4,16,-18,-6,2026-07-24,2026-08-11,12,17.46,2026-08-19,Tairos機器人展,2026
1336,直得,4,17,-18,-5,2026-07-24,2026-08-12,13,18.25,2026-08-19,Tairos機器人展,2026
1337,直得,4,18,-18,-4,2026-07-24,2026-08-13,14,19.05,2026-08-19,Tairos機器人展,2026
1338,直得,4,19,-18,-3,2026-07-24,2026-08-14,15,13.89,2026-08-19,Tairos機器人展,2026
1339,直得,4,20,-18,-2,2026-07-24,2026-08-17,16,15.08,2026-08-19,Tairos機器人展,2026
1340,直得,4,21,-18,-1,2026-07-24,2026-08-18,17,10.71,2026-08-19,Tairos機器人展,2026
1341,直得,4,22,-18,0,2026-07-24,2026-08-19,18,7.14,2026-08-19,Tairos機器人展,2026
1342,直得,4,23,-18,1,2026-07-24,2026-08-20,19,7.7,2026-08-19,Tairos機器人展,2026
1343,直得,4,24,-18,2,2026-07-24,2026-08-21,20,6.11,2026-08-19,Tairos機器人展,2026
1344,直得,4,25,-18,3,2026-07-24,2026-08-24,21,4.91,2026-08-19,Tairos機器人展,2026
1345,直得,4,26,-18,4,2026-07-24,2026-08-25,22,3.71,2026-08-19,Tairos機器人展,2026
1346,直得,4,27,-18,5,2026-07-24,2026-08-26,23,7.3,2026-08-19,Tairos機器人展,2026
1347,直得,4,28,-18,6,2026-07-24,2026-08-27,24,17.67,2026-08-19,Tairos機器人展,2026
1348,直得,5,6,-17,-16,2026-07-27,2026-07-28,1,-8.56,2026-08-19,Tairos機器人展,2026
1349,直得,5,7,-17,-15,2026-07-27,2026-07-29,2,-14.79,2026-08-19,Tairos機器人展,2026
1350,直得,5,8,-17,-14,2026-07-27,2026-07-30,3,-19.07,2026-08-19,Tairos機器人展,2026
1351,直得,5,9,-17,-13,2026-07-27,2026-07-31,4,-11.28,2026-08-19,Tairos機器人展,2026
1352,直得,5,10,-17,-12,2026-07-27,2026-08-03,5,-2.72,2026-08-19,Tairos機器人展,2026
1353,直得,5,11,-17,-11,2026-07-27,2026-08-04,6,1.95,2026-08-19,Tairos機器人展,2026
1354,直得,5,12,-17,-10,2026-07-27,2026-08-05,7,7.0,2026-08-19,Tairos機器人展,2026
1355,直得,5,13,-17,-9,2026-07-27,2026-08-06,8,11.28,2026-08-19,Tairos機器人展,2026
1356,直得,5,14,-17,-8,2026-07-27,2026-08-07,9,9.73,2026-08-19,Tairos機器人展,2026
1357,直得,5,15,-17,-7,2026-07-27,2026-08-10,10,15.95,2026-08-19,Tairos機器人展,2026
1358,直得,5,16,-17,-6,2026-07-27,2026-08-11,11,15.18,2026-08-19,Tairos機器人展,2026
1359,直得,5,17,-17,-5,2026-07-27,2026-08-12,12,15.95,2026-08-19,Tairos機器人展,2026
1360,直得,5,18,-17,-4,2026-07-27,2026-08-13,13,16.73,2026-08-19,Tairos機器人展,2026
1361,直得,5,19,-17,-3,2026-07-27,2026-08-14,14,11.67,2026-08-19,Tairos機器人展,2026
1362,直得,5,20,-17,-2,2026-07-27,2026-08-17,15,12.84,2026-08-19,Tairos機器人展,2026
1363,直得,5,21,-17,-1,2026-07-27,2026-08-18,16,8.56,2026-08-19,Tairos機器人展,2026
1364,直得,5,22,-17,0,2026-07-27,2026-08-19,17,5.06,2026-08-19,Tairos機器人展,2026
1365,直得,5,23,-17,1,2026-07-27,2026-08-20,18,5.61,2026-08-19,Tairos機器人展,2026
1366,直得,5,24,-17,2,2026-07-27,2026-08-21,19,4.04,2026-08-19,Tairos機器人展,2026
1367,直得,5,25,-17,3,2026-07-27,2026-08-24,20,2.87,2026-08-19,Tairos機器人展,2026
1368,直得,5,26,-17,4,2026-07-27,2026-08-25,21,1.69,2026-08-19,Tairos機器人展,2026
1369,直得,5,27,-17,5,2026-07-27,2026-08-26,22,5.21,2026-08-19,Tairos機器人展,2026
1370,直得,5,28,-17,6,2026-07-27,2026-08-27,23,15.38,2026-08-19,Tairos機器人展,2026
1371,直得,6,7,-16,-15,2026-07-28,2026-07-29,1,-6.81,2026-08-19,Tairos機器人展,2026
1372,直得,6,8,-16,-14,2026-07-28,2026-07-30,2,-11.49,2026-08-19,Tairos機器人展,2026
1373,直得,6,9,-16,-13,2026-07-28,2026-07-31,3,-2.98,2026-08-19,Tairos機器人展,2026
1374,直得,6,10,-16,-12,2026-07-28,2026-08-03,4,6.38,2026-08-19,Tairos機器人展,2026
1375,直得,6,11,-16,-11,2026-07-28,2026-08-04,5,11.49,2026-08-19,Tairos機器人展,2026
1376,直得,6,12,-16,-10,2026-07-28,2026-08-05,6,17.02,2026-08-19,Tairos機器人展,2026
1377,直得,6,13,-16,-9,2026-07-28,2026-08-06,7,21.7,2026-08-19,Tairos機器人展,2026
1378,直得,6,14,-16,-8,2026-07-28,2026-08-07,8,20.0,2026-08-19,Tairos機器人展,2026
1379,直得,6,15,-16,-7,2026-07-28,2026-08-10,9,26.81,2026-08-19,Tairos機器人展,2026
1380,直得,6,16,-16,-6,2026-07-28,2026-08-11,10,25.96,2026-08-19,Tairos機器人展,2026
1381,直得,6,17,-16,-5,2026-07-28,2026-08-12,11,26.81,2026-08-19,Tairos機器人展,2026
1382,直得,6,18,-16,-4,2026-07-28,2026-08-13,12,27.66,2026-08-19,Tairos機器人展,2026
1383,直得,6,19,-16,-3,2026-07-28,2026-08-14,13,22.13,2026-08-19,Tairos機器人展,2026
1384,直得,6,20,-16,-2,2026-07-28,2026-08-17,14,23.4,2026-08-19,Tairos機器人展,2026
1385,直得,6,21,-16,-1,2026-07-28,2026-08-18,15,18.72,2026-08-19,Tairos機器人展,2026
1386,直得,6,22,-16,0,2026-07-28,2026-08-19,16,14.89,2026-08-19,Tairos機器人展,2026
1387,直得,6,23,-16,1,2026-07-28,2026-08-20,17,15.49,2026-08-19,Tairos機器人展,2026
1388,直得,6,24,-16,2,2026-07-28,2026-08-21,18,13.78,2026-08-19,Tairos機器人展,2026
1389,直得,6,25,-16,3,2026-07-28,2026-08-24,19,12.5,2026-08-19,Tairos機器人展,2026
1390,直得,6,26,-16,4,2026-07-28,2026-08-25,20,11.21,2026-08-19,Tairos機器人展,2026
1391,直得,6,27,-16,5,2026-07-28,2026-08-26,21,15.06,2026-08-19,Tairos機器人展,2026
1392,直得,6,28,-16,6,2026-07-28,2026-08-27,22,26.19,2026-08-19,Tairos機器人展,2026
1393,直得,7,8,-15,-14,2026-07-29,2026-07-30,1,-5.02,2026-08-19,Tairos機器人展,2026
1394,直得,7,9,-15,-13,2026-07-29,2026-07-31,2,4.11,2026-08-19,Tairos機器人展,2026
1395,直得,7,10,-15,-12,2026-07-29,2026-08-03,3,14.16,2026-08-19,Tairos機器人展,2026
1396,直得,7,11,-15,-11,2026-07-29,2026-08-04,4,19.63,2026-08-19,Tairos機器人展,2026
1397,直得,7,12,-15,-10,2026-07-29,2026-08-05,5,25.57,2026-08-19,Tairos機器人展,2026
1398,直得,7,13,-15,-9,2026-07-29,2026-08-06,6,30.59,2026-08-19,Tairos機器人展,2026
1399,直得,7,14,-15,-8,2026-07-29,2026-08-07,7,28.77,2026-08-19,Tairos機器人展,2026
1400,直得,7,15,-15,-7,2026-07-29,2026-08-10,8,36.07,2026-08-19,Tairos機器人展,2026
1401,直得,7,16,-15,-6,2026-07-29,2026-08-11,9,35.16,2026-08-19,Tairos機器人展,2026
1402,直得,7,17,-15,-5,2026-07-29,2026-08-12,10,36.07,2026-08-19,Tairos機器人展,2026
1403,直得,7,18,-15,-4,2026-07-29,2026-08-13,11,36.99,2026-08-19,Tairos機器人展,2026
1404,直得,7,19,-15,-3,2026-07-29,2026-08-14,12,31.05,2026-08-19,Tairos機器人展,2026
1405,直得,7,20,-15,-2,2026-07-29,2026-08-17,13,32.42,2026-08-19,Tairos機器人展,2026
1406,直得,7,21,-15,-1,2026-07-29,2026-08-18,14,27.4,2026-08-19,Tairos機器人展,2026
1407,直得,7,22,-15,0,2026-07-29,2026-08-19,15,23.29,2026-08-19,Tairos機器人展,2026
1408,直得,7,23,-15,1,2026-07-29,2026-08-20,16,23.93,2026-08-19,Tairos機器人展,2026
1409,直得,7,24,-15,2,2026-07-29,2026-08-21,17,22.09,2026-08-19,Tairos機器人展,2026
1410,直得,7,25,-15,3,2026-07-29,2026-08-24,18,20.72,2026-08-19,Tairos機器人展,2026
1411,直得,7,26,-15,4,2026-07-29,2026-08-25,19,19.34,2026-08-19,Tairos機器人展,2026
1412,直得,7,27,-15,5,2026-07-29,2026-08-26,20,23.47,2026-08-19,Tairos機器人展,2026
1413,直得,7,28,-15,6,2026-07-29,2026-08-27,21,35.41,2026-08-19,Tairos機器人展,2026
1414,直得,8,9,-14,-13,2026-07-30,2026-07-31,1,9.62,2026-08-19,Tairos機器人展,2026
1415,直得,8,10,-14,-12,2026-07-30,2026-08-03,2,20.19,2026-08-19,Tairos機器人展,2026
1416,直得,8,11,-14,-11,2026-07-30,2026-08-04,3,25.96,2026-08-19,Tairos機器人展,2026
1417,直得,8,12,-14,-10,2026-07-30,2026-08-05,4,32.21,2026-08-19,Tairos機器人展,2026
1418,直得,8,13,-14,-9,2026-07-30,2026-08-06,5,37.5,2026-08-19,Tairos機器人展,2026
1419,直得,8,14,-14,-8,2026-07-30,2026-08-07,6,35.58,2026-08-19,Tairos機器人展,2026
1420,直得,8,15,-14,-7,2026-07-30,2026-08-10,7,43.27,2026-08-19,Tairos機器人展,2026
1421,直得,8,16,-14,-6,2026-07-30,2026-08-11,8,42.31,2026-08-19,Tairos機器人展,2026
1422,直得,8,17,-14,-5,2026-07-30,2026-08-12,9,43.27,2026-08-19,Tairos機器人展,2026
1423,直得,8,18,-14,-4,2026-07-30,2026-08-13,10,44.23,2026-08-19,Tairos機器人展,2026
1424,直得,8,19,-14,-3,2026-07-30,2026-08-14,11,37.98,2026-08-19,Tairos機器人展,2026
1425,直得,8,20,-14,-2,2026-07-30,2026-08-17,12,39.42,2026-08-19,Tairos機器人展,2026
1426,直得,8,21,-14,-1,2026-07-30,2026-08-18,13,34.13,2026-08-19,Tairos機器人展,2026
1427,直得,8,22,-14,0,2026-07-30,2026-08-19,14,29.81,2026-08-19,Tairos機器人展,2026
1428,直得,8,23,-14,1,2026-07-30,2026-08-20,15,30.48,2026-08-19,Tairos機器人展,2026
1429,直得,8,24,-14,2,2026-07-30,2026-08-21,16,28.55,2026-08-19,Tairos機器人展,2026
1430,直得,8,25,-14,3,2026-07-30,2026-08-24,17,27.1,2026-08-19,Tairos機器人展,2026
1431,直得,8,26,-14,4,2026-07-30,2026-08-25,18,25.65,2026-08-19,Tairos機器人展,2026
1432,直得,8,27,-14,5,2026-07-30,2026-08-26,19,30.0,2026-08-19,Tairos機器人展,2026
1433,直得,8,28,-14,6,2026-07-30,2026-08-27,20,42.57,2026-08-19,Tairos機器人展,2026
1434,直得,9,10,-13,-12,2026-07-31,2026-08-03,1,9.65,2026-08-19,Tairos機器人展,2026
1435,直得,9,11,-13,-11,2026-07-31,2026-08-04,2,14.91,2026-08-19,Tairos機器人展,2026
1436,直得,9,12,-13,-10,2026-07-31,2026-08-05,3,20.61,2026-08-19,Tairos機器人展,2026
1437,直得,9,13,-13,-9,2026-07-31,2026-08-06,4,25.44,2026-08-19,Tairos機器人展,2026
1438,直得,9,14,-13,-8,2026-07-31,2026-08-07,5,23.68,2026-08-19,Tairos機器人展,2026
1439,直得,9,15,-13,-7,2026-07-31,2026-08-10,6,30.7,2026-08-19,Tairos機器人展,2026
1440,直得,9,16,-13,-6,2026-07-31,2026-08-11,7,29.82,2026-08-19,Tairos機器人展,2026
1441,直得,9,17,-13,-5,2026-07-31,2026-08-12,8,30.7,2026-08-19,Tairos機器人展,2026
1442,直得,9,18,-13,-4,2026-07-31,2026-08-13,9,31.58,2026-08-19,Tairos機器人展,2026
1443,直得,9,19,-13,-3,2026-07-31,2026-08-14,10,25.88,2026-08-19,Tairos機器人展,2026
1444,直得,9,20,-13,-2,2026-07-31,2026-08-17,11,27.19,2026-08-19,Tairos機器人展,2026
1445,直得,9,21,-13,-1,2026-07-31,2026-08-18,12,22.37,2026-08-19,Tairos機器人展,2026
1446,直得,9,22,-13,0,2026-07-31,2026-08-19,13,18.42,2026-08-19,Tairos機器人展,2026
1447,直得,9,23,-13,1,2026-07-31,2026-08-20,14,19.04,2026-08-19,Tairos機器人展,2026
1448,直得,9,24,-13,2,2026-07-31,2026-08-21,15,17.27,2026-08-19,Tairos機器人展,2026
1449,直得,9,25,-13,3,2026-07-31,2026-08-24,16,15.95,2026-08-19,Tairos機器人展,2026
1450,直得,9,26,-13,4,2026-07-31,2026-08-25,17,14.63,2026-08-19,Tairos機器人展,2026
1451,直得,9,27,-13,5,2026-07-31,2026-08-26,18,18.6,2026-08-19,Tairos機器人展,2026
1452,直得,9,28,-13,6,2026-07-31,2026-08-27,19,30.06,2026-08-19,Tairos機器人展,2026
1453,直得,10,11,-12,-11,2026-08-03,2026-08-04,1,4.8,2026-08-19,Tairos機器人展,2026
1454,直得,10,12,-12,-10,2026-08-03,2026-08-05,2,10.0,2026-08-19,Tairos機器人展,2026
1455,直得,10,13,-12,-9,2026-08-03,2026-08-06,3,14.4,2026-08-19,Tairos機器人展,2026
1456,直得,10,14,-12,-8,2026-08-03,2026-08-07,4,12.8,2026-08-19,Tairos機器人展,2026
1457,直得,10,15,-12,-7,2026-08-03,2026-08-10,5,19.2,2026-08-19,Tairos機器人展,2026
1458,直得,10,16,-12,-6,2026-08-03,2026-08-11,6,18.4,2026-08-19,Tairos機器人展,2026
1459,直得,10,17,-12,-5,2026-08-03,2026-08-12,7,19.2,2026-08-19,Tairos機器人展,2026
1460,直得,10,18,-12,-4,2026-08-03,2026-08-13,8,20.0,2026-08-19,Tairos機器人展,2026
1461,直得,10,19,-12,-3,2026-08-03,2026-08-14,9,14.8,2026-08-19,Tairos機器人展,2026
1462,直得,10,20,-12,-2,2026-08-03,2026-08-17,10,16.0,2026-08-19,Tairos機器人展,2026
1463,直得,10,21,-12,-1,2026-08-03,2026-08-18,11,11.6,2026-08-19,Tairos機器人展,2026
1464,直得,10,22,-12,0,2026-08-03,2026-08-19,12,8.0,2026-08-19,Tairos機器人展,2026
1465,直得,10,23,-12,1,2026-08-03,2026-08-20,13,8.56,2026-08-19,Tairos機器人展,2026
1466,直得,10,24,-12,2,2026-08-03,2026-08-21,14,6.95,2026-08-19,Tairos機器人展,2026
1467,直得,10,25,-12,3,2026-08-03,2026-08-24,15,5.75,2026-08-19,Tairos機器人展,2026
1468,直得,10,26,-12,4,2026-08-03,2026-08-25,16,4.54,2026-08-19,Tairos機器人展,2026
1469,直得,10,27,-12,5,2026-08-03,2026-08-26,17,8.16,2026-08-19,Tairos機器人展,2026
1470,直得,10,28,-12,6,2026-08-03,2026-08-27,18,18.62,2026-08-19,Tairos機器人展,2026
1471,直得,11,12,-11,-10,2026-08-04,2026-08-05,1,4.96,2026-08-19,Tairos機器人展,2026
1472,直得,11,13,-11,-9,2026-08-04,2026-08-06,2,9.16,2026-08-19,Tairos機器人展,2026
1473,直得,11,14,-11,-8,2026-08-04,2026-08-07,3,7.63,2026-08-19,Tairos機器人展,2026
1474,直得,11,15,-11,-7,2026-08-04,2026-08-10,4,13.74,2026-08-19,Tairos機器人展,2026
1475,直得,11,16,-11,-6,2026-08-04,2026-08-11,5,12.98,2026-08-19,Tairos機器人展,2026
1476,直得,11,17,-11,-5,2026-08-04,2026-08-12,6,13.74,2026-08-19,Tairos機器人展,2026
1477,直得,11,18,-11,-4,2026-08-04,2026-08-13,7,14.5,2026-08-19,Tairos機器人展,2026
1478,直得,11,19,-11,-3,2026-08-04,2026-08-14,8,9.54,2026-08-19,Tairos機器人展,2026
1479,直得,11,20,-11,-2,2026-08-04,2026-08-17,9,10.69,2026-08-19,Tairos機器人展,2026
1480,直得,11,21,-11,-1,2026-08-04,2026-08-18,10,6.49,2026-08-19,Tairos機器人展,2026
1481,直得,11,22,-11,0,2026-08-04,2026-08-19,11,3.05,2026-08-19,Tairos機器人展,2026
1482,直得,11,23,-11,1,2026-08-04,2026-08-20,12,3.59,2026-08-19,Tairos機器人展,2026
1483,直得,11,24,-11,2,2026-08-04,2026-08-21,13,2.06,2026-08-19,Tairos機器人展,2026
1484,直得,11,25,-11,3,2026-08-04,2026-08-24,14,0.9,2026-08-19,Tairos機器人展,2026
1485,直得,11,26,-11,4,2026-08-04,2026-08-25,15,-0.25,2026-08-19,Tairos機器人展,2026
1486,直得,11,27,-11,5,2026-08-04,2026-08-26,16,3.21,2026-08-19,Tairos機器人展,2026
1487,直得,11,28,-11,6,2026-08-04,2026-08-27,17,13.18,2026-08-19,Tairos機器人展,2026
1488,直得,12,13,-10,-9,2026-08-05,2026-08-06,1,4.0,2026-08-19,Tairos機器人展,2026
1489,直得,12,14,-10,-8,2026-08-05,2026-08-07,2,2.55,2026-08-19,Tairos機器人展,2026
1490,直得,12,15,-10,-7,2026-08-05,2026-08-10,3,8.36,2026-08-19,Tairos機器人展,2026
1491,直得,12,16,-10,-6,2026-08-05,2026-08-11,4,7.64,2026-08-19,Tairos機器人展,2026
1492,直得,12,17,-10,-5,2026-08-05,2026-08-12,5,8.36,2026-08-19,Tairos機器人展,2026
1493,直得,12,18,-10,-4,2026-08-05,2026-08-13,6,9.09,2026-08-19,Tairos機器人展,2026
1494,直得,12,19,-10,-3,2026-08-05,2026-08-14,7,4.36,2026-08-19,Tairos機器人展,2026
1495,直得,12,20,-10,-2,2026-08-05,2026-08-17,8,5.45,2026-08-19,Tairos機器人展,2026
1496,直得,12,21,-10,-1,2026-08-05,2026-08-18,9,1.45,2026-08-19,Tairos機器人展,2026
1497,直得,12,22,-10,0,2026-08-05,2026-08-19,10,-1.82,2026-08-19,Tairos機器人展,2026
1498,直得,12,23,-10,1,2026-08-05,2026-08-20,11,-1.31,2026-08-19,Tairos機器人展,2026
1499,直得,12,24,-10,2,2026-08-05,2026-08-21,12,-2.77,2026-08-19,Tairos機器人展,2026
1500,直得,12,25,-10,3,2026-08-05,2026-08-24,13,-3.87,2026-08-19,Tairos機器人展,2026
1501,直得,12,26,-10,4,2026-08-05,2026-08-25,14,-4.96,2026-08-19,Tairos機器人展,2026
1502,直得,12,27,-10,5,2026-08-05,2026-08-26,15,-1.67,2026-08-19,Tairos機器人展,2026
1503,直得,12,28,-10,6,2026-08-05,2026-08-27,16,7.83,2026-08-19,Tairos機器人展,2026
1504,直得,13,14,-9,-8,2026-08-06,2026-08-07,1,-1.4,2026-08-19,Tairos機器人展,2026
1505,直得,13,15,-9,-7,2026-08-06,2026-08-10,2,4.2,2026-08-19,Tairos機器人展,2026
1506,直得,13,16,-9,-6,2026-08-06,2026-08-11,3,3.5,2026-08-19,Tairos機器人展,2026
1507,直得,13,17,-9,-5,2026-08-06,2026-08-12,4,4.2,2026-08-19,Tairos機器人展,2026
1508,直得,13,18,-9,-4,2026-08-06,2026-08-13,5,4.9,2026-08-19,Tairos機器人展,2026
1509,直得,13,19,-9,-3,2026-08-06,2026-08-14,6,0.35,2026-08-19,Tairos機器人展,2026
1510,直得,13,20,-9,-2,2026-08-06,2026-08-17,7,1.4,2026-08-19,Tairos機器人展,2026
1511,直得,13,21,-9,-1,2026-08-06,2026-08-18,8,-2.45,2026-08-19,Tairos機器人展,2026
1512,直得,13,22,-9,0,2026-08-06,2026-08-19,9,-5.59,2026-08-19,Tairos機器人展,2026
1513,直得,13,23,-9,1,2026-08-06,2026-08-20,10,-5.1,2026-08-19,Tairos機器人展,2026
1514,直得,13,24,-9,2,2026-08-06,2026-08-21,11,-6.51,2026-08-19,Tairos機器人展,2026
1515,直得,13,25,-9,3,2026-08-06,2026-08-24,12,-7.56,2026-08-19,Tairos機器人展,2026
1516,直得,13,26,-9,4,2026-08-06,2026-08-25,13,-8.62,2026-08-19,Tairos機器人展,2026
1517,直得,13,27,-9,5,2026-08-06,2026-08-26,14,-5.45,2026-08-19,Tairos機器人展,2026
1518,直得,13,28,-9,6,2026-08-06,2026-08-27,15,3.68,2026-08-19,Tairos機器人展,2026
1519,直得,14,15,-8,-7,2026-08-07,2026-08-10,1,5.67,2026-08-19,Tairos機器人展,2026
1520,直得,14,16,-8,-6,2026-08-07,2026-08-11,2,4.96,2026-08-19,Tairos機器人展,2026
1521,直得,14,17,-8,-5,2026-08-07,2026-08-12,3,5.67,2026-08-19,Tairos機器人展,2026
1522,直得,14,18,-8,-4,2026-08-07,2026-08-13,4,6.38,2026-08-19,Tairos機器人展,2026
1523,直得,14,19,-8,-3,2026-08-07,2026-08-14,5,1.77,2026-08-19,Tairos機器人展,2026
1524,直得,14,20,-8,-2,2026-08-07,2026-08-17,6,2.84,2026-08-19,Tairos機器人展,2026
1525,直得,14,21,-8,-1,2026-08-07,2026-08-18,7,-1.06,2026-08-19,Tairos機器人展,2026
1526,直得,14,22,-8,0,2026-08-07,2026-08-19,8,-4.26,2026-08-19,Tairos機器人展,2026
1527,直得,14,23,-8,1,2026-08-07,2026-08-20,9,-3.76,2026-08-19,Tairos機器人展,2026
1528,直得,14,24,-8,2,2026-08-07,2026-08-21,10,-5.18,2026-08-19,Tairos機器人展,2026
1529,直得,14,25,-8,3,2026-08-07,2026-08-24,11,-6.25,2026-08-19,Tairos機器人展,2026
1530,直得,14,26,-8,4,2026-08-07,2026-08-25,12,-7.32,2026-08-19,Tairos機器人展,2026
1531,直得,14,27,-8,5,2026-08-07,2026-08-26,13,-4.11,2026-08-19,Tairos機器人展,2026
1532,直得,14,28,-8,6,2026-08-07,2026-08-27,14,5.16,2026-08-19,Tairos機器人展,2026
1533,直得,15,16,-7,-6,2026-08-10,2026-08-11,1,-0.67,2026-08-19,Tairos機器人展,2026
1534,直得,15,17,-7,-5,2026-08-10,2026-08-12,2,0.0,2026-08-19,Tairos機器人展,2026
1535,直得,15,18,-7,-4,2026-08-10,2026-08-13,3,0.67,2026-08-19,Tairos機器人展,2026
1536,直得,15,19,-7,-3,2026-08-10,2026-08-14,4,-3.69,2026-08-19,Tairos機器人展,2026
1537,直得,15,20,-7,-2,2026-08-10,2026-08-17,5,-2.68,2026-08-19,Tairos機器人展,2026
1538,直得,15,21,-7,-1,2026-08-10,2026-08-18,6,-6.38,2026-08-19,Tairos機器人展,2026
1539,直得,15,22,-7,0,2026-08-10,2026-08-19,7,-9.4,2026-08-19,Tairos機器人展,2026
1540,直得,15,23,-7,1,2026-08-10,2026-08-20,8,-8.92,2026-08-19,Tairos機器人展,2026
1541,直得,15,24,-7,2,2026-08-10,2026-08-21,9,-10.27,2026-08-19,Tairos機器人展,2026
1542,直得,15,25,-7,3,2026-08-10,2026-08-24,10,-11.28,2026-08-19,Tairos機器人展,2026
1543,直得,15,26,-7,4,2026-08-10,2026-08-25,11,-12.3,2026-08-19,Tairos機器人展,2026
1544,直得,15,27,-7,5,2026-08-10,2026-08-26,12,-9.26,2026-08-19,Tairos機器人展,2026
1545,直得,15,28,-7,6,2026-08-10,2026-08-27,13,-0.49,2026-08-19,Tairos機器人展,2026
1546,直得,16,17,-6,-5,2026-08-11,2026-08-12,1,0.68,2026-08-19,Tairos機器人展,2026
1547,直得,16,18,-6,-4,2026-08-11,2026-08-13,2,1.35,2026-08-19,Tairos機器人展,2026
1548,直得,16,19,-6,-3,2026-08-11,2026-08-14,3,-3.04,2026-08-19,Tairos機器人展,2026
1549,直得,16,20,-6,-2,2026-08-11,2026-08-17,4,-2.03,2026-08-19,Tairos機器人展,2026
1550,直得,16,21,-6,-1,2026-08-11,2026-08-18,5,-5.74,2026-08-19,Tairos機器人展,2026
1551,直得,16,22,-6,0,2026-08-11,2026-08-19,6,-8.78,2026-08-19,Tairos機器人展,2026
1552,直得,16,23,-6,1,2026-08-11,2026-08-20,7,-8.31,2026-08-19,Tairos機器人展,2026
1553,直得,16,24,-6,2,2026-08-11,2026-08-21,8,-9.67,2026-08-19,Tairos機器人展,2026
1554,直得,16,25,-6,3,2026-08-11,2026-08-24,9,-10.69,2026-08-19,Tairos機器人展,2026
1555,直得,16,26,-6,4,2026-08-11,2026-08-25,10,-11.7,2026-08-19,Tairos機器人展,2026
1556,直得,16,27,-6,5,2026-08-11,2026-08-26,11,-8.65,2026-08-19,Tairos機器人展,2026
1557,直得,16,28,-6,6,2026-08-11,2026-08-27,12,0.18,2026-08-19,Tairos機器人展,2026
1558,直得,17,18,-5,-4,2026-08-12,2026-08-13,1,0.67,2026-08-19,Tairos機器人展,2026
1559,直得,17,19,-5,-3,2026-08-12,2026-08-14,2,-3.69,2026-08-19,Tairos機器人展,2026
1560,直得,17,20,-5,-2,2026-08-12,2026-08-17,3,-2.68,2026-08-19,Tairos機器人展,2026
1561,直得,17,21,-5,-1,2026-08-12,2026-08-18,4,-6.38,2026-08-19,Tairos機器人展,2026
1562,直得,17,22,-5,0,2026-08-12,2026-08-19,5,-9.4,2026-08-19,Tairos機器人展,2026
1563,直得,17,23,-5,1,2026-08-12,2026-08-20,6,-8.92,2026-08-19,Tairos機器人展,2026
1564,直得,17,24,-5,2,2026-08-12,2026-08-21,7,-10.27,2026-08-19,Tairos機器人展,2026
1565,直得,17,25,-5,3,2026-08-12,2026-08-24,8,-11.28,2026-08-19,Tairos機器人展,2026
1566,直得,17,26,-5,4,2026-08-12,2026-08-25,9,-12.3,2026-08-19,Tairos機器人展,2026
1567,直得,17,27,-5,5,2026-08-12,2026-08-26,10,-9.26,2026-08-19,Tairos機器人展,2026
1568,直得,17,28,-5,6,2026-08-12,2026-08-27,11,-0.49,2026-08-19,Tairos機器人展,2026
1569,直得,18,19,-4,-3,2026-08-13,2026-08-14,1,-4.33,2026-08-19,Tairos機器人展,2026
1570,直得,18,20,-4,-2,2026-08-13,2026-08-17,2,-3.33,2026-08-19,Tairos機器人展,2026
1571,直得,18,21,-4,-1,2026-08-13,2026-08-18,3,-7.0,2026-08-19,Tairos機器人展,2026
1572,直得,18,22,-4,0,2026-08-13,2026-08-19,4,-10.0,2026-08-19,Tairos機器人展,2026
1573,直得,18,23,-4,1,2026-08-13,2026-08-20,5,-9.53,2026-08-19,Tairos機器人展,2026
1574,直得,18,24,-4,2,2026-08-13,2026-08-21,6,-10.87,2026-08-19,Tairos機器人展,2026
1575,直得,18,25,-4,3,2026-08-13,2026-08-24,7,-11.88,2026-08-19,Tairos機器人展,2026
1576,直得,18,26,-4,4,2026-08-13,2026-08-25,8,-12.88,2026-08-19,Tairos機器人展,2026
1577,直得,18,27,-4,5,2026-08-13,2026-08-26,9,-9.87,2026-08-19,Tairos機器人展,2026
1578,直得,18,28,-4,6,2026-08-13,2026-08-27,10,-1.15,2026-08-19,Tairos機器人展,2026
1579,直得,19,20,-3,-2,2026-08-14,2026-08-17,1,1.05,2026-08-19,Tairos機器人展,2026
1580,直得,19,21,-3,-1,2026-08-14,2026-08-18,2,-2.79,2026-08-19,Tairos機器人展,2026
1581,直得,19,22,-3,0,2026-08-14,2026-08-19,3,-5.92,2026-08-19,Tairos機器人展,2026
1582,直得,19,23,-3,1,2026-08-14,2026-08-20,4,-5.43,2026-08-19,Tairos機器人展,2026
1583,直得,19,24,-3,2,2026-08-14,2026-08-21,5,-6.83,2026-08-19,Tairos機器人展,2026
1584,直得,19,25,-3,3,2026-08-14,2026-08-24,6,-7.88,2026-08-19,Tairos機器人展,2026
1585,直得,19,26,-3,4,2026-08-14,2026-08-25,7,-8.94,2026-08-19,Tairos機器人展,2026
1586,直得,19,27,-3,5,2026-08-14,2026-08-26,8,-5.78,2026-08-19,Tairos機器人展,2026
1587,直得,19,28,-3,6,2026-08-14,2026-08-27,9,3.32,2026-08-19,Tairos機器人展,2026
1588,直得,20,21,-2,-1,2026-08-17,2026-08-18,1,-3.79,2026-08-19,Tairos機器人展,2026
1589,直得,20,22,-2,0,2026-08-17,2026-08-19,2,-6.9,2026-08-19,Tairos機器人展,2026
1590,直得,20,23,-2,1,2026-08-17,2026-08-20,3,-6.41,2026-08-19,Tairos機器人展,2026
1591,直得,20,24,-2,2,2026-08-17,2026-08-21,4,-7.8,2026-08-19,Tairos機器人展,2026
1592,直得,20,25,-2,3,2026-08-17,2026-08-24,5,-8.84,2026-08-19,Tairos機器人展,2026
1593,直得,20,26,-2,4,2026-08-17,2026-08-25,6,-9.88,2026-08-19,Tairos機器人展,2026
1594,直得,20,27,-2,5,2026-08-17,2026-08-26,7,-6.76,2026-08-19,Tairos機器人展,2026
1595,直得,20,28,-2,6,2026-08-17,2026-08-27,8,2.25,2026-08-19,Tairos機器人展,2026
1596,直得,21,22,-1,0,2026-08-18,2026-08-19,1,-3.23,2026-08-19,Tairos機器人展,2026
1597,直得,21,23,-1,1,2026-08-18,2026-08-20,2,-2.72,2026-08-19,Tairos機器人展,2026
1598,直得,21,24,-1,2,2026-08-18,2026-08-21,3,-4.16,2026-08-19,Tairos機器人展,2026
1599,直得,21,25,-1,3,2026-08-18,2026-08-24,4,-5.24,2026-08-19,Tairos機器人展,2026
1600,直得,21,26,-1,4,2026-08-18,2026-08-25,5,-6.32,2026-08-19,Tairos機器人展,2026
1601,直得,21,27,-1,5,2026-08-18,2026-08-26,6,-3.08,2026-08-19,Tairos機器人展,2026
1602,直得,21,28,-1,6,2026-08-18,2026-08-27,7,6.29,2026-08-19,Tairos機器人展,2026
1603,直得,22,23,0,1,2026-08-19,2026-08-20,1,0.52,2026-08-19,Tairos機器人展,2026
1604,直得,22,24,0,2,2026-08-19,2026-08-21,2,-0.97,2026-08-19,Tairos機器人展,2026
1605,直得,22,25,0,3,2026-08-19,2026-08-24,3,-2.08,2026-08-19,Tairos機器人展,2026
1606,直得,22,26,0,4,2026-08-19,2026-08-25,4,-3.2,2026-08-19,Tairos機器人展,2026
1607,直得,22,27,0,5,2026-08-19,2026-08-26,5,0.15,2026-08-19,Tairos機器人展,2026
1608,直得,22,28,0,6,2026-08-19,2026-08-27,6,9.83,2026-08-19,Tairos機器人展,2026
1609,直得,23,24,1,2,2026-08-20,2026-08-21,1,-1.48,2026-08-19,Tairos機器人展,2026
1610,直得,23,25,1,3,2026-08-20,2026-08-24,2,-2.59,2026-08-19,Tairos機器人展,2026
1611,直得,23,26,1,4,2026-08-20,2026-08-25,3,-3.7,2026-08-19,Tairos機器人展,2026
1612,直得,23,27,1,5,2026-08-20,2026-08-26,4,-0.37,2026-08-19,Tairos機器人展,2026
1613,直得,23,28,1,6,2026-08-20,2026-08-27,5,9.26,2026-08-19,Tairos機器人展,2026
1614,直得,24,25,2,3,2026-08-21,2026-08-24,1,-1.13,2026-08-19,Tairos機器人展,2026
1615,直得,24,26,2,4,2026-08-21,2026-08-25,2,-2.26,2026-08-19,Tairos機器人展,2026
1616,直得,24,27,2,5,2026-08-21,2026-08-26,3,1.13,2026-08-19,Tairos機器人展,2026
1617,直得,24,28,2,6,2026-08-21,2026-08-27,4,10.9,2026-08-19,Tairos機器人展,2026
1618,直得,25,26,3,4,2026-08-24,2026-08-25,1,-1.14,2026-08-19,Tairos機器人展,2026
1619,直得,25,27,3,5,2026-08-24,2026-08-26,2,2.28,2026-08-19,Tairos機器人展,2026
1620,直得,25,28,3,6,2026-08-24,2026-08-27,3,12.17,2026-08-19,Tairos機器人展,2026
1621,直得,26,27,4,5,2026-08-25,2026-08-26,1,3.46,2026-08-19,Tairos機器人展,2026
1622,直得,26,28,4,6,2026-08-25,2026-08-27,2,13.46,2026-08-19,Tairos機器人展,2026
1623,直得,27,28,5,6,2026-08-26,2026-08-27,1,9.67,2026-08-19,Tairos機器人展,2026
