,Stock,Buy_Index,Sell_Index,Relative_Date,Sell_Relative_Date,Buy_Date,Sell_Date,Holding_Days,Return_%,start_on,Exhibition,Year
0,上銀,0,1,-21,-20,2025-07-21,2025-07-22,1,-2.79,2025-08-20,Tairos機器人展,2025
1,上銀,0,2,-21,-19,2025-07-21,2025-07-23,2,1.16,2025-08-20,Tairos機器人展,2025
2,上銀,0,3,-21,-18,2025-07-21,2025-07-24,3,0.93,2025-08-20,Tairos機器人展,2025
3,上銀,0,4,-21,-17,2025-07-21,2025-07-25,4,0.7,2025-08-20,Tairos機器人展,2025
4,上銀,0,5,-21,-16,2025-07-21,2025-07-28,5,-0.47,2025-08-20,Tairos機器人展,2025
5,上銀,0,6,-21,-15,2025-07-21,2025-07-29,6,-1.16,2025-08-20,Tairos機器人展,2025
6,上銀,0,7,-21,-14,2025-07-21,2025-07-30,7,-0.23,2025-08-20,Tairos機器人展,2025
7,上銀,0,8,-21,-13,2025-07-21,2025-07-31,8,-1.16,2025-08-20,Tairos機器人展,2025
8,上銀,0,9,-21,-12,2025-07-21,2025-08-04,9,-2.33,2025-08-20,Tairos機器人展,2025
9,上銀,0,10,-21,-11,2025-07-21,2025-08-05,10,-1.63,2025-08-20,Tairos機器人展,2025
10,上銀,0,11,-21,-10,2025-07-21,2025-08-06,11,-2.79,2025-08-20,Tairos機器人展,2025
11,上銀,0,12,-21,-9,2025-07-21,2025-08-07,12,-1.63,2025-08-20,Tairos機器人展,2025
12,上銀,0,13,-21,-8,2025-07-21,2025-08-08,13,0.47,2025-08-20,Tairos機器人展,2025
13,上銀,0,14,-21,-7,2025-07-21,2025-08-11,14,0.7,2025-08-20,Tairos機器人展,2025
14,上銀,0,15,-21,-6,2025-07-21,2025-08-12,15,-0.7,2025-08-20,Tairos機器人展,2025
15,上銀,0,16,-21,-5,2025-07-21,2025-08-13,16,-2.79,2025-08-20,Tairos機器人展,2025
16,上銀,0,17,-21,-4,2025-07-21,2025-08-14,17,-3.49,2025-08-20,Tairos機器人展,2025
17,上銀,0,18,-21,-3,2025-07-21,2025-08-15,18,-2.33,2025-08-20,Tairos機器人展,2025
18,上銀,0,19,-21,-2,2025-07-21,2025-08-18,19,1.63,2025-08-20,Tairos機器人展,2025
19,上銀,0,20,-21,-1,2025-07-21,2025-08-19,20,-1.63,2025-08-20,Tairos機器人展,2025
20,上銀,0,21,-21,0,2025-07-21,2025-08-20,21,-5.58,2025-08-20,Tairos機器人展,2025
21,上銀,0,22,-21,1,2025-07-21,2025-08-21,22,-4.19,2025-08-20,Tairos機器人展,2025
22,上銀,0,23,-21,2,2025-07-21,2025-08-22,23,-5.58,2025-08-20,Tairos機器人展,2025
23,上銀,0,24,-21,3,2025-07-21,2025-08-25,24,0.0,2025-08-20,Tairos機器人展,2025
24,上銀,0,25,-21,4,2025-07-21,2025-08-26,25,-0.47,2025-08-20,Tairos機器人展,2025
25,上銀,0,26,-21,5,2025-07-21,2025-08-27,26,0.0,2025-08-20,Tairos機器人展,2025
26,上銀,0,27,-21,6,2025-07-21,2025-08-28,27,0.23,2025-08-20,Tairos機器人展,2025
27,上銀,1,2,-20,-19,2025-07-22,2025-07-23,1,4.07,2025-08-20,Tairos機器人展,2025
28,上銀,1,3,-20,-18,2025-07-22,2025-07-24,2,3.83,2025-08-20,Tairos機器人展,2025
29,上銀,1,4,-20,-17,2025-07-22,2025-07-25,3,3.59,2025-08-20,Tairos機器人展,2025
30,上銀,1,5,-20,-16,2025-07-22,2025-07-28,4,2.39,2025-08-20,Tairos機器人展,2025
31,上銀,1,6,-20,-15,2025-07-22,2025-07-29,5,1.67,2025-08-20,Tairos機器人展,2025
32,上銀,1,7,-20,-14,2025-07-22,2025-07-30,6,2.63,2025-08-20,Tairos機器人展,2025
33,上銀,1,8,-20,-13,2025-07-22,2025-07-31,7,1.67,2025-08-20,Tairos機器人展,2025
34,上銀,1,9,-20,-12,2025-07-22,2025-08-04,8,0.48,2025-08-20,Tairos機器人展,2025
35,上銀,1,10,-20,-11,2025-07-22,2025-08-05,9,1.2,2025-08-20,Tairos機器人展,2025
36,上銀,1,11,-20,-10,2025-07-22,2025-08-06,10,0.0,2025-08-20,Tairos機器人展,2025
37,上銀,1,12,-20,-9,2025-07-22,2025-08-07,11,1.2,2025-08-20,Tairos機器人展,2025
38,上銀,1,13,-20,-8,2025-07-22,2025-08-08,12,3.35,2025-08-20,Tairos機器人展,2025
39,上銀,1,14,-20,-7,2025-07-22,2025-08-11,13,3.59,2025-08-20,Tairos機器人展,2025
40,上銀,1,15,-20,-6,2025-07-22,2025-08-12,14,2.15,2025-08-20,Tairos機器人展,2025
41,上銀,1,16,-20,-5,2025-07-22,2025-08-13,15,0.0,2025-08-20,Tairos機器人展,2025
42,上銀,1,17,-20,-4,2025-07-22,2025-08-14,16,-0.72,2025-08-20,Tairos機器人展,2025
43,上銀,1,18,-20,-3,2025-07-22,2025-08-15,17,0.48,2025-08-20,Tairos機器人展,2025
44,上銀,1,19,-20,-2,2025-07-22,2025-08-18,18,4.55,2025-08-20,Tairos機器人展,2025
45,上銀,1,20,-20,-1,2025-07-22,2025-08-19,19,1.2,2025-08-20,Tairos機器人展,2025
46,上銀,1,21,-20,0,2025-07-22,2025-08-20,20,-2.87,2025-08-20,Tairos機器人展,2025
47,上銀,1,22,-20,1,2025-07-22,2025-08-21,21,-1.44,2025-08-20,Tairos機器人展,2025
48,上銀,1,23,-20,2,2025-07-22,2025-08-22,22,-2.87,2025-08-20,Tairos機器人展,2025
49,上銀,1,24,-20,3,2025-07-22,2025-08-25,23,2.87,2025-08-20,Tairos機器人展,2025
50,上銀,1,25,-20,4,2025-07-22,2025-08-26,24,2.39,2025-08-20,Tairos機器人展,2025
51,上銀,1,26,-20,5,2025-07-22,2025-08-27,25,2.87,2025-08-20,Tairos機器人展,2025
52,上銀,1,27,-20,6,2025-07-22,2025-08-28,26,3.11,2025-08-20,Tairos機器人展,2025
53,上銀,2,3,-19,-18,2025-07-23,2025-07-24,1,-0.23,2025-08-20,Tairos機器人展,2025
54,上銀,2,4,-19,-17,2025-07-23,2025-07-25,2,-0.46,2025-08-20,Tairos機器人展,2025
55,上銀,2,5,-19,-16,2025-07-23,2025-07-28,3,-1.61,2025-08-20,Tairos機器人展,2025
56,上銀,2,6,-19,-15,2025-07-23,2025-07-29,4,-2.3,2025-08-20,Tairos機器人展,2025
57,上銀,2,7,-19,-14,2025-07-23,2025-07-30,5,-1.38,2025-08-20,Tairos機器人展,2025
58,上銀,2,8,-19,-13,2025-07-23,2025-07-31,6,-2.3,2025-08-20,Tairos機器人展,2025
59,上銀,2,9,-19,-12,2025-07-23,2025-08-04,7,-3.45,2025-08-20,Tairos機器人展,2025
60,上銀,2,10,-19,-11,2025-07-23,2025-08-05,8,-2.76,2025-08-20,Tairos機器人展,2025
61,上銀,2,11,-19,-10,2025-07-23,2025-08-06,9,-3.91,2025-08-20,Tairos機器人展,2025
62,上銀,2,12,-19,-9,2025-07-23,2025-08-07,10,-2.76,2025-08-20,Tairos機器人展,2025
63,上銀,2,13,-19,-8,2025-07-23,2025-08-08,11,-0.69,2025-08-20,Tairos機器人展,2025
64,上銀,2,14,-19,-7,2025-07-23,2025-08-11,12,-0.46,2025-08-20,Tairos機器人展,2025
65,上銀,2,15,-19,-6,2025-07-23,2025-08-12,13,-1.84,2025-08-20,Tairos機器人展,2025
66,上銀,2,16,-19,-5,2025-07-23,2025-08-13,14,-3.91,2025-08-20,Tairos機器人展,2025
67,上銀,2,17,-19,-4,2025-07-23,2025-08-14,15,-4.6,2025-08-20,Tairos機器人展,2025
68,上銀,2,18,-19,-3,2025-07-23,2025-08-15,16,-3.45,2025-08-20,Tairos機器人展,2025
69,上銀,2,19,-19,-2,2025-07-23,2025-08-18,17,0.46,2025-08-20,Tairos機器人展,2025
70,上銀,2,20,-19,-1,2025-07-23,2025-08-19,18,-2.76,2025-08-20,Tairos機器人展,2025
71,上銀,2,21,-19,0,2025-07-23,2025-08-20,19,-6.67,2025-08-20,Tairos機器人展,2025
72,上銀,2,22,-19,1,2025-07-23,2025-08-21,20,-5.29,2025-08-20,Tairos機器人展,2025
73,上銀,2,23,-19,2,2025-07-23,2025-08-22,21,-6.67,2025-08-20,Tairos機器人展,2025
74,上銀,2,24,-19,3,2025-07-23,2025-08-25,22,-1.15,2025-08-20,Tairos機器人展,2025
75,上銀,2,25,-19,4,2025-07-23,2025-08-26,23,-1.61,2025-08-20,Tairos機器人展,2025
76,上銀,2,26,-19,5,2025-07-23,2025-08-27,24,-1.15,2025-08-20,Tairos機器人展,2025
77,上銀,2,27,-19,6,2025-07-23,2025-08-28,25,-0.92,2025-08-20,Tairos機器人展,2025
78,上銀,3,4,-18,-17,2025-07-24,2025-07-25,1,-0.23,2025-08-20,Tairos機器人展,2025
79,上銀,3,5,-18,-16,2025-07-24,2025-07-28,2,-1.38,2025-08-20,Tairos機器人展,2025
80,上銀,3,6,-18,-15,2025-07-24,2025-07-29,3,-2.07,2025-08-20,Tairos機器人展,2025
81,上銀,3,7,-18,-14,2025-07-24,2025-07-30,4,-1.15,2025-08-20,Tairos機器人展,2025
82,上銀,3,8,-18,-13,2025-07-24,2025-07-31,5,-2.07,2025-08-20,Tairos機器人展,2025
83,上銀,3,9,-18,-12,2025-07-24,2025-08-04,6,-3.23,2025-08-20,Tairos機器人展,2025
84,上銀,3,10,-18,-11,2025-07-24,2025-08-05,7,-2.53,2025-08-20,Tairos機器人展,2025
85,上銀,3,11,-18,-10,2025-07-24,2025-08-06,8,-3.69,2025-08-20,Tairos機器人展,2025
86,上銀,3,12,-18,-9,2025-07-24,2025-08-07,9,-2.53,2025-08-20,Tairos機器人展,2025
87,上銀,3,13,-18,-8,2025-07-24,2025-08-08,10,-0.46,2025-08-20,Tairos機器人展,2025
88,上銀,3,14,-18,-7,2025-07-24,2025-08-11,11,-0.23,2025-08-20,Tairos機器人展,2025
89,上銀,3,15,-18,-6,2025-07-24,2025-08-12,12,-1.61,2025-08-20,Tairos機器人展,2025
90,上銀,3,16,-18,-5,2025-07-24,2025-08-13,13,-3.69,2025-08-20,Tairos機器人展,2025
91,上銀,3,17,-18,-4,2025-07-24,2025-08-14,14,-4.38,2025-08-20,Tairos機器人展,2025
92,上銀,3,18,-18,-3,2025-07-24,2025-08-15,15,-3.23,2025-08-20,Tairos機器人展,2025
93,上銀,3,19,-18,-2,2025-07-24,2025-08-18,16,0.69,2025-08-20,Tairos機器人展,2025
94,上銀,3,20,-18,-1,2025-07-24,2025-08-19,17,-2.53,2025-08-20,Tairos機器人展,2025
95,上銀,3,21,-18,0,2025-07-24,2025-08-20,18,-6.45,2025-08-20,Tairos機器人展,2025
96,上銀,3,22,-18,1,2025-07-24,2025-08-21,19,-5.07,2025-08-20,Tairos機器人展,2025
97,上銀,3,23,-18,2,2025-07-24,2025-08-22,20,-6.45,2025-08-20,Tairos機器人展,2025
98,上銀,3,24,-18,3,2025-07-24,2025-08-25,21,-0.92,2025-08-20,Tairos機器人展,2025
99,上銀,3,25,-18,4,2025-07-24,2025-08-26,22,-1.38,2025-08-20,Tairos機器人展,2025
100,上銀,3,26,-18,5,2025-07-24,2025-08-27,23,-0.92,2025-08-20,Tairos機器人展,2025
101,上銀,3,27,-18,6,2025-07-24,2025-08-28,24,-0.69,2025-08-20,Tairos機器人展,2025
102,上銀,4,5,-17,-16,2025-07-25,2025-07-28,1,-1.15,2025-08-20,Tairos機器人展,2025
103,上銀,4,6,-17,-15,2025-07-25,2025-07-29,2,-1.85,2025-08-20,Tairos機器人展,2025
104,上銀,4,7,-17,-14,2025-07-25,2025-07-30,3,-0.92,2025-08-20,Tairos機器人展,2025
105,上銀,4,8,-17,-13,2025-07-25,2025-07-31,4,-1.85,2025-08-20,Tairos機器人展,2025
106,上銀,4,9,-17,-12,2025-07-25,2025-08-04,5,-3.0,2025-08-20,Tairos機器人展,2025
107,上銀,4,10,-17,-11,2025-07-25,2025-08-05,6,-2.31,2025-08-20,Tairos機器人展,2025
108,上銀,4,11,-17,-10,2025-07-25,2025-08-06,7,-3.46,2025-08-20,Tairos機器人展,2025
109,上銀,4,12,-17,-9,2025-07-25,2025-08-07,8,-2.31,2025-08-20,Tairos機器人展,2025
110,上銀,4,13,-17,-8,2025-07-25,2025-08-08,9,-0.23,2025-08-20,Tairos機器人展,2025
111,上銀,4,14,-17,-7,2025-07-25,2025-08-11,10,0.0,2025-08-20,Tairos機器人展,2025
112,上銀,4,15,-17,-6,2025-07-25,2025-08-12,11,-1.39,2025-08-20,Tairos機器人展,2025
113,上銀,4,16,-17,-5,2025-07-25,2025-08-13,12,-3.46,2025-08-20,Tairos機器人展,2025
114,上銀,4,17,-17,-4,2025-07-25,2025-08-14,13,-4.16,2025-08-20,Tairos機器人展,2025
115,上銀,4,18,-17,-3,2025-07-25,2025-08-15,14,-3.0,2025-08-20,Tairos機器人展,2025
116,上銀,4,19,-17,-2,2025-07-25,2025-08-18,15,0.92,2025-08-20,Tairos機器人展,2025
117,上銀,4,20,-17,-1,2025-07-25,2025-08-19,16,-2.31,2025-08-20,Tairos機器人展,2025
118,上銀,4,21,-17,0,2025-07-25,2025-08-20,17,-6.24,2025-08-20,Tairos機器人展,2025
119,上銀,4,22,-17,1,2025-07-25,2025-08-21,18,-4.85,2025-08-20,Tairos機器人展,2025
120,上銀,4,23,-17,2,2025-07-25,2025-08-22,19,-6.24,2025-08-20,Tairos機器人展,2025
121,上銀,4,24,-17,3,2025-07-25,2025-08-25,20,-0.69,2025-08-20,Tairos機器人展,2025
122,上銀,4,25,-17,4,2025-07-25,2025-08-26,21,-1.15,2025-08-20,Tairos機器人展,2025
123,上銀,4,26,-17,5,2025-07-25,2025-08-27,22,-0.69,2025-08-20,Tairos機器人展,2025
124,上銀,4,27,-17,6,2025-07-25,2025-08-28,23,-0.46,2025-08-20,Tairos機器人展,2025
125,上銀,5,6,-16,-15,2025-07-28,2025-07-29,1,-0.7,2025-08-20,Tairos機器人展,2025
126,上銀,5,7,-16,-14,2025-07-28,2025-07-30,2,0.23,2025-08-20,Tairos機器人展,2025
127,上銀,5,8,-16,-13,2025-07-28,2025-07-31,3,-0.7,2025-08-20,Tairos機器人展,2025
128,上銀,5,9,-16,-12,2025-07-28,2025-08-04,4,-1.87,2025-08-20,Tairos機器人展,2025
129,上銀,5,10,-16,-11,2025-07-28,2025-08-05,5,-1.17,2025-08-20,Tairos機器人展,2025
130,上銀,5,11,-16,-10,2025-07-28,2025-08-06,6,-2.34,2025-08-20,Tairos機器人展,2025
131,上銀,5,12,-16,-9,2025-07-28,2025-08-07,7,-1.17,2025-08-20,Tairos機器人展,2025
132,上銀,5,13,-16,-8,2025-07-28,2025-08-08,8,0.93,2025-08-20,Tairos機器人展,2025
133,上銀,5,14,-16,-7,2025-07-28,2025-08-11,9,1.17,2025-08-20,Tairos機器人展,2025
134,上銀,5,15,-16,-6,2025-07-28,2025-08-12,10,-0.23,2025-08-20,Tairos機器人展,2025
135,上銀,5,16,-16,-5,2025-07-28,2025-08-13,11,-2.34,2025-08-20,Tairos機器人展,2025
136,上銀,5,17,-16,-4,2025-07-28,2025-08-14,12,-3.04,2025-08-20,Tairos機器人展,2025
137,上銀,5,18,-16,-3,2025-07-28,2025-08-15,13,-1.87,2025-08-20,Tairos機器人展,2025
138,上銀,5,19,-16,-2,2025-07-28,2025-08-18,14,2.1,2025-08-20,Tairos機器人展,2025
139,上銀,5,20,-16,-1,2025-07-28,2025-08-19,15,-1.17,2025-08-20,Tairos機器人展,2025
140,上銀,5,21,-16,0,2025-07-28,2025-08-20,16,-5.14,2025-08-20,Tairos機器人展,2025
141,上銀,5,22,-16,1,2025-07-28,2025-08-21,17,-3.74,2025-08-20,Tairos機器人展,2025
142,上銀,5,23,-16,2,2025-07-28,2025-08-22,18,-5.14,2025-08-20,Tairos機器人展,2025
143,上銀,5,24,-16,3,2025-07-28,2025-08-25,19,0.47,2025-08-20,Tairos機器人展,2025
144,上銀,5,25,-16,4,2025-07-28,2025-08-26,20,0.0,2025-08-20,Tairos機器人展,2025
145,上銀,5,26,-16,5,2025-07-28,2025-08-27,21,0.47,2025-08-20,Tairos機器人展,2025
146,上銀,5,27,-16,6,2025-07-28,2025-08-28,22,0.7,2025-08-20,Tairos機器人展,2025
147,上銀,6,7,-15,-14,2025-07-29,2025-07-30,1,0.94,2025-08-20,Tairos機器人展,2025
148,上銀,6,8,-15,-13,2025-07-29,2025-07-31,2,0.0,2025-08-20,Tairos機器人展,2025
149,上銀,6,9,-15,-12,2025-07-29,2025-08-04,3,-1.18,2025-08-20,Tairos機器人展,2025
150,上銀,6,10,-15,-11,2025-07-29,2025-08-05,4,-0.47,2025-08-20,Tairos機器人展,2025
151,上銀,6,11,-15,-10,2025-07-29,2025-08-06,5,-1.65,2025-08-20,Tairos機器人展,2025
152,上銀,6,12,-15,-9,2025-07-29,2025-08-07,6,-0.47,2025-08-20,Tairos機器人展,2025
153,上銀,6,13,-15,-8,2025-07-29,2025-08-08,7,1.65,2025-08-20,Tairos機器人展,2025
154,上銀,6,14,-15,-7,2025-07-29,2025-08-11,8,1.88,2025-08-20,Tairos機器人展,2025
155,上銀,6,15,-15,-6,2025-07-29,2025-08-12,9,0.47,2025-08-20,Tairos機器人展,2025
156,上銀,6,16,-15,-5,2025-07-29,2025-08-13,10,-1.65,2025-08-20,Tairos機器人展,2025
157,上銀,6,17,-15,-4,2025-07-29,2025-08-14,11,-2.35,2025-08-20,Tairos機器人展,2025
158,上銀,6,18,-15,-3,2025-07-29,2025-08-15,12,-1.18,2025-08-20,Tairos機器人展,2025
159,上銀,6,19,-15,-2,2025-07-29,2025-08-18,13,2.82,2025-08-20,Tairos機器人展,2025
160,上銀,6,20,-15,-1,2025-07-29,2025-08-19,14,-0.47,2025-08-20,Tairos機器人展,2025
161,上銀,6,21,-15,0,2025-07-29,2025-08-20,15,-4.47,2025-08-20,Tairos機器人展,2025
162,上銀,6,22,-15,1,2025-07-29,2025-08-21,16,-3.06,2025-08-20,Tairos機器人展,2025
163,上銀,6,23,-15,2,2025-07-29,2025-08-22,17,-4.47,2025-08-20,Tairos機器人展,2025
164,上銀,6,24,-15,3,2025-07-29,2025-08-25,18,1.18,2025-08-20,Tairos機器人展,2025
165,上銀,6,25,-15,4,2025-07-29,2025-08-26,19,0.71,2025-08-20,Tairos機器人展,2025
166,上銀,6,26,-15,5,2025-07-29,2025-08-27,20,1.18,2025-08-20,Tairos機器人展,2025
167,上銀,6,27,-15,6,2025-07-29,2025-08-28,21,1.41,2025-08-20,Tairos機器人展,2025
168,上銀,7,8,-14,-13,2025-07-30,2025-07-31,1,-0.93,2025-08-20,Tairos機器人展,2025
169,上銀,7,9,-14,-12,2025-07-30,2025-08-04,2,-2.1,2025-08-20,Tairos機器人展,2025
170,上銀,7,10,-14,-11,2025-07-30,2025-08-05,3,-1.4,2025-08-20,Tairos機器人展,2025
171,上銀,7,11,-14,-10,2025-07-30,2025-08-06,4,-2.56,2025-08-20,Tairos機器人展,2025
172,上銀,7,12,-14,-9,2025-07-30,2025-08-07,5,-1.4,2025-08-20,Tairos機器人展,2025
173,上銀,7,13,-14,-8,2025-07-30,2025-08-08,6,0.7,2025-08-20,Tairos機器人展,2025
174,上銀,7,14,-14,-7,2025-07-30,2025-08-11,7,0.93,2025-08-20,Tairos機器人展,2025
175,上銀,7,15,-14,-6,2025-07-30,2025-08-12,8,-0.47,2025-08-20,Tairos機器人展,2025
176,上銀,7,16,-14,-5,2025-07-30,2025-08-13,9,-2.56,2025-08-20,Tairos機器人展,2025
177,上銀,7,17,-14,-4,2025-07-30,2025-08-14,10,-3.26,2025-08-20,Tairos機器人展,2025
178,上銀,7,18,-14,-3,2025-07-30,2025-08-15,11,-2.1,2025-08-20,Tairos機器人展,2025
179,上銀,7,19,-14,-2,2025-07-30,2025-08-18,12,1.86,2025-08-20,Tairos機器人展,2025
180,上銀,7,20,-14,-1,2025-07-30,2025-08-19,13,-1.4,2025-08-20,Tairos機器人展,2025
181,上銀,7,21,-14,0,2025-07-30,2025-08-20,14,-5.36,2025-08-20,Tairos機器人展,2025
182,上銀,7,22,-14,1,2025-07-30,2025-08-21,15,-3.96,2025-08-20,Tairos機器人展,2025
183,上銀,7,23,-14,2,2025-07-30,2025-08-22,16,-5.36,2025-08-20,Tairos機器人展,2025
184,上銀,7,24,-14,3,2025-07-30,2025-08-25,17,0.23,2025-08-20,Tairos機器人展,2025
185,上銀,7,25,-14,4,2025-07-30,2025-08-26,18,-0.23,2025-08-20,Tairos機器人展,2025
186,上銀,7,26,-14,5,2025-07-30,2025-08-27,19,0.23,2025-08-20,Tairos機器人展,2025
187,上銀,7,27,-14,6,2025-07-30,2025-08-28,20,0.47,2025-08-20,Tairos機器人展,2025
188,上銀,8,9,-13,-12,2025-07-31,2025-08-04,1,-1.18,2025-08-20,Tairos機器人展,2025
189,上銀,8,10,-13,-11,2025-07-31,2025-08-05,2,-0.47,2025-08-20,Tairos機器人展,2025
190,上銀,8,11,-13,-10,2025-07-31,2025-08-06,3,-1.65,2025-08-20,Tairos機器人展,2025
191,上銀,8,12,-13,-9,2025-07-31,2025-08-07,4,-0.47,2025-08-20,Tairos機器人展,2025
192,上銀,8,13,-13,-8,2025-07-31,2025-08-08,5,1.65,2025-08-20,Tairos機器人展,2025
193,上銀,8,14,-13,-7,2025-07-31,2025-08-11,6,1.88,2025-08-20,Tairos機器人展,2025
194,上銀,8,15,-13,-6,2025-07-31,2025-08-12,7,0.47,2025-08-20,Tairos機器人展,2025
195,上銀,8,16,-13,-5,2025-07-31,2025-08-13,8,-1.65,2025-08-20,Tairos機器人展,2025
196,上銀,8,17,-13,-4,2025-07-31,2025-08-14,9,-2.35,2025-08-20,Tairos機器人展,2025
197,上銀,8,18,-13,-3,2025-07-31,2025-08-15,10,-1.18,2025-08-20,Tairos機器人展,2025
198,上銀,8,19,-13,-2,2025-07-31,2025-08-18,11,2.82,2025-08-20,Tairos機器人展,2025
199,上銀,8,20,-13,-1,2025-07-31,2025-08-19,12,-0.47,2025-08-20,Tairos機器人展,2025
200,上銀,8,21,-13,0,2025-07-31,2025-08-20,13,-4.47,2025-08-20,Tairos機器人展,2025
201,上銀,8,22,-13,1,2025-07-31,2025-08-21,14,-3.06,2025-08-20,Tairos機器人展,2025
202,上銀,8,23,-13,2,2025-07-31,2025-08-22,15,-4.47,2025-08-20,Tairos機器人展,2025
203,上銀,8,24,-13,3,2025-07-31,2025-08-25,16,1.18,2025-08-20,Tairos機器人展,2025
204,上銀,8,25,-13,4,2025-07-31,2025-08-26,17,0.71,2025-08-20,Tairos機器人展,2025
205,上銀,8,26,-13,5,2025-07-31,2025-08-27,18,1.18,2025-08-20,Tairos機器人展,2025
206,上銀,8,27,-13,6,2025-07-31,2025-08-28,19,1.41,2025-08-20,Tairos機器人展,2025
207,上銀,9,10,-12,-11,2025-08-04,2025-08-05,1,0.71,2025-08-20,Tairos機器人展,2025
208,上銀,9,11,-12,-10,2025-08-04,2025-08-06,2,-0.48,2025-08-20,Tairos機器人展,2025
209,上銀,9,12,-12,-9,2025-08-04,2025-08-07,3,0.71,2025-08-20,Tairos機器人展,2025
210,上銀,9,13,-12,-8,2025-08-04,2025-08-08,4,2.86,2025-08-20,Tairos機器人展,2025
211,上銀,9,14,-12,-7,2025-08-04,2025-08-11,5,3.1,2025-08-20,Tairos機器人展,2025
212,上銀,9,15,-12,-6,2025-08-04,2025-08-12,6,1.67,2025-08-20,Tairos機器人展,2025
213,上銀,9,16,-12,-5,2025-08-04,2025-08-13,7,-0.48,2025-08-20,Tairos機器人展,2025
214,上銀,9,17,-12,-4,2025-08-04,2025-08-14,8,-1.19,2025-08-20,Tairos機器人展,2025
215,上銀,9,18,-12,-3,2025-08-04,2025-08-15,9,0.0,2025-08-20,Tairos機器人展,2025
216,上銀,9,19,-12,-2,2025-08-04,2025-08-18,10,4.05,2025-08-20,Tairos機器人展,2025
217,上銀,9,20,-12,-1,2025-08-04,2025-08-19,11,0.71,2025-08-20,Tairos機器人展,2025
218,上銀,9,21,-12,0,2025-08-04,2025-08-20,12,-3.33,2025-08-20,Tairos機器人展,2025
219,上銀,9,22,-12,1,2025-08-04,2025-08-21,13,-1.9,2025-08-20,Tairos機器人展,2025
220,上銀,9,23,-12,2,2025-08-04,2025-08-22,14,-3.33,2025-08-20,Tairos機器人展,2025
221,上銀,9,24,-12,3,2025-08-04,2025-08-25,15,2.38,2025-08-20,Tairos機器人展,2025
222,上銀,9,25,-12,4,2025-08-04,2025-08-26,16,1.9,2025-08-20,Tairos機器人展,2025
223,上銀,9,26,-12,5,2025-08-04,2025-08-27,17,2.38,2025-08-20,Tairos機器人展,2025
224,上銀,9,27,-12,6,2025-08-04,2025-08-28,18,2.62,2025-08-20,Tairos機器人展,2025
225,上銀,10,11,-11,-10,2025-08-05,2025-08-06,1,-1.18,2025-08-20,Tairos機器人展,2025
226,上銀,10,12,-11,-9,2025-08-05,2025-08-07,2,0.0,2025-08-20,Tairos機器人展,2025
227,上銀,10,13,-11,-8,2025-08-05,2025-08-08,3,2.13,2025-08-20,Tairos機器人展,2025
228,上銀,10,14,-11,-7,2025-08-05,2025-08-11,4,2.36,2025-08-20,Tairos機器人展,2025
229,上銀,10,15,-11,-6,2025-08-05,2025-08-12,5,0.95,2025-08-20,Tairos機器人展,2025
230,上銀,10,16,-11,-5,2025-08-05,2025-08-13,6,-1.18,2025-08-20,Tairos機器人展,2025
231,上銀,10,17,-11,-4,2025-08-05,2025-08-14,7,-1.89,2025-08-20,Tairos機器人展,2025
232,上銀,10,18,-11,-3,2025-08-05,2025-08-15,8,-0.71,2025-08-20,Tairos機器人展,2025
233,上銀,10,19,-11,-2,2025-08-05,2025-08-18,9,3.31,2025-08-20,Tairos機器人展,2025
234,上銀,10,20,-11,-1,2025-08-05,2025-08-19,10,0.0,2025-08-20,Tairos機器人展,2025
235,上銀,10,21,-11,0,2025-08-05,2025-08-20,11,-4.02,2025-08-20,Tairos機器人展,2025
236,上銀,10,22,-11,1,2025-08-05,2025-08-21,12,-2.6,2025-08-20,Tairos機器人展,2025
237,上銀,10,23,-11,2,2025-08-05,2025-08-22,13,-4.02,2025-08-20,Tairos機器人展,2025
238,上銀,10,24,-11,3,2025-08-05,2025-08-25,14,1.65,2025-08-20,Tairos機器人展,2025
239,上銀,10,25,-11,4,2025-08-05,2025-08-26,15,1.18,2025-08-20,Tairos機器人展,2025
240,上銀,10,26,-11,5,2025-08-05,2025-08-27,16,1.65,2025-08-20,Tairos機器人展,2025
241,上銀,10,27,-11,6,2025-08-05,2025-08-28,17,1.89,2025-08-20,Tairos機器人展,2025
242,上銀,11,12,-10,-9,2025-08-06,2025-08-07,1,1.2,2025-08-20,Tairos機器人展,2025
243,上銀,11,13,-10,-8,2025-08-06,2025-08-08,2,3.35,2025-08-20,Tairos機器人展,2025
244,上銀,11,14,-10,-7,2025-08-06,2025-08-11,3,3.59,2025-08-20,Tairos機器人展,2025
245,上銀,11,15,-10,-6,2025-08-06,2025-08-12,4,2.15,2025-08-20,Tairos機器人展,2025
246,上銀,11,16,-10,-5,2025-08-06,2025-08-13,5,0.0,2025-08-20,Tairos機器人展,2025
247,上銀,11,17,-10,-4,2025-08-06,2025-08-14,6,-0.72,2025-08-20,Tairos機器人展,2025
248,上銀,11,18,-10,-3,2025-08-06,2025-08-15,7,0.48,2025-08-20,Tairos機器人展,2025
249,上銀,11,19,-10,-2,2025-08-06,2025-08-18,8,4.55,2025-08-20,Tairos機器人展,2025
250,上銀,11,20,-10,-1,2025-08-06,2025-08-19,9,1.2,2025-08-20,Tairos機器人展,2025
251,上銀,11,21,-10,0,2025-08-06,2025-08-20,10,-2.87,2025-08-20,Tairos機器人展,2025
252,上銀,11,22,-10,1,2025-08-06,2025-08-21,11,-1.44,2025-08-20,Tairos機器人展,2025
253,上銀,11,23,-10,2,2025-08-06,2025-08-22,12,-2.87,2025-08-20,Tairos機器人展,2025
254,上銀,11,24,-10,3,2025-08-06,2025-08-25,13,2.87,2025-08-20,Tairos機器人展,2025
255,上銀,11,25,-10,4,2025-08-06,2025-08-26,14,2.39,2025-08-20,Tairos機器人展,2025
256,上銀,11,26,-10,5,2025-08-06,2025-08-27,15,2.87,2025-08-20,Tairos機器人展,2025
257,上銀,11,27,-10,6,2025-08-06,2025-08-28,16,3.11,2025-08-20,Tairos機器人展,2025
258,上銀,12,13,-9,-8,2025-08-07,2025-08-08,1,2.13,2025-08-20,Tairos機器人展,2025
259,上銀,12,14,-9,-7,2025-08-07,2025-08-11,2,2.36,2025-08-20,Tairos機器人展,2025
260,上銀,12,15,-9,-6,2025-08-07,2025-08-12,3,0.95,2025-08-20,Tairos機器人展,2025
261,上銀,12,16,-9,-5,2025-08-07,2025-08-13,4,-1.18,2025-08-20,Tairos機器人展,2025
262,上銀,12,17,-9,-4,2025-08-07,2025-08-14,5,-1.89,2025-08-20,Tairos機器人展,2025
263,上銀,12,18,-9,-3,2025-08-07,2025-08-15,6,-0.71,2025-08-20,Tairos機器人展,2025
264,上銀,12,19,-9,-2,2025-08-07,2025-08-18,7,3.31,2025-08-20,Tairos機器人展,2025
265,上銀,12,20,-9,-1,2025-08-07,2025-08-19,8,0.0,2025-08-20,Tairos機器人展,2025
266,上銀,12,21,-9,0,2025-08-07,2025-08-20,9,-4.02,2025-08-20,Tairos機器人展,2025
267,上銀,12,22,-9,1,2025-08-07,2025-08-21,10,-2.6,2025-08-20,Tairos機器人展,2025
268,上銀,12,23,-9,2,2025-08-07,2025-08-22,11,-4.02,2025-08-20,Tairos機器人展,2025
269,上銀,12,24,-9,3,2025-08-07,2025-08-25,12,1.65,2025-08-20,Tairos機器人展,2025
270,上銀,12,25,-9,4,2025-08-07,2025-08-26,13,1.18,2025-08-20,Tairos機器人展,2025
271,上銀,12,26,-9,5,2025-08-07,2025-08-27,14,1.65,2025-08-20,Tairos機器人展,2025
272,上銀,12,27,-9,6,2025-08-07,2025-08-28,15,1.89,2025-08-20,Tairos機器人展,2025
273,上銀,13,14,-8,-7,2025-08-08,2025-08-11,1,0.23,2025-08-20,Tairos機器人展,2025
274,上銀,13,15,-8,-6,2025-08-08,2025-08-12,2,-1.16,2025-08-20,Tairos機器人展,2025
275,上銀,13,16,-8,-5,2025-08-08,2025-08-13,3,-3.24,2025-08-20,Tairos機器人展,2025
276,上銀,13,17,-8,-4,2025-08-08,2025-08-14,4,-3.94,2025-08-20,Tairos機器人展,2025
277,上銀,13,18,-8,-3,2025-08-08,2025-08-15,5,-2.78,2025-08-20,Tairos機器人展,2025
278,上銀,13,19,-8,-2,2025-08-08,2025-08-18,6,1.16,2025-08-20,Tairos機器人展,2025
279,上銀,13,20,-8,-1,2025-08-08,2025-08-19,7,-2.08,2025-08-20,Tairos機器人展,2025
280,上銀,13,21,-8,0,2025-08-08,2025-08-20,8,-6.02,2025-08-20,Tairos機器人展,2025
281,上銀,13,22,-8,1,2025-08-08,2025-08-21,9,-4.63,2025-08-20,Tairos機器人展,2025
282,上銀,13,23,-8,2,2025-08-08,2025-08-22,10,-6.02,2025-08-20,Tairos機器人展,2025
283,上銀,13,24,-8,3,2025-08-08,2025-08-25,11,-0.46,2025-08-20,Tairos機器人展,2025
284,上銀,13,25,-8,4,2025-08-08,2025-08-26,12,-0.93,2025-08-20,Tairos機器人展,2025
285,上銀,13,26,-8,5,2025-08-08,2025-08-27,13,-0.46,2025-08-20,Tairos機器人展,2025
286,上銀,13,27,-8,6,2025-08-08,2025-08-28,14,-0.23,2025-08-20,Tairos機器人展,2025
287,上銀,14,15,-7,-6,2025-08-11,2025-08-12,1,-1.39,2025-08-20,Tairos機器人展,2025
288,上銀,14,16,-7,-5,2025-08-11,2025-08-13,2,-3.46,2025-08-20,Tairos機器人展,2025
289,上銀,14,17,-7,-4,2025-08-11,2025-08-14,3,-4.16,2025-08-20,Tairos機器人展,2025
290,上銀,14,18,-7,-3,2025-08-11,2025-08-15,4,-3.0,2025-08-20,Tairos機器人展,2025
291,上銀,14,19,-7,-2,2025-08-11,2025-08-18,5,0.92,2025-08-20,Tairos機器人展,2025
292,上銀,14,20,-7,-1,2025-08-11,2025-08-19,6,-2.31,2025-08-20,Tairos機器人展,2025
293,上銀,14,21,-7,0,2025-08-11,2025-08-20,7,-6.24,2025-08-20,Tairos機器人展,2025
294,上銀,14,22,-7,1,2025-08-11,2025-08-21,8,-4.85,2025-08-20,Tairos機器人展,2025
295,上銀,14,23,-7,2,2025-08-11,2025-08-22,9,-6.24,2025-08-20,Tairos機器人展,2025
296,上銀,14,24,-7,3,2025-08-11,2025-08-25,10,-0.69,2025-08-20,Tairos機器人展,2025
297,上銀,14,25,-7,4,2025-08-11,2025-08-26,11,-1.15,2025-08-20,Tairos機器人展,2025
298,上銀,14,26,-7,5,2025-08-11,2025-08-27,12,-0.69,2025-08-20,Tairos機器人展,2025
299,上銀,14,27,-7,6,2025-08-11,2025-08-28,13,-0.46,2025-08-20,Tairos機器人展,2025
300,上銀,15,16,-6,-5,2025-08-12,2025-08-13,1,-2.11,2025-08-20,Tairos機器人展,2025
301,上銀,15,17,-6,-4,2025-08-12,2025-08-14,2,-2.81,2025-08-20,Tairos機器人展,2025
302,上銀,15,18,-6,-3,2025-08-12,2025-08-15,3,-1.64,2025-08-20,Tairos機器人展,2025
303,上銀,15,19,-6,-2,2025-08-12,2025-08-18,4,2.34,2025-08-20,Tairos機器人展,2025
304,上銀,15,20,-6,-1,2025-08-12,2025-08-19,5,-0.94,2025-08-20,Tairos機器人展,2025
305,上銀,15,21,-6,0,2025-08-12,2025-08-20,6,-4.92,2025-08-20,Tairos機器人展,2025
306,上銀,15,22,-6,1,2025-08-12,2025-08-21,7,-3.51,2025-08-20,Tairos機器人展,2025
307,上銀,15,23,-6,2,2025-08-12,2025-08-22,8,-4.92,2025-08-20,Tairos機器人展,2025
308,上銀,15,24,-6,3,2025-08-12,2025-08-25,9,0.7,2025-08-20,Tairos機器人展,2025
309,上銀,15,25,-6,4,2025-08-12,2025-08-26,10,0.23,2025-08-20,Tairos機器人展,2025
310,上銀,15,26,-6,5,2025-08-12,2025-08-27,11,0.7,2025-08-20,Tairos機器人展,2025
311,上銀,15,27,-6,6,2025-08-12,2025-08-28,12,0.94,2025-08-20,Tairos機器人展,2025
312,上銀,16,17,-5,-4,2025-08-13,2025-08-14,1,-0.72,2025-08-20,Tairos機器人展,2025
313,上銀,16,18,-5,-3,2025-08-13,2025-08-15,2,0.48,2025-08-20,Tairos機器人展,2025
314,上銀,16,19,-5,-2,2025-08-13,2025-08-18,3,4.55,2025-08-20,Tairos機器人展,2025
315,上銀,16,20,-5,-1,2025-08-13,2025-08-19,4,1.2,2025-08-20,Tairos機器人展,2025
316,上銀,16,21,-5,0,2025-08-13,2025-08-20,5,-2.87,2025-08-20,Tairos機器人展,2025
317,上銀,16,22,-5,1,2025-08-13,2025-08-21,6,-1.44,2025-08-20,Tairos機器人展,2025
318,上銀,16,23,-5,2,2025-08-13,2025-08-22,7,-2.87,2025-08-20,Tairos機器人展,2025
319,上銀,16,24,-5,3,2025-08-13,2025-08-25,8,2.87,2025-08-20,Tairos機器人展,2025
320,上銀,16,25,-5,4,2025-08-13,2025-08-26,9,2.39,2025-08-20,Tairos機器人展,2025
321,上銀,16,26,-5,5,2025-08-13,2025-08-27,10,2.87,2025-08-20,Tairos機器人展,2025
322,上銀,16,27,-5,6,2025-08-13,2025-08-28,11,3.11,2025-08-20,Tairos機器人展,2025
323,上銀,17,18,-4,-3,2025-08-14,2025-08-15,1,1.2,2025-08-20,Tairos機器人展,2025
324,上銀,17,19,-4,-2,2025-08-14,2025-08-18,2,5.3,2025-08-20,Tairos機器人展,2025
325,上銀,17,20,-4,-1,2025-08-14,2025-08-19,3,1.93,2025-08-20,Tairos機器人展,2025
326,上銀,17,21,-4,0,2025-08-14,2025-08-20,4,-2.17,2025-08-20,Tairos機器人展,2025
327,上銀,17,22,-4,1,2025-08-14,2025-08-21,5,-0.72,2025-08-20,Tairos機器人展,2025
328,上銀,17,23,-4,2,2025-08-14,2025-08-22,6,-2.17,2025-08-20,Tairos機器人展,2025
329,上銀,17,24,-4,3,2025-08-14,2025-08-25,7,3.61,2025-08-20,Tairos機器人展,2025
330,上銀,17,25,-4,4,2025-08-14,2025-08-26,8,3.13,2025-08-20,Tairos機器人展,2025
331,上銀,17,26,-4,5,2025-08-14,2025-08-27,9,3.61,2025-08-20,Tairos機器人展,2025
332,上銀,17,27,-4,6,2025-08-14,2025-08-28,10,3.86,2025-08-20,Tairos機器人展,2025
333,上銀,18,19,-3,-2,2025-08-15,2025-08-18,1,4.05,2025-08-20,Tairos機器人展,2025
334,上銀,18,20,-3,-1,2025-08-15,2025-08-19,2,0.71,2025-08-20,Tairos機器人展,2025
335,上銀,18,21,-3,0,2025-08-15,2025-08-20,3,-3.33,2025-08-20,Tairos機器人展,2025
336,上銀,18,22,-3,1,2025-08-15,2025-08-21,4,-1.9,2025-08-20,Tairos機器人展,2025
337,上銀,18,23,-3,2,2025-08-15,2025-08-22,5,-3.33,2025-08-20,Tairos機器人展,2025
338,上銀,18,24,-3,3,2025-08-15,2025-08-25,6,2.38,2025-08-20,Tairos機器人展,2025
339,上銀,18,25,-3,4,2025-08-15,2025-08-26,7,1.9,2025-08-20,Tairos機器人展,2025
340,上銀,18,26,-3,5,2025-08-15,2025-08-27,8,2.38,2025-08-20,Tairos機器人展,2025
341,上銀,18,27,-3,6,2025-08-15,2025-08-28,9,2.62,2025-08-20,Tairos機器人展,2025
342,上銀,19,20,-2,-1,2025-08-18,2025-08-19,1,-3.2,2025-08-20,Tairos機器人展,2025
343,上銀,19,21,-2,0,2025-08-18,2025-08-20,2,-7.09,2025-08-20,Tairos機器人展,2025
344,上銀,19,22,-2,1,2025-08-18,2025-08-21,3,-5.72,2025-08-20,Tairos機器人展,2025
345,上銀,19,23,-2,2,2025-08-18,2025-08-22,4,-7.09,2025-08-20,Tairos機器人展,2025
346,上銀,19,24,-2,3,2025-08-18,2025-08-25,5,-1.6,2025-08-20,Tairos機器人展,2025
347,上銀,19,25,-2,4,2025-08-18,2025-08-26,6,-2.06,2025-08-20,Tairos機器人展,2025
348,上銀,19,26,-2,5,2025-08-18,2025-08-27,7,-1.6,2025-08-20,Tairos機器人展,2025
349,上銀,19,27,-2,6,2025-08-18,2025-08-28,8,-1.37,2025-08-20,Tairos機器人展,2025
350,上銀,20,21,-1,0,2025-08-19,2025-08-20,1,-4.02,2025-08-20,Tairos機器人展,2025
351,上銀,20,22,-1,1,2025-08-19,2025-08-21,2,-2.6,2025-08-20,Tairos機器人展,2025
352,上銀,20,23,-1,2,2025-08-19,2025-08-22,3,-4.02,2025-08-20,Tairos機器人展,2025
353,上銀,20,24,-1,3,2025-08-19,2025-08-25,4,1.65,2025-08-20,Tairos機器人展,2025
354,上銀,20,25,-1,4,2025-08-19,2025-08-26,5,1.18,2025-08-20,Tairos機器人展,2025
355,上銀,20,26,-1,5,2025-08-19,2025-08-27,6,1.65,2025-08-20,Tairos機器人展,2025
356,上銀,20,27,-1,6,2025-08-19,2025-08-28,7,1.89,2025-08-20,Tairos機器人展,2025
357,上銀,21,22,0,1,2025-08-20,2025-08-21,1,1.48,2025-08-20,Tairos機器人展,2025
358,上銀,21,23,0,2,2025-08-20,2025-08-22,2,0.0,2025-08-20,Tairos機器人展,2025
359,上銀,21,24,0,3,2025-08-20,2025-08-25,3,5.91,2025-08-20,Tairos機器人展,2025
360,上銀,21,25,0,4,2025-08-20,2025-08-26,4,5.42,2025-08-20,Tairos機器人展,2025
361,上銀,21,26,0,5,2025-08-20,2025-08-27,5,5.91,2025-08-20,Tairos機器人展,2025
362,上銀,21,27,0,6,2025-08-20,2025-08-28,6,6.16,2025-08-20,Tairos機器人展,2025
363,上銀,22,23,1,2,2025-08-21,2025-08-22,1,-1.46,2025-08-20,Tairos機器人展,2025
364,上銀,22,24,1,3,2025-08-21,2025-08-25,2,4.37,2025-08-20,Tairos機器人展,2025
365,上銀,22,25,1,4,2025-08-21,2025-08-26,3,3.88,2025-08-20,Tairos機器人展,2025
366,上銀,22,26,1,5,2025-08-21,2025-08-27,4,4.37,2025-08-20,Tairos機器人展,2025
367,上銀,22,27,1,6,2025-08-21,2025-08-28,5,4.61,2025-08-20,Tairos機器人展,2025
368,上銀,23,24,2,3,2025-08-22,2025-08-25,1,5.91,2025-08-20,Tairos機器人展,2025
369,上銀,23,25,2,4,2025-08-22,2025-08-26,2,5.42,2025-08-20,Tairos機器人展,2025
370,上銀,23,26,2,5,2025-08-22,2025-08-27,3,5.91,2025-08-20,Tairos機器人展,2025
371,上銀,23,27,2,6,2025-08-22,2025-08-28,4,6.16,2025-08-20,Tairos機器人展,2025
372,上銀,24,25,3,4,2025-08-25,2025-08-26,1,-0.47,2025-08-20,Tairos機器人展,2025
373,上銀,24,26,3,5,2025-08-25,2025-08-27,2,0.0,2025-08-20,Tairos機器人展,2025
374,上銀,24,27,3,6,2025-08-25,2025-08-28,3,0.23,2025-08-20,Tairos機器人展,2025
375,上銀,25,26,4,5,2025-08-26,2025-08-27,1,0.47,2025-08-20,Tairos機器人展,2025
376,上銀,25,27,4,6,2025-08-26,2025-08-28,2,0.7,2025-08-20,Tairos機器人展,2025
377,上銀,26,27,5,6,2025-08-27,2025-08-28,1,0.23,2025-08-20,Tairos機器人展,2025
378,研華,0,1,-21,-20,2025-07-21,2025-07-22,1,-1.76,2025-08-20,Tairos機器人展,2025
379,研華,0,2,-21,-19,2025-07-21,2025-07-23,2,-0.44,2025-08-20,Tairos機器人展,2025
380,研華,0,3,-21,-18,2025-07-21,2025-07-24,3,-0.73,2025-08-20,Tairos機器人展,2025
381,研華,0,4,-21,-17,2025-07-21,2025-07-25,4,0.15,2025-08-20,Tairos機器人展,2025
382,研華,0,5,-21,-16,2025-07-21,2025-07-28,5,-0.15,2025-08-20,Tairos機器人展,2025
383,研華,0,6,-21,-15,2025-07-21,2025-07-29,6,-2.2,2025-08-20,Tairos機器人展,2025
384,研華,0,7,-21,-14,2025-07-21,2025-07-30,7,-0.44,2025-08-20,Tairos機器人展,2025
385,研華,0,8,-21,-13,2025-07-21,2025-07-31,8,-1.47,2025-08-20,Tairos機器人展,2025
386,研華,0,9,-21,-12,2025-07-21,2025-08-04,9,-5.14,2025-08-20,Tairos機器人展,2025
387,研華,0,10,-21,-11,2025-07-21,2025-08-05,10,-3.67,2025-08-20,Tairos機器人展,2025
388,研華,0,11,-21,-10,2025-07-21,2025-08-06,11,-4.41,2025-08-20,Tairos機器人展,2025
389,研華,0,12,-21,-9,2025-07-21,2025-08-07,12,-3.38,2025-08-20,Tairos機器人展,2025
390,研華,0,13,-21,-8,2025-07-21,2025-08-08,13,-5.43,2025-08-20,Tairos機器人展,2025
391,研華,0,14,-21,-7,2025-07-21,2025-08-11,14,-6.31,2025-08-20,Tairos機器人展,2025
392,研華,0,15,-21,-6,2025-07-21,2025-08-12,15,-6.31,2025-08-20,Tairos機器人展,2025
393,研華,0,16,-21,-5,2025-07-21,2025-08-13,16,-7.34,2025-08-20,Tairos機器人展,2025
394,研華,0,17,-21,-4,2025-07-21,2025-08-14,17,-7.49,2025-08-20,Tairos機器人展,2025
395,研華,0,18,-21,-3,2025-07-21,2025-08-15,18,-6.61,2025-08-20,Tairos機器人展,2025
396,研華,0,19,-21,-2,2025-07-21,2025-08-18,19,-7.49,2025-08-20,Tairos機器人展,2025
397,研華,0,20,-21,-1,2025-07-21,2025-08-19,20,-7.34,2025-08-20,Tairos機器人展,2025
398,研華,0,21,-21,0,2025-07-21,2025-08-20,21,-8.96,2025-08-20,Tairos機器人展,2025
399,研華,0,22,-21,1,2025-07-21,2025-08-21,22,-7.49,2025-08-20,Tairos機器人展,2025
400,研華,0,23,-21,2,2025-07-21,2025-08-22,23,-7.49,2025-08-20,Tairos機器人展,2025
401,研華,0,24,-21,3,2025-07-21,2025-08-25,24,-6.31,2025-08-20,Tairos機器人展,2025
402,研華,0,25,-21,4,2025-07-21,2025-08-26,25,-5.43,2025-08-20,Tairos機器人展,2025
403,研華,0,26,-21,5,2025-07-21,2025-08-27,26,3.96,2025-08-20,Tairos機器人展,2025
404,研華,0,27,-21,6,2025-07-21,2025-08-28,27,4.11,2025-08-20,Tairos機器人展,2025
405,研華,1,2,-20,-19,2025-07-22,2025-07-23,1,1.35,2025-08-20,Tairos機器人展,2025
406,研華,1,3,-20,-18,2025-07-22,2025-07-24,2,1.05,2025-08-20,Tairos機器人展,2025
407,研華,1,4,-20,-17,2025-07-22,2025-07-25,3,1.94,2025-08-20,Tairos機器人展,2025
408,研華,1,5,-20,-16,2025-07-22,2025-07-28,4,1.64,2025-08-20,Tairos機器人展,2025
409,研華,1,6,-20,-15,2025-07-22,2025-07-29,5,-0.45,2025-08-20,Tairos機器人展,2025
410,研華,1,7,-20,-14,2025-07-22,2025-07-30,6,1.35,2025-08-20,Tairos機器人展,2025
411,研華,1,8,-20,-13,2025-07-22,2025-07-31,7,0.3,2025-08-20,Tairos機器人展,2025
412,研華,1,9,-20,-12,2025-07-22,2025-08-04,8,-3.44,2025-08-20,Tairos機器人展,2025
413,研華,1,10,-20,-11,2025-07-22,2025-08-05,9,-1.94,2025-08-20,Tairos機器人展,2025
414,研華,1,11,-20,-10,2025-07-22,2025-08-06,10,-2.69,2025-08-20,Tairos機器人展,2025
415,研華,1,12,-20,-9,2025-07-22,2025-08-07,11,-1.64,2025-08-20,Tairos機器人展,2025
416,研華,1,13,-20,-8,2025-07-22,2025-08-08,12,-3.74,2025-08-20,Tairos機器人展,2025
417,研華,1,14,-20,-7,2025-07-22,2025-08-11,13,-4.63,2025-08-20,Tairos機器人展,2025
418,研華,1,15,-20,-6,2025-07-22,2025-08-12,14,-4.63,2025-08-20,Tairos機器人展,2025
419,研華,1,16,-20,-5,2025-07-22,2025-08-13,15,-5.68,2025-08-20,Tairos機器人展,2025
420,研華,1,17,-20,-4,2025-07-22,2025-08-14,16,-5.83,2025-08-20,Tairos機器人展,2025
421,研華,1,18,-20,-3,2025-07-22,2025-08-15,17,-4.93,2025-08-20,Tairos機器人展,2025
422,研華,1,19,-20,-2,2025-07-22,2025-08-18,18,-5.83,2025-08-20,Tairos機器人展,2025
423,研華,1,20,-20,-1,2025-07-22,2025-08-19,19,-5.68,2025-08-20,Tairos機器人展,2025
424,研華,1,21,-20,0,2025-07-22,2025-08-20,20,-7.32,2025-08-20,Tairos機器人展,2025
425,研華,1,22,-20,1,2025-07-22,2025-08-21,21,-5.83,2025-08-20,Tairos機器人展,2025
426,研華,1,23,-20,2,2025-07-22,2025-08-22,22,-5.83,2025-08-20,Tairos機器人展,2025
427,研華,1,24,-20,3,2025-07-22,2025-08-25,23,-4.63,2025-08-20,Tairos機器人展,2025
428,研華,1,25,-20,4,2025-07-22,2025-08-26,24,-3.74,2025-08-20,Tairos機器人展,2025
429,研華,1,26,-20,5,2025-07-22,2025-08-27,25,5.83,2025-08-20,Tairos機器人展,2025
430,研華,1,27,-20,6,2025-07-22,2025-08-28,26,5.98,2025-08-20,Tairos機器人展,2025
431,研華,2,3,-19,-18,2025-07-23,2025-07-24,1,-0.29,2025-08-20,Tairos機器人展,2025
432,研華,2,4,-19,-17,2025-07-23,2025-07-25,2,0.59,2025-08-20,Tairos機器人展,2025
433,研華,2,5,-19,-16,2025-07-23,2025-07-28,3,0.29,2025-08-20,Tairos機器人展,2025
434,研華,2,6,-19,-15,2025-07-23,2025-07-29,4,-1.77,2025-08-20,Tairos機器人展,2025
435,研華,2,7,-19,-14,2025-07-23,2025-07-30,5,0.0,2025-08-20,Tairos機器人展,2025
436,研華,2,8,-19,-13,2025-07-23,2025-07-31,6,-1.03,2025-08-20,Tairos機器人展,2025
437,研華,2,9,-19,-12,2025-07-23,2025-08-04,7,-4.72,2025-08-20,Tairos機器人展,2025
438,研華,2,10,-19,-11,2025-07-23,2025-08-05,8,-3.24,2025-08-20,Tairos機器人展,2025
439,研華,2,11,-19,-10,2025-07-23,2025-08-06,9,-3.98,2025-08-20,Tairos機器人展,2025
440,研華,2,12,-19,-9,2025-07-23,2025-08-07,10,-2.95,2025-08-20,Tairos機器人展,2025
441,研華,2,13,-19,-8,2025-07-23,2025-08-08,11,-5.01,2025-08-20,Tairos機器人展,2025
442,研華,2,14,-19,-7,2025-07-23,2025-08-11,12,-5.9,2025-08-20,Tairos機器人展,2025
443,研華,2,15,-19,-6,2025-07-23,2025-08-12,13,-5.9,2025-08-20,Tairos機器人展,2025
444,研華,2,16,-19,-5,2025-07-23,2025-08-13,14,-6.93,2025-08-20,Tairos機器人展,2025
445,研華,2,17,-19,-4,2025-07-23,2025-08-14,15,-7.08,2025-08-20,Tairos機器人展,2025
446,研華,2,18,-19,-3,2025-07-23,2025-08-15,16,-6.19,2025-08-20,Tairos機器人展,2025
447,研華,2,19,-19,-2,2025-07-23,2025-08-18,17,-7.08,2025-08-20,Tairos機器人展,2025
448,研華,2,20,-19,-1,2025-07-23,2025-08-19,18,-6.93,2025-08-20,Tairos機器人展,2025
449,研華,2,21,-19,0,2025-07-23,2025-08-20,19,-8.55,2025-08-20,Tairos機器人展,2025
450,研華,2,22,-19,1,2025-07-23,2025-08-21,20,-7.08,2025-08-20,Tairos機器人展,2025
451,研華,2,23,-19,2,2025-07-23,2025-08-22,21,-7.08,2025-08-20,Tairos機器人展,2025
452,研華,2,24,-19,3,2025-07-23,2025-08-25,22,-5.9,2025-08-20,Tairos機器人展,2025
453,研華,2,25,-19,4,2025-07-23,2025-08-26,23,-5.01,2025-08-20,Tairos機器人展,2025
454,研華,2,26,-19,5,2025-07-23,2025-08-27,24,4.42,2025-08-20,Tairos機器人展,2025
455,研華,2,27,-19,6,2025-07-23,2025-08-28,25,4.57,2025-08-20,Tairos機器人展,2025
456,研華,3,4,-18,-17,2025-07-24,2025-07-25,1,0.89,2025-08-20,Tairos機器人展,2025
457,研華,3,5,-18,-16,2025-07-24,2025-07-28,2,0.59,2025-08-20,Tairos機器人展,2025
458,研華,3,6,-18,-15,2025-07-24,2025-07-29,3,-1.48,2025-08-20,Tairos機器人展,2025
459,研華,3,7,-18,-14,2025-07-24,2025-07-30,4,0.3,2025-08-20,Tairos機器人展,2025
460,研華,3,8,-18,-13,2025-07-24,2025-07-31,5,-0.74,2025-08-20,Tairos機器人展,2025
461,研華,3,9,-18,-12,2025-07-24,2025-08-04,6,-4.44,2025-08-20,Tairos機器人展,2025
462,研華,3,10,-18,-11,2025-07-24,2025-08-05,7,-2.96,2025-08-20,Tairos機器人展,2025
463,研華,3,11,-18,-10,2025-07-24,2025-08-06,8,-3.7,2025-08-20,Tairos機器人展,2025
464,研華,3,12,-18,-9,2025-07-24,2025-08-07,9,-2.66,2025-08-20,Tairos機器人展,2025
465,研華,3,13,-18,-8,2025-07-24,2025-08-08,10,-4.73,2025-08-20,Tairos機器人展,2025
466,研華,3,14,-18,-7,2025-07-24,2025-08-11,11,-5.62,2025-08-20,Tairos機器人展,2025
467,研華,3,15,-18,-6,2025-07-24,2025-08-12,12,-5.62,2025-08-20,Tairos機器人展,2025
468,研華,3,16,-18,-5,2025-07-24,2025-08-13,13,-6.66,2025-08-20,Tairos機器人展,2025
469,研華,3,17,-18,-4,2025-07-24,2025-08-14,14,-6.8,2025-08-20,Tairos機器人展,2025
470,研華,3,18,-18,-3,2025-07-24,2025-08-15,15,-5.92,2025-08-20,Tairos機器人展,2025
471,研華,3,19,-18,-2,2025-07-24,2025-08-18,16,-6.8,2025-08-20,Tairos機器人展,2025
472,研華,3,20,-18,-1,2025-07-24,2025-08-19,17,-6.66,2025-08-20,Tairos機器人展,2025
473,研華,3,21,-18,0,2025-07-24,2025-08-20,18,-8.28,2025-08-20,Tairos機器人展,2025
474,研華,3,22,-18,1,2025-07-24,2025-08-21,19,-6.8,2025-08-20,Tairos機器人展,2025
475,研華,3,23,-18,2,2025-07-24,2025-08-22,20,-6.8,2025-08-20,Tairos機器人展,2025
476,研華,3,24,-18,3,2025-07-24,2025-08-25,21,-5.62,2025-08-20,Tairos機器人展,2025
477,研華,3,25,-18,4,2025-07-24,2025-08-26,22,-4.73,2025-08-20,Tairos機器人展,2025
478,研華,3,26,-18,5,2025-07-24,2025-08-27,23,4.73,2025-08-20,Tairos機器人展,2025
479,研華,3,27,-18,6,2025-07-24,2025-08-28,24,4.88,2025-08-20,Tairos機器人展,2025
480,研華,4,5,-17,-16,2025-07-25,2025-07-28,1,-0.29,2025-08-20,Tairos機器人展,2025
481,研華,4,6,-17,-15,2025-07-25,2025-07-29,2,-2.35,2025-08-20,Tairos機器人展,2025
482,研華,4,7,-17,-14,2025-07-25,2025-07-30,3,-0.59,2025-08-20,Tairos機器人展,2025
483,研華,4,8,-17,-13,2025-07-25,2025-07-31,4,-1.61,2025-08-20,Tairos機器人展,2025
484,研華,4,9,-17,-12,2025-07-25,2025-08-04,5,-5.28,2025-08-20,Tairos機器人展,2025
485,研華,4,10,-17,-11,2025-07-25,2025-08-05,6,-3.81,2025-08-20,Tairos機器人展,2025
486,研華,4,11,-17,-10,2025-07-25,2025-08-06,7,-4.55,2025-08-20,Tairos機器人展,2025
487,研華,4,12,-17,-9,2025-07-25,2025-08-07,8,-3.52,2025-08-20,Tairos機器人展,2025
488,研華,4,13,-17,-8,2025-07-25,2025-08-08,9,-5.57,2025-08-20,Tairos機器人展,2025
489,研華,4,14,-17,-7,2025-07-25,2025-08-11,10,-6.45,2025-08-20,Tairos機器人展,2025
490,研華,4,15,-17,-6,2025-07-25,2025-08-12,11,-6.45,2025-08-20,Tairos機器人展,2025
491,研華,4,16,-17,-5,2025-07-25,2025-08-13,12,-7.48,2025-08-20,Tairos機器人展,2025
492,研華,4,17,-17,-4,2025-07-25,2025-08-14,13,-7.62,2025-08-20,Tairos機器人展,2025
493,研華,4,18,-17,-3,2025-07-25,2025-08-15,14,-6.74,2025-08-20,Tairos機器人展,2025
494,研華,4,19,-17,-2,2025-07-25,2025-08-18,15,-7.62,2025-08-20,Tairos機器人展,2025
495,研華,4,20,-17,-1,2025-07-25,2025-08-19,16,-7.48,2025-08-20,Tairos機器人展,2025
496,研華,4,21,-17,0,2025-07-25,2025-08-20,17,-9.09,2025-08-20,Tairos機器人展,2025
497,研華,4,22,-17,1,2025-07-25,2025-08-21,18,-7.62,2025-08-20,Tairos機器人展,2025
498,研華,4,23,-17,2,2025-07-25,2025-08-22,19,-7.62,2025-08-20,Tairos機器人展,2025
499,研華,4,24,-17,3,2025-07-25,2025-08-25,20,-6.45,2025-08-20,Tairos機器人展,2025
500,研華,4,25,-17,4,2025-07-25,2025-08-26,21,-5.57,2025-08-20,Tairos機器人展,2025
501,研華,4,26,-17,5,2025-07-25,2025-08-27,22,3.81,2025-08-20,Tairos機器人展,2025
502,研華,4,27,-17,6,2025-07-25,2025-08-28,23,3.96,2025-08-20,Tairos機器人展,2025
503,研華,5,6,-16,-15,2025-07-28,2025-07-29,1,-2.06,2025-08-20,Tairos機器人展,2025
504,研華,5,7,-16,-14,2025-07-28,2025-07-30,2,-0.29,2025-08-20,Tairos機器人展,2025
505,研華,5,8,-16,-13,2025-07-28,2025-07-31,3,-1.32,2025-08-20,Tairos機器人展,2025
506,研華,5,9,-16,-12,2025-07-28,2025-08-04,4,-5.0,2025-08-20,Tairos機器人展,2025
507,研華,5,10,-16,-11,2025-07-28,2025-08-05,5,-3.53,2025-08-20,Tairos機器人展,2025
508,研華,5,11,-16,-10,2025-07-28,2025-08-06,6,-4.26,2025-08-20,Tairos機器人展,2025
509,研華,5,12,-16,-9,2025-07-28,2025-08-07,7,-3.24,2025-08-20,Tairos機器人展,2025
510,研華,5,13,-16,-8,2025-07-28,2025-08-08,8,-5.29,2025-08-20,Tairos機器人展,2025
511,研華,5,14,-16,-7,2025-07-28,2025-08-11,9,-6.18,2025-08-20,Tairos機器人展,2025
512,研華,5,15,-16,-6,2025-07-28,2025-08-12,10,-6.18,2025-08-20,Tairos機器人展,2025
513,研華,5,16,-16,-5,2025-07-28,2025-08-13,11,-7.21,2025-08-20,Tairos機器人展,2025
514,研華,5,17,-16,-4,2025-07-28,2025-08-14,12,-7.35,2025-08-20,Tairos機器人展,2025
515,研華,5,18,-16,-3,2025-07-28,2025-08-15,13,-6.47,2025-08-20,Tairos機器人展,2025
516,研華,5,19,-16,-2,2025-07-28,2025-08-18,14,-7.35,2025-08-20,Tairos機器人展,2025
517,研華,5,20,-16,-1,2025-07-28,2025-08-19,15,-7.21,2025-08-20,Tairos機器人展,2025
518,研華,5,21,-16,0,2025-07-28,2025-08-20,16,-8.82,2025-08-20,Tairos機器人展,2025
519,研華,5,22,-16,1,2025-07-28,2025-08-21,17,-7.35,2025-08-20,Tairos機器人展,2025
520,研華,5,23,-16,2,2025-07-28,2025-08-22,18,-7.35,2025-08-20,Tairos機器人展,2025
521,研華,5,24,-16,3,2025-07-28,2025-08-25,19,-6.18,2025-08-20,Tairos機器人展,2025
522,研華,5,25,-16,4,2025-07-28,2025-08-26,20,-5.29,2025-08-20,Tairos機器人展,2025
523,研華,5,26,-16,5,2025-07-28,2025-08-27,21,4.12,2025-08-20,Tairos機器人展,2025
524,研華,5,27,-16,6,2025-07-28,2025-08-28,22,4.26,2025-08-20,Tairos機器人展,2025
525,研華,6,7,-15,-14,2025-07-29,2025-07-30,1,1.8,2025-08-20,Tairos機器人展,2025
526,研華,6,8,-15,-13,2025-07-29,2025-07-31,2,0.75,2025-08-20,Tairos機器人展,2025
527,研華,6,9,-15,-12,2025-07-29,2025-08-04,3,-3.0,2025-08-20,Tairos機器人展,2025
528,研華,6,10,-15,-11,2025-07-29,2025-08-05,4,-1.5,2025-08-20,Tairos機器人展,2025
529,研華,6,11,-15,-10,2025-07-29,2025-08-06,5,-2.25,2025-08-20,Tairos機器人展,2025
530,研華,6,12,-15,-9,2025-07-29,2025-08-07,6,-1.2,2025-08-20,Tairos機器人展,2025
531,研華,6,13,-15,-8,2025-07-29,2025-08-08,7,-3.3,2025-08-20,Tairos機器人展,2025
532,研華,6,14,-15,-7,2025-07-29,2025-08-11,8,-4.2,2025-08-20,Tairos機器人展,2025
533,研華,6,15,-15,-6,2025-07-29,2025-08-12,9,-4.2,2025-08-20,Tairos機器人展,2025
534,研華,6,16,-15,-5,2025-07-29,2025-08-13,10,-5.26,2025-08-20,Tairos機器人展,2025
535,研華,6,17,-15,-4,2025-07-29,2025-08-14,11,-5.41,2025-08-20,Tairos機器人展,2025
536,研華,6,18,-15,-3,2025-07-29,2025-08-15,12,-4.5,2025-08-20,Tairos機器人展,2025
537,研華,6,19,-15,-2,2025-07-29,2025-08-18,13,-5.41,2025-08-20,Tairos機器人展,2025
538,研華,6,20,-15,-1,2025-07-29,2025-08-19,14,-5.26,2025-08-20,Tairos機器人展,2025
539,研華,6,21,-15,0,2025-07-29,2025-08-20,15,-6.91,2025-08-20,Tairos機器人展,2025
540,研華,6,22,-15,1,2025-07-29,2025-08-21,16,-5.41,2025-08-20,Tairos機器人展,2025
541,研華,6,23,-15,2,2025-07-29,2025-08-22,17,-5.41,2025-08-20,Tairos機器人展,2025
542,研華,6,24,-15,3,2025-07-29,2025-08-25,18,-4.2,2025-08-20,Tairos機器人展,2025
543,研華,6,25,-15,4,2025-07-29,2025-08-26,19,-3.3,2025-08-20,Tairos機器人展,2025
544,研華,6,26,-15,5,2025-07-29,2025-08-27,20,6.31,2025-08-20,Tairos機器人展,2025
545,研華,6,27,-15,6,2025-07-29,2025-08-28,21,6.46,2025-08-20,Tairos機器人展,2025
546,研華,7,8,-14,-13,2025-07-30,2025-07-31,1,-1.03,2025-08-20,Tairos機器人展,2025
547,研華,7,9,-14,-12,2025-07-30,2025-08-04,2,-4.72,2025-08-20,Tairos機器人展,2025
548,研華,7,10,-14,-11,2025-07-30,2025-08-05,3,-3.24,2025-08-20,Tairos機器人展,2025
549,研華,7,11,-14,-10,2025-07-30,2025-08-06,4,-3.98,2025-08-20,Tairos機器人展,2025
550,研華,7,12,-14,-9,2025-07-30,2025-08-07,5,-2.95,2025-08-20,Tairos機器人展,2025
551,研華,7,13,-14,-8,2025-07-30,2025-08-08,6,-5.01,2025-08-20,Tairos機器人展,2025
552,研華,7,14,-14,-7,2025-07-30,2025-08-11,7,-5.9,2025-08-20,Tairos機器人展,2025
553,研華,7,15,-14,-6,2025-07-30,2025-08-12,8,-5.9,2025-08-20,Tairos機器人展,2025
554,研華,7,16,-14,-5,2025-07-30,2025-08-13,9,-6.93,2025-08-20,Tairos機器人展,2025
555,研華,7,17,-14,-4,2025-07-30,2025-08-14,10,-7.08,2025-08-20,Tairos機器人展,2025
556,研華,7,18,-14,-3,2025-07-30,2025-08-15,11,-6.19,2025-08-20,Tairos機器人展,2025
557,研華,7,19,-14,-2,2025-07-30,2025-08-18,12,-7.08,2025-08-20,Tairos機器人展,2025
558,研華,7,20,-14,-1,2025-07-30,2025-08-19,13,-6.93,2025-08-20,Tairos機器人展,2025
559,研華,7,21,-14,0,2025-07-30,2025-08-20,14,-8.55,2025-08-20,Tairos機器人展,2025
560,研華,7,22,-14,1,2025-07-30,2025-08-21,15,-7.08,2025-08-20,Tairos機器人展,2025
561,研華,7,23,-14,2,2025-07-30,2025-08-22,16,-7.08,2025-08-20,Tairos機器人展,2025
562,研華,7,24,-14,3,2025-07-30,2025-08-25,17,-5.9,2025-08-20,Tairos機器人展,2025
563,研華,7,25,-14,4,2025-07-30,2025-08-26,18,-5.01,2025-08-20,Tairos機器人展,2025
564,研華,7,26,-14,5,2025-07-30,2025-08-27,19,4.42,2025-08-20,Tairos機器人展,2025
565,研華,7,27,-14,6,2025-07-30,2025-08-28,20,4.57,2025-08-20,Tairos機器人展,2025
566,研華,8,9,-13,-12,2025-07-31,2025-08-04,1,-3.73,2025-08-20,Tairos機器人展,2025
567,研華,8,10,-13,-11,2025-07-31,2025-08-05,2,-2.24,2025-08-20,Tairos機器人展,2025
568,研華,8,11,-13,-10,2025-07-31,2025-08-06,3,-2.98,2025-08-20,Tairos機器人展,2025
569,研華,8,12,-13,-9,2025-07-31,2025-08-07,4,-1.94,2025-08-20,Tairos機器人展,2025
570,研華,8,13,-13,-8,2025-07-31,2025-08-08,5,-4.02,2025-08-20,Tairos機器人展,2025
571,研華,8,14,-13,-7,2025-07-31,2025-08-11,6,-4.92,2025-08-20,Tairos機器人展,2025
572,研華,8,15,-13,-6,2025-07-31,2025-08-12,7,-4.92,2025-08-20,Tairos機器人展,2025
573,研華,8,16,-13,-5,2025-07-31,2025-08-13,8,-5.96,2025-08-20,Tairos機器人展,2025
574,研華,8,17,-13,-4,2025-07-31,2025-08-14,9,-6.11,2025-08-20,Tairos機器人展,2025
575,研華,8,18,-13,-3,2025-07-31,2025-08-15,10,-5.22,2025-08-20,Tairos機器人展,2025
576,研華,8,19,-13,-2,2025-07-31,2025-08-18,11,-6.11,2025-08-20,Tairos機器人展,2025
577,研華,8,20,-13,-1,2025-07-31,2025-08-19,12,-5.96,2025-08-20,Tairos機器人展,2025
578,研華,8,21,-13,0,2025-07-31,2025-08-20,13,-7.6,2025-08-20,Tairos機器人展,2025
579,研華,8,22,-13,1,2025-07-31,2025-08-21,14,-6.11,2025-08-20,Tairos機器人展,2025
580,研華,8,23,-13,2,2025-07-31,2025-08-22,15,-6.11,2025-08-20,Tairos機器人展,2025
581,研華,8,24,-13,3,2025-07-31,2025-08-25,16,-4.92,2025-08-20,Tairos機器人展,2025
582,研華,8,25,-13,4,2025-07-31,2025-08-26,17,-4.02,2025-08-20,Tairos機器人展,2025
583,研華,8,26,-13,5,2025-07-31,2025-08-27,18,5.51,2025-08-20,Tairos機器人展,2025
584,研華,8,27,-13,6,2025-07-31,2025-08-28,19,5.66,2025-08-20,Tairos機器人展,2025
585,研華,9,10,-12,-11,2025-08-04,2025-08-05,1,1.55,2025-08-20,Tairos機器人展,2025
586,研華,9,11,-12,-10,2025-08-04,2025-08-06,2,0.77,2025-08-20,Tairos機器人展,2025
587,研華,9,12,-12,-9,2025-08-04,2025-08-07,3,1.86,2025-08-20,Tairos機器人展,2025
588,研華,9,13,-12,-8,2025-08-04,2025-08-08,4,-0.31,2025-08-20,Tairos機器人展,2025
589,研華,9,14,-12,-7,2025-08-04,2025-08-11,5,-1.24,2025-08-20,Tairos機器人展,2025
590,研華,9,15,-12,-6,2025-08-04,2025-08-12,6,-1.24,2025-08-20,Tairos機器人展,2025
591,研華,9,16,-12,-5,2025-08-04,2025-08-13,7,-2.32,2025-08-20,Tairos機器人展,2025
592,研華,9,17,-12,-4,2025-08-04,2025-08-14,8,-2.48,2025-08-20,Tairos機器人展,2025
593,研華,9,18,-12,-3,2025-08-04,2025-08-15,9,-1.55,2025-08-20,Tairos機器人展,2025
594,研華,9,19,-12,-2,2025-08-04,2025-08-18,10,-2.48,2025-08-20,Tairos機器人展,2025
595,研華,9,20,-12,-1,2025-08-04,2025-08-19,11,-2.32,2025-08-20,Tairos機器人展,2025
596,研華,9,21,-12,0,2025-08-04,2025-08-20,12,-4.02,2025-08-20,Tairos機器人展,2025
597,研華,9,22,-12,1,2025-08-04,2025-08-21,13,-2.48,2025-08-20,Tairos機器人展,2025
598,研華,9,23,-12,2,2025-08-04,2025-08-22,14,-2.48,2025-08-20,Tairos機器人展,2025
599,研華,9,24,-12,3,2025-08-04,2025-08-25,15,-1.24,2025-08-20,Tairos機器人展,2025
600,研華,9,25,-12,4,2025-08-04,2025-08-26,16,-0.31,2025-08-20,Tairos機器人展,2025
601,研華,9,26,-12,5,2025-08-04,2025-08-27,17,9.6,2025-08-20,Tairos機器人展,2025
602,研華,9,27,-12,6,2025-08-04,2025-08-28,18,9.75,2025-08-20,Tairos機器人展,2025
603,研華,10,11,-11,-10,2025-08-05,2025-08-06,1,-0.76,2025-08-20,Tairos機器人展,2025
604,研華,10,12,-11,-9,2025-08-05,2025-08-07,2,0.3,2025-08-20,Tairos機器人展,2025
605,研華,10,13,-11,-8,2025-08-05,2025-08-08,3,-1.83,2025-08-20,Tairos機器人展,2025
606,研華,10,14,-11,-7,2025-08-05,2025-08-11,4,-2.74,2025-08-20,Tairos機器人展,2025
607,研華,10,15,-11,-6,2025-08-05,2025-08-12,5,-2.74,2025-08-20,Tairos機器人展,2025
608,研華,10,16,-11,-5,2025-08-05,2025-08-13,6,-3.81,2025-08-20,Tairos機器人展,2025
609,研華,10,17,-11,-4,2025-08-05,2025-08-14,7,-3.96,2025-08-20,Tairos機器人展,2025
610,研華,10,18,-11,-3,2025-08-05,2025-08-15,8,-3.05,2025-08-20,Tairos機器人展,2025
611,研華,10,19,-11,-2,2025-08-05,2025-08-18,9,-3.96,2025-08-20,Tairos機器人展,2025
612,研華,10,20,-11,-1,2025-08-05,2025-08-19,10,-3.81,2025-08-20,Tairos機器人展,2025
613,研華,10,21,-11,0,2025-08-05,2025-08-20,11,-5.49,2025-08-20,Tairos機器人展,2025
614,研華,10,22,-11,1,2025-08-05,2025-08-21,12,-3.96,2025-08-20,Tairos機器人展,2025
615,研華,10,23,-11,2,2025-08-05,2025-08-22,13,-3.96,2025-08-20,Tairos機器人展,2025
616,研華,10,24,-11,3,2025-08-05,2025-08-25,14,-2.74,2025-08-20,Tairos機器人展,2025
617,研華,10,25,-11,4,2025-08-05,2025-08-26,15,-1.83,2025-08-20,Tairos機器人展,2025
618,研華,10,26,-11,5,2025-08-05,2025-08-27,16,7.93,2025-08-20,Tairos機器人展,2025
619,研華,10,27,-11,6,2025-08-05,2025-08-28,17,8.08,2025-08-20,Tairos機器人展,2025
620,研華,11,12,-10,-9,2025-08-06,2025-08-07,1,1.08,2025-08-20,Tairos機器人展,2025
621,研華,11,13,-10,-8,2025-08-06,2025-08-08,2,-1.08,2025-08-20,Tairos機器人展,2025
622,研華,11,14,-10,-7,2025-08-06,2025-08-11,3,-2.0,2025-08-20,Tairos機器人展,2025
623,研華,11,15,-10,-6,2025-08-06,2025-08-12,4,-2.0,2025-08-20,Tairos機器人展,2025
624,研華,11,16,-10,-5,2025-08-06,2025-08-13,5,-3.07,2025-08-20,Tairos機器人展,2025
625,研華,11,17,-10,-4,2025-08-06,2025-08-14,6,-3.23,2025-08-20,Tairos機器人展,2025
626,研華,11,18,-10,-3,2025-08-06,2025-08-15,7,-2.3,2025-08-20,Tairos機器人展,2025
627,研華,11,19,-10,-2,2025-08-06,2025-08-18,8,-3.23,2025-08-20,Tairos機器人展,2025
628,研華,11,20,-10,-1,2025-08-06,2025-08-19,9,-3.07,2025-08-20,Tairos機器人展,2025
629,研華,11,21,-10,0,2025-08-06,2025-08-20,10,-4.76,2025-08-20,Tairos機器人展,2025
630,研華,11,22,-10,1,2025-08-06,2025-08-21,11,-3.23,2025-08-20,Tairos機器人展,2025
631,研華,11,23,-10,2,2025-08-06,2025-08-22,12,-3.23,2025-08-20,Tairos機器人展,2025
632,研華,11,24,-10,3,2025-08-06,2025-08-25,13,-2.0,2025-08-20,Tairos機器人展,2025
633,研華,11,25,-10,4,2025-08-06,2025-08-26,14,-1.08,2025-08-20,Tairos機器人展,2025
634,研華,11,26,-10,5,2025-08-06,2025-08-27,15,8.76,2025-08-20,Tairos機器人展,2025
635,研華,11,27,-10,6,2025-08-06,2025-08-28,16,8.91,2025-08-20,Tairos機器人展,2025
636,研華,12,13,-9,-8,2025-08-07,2025-08-08,1,-2.13,2025-08-20,Tairos機器人展,2025
637,研華,12,14,-9,-7,2025-08-07,2025-08-11,2,-3.04,2025-08-20,Tairos機器人展,2025
638,研華,12,15,-9,-6,2025-08-07,2025-08-12,3,-3.04,2025-08-20,Tairos機器人展,2025
639,研華,12,16,-9,-5,2025-08-07,2025-08-13,4,-4.1,2025-08-20,Tairos機器人展,2025
640,研華,12,17,-9,-4,2025-08-07,2025-08-14,5,-4.26,2025-08-20,Tairos機器人展,2025
641,研華,12,18,-9,-3,2025-08-07,2025-08-15,6,-3.34,2025-08-20,Tairos機器人展,2025
642,研華,12,19,-9,-2,2025-08-07,2025-08-18,7,-4.26,2025-08-20,Tairos機器人展,2025
643,研華,12,20,-9,-1,2025-08-07,2025-08-19,8,-4.1,2025-08-20,Tairos機器人展,2025
644,研華,12,21,-9,0,2025-08-07,2025-08-20,9,-5.78,2025-08-20,Tairos機器人展,2025
645,研華,12,22,-9,1,2025-08-07,2025-08-21,10,-4.26,2025-08-20,Tairos機器人展,2025
646,研華,12,23,-9,2,2025-08-07,2025-08-22,11,-4.26,2025-08-20,Tairos機器人展,2025
647,研華,12,24,-9,3,2025-08-07,2025-08-25,12,-3.04,2025-08-20,Tairos機器人展,2025
648,研華,12,25,-9,4,2025-08-07,2025-08-26,13,-2.13,2025-08-20,Tairos機器人展,2025
649,研華,12,26,-9,5,2025-08-07,2025-08-27,14,7.6,2025-08-20,Tairos機器人展,2025
650,研華,12,27,-9,6,2025-08-07,2025-08-28,15,7.75,2025-08-20,Tairos機器人展,2025
651,研華,13,14,-8,-7,2025-08-08,2025-08-11,1,-0.93,2025-08-20,Tairos機器人展,2025
652,研華,13,15,-8,-6,2025-08-08,2025-08-12,2,-0.93,2025-08-20,Tairos機器人展,2025
653,研華,13,16,-8,-5,2025-08-08,2025-08-13,3,-2.02,2025-08-20,Tairos機器人展,2025
654,研華,13,17,-8,-4,2025-08-08,2025-08-14,4,-2.17,2025-08-20,Tairos機器人展,2025
655,研華,13,18,-8,-3,2025-08-08,2025-08-15,5,-1.24,2025-08-20,Tairos機器人展,2025
656,研華,13,19,-8,-2,2025-08-08,2025-08-18,6,-2.17,2025-08-20,Tairos機器人展,2025
657,研華,13,20,-8,-1,2025-08-08,2025-08-19,7,-2.02,2025-08-20,Tairos機器人展,2025
658,研華,13,21,-8,0,2025-08-08,2025-08-20,8,-3.73,2025-08-20,Tairos機器人展,2025
659,研華,13,22,-8,1,2025-08-08,2025-08-21,9,-2.17,2025-08-20,Tairos機器人展,2025
660,研華,13,23,-8,2,2025-08-08,2025-08-22,10,-2.17,2025-08-20,Tairos機器人展,2025
661,研華,13,24,-8,3,2025-08-08,2025-08-25,11,-0.93,2025-08-20,Tairos機器人展,2025
662,研華,13,25,-8,4,2025-08-08,2025-08-26,12,0.0,2025-08-20,Tairos機器人展,2025
663,研華,13,26,-8,5,2025-08-08,2025-08-27,13,9.94,2025-08-20,Tairos機器人展,2025
664,研華,13,27,-8,6,2025-08-08,2025-08-28,14,10.09,2025-08-20,Tairos機器人展,2025
665,研華,14,15,-7,-6,2025-08-11,2025-08-12,1,0.0,2025-08-20,Tairos機器人展,2025
666,研華,14,16,-7,-5,2025-08-11,2025-08-13,2,-1.1,2025-08-20,Tairos機器人展,2025
667,研華,14,17,-7,-4,2025-08-11,2025-08-14,3,-1.25,2025-08-20,Tairos機器人展,2025
668,研華,14,18,-7,-3,2025-08-11,2025-08-15,4,-0.31,2025-08-20,Tairos機器人展,2025
669,研華,14,19,-7,-2,2025-08-11,2025-08-18,5,-1.25,2025-08-20,Tairos機器人展,2025
670,研華,14,20,-7,-1,2025-08-11,2025-08-19,6,-1.1,2025-08-20,Tairos機器人展,2025
671,研華,14,21,-7,0,2025-08-11,2025-08-20,7,-2.82,2025-08-20,Tairos機器人展,2025
672,研華,14,22,-7,1,2025-08-11,2025-08-21,8,-1.25,2025-08-20,Tairos機器人展,2025
673,研華,14,23,-7,2,2025-08-11,2025-08-22,9,-1.25,2025-08-20,Tairos機器人展,2025
674,研華,14,24,-7,3,2025-08-11,2025-08-25,10,0.0,2025-08-20,Tairos機器人展,2025
675,研華,14,25,-7,4,2025-08-11,2025-08-26,11,0.94,2025-08-20,Tairos機器人展,2025
676,研華,14,26,-7,5,2025-08-11,2025-08-27,12,10.97,2025-08-20,Tairos機器人展,2025
677,研華,14,27,-7,6,2025-08-11,2025-08-28,13,11.13,2025-08-20,Tairos機器人展,2025
678,研華,15,16,-6,-5,2025-08-12,2025-08-13,1,-1.1,2025-08-20,Tairos機器人展,2025
679,研華,15,17,-6,-4,2025-08-12,2025-08-14,2,-1.25,2025-08-20,Tairos機器人展,2025
680,研華,15,18,-6,-3,2025-08-12,2025-08-15,3,-0.31,2025-08-20,Tairos機器人展,2025
681,研華,15,19,-6,-2,2025-08-12,2025-08-18,4,-1.25,2025-08-20,Tairos機器人展,2025
682,研華,15,20,-6,-1,2025-08-12,2025-08-19,5,-1.1,2025-08-20,Tairos機器人展,2025
683,研華,15,21,-6,0,2025-08-12,2025-08-20,6,-2.82,2025-08-20,Tairos機器人展,2025
684,研華,15,22,-6,1,2025-08-12,2025-08-21,7,-1.25,2025-08-20,Tairos機器人展,2025
685,研華,15,23,-6,2,2025-08-12,2025-08-22,8,-1.25,2025-08-20,Tairos機器人展,2025
686,研華,15,24,-6,3,2025-08-12,2025-08-25,9,0.0,2025-08-20,Tairos機器人展,2025
687,研華,15,25,-6,4,2025-08-12,2025-08-26,10,0.94,2025-08-20,Tairos機器人展,2025
688,研華,15,26,-6,5,2025-08-12,2025-08-27,11,10.97,2025-08-20,Tairos機器人展,2025
689,研華,15,27,-6,6,2025-08-12,2025-08-28,12,11.13,2025-08-20,Tairos機器人展,2025
690,研華,16,17,-5,-4,2025-08-13,2025-08-14,1,-0.16,2025-08-20,Tairos機器人展,2025
691,研華,16,18,-5,-3,2025-08-13,2025-08-15,2,0.79,2025-08-20,Tairos機器人展,2025
692,研華,16,19,-5,-2,2025-08-13,2025-08-18,3,-0.16,2025-08-20,Tairos機器人展,2025
693,研華,16,20,-5,-1,2025-08-13,2025-08-19,4,0.0,2025-08-20,Tairos機器人展,2025
694,研華,16,21,-5,0,2025-08-13,2025-08-20,5,-1.74,2025-08-20,Tairos機器人展,2025
695,研華,16,22,-5,1,2025-08-13,2025-08-21,6,-0.16,2025-08-20,Tairos機器人展,2025
696,研華,16,23,-5,2,2025-08-13,2025-08-22,7,-0.16,2025-08-20,Tairos機器人展,2025
697,研華,16,24,-5,3,2025-08-13,2025-08-25,8,1.11,2025-08-20,Tairos機器人展,2025
698,研華,16,25,-5,4,2025-08-13,2025-08-26,9,2.06,2025-08-20,Tairos機器人展,2025
699,研華,16,26,-5,5,2025-08-13,2025-08-27,10,12.2,2025-08-20,Tairos機器人展,2025
700,研華,16,27,-5,6,2025-08-13,2025-08-28,11,12.36,2025-08-20,Tairos機器人展,2025
701,研華,17,18,-4,-3,2025-08-14,2025-08-15,1,0.95,2025-08-20,Tairos機器人展,2025
702,研華,17,19,-4,-2,2025-08-14,2025-08-18,2,0.0,2025-08-20,Tairos機器人展,2025
703,研華,17,20,-4,-1,2025-08-14,2025-08-19,3,0.16,2025-08-20,Tairos機器人展,2025
704,研華,17,21,-4,0,2025-08-14,2025-08-20,4,-1.59,2025-08-20,Tairos機器人展,2025
705,研華,17,22,-4,1,2025-08-14,2025-08-21,5,0.0,2025-08-20,Tairos機器人展,2025
706,研華,17,23,-4,2,2025-08-14,2025-08-22,6,0.0,2025-08-20,Tairos機器人展,2025
707,研華,17,24,-4,3,2025-08-14,2025-08-25,7,1.27,2025-08-20,Tairos機器人展,2025
708,研華,17,25,-4,4,2025-08-14,2025-08-26,8,2.22,2025-08-20,Tairos機器人展,2025
709,研華,17,26,-4,5,2025-08-14,2025-08-27,9,12.38,2025-08-20,Tairos機器人展,2025
710,研華,17,27,-4,6,2025-08-14,2025-08-28,10,12.54,2025-08-20,Tairos機器人展,2025
711,研華,18,19,-3,-2,2025-08-15,2025-08-18,1,-0.94,2025-08-20,Tairos機器人展,2025
712,研華,18,20,-3,-1,2025-08-15,2025-08-19,2,-0.79,2025-08-20,Tairos機器人展,2025
713,研華,18,21,-3,0,2025-08-15,2025-08-20,3,-2.52,2025-08-20,Tairos機器人展,2025
714,研華,18,22,-3,1,2025-08-15,2025-08-21,4,-0.94,2025-08-20,Tairos機器人展,2025
715,研華,18,23,-3,2,2025-08-15,2025-08-22,5,-0.94,2025-08-20,Tairos機器人展,2025
716,研華,18,24,-3,3,2025-08-15,2025-08-25,6,0.31,2025-08-20,Tairos機器人展,2025
717,研華,18,25,-3,4,2025-08-15,2025-08-26,7,1.26,2025-08-20,Tairos機器人展,2025
718,研華,18,26,-3,5,2025-08-15,2025-08-27,8,11.32,2025-08-20,Tairos機器人展,2025
719,研華,18,27,-3,6,2025-08-15,2025-08-28,9,11.48,2025-08-20,Tairos機器人展,2025
720,研華,19,20,-2,-1,2025-08-18,2025-08-19,1,0.16,2025-08-20,Tairos機器人展,2025
721,研華,19,21,-2,0,2025-08-18,2025-08-20,2,-1.59,2025-08-20,Tairos機器人展,2025
722,研華,19,22,-2,1,2025-08-18,2025-08-21,3,0.0,2025-08-20,Tairos機器人展,2025
723,研華,19,23,-2,2,2025-08-18,2025-08-22,4,0.0,2025-08-20,Tairos機器人展,2025
724,研華,19,24,-2,3,2025-08-18,2025-08-25,5,1.27,2025-08-20,Tairos機器人展,2025
725,研華,19,25,-2,4,2025-08-18,2025-08-26,6,2.22,2025-08-20,Tairos機器人展,2025
726,研華,19,26,-2,5,2025-08-18,2025-08-27,7,12.38,2025-08-20,Tairos機器人展,2025
727,研華,19,27,-2,6,2025-08-18,2025-08-28,8,12.54,2025-08-20,Tairos機器人展,2025
728,研華,20,21,-1,0,2025-08-19,2025-08-20,1,-1.74,2025-08-20,Tairos機器人展,2025
729,研華,20,22,-1,1,2025-08-19,2025-08-21,2,-0.16,2025-08-20,Tairos機器人展,2025
730,研華,20,23,-1,2,2025-08-19,2025-08-22,3,-0.16,2025-08-20,Tairos機器人展,2025
731,研華,20,24,-1,3,2025-08-19,2025-08-25,4,1.11,2025-08-20,Tairos機器人展,2025
732,研華,20,25,-1,4,2025-08-19,2025-08-26,5,2.06,2025-08-20,Tairos機器人展,2025
733,研華,20,26,-1,5,2025-08-19,2025-08-27,6,12.2,2025-08-20,Tairos機器人展,2025
734,研華,20,27,-1,6,2025-08-19,2025-08-28,7,12.36,2025-08-20,Tairos機器人展,2025
735,研華,21,22,0,1,2025-08-20,2025-08-21,1,1.61,2025-08-20,Tairos機器人展,2025
736,研華,21,23,0,2,2025-08-20,2025-08-22,2,1.61,2025-08-20,Tairos機器人展,2025
737,研華,21,24,0,3,2025-08-20,2025-08-25,3,2.9,2025-08-20,Tairos機器人展,2025
738,研華,21,25,0,4,2025-08-20,2025-08-26,4,3.87,2025-08-20,Tairos機器人展,2025
739,研華,21,26,0,5,2025-08-20,2025-08-27,5,14.19,2025-08-20,Tairos機器人展,2025
740,研華,21,27,0,6,2025-08-20,2025-08-28,6,14.35,2025-08-20,Tairos機器人展,2025
741,研華,22,23,1,2,2025-08-21,2025-08-22,1,0.0,2025-08-20,Tairos機器人展,2025
742,研華,22,24,1,3,2025-08-21,2025-08-25,2,1.27,2025-08-20,Tairos機器人展,2025
743,研華,22,25,1,4,2025-08-21,2025-08-26,3,2.22,2025-08-20,Tairos機器人展,2025
744,研華,22,26,1,5,2025-08-21,2025-08-27,4,12.38,2025-08-20,Tairos機器人展,2025
745,研華,22,27,1,6,2025-08-21,2025-08-28,5,12.54,2025-08-20,Tairos機器人展,2025
746,研華,23,24,2,3,2025-08-22,2025-08-25,1,1.27,2025-08-20,Tairos機器人展,2025
747,研華,23,25,2,4,2025-08-22,2025-08-26,2,2.22,2025-08-20,Tairos機器人展,2025
748,研華,23,26,2,5,2025-08-22,2025-08-27,3,12.38,2025-08-20,Tairos機器人展,2025
749,研華,23,27,2,6,2025-08-22,2025-08-28,4,12.54,2025-08-20,Tairos機器人展,2025
750,研華,24,25,3,4,2025-08-25,2025-08-26,1,0.94,2025-08-20,Tairos機器人展,2025
751,研華,24,26,3,5,2025-08-25,2025-08-27,2,10.97,2025-08-20,Tairos機器人展,2025
752,研華,24,27,3,6,2025-08-25,2025-08-28,3,11.13,2025-08-20,Tairos機器人展,2025
753,研華,25,26,4,5,2025-08-26,2025-08-27,1,9.94,2025-08-20,Tairos機器人展,2025
754,研華,25,27,4,6,2025-08-26,2025-08-28,2,10.09,2025-08-20,Tairos機器人展,2025
755,研華,26,27,5,6,2025-08-27,2025-08-28,1,0.14,2025-08-20,Tairos機器人展,2025
756,所羅門,0,1,-21,-20,2025-07-21,2025-07-22,1,-4.2,2025-08-20,Tairos機器人展,2025
757,所羅門,0,2,-21,-19,2025-07-21,2025-07-23,2,0.7,2025-08-20,Tairos機器人展,2025
758,所羅門,0,3,-21,-18,2025-07-21,2025-07-24,3,1.4,2025-08-20,Tairos機器人展,2025
759,所羅門,0,4,-21,-17,2025-07-21,2025-07-25,4,-1.05,2025-08-20,Tairos機器人展,2025
760,所羅門,0,5,-21,-16,2025-07-21,2025-07-28,5,-1.4,2025-08-20,Tairos機器人展,2025
761,所羅門,0,6,-21,-15,2025-07-21,2025-07-29,6,-2.8,2025-08-20,Tairos機器人展,2025
762,所羅門,0,7,-21,-14,2025-07-21,2025-07-30,7,-2.45,2025-08-20,Tairos機器人展,2025
763,所羅門,0,8,-21,-13,2025-07-21,2025-07-31,8,-3.85,2025-08-20,Tairos機器人展,2025
764,所羅門,0,9,-21,-12,2025-07-21,2025-08-04,9,0.35,2025-08-20,Tairos機器人展,2025
765,所羅門,0,10,-21,-11,2025-07-21,2025-08-05,10,1.75,2025-08-20,Tairos機器人展,2025
766,所羅門,0,11,-21,-10,2025-07-21,2025-08-06,11,0.35,2025-08-20,Tairos機器人展,2025
767,所羅門,0,12,-21,-9,2025-07-21,2025-08-07,12,-0.35,2025-08-20,Tairos機器人展,2025
768,所羅門,0,13,-21,-8,2025-07-21,2025-08-08,13,1.05,2025-08-20,Tairos機器人展,2025
769,所羅門,0,14,-21,-7,2025-07-21,2025-08-11,14,-0.35,2025-08-20,Tairos機器人展,2025
770,所羅門,0,15,-21,-6,2025-07-21,2025-08-12,15,1.4,2025-08-20,Tairos機器人展,2025
771,所羅門,0,16,-21,-5,2025-07-21,2025-08-13,16,0.35,2025-08-20,Tairos機器人展,2025
772,所羅門,0,17,-21,-4,2025-07-21,2025-08-14,17,-1.05,2025-08-20,Tairos機器人展,2025
773,所羅門,0,18,-21,-3,2025-07-21,2025-08-15,18,3.5,2025-08-20,Tairos機器人展,2025
774,所羅門,0,19,-21,-2,2025-07-21,2025-08-18,19,5.94,2025-08-20,Tairos機器人展,2025
775,所羅門,0,20,-21,-1,2025-07-21,2025-08-19,20,1.75,2025-08-20,Tairos機器人展,2025
776,所羅門,0,21,-21,0,2025-07-21,2025-08-20,21,-2.1,2025-08-20,Tairos機器人展,2025
777,所羅門,0,22,-21,1,2025-07-21,2025-08-21,22,-1.4,2025-08-20,Tairos機器人展,2025
778,所羅門,0,23,-21,2,2025-07-21,2025-08-22,23,-3.5,2025-08-20,Tairos機器人展,2025
779,所羅門,0,24,-21,3,2025-07-21,2025-08-25,24,5.94,2025-08-20,Tairos機器人展,2025
780,所羅門,0,25,-21,4,2025-07-21,2025-08-26,25,16.43,2025-08-20,Tairos機器人展,2025
781,所羅門,0,26,-21,5,2025-07-21,2025-08-27,26,16.43,2025-08-20,Tairos機器人展,2025
782,所羅門,0,27,-21,6,2025-07-21,2025-08-28,27,13.29,2025-08-20,Tairos機器人展,2025
783,所羅門,1,2,-20,-19,2025-07-22,2025-07-23,1,5.11,2025-08-20,Tairos機器人展,2025
784,所羅門,1,3,-20,-18,2025-07-22,2025-07-24,2,5.84,2025-08-20,Tairos機器人展,2025
785,所羅門,1,4,-20,-17,2025-07-22,2025-07-25,3,3.28,2025-08-20,Tairos機器人展,2025
786,所羅門,1,5,-20,-16,2025-07-22,2025-07-28,4,2.92,2025-08-20,Tairos機器人展,2025
787,所羅門,1,6,-20,-15,2025-07-22,2025-07-29,5,1.46,2025-08-20,Tairos機器人展,2025
788,所羅門,1,7,-20,-14,2025-07-22,2025-07-30,6,1.82,2025-08-20,Tairos機器人展,2025
789,所羅門,1,8,-20,-13,2025-07-22,2025-07-31,7,0.36,2025-08-20,Tairos機器人展,2025
790,所羅門,1,9,-20,-12,2025-07-22,2025-08-04,8,4.74,2025-08-20,Tairos機器人展,2025
791,所羅門,1,10,-20,-11,2025-07-22,2025-08-05,9,6.2,2025-08-20,Tairos機器人展,2025
792,所羅門,1,11,-20,-10,2025-07-22,2025-08-06,10,4.74,2025-08-20,Tairos機器人展,2025
793,所羅門,1,12,-20,-9,2025-07-22,2025-08-07,11,4.01,2025-08-20,Tairos機器人展,2025
794,所羅門,1,13,-20,-8,2025-07-22,2025-08-08,12,5.47,2025-08-20,Tairos機器人展,2025
795,所羅門,1,14,-20,-7,2025-07-22,2025-08-11,13,4.01,2025-08-20,Tairos機器人展,2025
796,所羅門,1,15,-20,-6,2025-07-22,2025-08-12,14,5.84,2025-08-20,Tairos機器人展,2025
797,所羅門,1,16,-20,-5,2025-07-22,2025-08-13,15,4.74,2025-08-20,Tairos機器人展,2025
798,所羅門,1,17,-20,-4,2025-07-22,2025-08-14,16,3.28,2025-08-20,Tairos機器人展,2025
799,所羅門,1,18,-20,-3,2025-07-22,2025-08-15,17,8.03,2025-08-20,Tairos機器人展,2025
800,所羅門,1,19,-20,-2,2025-07-22,2025-08-18,18,10.58,2025-08-20,Tairos機器人展,2025
801,所羅門,1,20,-20,-1,2025-07-22,2025-08-19,19,6.2,2025-08-20,Tairos機器人展,2025
802,所羅門,1,21,-20,0,2025-07-22,2025-08-20,20,2.19,2025-08-20,Tairos機器人展,2025
803,所羅門,1,22,-20,1,2025-07-22,2025-08-21,21,2.92,2025-08-20,Tairos機器人展,2025
804,所羅門,1,23,-20,2,2025-07-22,2025-08-22,22,0.73,2025-08-20,Tairos機器人展,2025
805,所羅門,1,24,-20,3,2025-07-22,2025-08-25,23,10.58,2025-08-20,Tairos機器人展,2025
806,所羅門,1,25,-20,4,2025-07-22,2025-08-26,24,21.53,2025-08-20,Tairos機器人展,2025
807,所羅門,1,26,-20,5,2025-07-22,2025-08-27,25,21.53,2025-08-20,Tairos機器人展,2025
808,所羅門,1,27,-20,6,2025-07-22,2025-08-28,26,18.25,2025-08-20,Tairos機器人展,2025
809,所羅門,2,3,-19,-18,2025-07-23,2025-07-24,1,0.69,2025-08-20,Tairos機器人展,2025
810,所羅門,2,4,-19,-17,2025-07-23,2025-07-25,2,-1.74,2025-08-20,Tairos機器人展,2025
811,所羅門,2,5,-19,-16,2025-07-23,2025-07-28,3,-2.08,2025-08-20,Tairos機器人展,2025
812,所羅門,2,6,-19,-15,2025-07-23,2025-07-29,4,-3.47,2025-08-20,Tairos機器人展,2025
813,所羅門,2,7,-19,-14,2025-07-23,2025-07-30,5,-3.13,2025-08-20,Tairos機器人展,2025
814,所羅門,2,8,-19,-13,2025-07-23,2025-07-31,6,-4.51,2025-08-20,Tairos機器人展,2025
815,所羅門,2,9,-19,-12,2025-07-23,2025-08-04,7,-0.35,2025-08-20,Tairos機器人展,2025
816,所羅門,2,10,-19,-11,2025-07-23,2025-08-05,8,1.04,2025-08-20,Tairos機器人展,2025
817,所羅門,2,11,-19,-10,2025-07-23,2025-08-06,9,-0.35,2025-08-20,Tairos機器人展,2025
818,所羅門,2,12,-19,-9,2025-07-23,2025-08-07,10,-1.04,2025-08-20,Tairos機器人展,2025
819,所羅門,2,13,-19,-8,2025-07-23,2025-08-08,11,0.35,2025-08-20,Tairos機器人展,2025
820,所羅門,2,14,-19,-7,2025-07-23,2025-08-11,12,-1.04,2025-08-20,Tairos機器人展,2025
821,所羅門,2,15,-19,-6,2025-07-23,2025-08-12,13,0.69,2025-08-20,Tairos機器人展,2025
822,所羅門,2,16,-19,-5,2025-07-23,2025-08-13,14,-0.35,2025-08-20,Tairos機器人展,2025
823,所羅門,2,17,-19,-4,2025-07-23,2025-08-14,15,-1.74,2025-08-20,Tairos機器人展,2025
824,所羅門,2,18,-19,-3,2025-07-23,2025-08-15,16,2.78,2025-08-20,Tairos機器人展,2025
825,所羅門,2,19,-19,-2,2025-07-23,2025-08-18,17,5.21,2025-08-20,Tairos機器人展,2025
826,所羅門,2,20,-19,-1,2025-07-23,2025-08-19,18,1.04,2025-08-20,Tairos機器人展,2025
827,所羅門,2,21,-19,0,2025-07-23,2025-08-20,19,-2.78,2025-08-20,Tairos機器人展,2025
828,所羅門,2,22,-19,1,2025-07-23,2025-08-21,20,-2.08,2025-08-20,Tairos機器人展,2025
829,所羅門,2,23,-19,2,2025-07-23,2025-08-22,21,-4.17,2025-08-20,Tairos機器人展,2025
830,所羅門,2,24,-19,3,2025-07-23,2025-08-25,22,5.21,2025-08-20,Tairos機器人展,2025
831,所羅門,2,25,-19,4,2025-07-23,2025-08-26,23,15.63,2025-08-20,Tairos機器人展,2025
832,所羅門,2,26,-19,5,2025-07-23,2025-08-27,24,15.63,2025-08-20,Tairos機器人展,2025
833,所羅門,2,27,-19,6,2025-07-23,2025-08-28,25,12.5,2025-08-20,Tairos機器人展,2025
834,所羅門,3,4,-18,-17,2025-07-24,2025-07-25,1,-2.41,2025-08-20,Tairos機器人展,2025
835,所羅門,3,5,-18,-16,2025-07-24,2025-07-28,2,-2.76,2025-08-20,Tairos機器人展,2025
836,所羅門,3,6,-18,-15,2025-07-24,2025-07-29,3,-4.14,2025-08-20,Tairos機器人展,2025
837,所羅門,3,7,-18,-14,2025-07-24,2025-07-30,4,-3.79,2025-08-20,Tairos機器人展,2025
838,所羅門,3,8,-18,-13,2025-07-24,2025-07-31,5,-5.17,2025-08-20,Tairos機器人展,2025
839,所羅門,3,9,-18,-12,2025-07-24,2025-08-04,6,-1.03,2025-08-20,Tairos機器人展,2025
840,所羅門,3,10,-18,-11,2025-07-24,2025-08-05,7,0.34,2025-08-20,Tairos機器人展,2025
841,所羅門,3,11,-18,-10,2025-07-24,2025-08-06,8,-1.03,2025-08-20,Tairos機器人展,2025
842,所羅門,3,12,-18,-9,2025-07-24,2025-08-07,9,-1.72,2025-08-20,Tairos機器人展,2025
843,所羅門,3,13,-18,-8,2025-07-24,2025-08-08,10,-0.34,2025-08-20,Tairos機器人展,2025
844,所羅門,3,14,-18,-7,2025-07-24,2025-08-11,11,-1.72,2025-08-20,Tairos機器人展,2025
845,所羅門,3,15,-18,-6,2025-07-24,2025-08-12,12,0.0,2025-08-20,Tairos機器人展,2025
846,所羅門,3,16,-18,-5,2025-07-24,2025-08-13,13,-1.03,2025-08-20,Tairos機器人展,2025
847,所羅門,3,17,-18,-4,2025-07-24,2025-08-14,14,-2.41,2025-08-20,Tairos機器人展,2025
848,所羅門,3,18,-18,-3,2025-07-24,2025-08-15,15,2.07,2025-08-20,Tairos機器人展,2025
849,所羅門,3,19,-18,-2,2025-07-24,2025-08-18,16,4.48,2025-08-20,Tairos機器人展,2025
850,所羅門,3,20,-18,-1,2025-07-24,2025-08-19,17,0.34,2025-08-20,Tairos機器人展,2025
851,所羅門,3,21,-18,0,2025-07-24,2025-08-20,18,-3.45,2025-08-20,Tairos機器人展,2025
852,所羅門,3,22,-18,1,2025-07-24,2025-08-21,19,-2.76,2025-08-20,Tairos機器人展,2025
853,所羅門,3,23,-18,2,2025-07-24,2025-08-22,20,-4.83,2025-08-20,Tairos機器人展,2025
854,所羅門,3,24,-18,3,2025-07-24,2025-08-25,21,4.48,2025-08-20,Tairos機器人展,2025
855,所羅門,3,25,-18,4,2025-07-24,2025-08-26,22,14.83,2025-08-20,Tairos機器人展,2025
856,所羅門,3,26,-18,5,2025-07-24,2025-08-27,23,14.83,2025-08-20,Tairos機器人展,2025
857,所羅門,3,27,-18,6,2025-07-24,2025-08-28,24,11.72,2025-08-20,Tairos機器人展,2025
858,所羅門,4,5,-17,-16,2025-07-25,2025-07-28,1,-0.35,2025-08-20,Tairos機器人展,2025
859,所羅門,4,6,-17,-15,2025-07-25,2025-07-29,2,-1.77,2025-08-20,Tairos機器人展,2025
860,所羅門,4,7,-17,-14,2025-07-25,2025-07-30,3,-1.41,2025-08-20,Tairos機器人展,2025
861,所羅門,4,8,-17,-13,2025-07-25,2025-07-31,4,-2.83,2025-08-20,Tairos機器人展,2025
862,所羅門,4,9,-17,-12,2025-07-25,2025-08-04,5,1.41,2025-08-20,Tairos機器人展,2025
863,所羅門,4,10,-17,-11,2025-07-25,2025-08-05,6,2.83,2025-08-20,Tairos機器人展,2025
864,所羅門,4,11,-17,-10,2025-07-25,2025-08-06,7,1.41,2025-08-20,Tairos機器人展,2025
865,所羅門,4,12,-17,-9,2025-07-25,2025-08-07,8,0.71,2025-08-20,Tairos機器人展,2025
866,所羅門,4,13,-17,-8,2025-07-25,2025-08-08,9,2.12,2025-08-20,Tairos機器人展,2025
867,所羅門,4,14,-17,-7,2025-07-25,2025-08-11,10,0.71,2025-08-20,Tairos機器人展,2025
868,所羅門,4,15,-17,-6,2025-07-25,2025-08-12,11,2.47,2025-08-20,Tairos機器人展,2025
869,所羅門,4,16,-17,-5,2025-07-25,2025-08-13,12,1.41,2025-08-20,Tairos機器人展,2025
870,所羅門,4,17,-17,-4,2025-07-25,2025-08-14,13,0.0,2025-08-20,Tairos機器人展,2025
871,所羅門,4,18,-17,-3,2025-07-25,2025-08-15,14,4.59,2025-08-20,Tairos機器人展,2025
872,所羅門,4,19,-17,-2,2025-07-25,2025-08-18,15,7.07,2025-08-20,Tairos機器人展,2025
873,所羅門,4,20,-17,-1,2025-07-25,2025-08-19,16,2.83,2025-08-20,Tairos機器人展,2025
874,所羅門,4,21,-17,0,2025-07-25,2025-08-20,17,-1.06,2025-08-20,Tairos機器人展,2025
875,所羅門,4,22,-17,1,2025-07-25,2025-08-21,18,-0.35,2025-08-20,Tairos機器人展,2025
876,所羅門,4,23,-17,2,2025-07-25,2025-08-22,19,-2.47,2025-08-20,Tairos機器人展,2025
877,所羅門,4,24,-17,3,2025-07-25,2025-08-25,20,7.07,2025-08-20,Tairos機器人展,2025
878,所羅門,4,25,-17,4,2025-07-25,2025-08-26,21,17.67,2025-08-20,Tairos機器人展,2025
879,所羅門,4,26,-17,5,2025-07-25,2025-08-27,22,17.67,2025-08-20,Tairos機器人展,2025
880,所羅門,4,27,-17,6,2025-07-25,2025-08-28,23,14.49,2025-08-20,Tairos機器人展,2025
881,所羅門,5,6,-16,-15,2025-07-28,2025-07-29,1,-1.42,2025-08-20,Tairos機器人展,2025
882,所羅門,5,7,-16,-14,2025-07-28,2025-07-30,2,-1.06,2025-08-20,Tairos機器人展,2025
883,所羅門,5,8,-16,-13,2025-07-28,2025-07-31,3,-2.48,2025-08-20,Tairos機器人展,2025
884,所羅門,5,9,-16,-12,2025-07-28,2025-08-04,4,1.77,2025-08-20,Tairos機器人展,2025
885,所羅門,5,10,-16,-11,2025-07-28,2025-08-05,5,3.19,2025-08-20,Tairos機器人展,2025
886,所羅門,5,11,-16,-10,2025-07-28,2025-08-06,6,1.77,2025-08-20,Tairos機器人展,2025
887,所羅門,5,12,-16,-9,2025-07-28,2025-08-07,7,1.06,2025-08-20,Tairos機器人展,2025
888,所羅門,5,13,-16,-8,2025-07-28,2025-08-08,8,2.48,2025-08-20,Tairos機器人展,2025
889,所羅門,5,14,-16,-7,2025-07-28,2025-08-11,9,1.06,2025-08-20,Tairos機器人展,2025
890,所羅門,5,15,-16,-6,2025-07-28,2025-08-12,10,2.84,2025-08-20,Tairos機器人展,2025
891,所羅門,5,16,-16,-5,2025-07-28,2025-08-13,11,1.77,2025-08-20,Tairos機器人展,2025
892,所羅門,5,17,-16,-4,2025-07-28,2025-08-14,12,0.35,2025-08-20,Tairos機器人展,2025
893,所羅門,5,18,-16,-3,2025-07-28,2025-08-15,13,4.96,2025-08-20,Tairos機器人展,2025
894,所羅門,5,19,-16,-2,2025-07-28,2025-08-18,14,7.45,2025-08-20,Tairos機器人展,2025
895,所羅門,5,20,-16,-1,2025-07-28,2025-08-19,15,3.19,2025-08-20,Tairos機器人展,2025
896,所羅門,5,21,-16,0,2025-07-28,2025-08-20,16,-0.71,2025-08-20,Tairos機器人展,2025
897,所羅門,5,22,-16,1,2025-07-28,2025-08-21,17,0.0,2025-08-20,Tairos機器人展,2025
898,所羅門,5,23,-16,2,2025-07-28,2025-08-22,18,-2.13,2025-08-20,Tairos機器人展,2025
899,所羅門,5,24,-16,3,2025-07-28,2025-08-25,19,7.45,2025-08-20,Tairos機器人展,2025
900,所羅門,5,25,-16,4,2025-07-28,2025-08-26,20,18.09,2025-08-20,Tairos機器人展,2025
901,所羅門,5,26,-16,5,2025-07-28,2025-08-27,21,18.09,2025-08-20,Tairos機器人展,2025
902,所羅門,5,27,-16,6,2025-07-28,2025-08-28,22,14.89,2025-08-20,Tairos機器人展,2025
903,所羅門,6,7,-15,-14,2025-07-29,2025-07-30,1,0.36,2025-08-20,Tairos機器人展,2025
904,所羅門,6,8,-15,-13,2025-07-29,2025-07-31,2,-1.08,2025-08-20,Tairos機器人展,2025
905,所羅門,6,9,-15,-12,2025-07-29,2025-08-04,3,3.24,2025-08-20,Tairos機器人展,2025
906,所羅門,6,10,-15,-11,2025-07-29,2025-08-05,4,4.68,2025-08-20,Tairos機器人展,2025
907,所羅門,6,11,-15,-10,2025-07-29,2025-08-06,5,3.24,2025-08-20,Tairos機器人展,2025
908,所羅門,6,12,-15,-9,2025-07-29,2025-08-07,6,2.52,2025-08-20,Tairos機器人展,2025
909,所羅門,6,13,-15,-8,2025-07-29,2025-08-08,7,3.96,2025-08-20,Tairos機器人展,2025
910,所羅門,6,14,-15,-7,2025-07-29,2025-08-11,8,2.52,2025-08-20,Tairos機器人展,2025
911,所羅門,6,15,-15,-6,2025-07-29,2025-08-12,9,4.32,2025-08-20,Tairos機器人展,2025
912,所羅門,6,16,-15,-5,2025-07-29,2025-08-13,10,3.24,2025-08-20,Tairos機器人展,2025
913,所羅門,6,17,-15,-4,2025-07-29,2025-08-14,11,1.8,2025-08-20,Tairos機器人展,2025
914,所羅門,6,18,-15,-3,2025-07-29,2025-08-15,12,6.47,2025-08-20,Tairos機器人展,2025
915,所羅門,6,19,-15,-2,2025-07-29,2025-08-18,13,8.99,2025-08-20,Tairos機器人展,2025
916,所羅門,6,20,-15,-1,2025-07-29,2025-08-19,14,4.68,2025-08-20,Tairos機器人展,2025
917,所羅門,6,21,-15,0,2025-07-29,2025-08-20,15,0.72,2025-08-20,Tairos機器人展,2025
918,所羅門,6,22,-15,1,2025-07-29,2025-08-21,16,1.44,2025-08-20,Tairos機器人展,2025
919,所羅門,6,23,-15,2,2025-07-29,2025-08-22,17,-0.72,2025-08-20,Tairos機器人展,2025
920,所羅門,6,24,-15,3,2025-07-29,2025-08-25,18,8.99,2025-08-20,Tairos機器人展,2025
921,所羅門,6,25,-15,4,2025-07-29,2025-08-26,19,19.78,2025-08-20,Tairos機器人展,2025
922,所羅門,6,26,-15,5,2025-07-29,2025-08-27,20,19.78,2025-08-20,Tairos機器人展,2025
923,所羅門,6,27,-15,6,2025-07-29,2025-08-28,21,16.55,2025-08-20,Tairos機器人展,2025
924,所羅門,7,8,-14,-13,2025-07-30,2025-07-31,1,-1.43,2025-08-20,Tairos機器人展,2025
925,所羅門,7,9,-14,-12,2025-07-30,2025-08-04,2,2.87,2025-08-20,Tairos機器人展,2025
926,所羅門,7,10,-14,-11,2025-07-30,2025-08-05,3,4.3,2025-08-20,Tairos機器人展,2025
927,所羅門,7,11,-14,-10,2025-07-30,2025-08-06,4,2.87,2025-08-20,Tairos機器人展,2025
928,所羅門,7,12,-14,-9,2025-07-30,2025-08-07,5,2.15,2025-08-20,Tairos機器人展,2025
929,所羅門,7,13,-14,-8,2025-07-30,2025-08-08,6,3.58,2025-08-20,Tairos機器人展,2025
930,所羅門,7,14,-14,-7,2025-07-30,2025-08-11,7,2.15,2025-08-20,Tairos機器人展,2025
931,所羅門,7,15,-14,-6,2025-07-30,2025-08-12,8,3.94,2025-08-20,Tairos機器人展,2025
932,所羅門,7,16,-14,-5,2025-07-30,2025-08-13,9,2.87,2025-08-20,Tairos機器人展,2025
933,所羅門,7,17,-14,-4,2025-07-30,2025-08-14,10,1.43,2025-08-20,Tairos機器人展,2025
934,所羅門,7,18,-14,-3,2025-07-30,2025-08-15,11,6.09,2025-08-20,Tairos機器人展,2025
935,所羅門,7,19,-14,-2,2025-07-30,2025-08-18,12,8.6,2025-08-20,Tairos機器人展,2025
936,所羅門,7,20,-14,-1,2025-07-30,2025-08-19,13,4.3,2025-08-20,Tairos機器人展,2025
937,所羅門,7,21,-14,0,2025-07-30,2025-08-20,14,0.36,2025-08-20,Tairos機器人展,2025
938,所羅門,7,22,-14,1,2025-07-30,2025-08-21,15,1.08,2025-08-20,Tairos機器人展,2025
939,所羅門,7,23,-14,2,2025-07-30,2025-08-22,16,-1.08,2025-08-20,Tairos機器人展,2025
940,所羅門,7,24,-14,3,2025-07-30,2025-08-25,17,8.6,2025-08-20,Tairos機器人展,2025
941,所羅門,7,25,-14,4,2025-07-30,2025-08-26,18,19.35,2025-08-20,Tairos機器人展,2025
942,所羅門,7,26,-14,5,2025-07-30,2025-08-27,19,19.35,2025-08-20,Tairos機器人展,2025
943,所羅門,7,27,-14,6,2025-07-30,2025-08-28,20,16.13,2025-08-20,Tairos機器人展,2025
944,所羅門,8,9,-13,-12,2025-07-31,2025-08-04,1,4.36,2025-08-20,Tairos機器人展,2025
945,所羅門,8,10,-13,-11,2025-07-31,2025-08-05,2,5.82,2025-08-20,Tairos機器人展,2025
946,所羅門,8,11,-13,-10,2025-07-31,2025-08-06,3,4.36,2025-08-20,Tairos機器人展,2025
947,所羅門,8,12,-13,-9,2025-07-31,2025-08-07,4,3.64,2025-08-20,Tairos機器人展,2025
948,所羅門,8,13,-13,-8,2025-07-31,2025-08-08,5,5.09,2025-08-20,Tairos機器人展,2025
949,所羅門,8,14,-13,-7,2025-07-31,2025-08-11,6,3.64,2025-08-20,Tairos機器人展,2025
950,所羅門,8,15,-13,-6,2025-07-31,2025-08-12,7,5.45,2025-08-20,Tairos機器人展,2025
951,所羅門,8,16,-13,-5,2025-07-31,2025-08-13,8,4.36,2025-08-20,Tairos機器人展,2025
952,所羅門,8,17,-13,-4,2025-07-31,2025-08-14,9,2.91,2025-08-20,Tairos機器人展,2025
953,所羅門,8,18,-13,-3,2025-07-31,2025-08-15,10,7.64,2025-08-20,Tairos機器人展,2025
954,所羅門,8,19,-13,-2,2025-07-31,2025-08-18,11,10.18,2025-08-20,Tairos機器人展,2025
955,所羅門,8,20,-13,-1,2025-07-31,2025-08-19,12,5.82,2025-08-20,Tairos機器人展,2025
956,所羅門,8,21,-13,0,2025-07-31,2025-08-20,13,1.82,2025-08-20,Tairos機器人展,2025
957,所羅門,8,22,-13,1,2025-07-31,2025-08-21,14,2.55,2025-08-20,Tairos機器人展,2025
958,所羅門,8,23,-13,2,2025-07-31,2025-08-22,15,0.36,2025-08-20,Tairos機器人展,2025
959,所羅門,8,24,-13,3,2025-07-31,2025-08-25,16,10.18,2025-08-20,Tairos機器人展,2025
960,所羅門,8,25,-13,4,2025-07-31,2025-08-26,17,21.09,2025-08-20,Tairos機器人展,2025
961,所羅門,8,26,-13,5,2025-07-31,2025-08-27,18,21.09,2025-08-20,Tairos機器人展,2025
962,所羅門,8,27,-13,6,2025-07-31,2025-08-28,19,17.82,2025-08-20,Tairos機器人展,2025
963,所羅門,9,10,-12,-11,2025-08-04,2025-08-05,1,1.39,2025-08-20,Tairos機器人展,2025
964,所羅門,9,11,-12,-10,2025-08-04,2025-08-06,2,0.0,2025-08-20,Tairos機器人展,2025
965,所羅門,9,12,-12,-9,2025-08-04,2025-08-07,3,-0.7,2025-08-20,Tairos機器人展,2025
966,所羅門,9,13,-12,-8,2025-08-04,2025-08-08,4,0.7,2025-08-20,Tairos機器人展,2025
967,所羅門,9,14,-12,-7,2025-08-04,2025-08-11,5,-0.7,2025-08-20,Tairos機器人展,2025
968,所羅門,9,15,-12,-6,2025-08-04,2025-08-12,6,1.05,2025-08-20,Tairos機器人展,2025
969,所羅門,9,16,-12,-5,2025-08-04,2025-08-13,7,0.0,2025-08-20,Tairos機器人展,2025
970,所羅門,9,17,-12,-4,2025-08-04,2025-08-14,8,-1.39,2025-08-20,Tairos機器人展,2025
971,所羅門,9,18,-12,-3,2025-08-04,2025-08-15,9,3.14,2025-08-20,Tairos機器人展,2025
972,所羅門,9,19,-12,-2,2025-08-04,2025-08-18,10,5.57,2025-08-20,Tairos機器人展,2025
973,所羅門,9,20,-12,-1,2025-08-04,2025-08-19,11,1.39,2025-08-20,Tairos機器人展,2025
974,所羅門,9,21,-12,0,2025-08-04,2025-08-20,12,-2.44,2025-08-20,Tairos機器人展,2025
975,所羅門,9,22,-12,1,2025-08-04,2025-08-21,13,-1.74,2025-08-20,Tairos機器人展,2025
976,所羅門,9,23,-12,2,2025-08-04,2025-08-22,14,-3.83,2025-08-20,Tairos機器人展,2025
977,所羅門,9,24,-12,3,2025-08-04,2025-08-25,15,5.57,2025-08-20,Tairos機器人展,2025
978,所羅門,9,25,-12,4,2025-08-04,2025-08-26,16,16.03,2025-08-20,Tairos機器人展,2025
979,所羅門,9,26,-12,5,2025-08-04,2025-08-27,17,16.03,2025-08-20,Tairos機器人展,2025
980,所羅門,9,27,-12,6,2025-08-04,2025-08-28,18,12.89,2025-08-20,Tairos機器人展,2025
981,所羅門,10,11,-11,-10,2025-08-05,2025-08-06,1,-1.37,2025-08-20,Tairos機器人展,2025
982,所羅門,10,12,-11,-9,2025-08-05,2025-08-07,2,-2.06,2025-08-20,Tairos機器人展,2025
983,所羅門,10,13,-11,-8,2025-08-05,2025-08-08,3,-0.69,2025-08-20,Tairos機器人展,2025
984,所羅門,10,14,-11,-7,2025-08-05,2025-08-11,4,-2.06,2025-08-20,Tairos機器人展,2025
985,所羅門,10,15,-11,-6,2025-08-05,2025-08-12,5,-0.34,2025-08-20,Tairos機器人展,2025
986,所羅門,10,16,-11,-5,2025-08-05,2025-08-13,6,-1.37,2025-08-20,Tairos機器人展,2025
987,所羅門,10,17,-11,-4,2025-08-05,2025-08-14,7,-2.75,2025-08-20,Tairos機器人展,2025
988,所羅門,10,18,-11,-3,2025-08-05,2025-08-15,8,1.72,2025-08-20,Tairos機器人展,2025
989,所羅門,10,19,-11,-2,2025-08-05,2025-08-18,9,4.12,2025-08-20,Tairos機器人展,2025
990,所羅門,10,20,-11,-1,2025-08-05,2025-08-19,10,0.0,2025-08-20,Tairos機器人展,2025
991,所羅門,10,21,-11,0,2025-08-05,2025-08-20,11,-3.78,2025-08-20,Tairos機器人展,2025
992,所羅門,10,22,-11,1,2025-08-05,2025-08-21,12,-3.09,2025-08-20,Tairos機器人展,2025
993,所羅門,10,23,-11,2,2025-08-05,2025-08-22,13,-5.15,2025-08-20,Tairos機器人展,2025
994,所羅門,10,24,-11,3,2025-08-05,2025-08-25,14,4.12,2025-08-20,Tairos機器人展,2025
995,所羅門,10,25,-11,4,2025-08-05,2025-08-26,15,14.43,2025-08-20,Tairos機器人展,2025
996,所羅門,10,26,-11,5,2025-08-05,2025-08-27,16,14.43,2025-08-20,Tairos機器人展,2025
997,所羅門,10,27,-11,6,2025-08-05,2025-08-28,17,11.34,2025-08-20,Tairos機器人展,2025
998,所羅門,11,12,-10,-9,2025-08-06,2025-08-07,1,-0.7,2025-08-20,Tairos機器人展,2025
999,所羅門,11,13,-10,-8,2025-08-06,2025-08-08,2,0.7,2025-08-20,Tairos機器人展,2025
1000,所羅門,11,14,-10,-7,2025-08-06,2025-08-11,3,-0.7,2025-08-20,Tairos機器人展,2025
1001,所羅門,11,15,-10,-6,2025-08-06,2025-08-12,4,1.05,2025-08-20,Tairos機器人展,2025
1002,所羅門,11,16,-10,-5,2025-08-06,2025-08-13,5,0.0,2025-08-20,Tairos機器人展,2025
1003,所羅門,11,17,-10,-4,2025-08-06,2025-08-14,6,-1.39,2025-08-20,Tairos機器人展,2025
1004,所羅門,11,18,-10,-3,2025-08-06,2025-08-15,7,3.14,2025-08-20,Tairos機器人展,2025
1005,所羅門,11,19,-10,-2,2025-08-06,2025-08-18,8,5.57,2025-08-20,Tairos機器人展,2025
1006,所羅門,11,20,-10,-1,2025-08-06,2025-08-19,9,1.39,2025-08-20,Tairos機器人展,2025
1007,所羅門,11,21,-10,0,2025-08-06,2025-08-20,10,-2.44,2025-08-20,Tairos機器人展,2025
1008,所羅門,11,22,-10,1,2025-08-06,2025-08-21,11,-1.74,2025-08-20,Tairos機器人展,2025
1009,所羅門,11,23,-10,2,2025-08-06,2025-08-22,12,-3.83,2025-08-20,Tairos機器人展,2025
1010,所羅門,11,24,-10,3,2025-08-06,2025-08-25,13,5.57,2025-08-20,Tairos機器人展,2025
1011,所羅門,11,25,-10,4,2025-08-06,2025-08-26,14,16.03,2025-08-20,Tairos機器人展,2025
1012,所羅門,11,26,-10,5,2025-08-06,2025-08-27,15,16.03,2025-08-20,Tairos機器人展,2025
1013,所羅門,11,27,-10,6,2025-08-06,2025-08-28,16,12.89,2025-08-20,Tairos機器人展,2025
1014,所羅門,12,13,-9,-8,2025-08-07,2025-08-08,1,1.4,2025-08-20,Tairos機器人展,2025
1015,所羅門,12,14,-9,-7,2025-08-07,2025-08-11,2,0.0,2025-08-20,Tairos機器人展,2025
1016,所羅門,12,15,-9,-6,2025-08-07,2025-08-12,3,1.75,2025-08-20,Tairos機器人展,2025
1017,所羅門,12,16,-9,-5,2025-08-07,2025-08-13,4,0.7,2025-08-20,Tairos機器人展,2025
1018,所羅門,12,17,-9,-4,2025-08-07,2025-08-14,5,-0.7,2025-08-20,Tairos機器人展,2025
1019,所羅門,12,18,-9,-3,2025-08-07,2025-08-15,6,3.86,2025-08-20,Tairos機器人展,2025
1020,所羅門,12,19,-9,-2,2025-08-07,2025-08-18,7,6.32,2025-08-20,Tairos機器人展,2025
1021,所羅門,12,20,-9,-1,2025-08-07,2025-08-19,8,2.11,2025-08-20,Tairos機器人展,2025
1022,所羅門,12,21,-9,0,2025-08-07,2025-08-20,9,-1.75,2025-08-20,Tairos機器人展,2025
1023,所羅門,12,22,-9,1,2025-08-07,2025-08-21,10,-1.05,2025-08-20,Tairos機器人展,2025
1024,所羅門,12,23,-9,2,2025-08-07,2025-08-22,11,-3.16,2025-08-20,Tairos機器人展,2025
1025,所羅門,12,24,-9,3,2025-08-07,2025-08-25,12,6.32,2025-08-20,Tairos機器人展,2025
1026,所羅門,12,25,-9,4,2025-08-07,2025-08-26,13,16.84,2025-08-20,Tairos機器人展,2025
1027,所羅門,12,26,-9,5,2025-08-07,2025-08-27,14,16.84,2025-08-20,Tairos機器人展,2025
1028,所羅門,12,27,-9,6,2025-08-07,2025-08-28,15,13.68,2025-08-20,Tairos機器人展,2025
1029,所羅門,13,14,-8,-7,2025-08-08,2025-08-11,1,-1.38,2025-08-20,Tairos機器人展,2025
1030,所羅門,13,15,-8,-6,2025-08-08,2025-08-12,2,0.35,2025-08-20,Tairos機器人展,2025
1031,所羅門,13,16,-8,-5,2025-08-08,2025-08-13,3,-0.69,2025-08-20,Tairos機器人展,2025
1032,所羅門,13,17,-8,-4,2025-08-08,2025-08-14,4,-2.08,2025-08-20,Tairos機器人展,2025
1033,所羅門,13,18,-8,-3,2025-08-08,2025-08-15,5,2.42,2025-08-20,Tairos機器人展,2025
1034,所羅門,13,19,-8,-2,2025-08-08,2025-08-18,6,4.84,2025-08-20,Tairos機器人展,2025
1035,所羅門,13,20,-8,-1,2025-08-08,2025-08-19,7,0.69,2025-08-20,Tairos機器人展,2025
1036,所羅門,13,21,-8,0,2025-08-08,2025-08-20,8,-3.11,2025-08-20,Tairos機器人展,2025
1037,所羅門,13,22,-8,1,2025-08-08,2025-08-21,9,-2.42,2025-08-20,Tairos機器人展,2025
1038,所羅門,13,23,-8,2,2025-08-08,2025-08-22,10,-4.5,2025-08-20,Tairos機器人展,2025
1039,所羅門,13,24,-8,3,2025-08-08,2025-08-25,11,4.84,2025-08-20,Tairos機器人展,2025
1040,所羅門,13,25,-8,4,2025-08-08,2025-08-26,12,15.22,2025-08-20,Tairos機器人展,2025
1041,所羅門,13,26,-8,5,2025-08-08,2025-08-27,13,15.22,2025-08-20,Tairos機器人展,2025
1042,所羅門,13,27,-8,6,2025-08-08,2025-08-28,14,12.11,2025-08-20,Tairos機器人展,2025
1043,所羅門,14,15,-7,-6,2025-08-11,2025-08-12,1,1.75,2025-08-20,Tairos機器人展,2025
1044,所羅門,14,16,-7,-5,2025-08-11,2025-08-13,2,0.7,2025-08-20,Tairos機器人展,2025
1045,所羅門,14,17,-7,-4,2025-08-11,2025-08-14,3,-0.7,2025-08-20,Tairos機器人展,2025
1046,所羅門,14,18,-7,-3,2025-08-11,2025-08-15,4,3.86,2025-08-20,Tairos機器人展,2025
1047,所羅門,14,19,-7,-2,2025-08-11,2025-08-18,5,6.32,2025-08-20,Tairos機器人展,2025
1048,所羅門,14,20,-7,-1,2025-08-11,2025-08-19,6,2.11,2025-08-20,Tairos機器人展,2025
1049,所羅門,14,21,-7,0,2025-08-11,2025-08-20,7,-1.75,2025-08-20,Tairos機器人展,2025
1050,所羅門,14,22,-7,1,2025-08-11,2025-08-21,8,-1.05,2025-08-20,Tairos機器人展,2025
1051,所羅門,14,23,-7,2,2025-08-11,2025-08-22,9,-3.16,2025-08-20,Tairos機器人展,2025
1052,所羅門,14,24,-7,3,2025-08-11,2025-08-25,10,6.32,2025-08-20,Tairos機器人展,2025
1053,所羅門,14,25,-7,4,2025-08-11,2025-08-26,11,16.84,2025-08-20,Tairos機器人展,2025
1054,所羅門,14,26,-7,5,2025-08-11,2025-08-27,12,16.84,2025-08-20,Tairos機器人展,2025
1055,所羅門,14,27,-7,6,2025-08-11,2025-08-28,13,13.68,2025-08-20,Tairos機器人展,2025
1056,所羅門,15,16,-6,-5,2025-08-12,2025-08-13,1,-1.03,2025-08-20,Tairos機器人展,2025
1057,所羅門,15,17,-6,-4,2025-08-12,2025-08-14,2,-2.41,2025-08-20,Tairos機器人展,2025
1058,所羅門,15,18,-6,-3,2025-08-12,2025-08-15,3,2.07,2025-08-20,Tairos機器人展,2025
1059,所羅門,15,19,-6,-2,2025-08-12,2025-08-18,4,4.48,2025-08-20,Tairos機器人展,2025
1060,所羅門,15,20,-6,-1,2025-08-12,2025-08-19,5,0.34,2025-08-20,Tairos機器人展,2025
1061,所羅門,15,21,-6,0,2025-08-12,2025-08-20,6,-3.45,2025-08-20,Tairos機器人展,2025
1062,所羅門,15,22,-6,1,2025-08-12,2025-08-21,7,-2.76,2025-08-20,Tairos機器人展,2025
1063,所羅門,15,23,-6,2,2025-08-12,2025-08-22,8,-4.83,2025-08-20,Tairos機器人展,2025
1064,所羅門,15,24,-6,3,2025-08-12,2025-08-25,9,4.48,2025-08-20,Tairos機器人展,2025
1065,所羅門,15,25,-6,4,2025-08-12,2025-08-26,10,14.83,2025-08-20,Tairos機器人展,2025
1066,所羅門,15,26,-6,5,2025-08-12,2025-08-27,11,14.83,2025-08-20,Tairos機器人展,2025
1067,所羅門,15,27,-6,6,2025-08-12,2025-08-28,12,11.72,2025-08-20,Tairos機器人展,2025
1068,所羅門,16,17,-5,-4,2025-08-13,2025-08-14,1,-1.39,2025-08-20,Tairos機器人展,2025
1069,所羅門,16,18,-5,-3,2025-08-13,2025-08-15,2,3.14,2025-08-20,Tairos機器人展,2025
1070,所羅門,16,19,-5,-2,2025-08-13,2025-08-18,3,5.57,2025-08-20,Tairos機器人展,2025
1071,所羅門,16,20,-5,-1,2025-08-13,2025-08-19,4,1.39,2025-08-20,Tairos機器人展,2025
1072,所羅門,16,21,-5,0,2025-08-13,2025-08-20,5,-2.44,2025-08-20,Tairos機器人展,2025
1073,所羅門,16,22,-5,1,2025-08-13,2025-08-21,6,-1.74,2025-08-20,Tairos機器人展,2025
1074,所羅門,16,23,-5,2,2025-08-13,2025-08-22,7,-3.83,2025-08-20,Tairos機器人展,2025
1075,所羅門,16,24,-5,3,2025-08-13,2025-08-25,8,5.57,2025-08-20,Tairos機器人展,2025
1076,所羅門,16,25,-5,4,2025-08-13,2025-08-26,9,16.03,2025-08-20,Tairos機器人展,2025
1077,所羅門,16,26,-5,5,2025-08-13,2025-08-27,10,16.03,2025-08-20,Tairos機器人展,2025
1078,所羅門,16,27,-5,6,2025-08-13,2025-08-28,11,12.89,2025-08-20,Tairos機器人展,2025
1079,所羅門,17,18,-4,-3,2025-08-14,2025-08-15,1,4.59,2025-08-20,Tairos機器人展,2025
1080,所羅門,17,19,-4,-2,2025-08-14,2025-08-18,2,7.07,2025-08-20,Tairos機器人展,2025
1081,所羅門,17,20,-4,-1,2025-08-14,2025-08-19,3,2.83,2025-08-20,Tairos機器人展,2025
1082,所羅門,17,21,-4,0,2025-08-14,2025-08-20,4,-1.06,2025-08-20,Tairos機器人展,2025
1083,所羅門,17,22,-4,1,2025-08-14,2025-08-21,5,-0.35,2025-08-20,Tairos機器人展,2025
1084,所羅門,17,23,-4,2,2025-08-14,2025-08-22,6,-2.47,2025-08-20,Tairos機器人展,2025
1085,所羅門,17,24,-4,3,2025-08-14,2025-08-25,7,7.07,2025-08-20,Tairos機器人展,2025
1086,所羅門,17,25,-4,4,2025-08-14,2025-08-26,8,17.67,2025-08-20,Tairos機器人展,2025
1087,所羅門,17,26,-4,5,2025-08-14,2025-08-27,9,17.67,2025-08-20,Tairos機器人展,2025
1088,所羅門,17,27,-4,6,2025-08-14,2025-08-28,10,14.49,2025-08-20,Tairos機器人展,2025
1089,所羅門,18,19,-3,-2,2025-08-15,2025-08-18,1,2.36,2025-08-20,Tairos機器人展,2025
1090,所羅門,18,20,-3,-1,2025-08-15,2025-08-19,2,-1.69,2025-08-20,Tairos機器人展,2025
1091,所羅門,18,21,-3,0,2025-08-15,2025-08-20,3,-5.41,2025-08-20,Tairos機器人展,2025
1092,所羅門,18,22,-3,1,2025-08-15,2025-08-21,4,-4.73,2025-08-20,Tairos機器人展,2025
1093,所羅門,18,23,-3,2,2025-08-15,2025-08-22,5,-6.76,2025-08-20,Tairos機器人展,2025
1094,所羅門,18,24,-3,3,2025-08-15,2025-08-25,6,2.36,2025-08-20,Tairos機器人展,2025
1095,所羅門,18,25,-3,4,2025-08-15,2025-08-26,7,12.5,2025-08-20,Tairos機器人展,2025
1096,所羅門,18,26,-3,5,2025-08-15,2025-08-27,8,12.5,2025-08-20,Tairos機器人展,2025
1097,所羅門,18,27,-3,6,2025-08-15,2025-08-28,9,9.46,2025-08-20,Tairos機器人展,2025
1098,所羅門,19,20,-2,-1,2025-08-18,2025-08-19,1,-3.96,2025-08-20,Tairos機器人展,2025
1099,所羅門,19,21,-2,0,2025-08-18,2025-08-20,2,-7.59,2025-08-20,Tairos機器人展,2025
1100,所羅門,19,22,-2,1,2025-08-18,2025-08-21,3,-6.93,2025-08-20,Tairos機器人展,2025
1101,所羅門,19,23,-2,2,2025-08-18,2025-08-22,4,-8.91,2025-08-20,Tairos機器人展,2025
1102,所羅門,19,24,-2,3,2025-08-18,2025-08-25,5,0.0,2025-08-20,Tairos機器人展,2025
1103,所羅門,19,25,-2,4,2025-08-18,2025-08-26,6,9.9,2025-08-20,Tairos機器人展,2025
1104,所羅門,19,26,-2,5,2025-08-18,2025-08-27,7,9.9,2025-08-20,Tairos機器人展,2025
1105,所羅門,19,27,-2,6,2025-08-18,2025-08-28,8,6.93,2025-08-20,Tairos機器人展,2025
1106,所羅門,20,21,-1,0,2025-08-19,2025-08-20,1,-3.78,2025-08-20,Tairos機器人展,2025
1107,所羅門,20,22,-1,1,2025-08-19,2025-08-21,2,-3.09,2025-08-20,Tairos機器人展,2025
1108,所羅門,20,23,-1,2,2025-08-19,2025-08-22,3,-5.15,2025-08-20,Tairos機器人展,2025
1109,所羅門,20,24,-1,3,2025-08-19,2025-08-25,4,4.12,2025-08-20,Tairos機器人展,2025
1110,所羅門,20,25,-1,4,2025-08-19,2025-08-26,5,14.43,2025-08-20,Tairos機器人展,2025
1111,所羅門,20,26,-1,5,2025-08-19,2025-08-27,6,14.43,2025-08-20,Tairos機器人展,2025
1112,所羅門,20,27,-1,6,2025-08-19,2025-08-28,7,11.34,2025-08-20,Tairos機器人展,2025
1113,所羅門,21,22,0,1,2025-08-20,2025-08-21,1,0.71,2025-08-20,Tairos機器人展,2025
1114,所羅門,21,23,0,2,2025-08-20,2025-08-22,2,-1.43,2025-08-20,Tairos機器人展,2025
1115,所羅門,21,24,0,3,2025-08-20,2025-08-25,3,8.21,2025-08-20,Tairos機器人展,2025
1116,所羅門,21,25,0,4,2025-08-20,2025-08-26,4,18.93,2025-08-20,Tairos機器人展,2025
1117,所羅門,21,26,0,5,2025-08-20,2025-08-27,5,18.93,2025-08-20,Tairos機器人展,2025
1118,所羅門,21,27,0,6,2025-08-20,2025-08-28,6,15.71,2025-08-20,Tairos機器人展,2025
1119,所羅門,22,23,1,2,2025-08-21,2025-08-22,1,-2.13,2025-08-20,Tairos機器人展,2025
1120,所羅門,22,24,1,3,2025-08-21,2025-08-25,2,7.45,2025-08-20,Tairos機器人展,2025
1121,所羅門,22,25,1,4,2025-08-21,2025-08-26,3,18.09,2025-08-20,Tairos機器人展,2025
1122,所羅門,22,26,1,5,2025-08-21,2025-08-27,4,18.09,2025-08-20,Tairos機器人展,2025
1123,所羅門,22,27,1,6,2025-08-21,2025-08-28,5,14.89,2025-08-20,Tairos機器人展,2025
1124,所羅門,23,24,2,3,2025-08-22,2025-08-25,1,9.78,2025-08-20,Tairos機器人展,2025
1125,所羅門,23,25,2,4,2025-08-22,2025-08-26,2,20.65,2025-08-20,Tairos機器人展,2025
1126,所羅門,23,26,2,5,2025-08-22,2025-08-27,3,20.65,2025-08-20,Tairos機器人展,2025
1127,所羅門,23,27,2,6,2025-08-22,2025-08-28,4,17.39,2025-08-20,Tairos機器人展,2025
1128,所羅門,24,25,3,4,2025-08-25,2025-08-26,1,9.9,2025-08-20,Tairos機器人展,2025
1129,所羅門,24,26,3,5,2025-08-25,2025-08-27,2,9.9,2025-08-20,Tairos機器人展,2025
1130,所羅門,24,27,3,6,2025-08-25,2025-08-28,3,6.93,2025-08-20,Tairos機器人展,2025
1131,所羅門,25,26,4,5,2025-08-26,2025-08-27,1,0.0,2025-08-20,Tairos機器人展,2025
1132,所羅門,25,27,4,6,2025-08-26,2025-08-28,2,-2.7,2025-08-20,Tairos機器人展,2025
1133,所羅門,26,27,5,6,2025-08-27,2025-08-28,1,-2.7,2025-08-20,Tairos機器人展,2025
1134,直得,0,1,-21,-20,2025-07-21,2025-07-22,1,-2.84,2025-08-20,Tairos機器人展,2025
1135,直得,0,2,-21,-19,2025-07-21,2025-07-23,2,0.59,2025-08-20,Tairos機器人展,2025
1136,直得,0,3,-21,-18,2025-07-21,2025-07-24,3,0.71,2025-08-20,Tairos機器人展,2025
1137,直得,0,4,-21,-17,2025-07-21,2025-07-25,4,0.95,2025-08-20,Tairos機器人展,2025
1138,直得,0,5,-21,-16,2025-07-21,2025-07-28,5,-0.24,2025-08-20,Tairos機器人展,2025
1139,直得,0,6,-21,-15,2025-07-21,2025-07-29,6,-1.54,2025-08-20,Tairos機器人展,2025
1140,直得,0,7,-21,-14,2025-07-21,2025-07-30,7,2.37,2025-08-20,Tairos機器人展,2025
1141,直得,0,8,-21,-13,2025-07-21,2025-07-31,8,1.18,2025-08-20,Tairos機器人展,2025
1142,直得,0,9,-21,-12,2025-07-21,2025-08-04,9,2.96,2025-08-20,Tairos機器人展,2025
1143,直得,0,10,-21,-11,2025-07-21,2025-08-05,10,2.96,2025-08-20,Tairos機器人展,2025
1144,直得,0,11,-21,-10,2025-07-21,2025-08-06,11,2.49,2025-08-20,Tairos機器人展,2025
1145,直得,0,12,-21,-9,2025-07-21,2025-08-07,12,0.95,2025-08-20,Tairos機器人展,2025
1146,直得,0,13,-21,-8,2025-07-21,2025-08-08,13,4.15,2025-08-20,Tairos機器人展,2025
1147,直得,0,14,-21,-7,2025-07-21,2025-08-11,14,8.65,2025-08-20,Tairos機器人展,2025
1148,直得,0,15,-21,-6,2025-07-21,2025-08-12,15,6.64,2025-08-20,Tairos機器人展,2025
1149,直得,0,16,-21,-5,2025-07-21,2025-08-13,16,7.58,2025-08-20,Tairos機器人展,2025
1150,直得,0,17,-21,-4,2025-07-21,2025-08-14,17,4.38,2025-08-20,Tairos機器人展,2025
1151,直得,0,18,-21,-3,2025-07-21,2025-08-15,18,7.23,2025-08-20,Tairos機器人展,2025
1152,直得,0,19,-21,-2,2025-07-21,2025-08-18,19,8.53,2025-08-20,Tairos機器人展,2025
1153,直得,0,20,-21,-1,2025-07-21,2025-08-19,20,5.69,2025-08-20,Tairos機器人展,2025
1154,直得,0,21,-21,0,2025-07-21,2025-08-20,21,0.71,2025-08-20,Tairos機器人展,2025
1155,直得,0,22,-21,1,2025-07-21,2025-08-21,22,1.91,2025-08-20,Tairos機器人展,2025
1156,直得,0,23,-21,2,2025-07-21,2025-08-22,23,1.55,2025-08-20,Tairos機器人展,2025
1157,直得,0,24,-21,3,2025-07-21,2025-08-25,24,5.25,2025-08-20,Tairos機器人展,2025
1158,直得,0,25,-21,4,2025-07-21,2025-08-26,25,6.09,2025-08-20,Tairos機器人展,2025
1159,直得,0,26,-21,5,2025-07-21,2025-08-27,26,5.37,2025-08-20,Tairos機器人展,2025
1160,直得,0,27,-21,6,2025-07-21,2025-08-28,27,6.56,2025-08-20,Tairos機器人展,2025
1161,直得,1,2,-20,-19,2025-07-22,2025-07-23,1,3.54,2025-08-20,Tairos機器人展,2025
1162,直得,1,3,-20,-18,2025-07-22,2025-07-24,2,3.66,2025-08-20,Tairos機器人展,2025
1163,直得,1,4,-20,-17,2025-07-22,2025-07-25,3,3.9,2025-08-20,Tairos機器人展,2025
1164,直得,1,5,-20,-16,2025-07-22,2025-07-28,4,2.68,2025-08-20,Tairos機器人展,2025
1165,直得,1,6,-20,-15,2025-07-22,2025-07-29,5,1.34,2025-08-20,Tairos機器人展,2025
1166,直得,1,7,-20,-14,2025-07-22,2025-07-30,6,5.37,2025-08-20,Tairos機器人展,2025
1167,直得,1,8,-20,-13,2025-07-22,2025-07-31,7,4.15,2025-08-20,Tairos機器人展,2025
1168,直得,1,9,-20,-12,2025-07-22,2025-08-04,8,5.98,2025-08-20,Tairos機器人展,2025
1169,直得,1,10,-20,-11,2025-07-22,2025-08-05,9,5.98,2025-08-20,Tairos機器人展,2025
1170,直得,1,11,-20,-10,2025-07-22,2025-08-06,10,5.49,2025-08-20,Tairos機器人展,2025
1171,直得,1,12,-20,-9,2025-07-22,2025-08-07,11,3.9,2025-08-20,Tairos機器人展,2025
1172,直得,1,13,-20,-8,2025-07-22,2025-08-08,12,7.2,2025-08-20,Tairos機器人展,2025
1173,直得,1,14,-20,-7,2025-07-22,2025-08-11,13,11.83,2025-08-20,Tairos機器人展,2025
1174,直得,1,15,-20,-6,2025-07-22,2025-08-12,14,9.76,2025-08-20,Tairos機器人展,2025
1175,直得,1,16,-20,-5,2025-07-22,2025-08-13,15,10.73,2025-08-20,Tairos機器人展,2025
1176,直得,1,17,-20,-4,2025-07-22,2025-08-14,16,7.44,2025-08-20,Tairos機器人展,2025
1177,直得,1,18,-20,-3,2025-07-22,2025-08-15,17,10.37,2025-08-20,Tairos機器人展,2025
1178,直得,1,19,-20,-2,2025-07-22,2025-08-18,18,11.71,2025-08-20,Tairos機器人展,2025
1179,直得,1,20,-20,-1,2025-07-22,2025-08-19,19,8.78,2025-08-20,Tairos機器人展,2025
1180,直得,1,21,-20,0,2025-07-22,2025-08-20,20,3.66,2025-08-20,Tairos機器人展,2025
1181,直得,1,22,-20,1,2025-07-22,2025-08-21,21,4.89,2025-08-20,Tairos機器人展,2025
1182,直得,1,23,-20,2,2025-07-22,2025-08-22,22,4.52,2025-08-20,Tairos機器人展,2025
1183,直得,1,24,-20,3,2025-07-22,2025-08-25,23,8.33,2025-08-20,Tairos機器人展,2025
1184,直得,1,25,-20,4,2025-07-22,2025-08-26,24,9.19,2025-08-20,Tairos機器人展,2025
1185,直得,1,26,-20,5,2025-07-22,2025-08-27,25,8.45,2025-08-20,Tairos機器人展,2025
1186,直得,1,27,-20,6,2025-07-22,2025-08-28,26,9.68,2025-08-20,Tairos機器人展,2025
1187,直得,2,3,-19,-18,2025-07-23,2025-07-24,1,0.12,2025-08-20,Tairos機器人展,2025
1188,直得,2,4,-19,-17,2025-07-23,2025-07-25,2,0.35,2025-08-20,Tairos機器人展,2025
1189,直得,2,5,-19,-16,2025-07-23,2025-07-28,3,-0.82,2025-08-20,Tairos機器人展,2025
1190,直得,2,6,-19,-15,2025-07-23,2025-07-29,4,-2.12,2025-08-20,Tairos機器人展,2025
1191,直得,2,7,-19,-14,2025-07-23,2025-07-30,5,1.77,2025-08-20,Tairos機器人展,2025
1192,直得,2,8,-19,-13,2025-07-23,2025-07-31,6,0.59,2025-08-20,Tairos機器人展,2025
1193,直得,2,9,-19,-12,2025-07-23,2025-08-04,7,2.36,2025-08-20,Tairos機器人展,2025
1194,直得,2,10,-19,-11,2025-07-23,2025-08-05,8,2.36,2025-08-20,Tairos機器人展,2025
1195,直得,2,11,-19,-10,2025-07-23,2025-08-06,9,1.88,2025-08-20,Tairos機器人展,2025
1196,直得,2,12,-19,-9,2025-07-23,2025-08-07,10,0.35,2025-08-20,Tairos機器人展,2025
1197,直得,2,13,-19,-8,2025-07-23,2025-08-08,11,3.53,2025-08-20,Tairos機器人展,2025
1198,直得,2,14,-19,-7,2025-07-23,2025-08-11,12,8.01,2025-08-20,Tairos機器人展,2025
1199,直得,2,15,-19,-6,2025-07-23,2025-08-12,13,6.01,2025-08-20,Tairos機器人展,2025
1200,直得,2,16,-19,-5,2025-07-23,2025-08-13,14,6.95,2025-08-20,Tairos機器人展,2025
1201,直得,2,17,-19,-4,2025-07-23,2025-08-14,15,3.77,2025-08-20,Tairos機器人展,2025
1202,直得,2,18,-19,-3,2025-07-23,2025-08-15,16,6.6,2025-08-20,Tairos機器人展,2025
1203,直得,2,19,-19,-2,2025-07-23,2025-08-18,17,7.89,2025-08-20,Tairos機器人展,2025
1204,直得,2,20,-19,-1,2025-07-23,2025-08-19,18,5.06,2025-08-20,Tairos機器人展,2025
1205,直得,2,21,-19,0,2025-07-23,2025-08-20,19,0.12,2025-08-20,Tairos機器人展,2025
1206,直得,2,22,-19,1,2025-07-23,2025-08-21,20,1.31,2025-08-20,Tairos機器人展,2025
1207,直得,2,23,-19,2,2025-07-23,2025-08-22,21,0.95,2025-08-20,Tairos機器人展,2025
1208,直得,2,24,-19,3,2025-07-23,2025-08-25,22,4.63,2025-08-20,Tairos機器人展,2025
1209,直得,2,25,-19,4,2025-07-23,2025-08-26,23,5.46,2025-08-20,Tairos機器人展,2025
1210,直得,2,26,-19,5,2025-07-23,2025-08-27,24,4.75,2025-08-20,Tairos機器人展,2025
1211,直得,2,27,-19,6,2025-07-23,2025-08-28,25,5.94,2025-08-20,Tairos機器人展,2025
1212,直得,3,4,-18,-17,2025-07-24,2025-07-25,1,0.24,2025-08-20,Tairos機器人展,2025
1213,直得,3,5,-18,-16,2025-07-24,2025-07-28,2,-0.94,2025-08-20,Tairos機器人展,2025
1214,直得,3,6,-18,-15,2025-07-24,2025-07-29,3,-2.24,2025-08-20,Tairos機器人展,2025
1215,直得,3,7,-18,-14,2025-07-24,2025-07-30,4,1.65,2025-08-20,Tairos機器人展,2025
1216,直得,3,8,-18,-13,2025-07-24,2025-07-31,5,0.47,2025-08-20,Tairos機器人展,2025
1217,直得,3,9,-18,-12,2025-07-24,2025-08-04,6,2.24,2025-08-20,Tairos機器人展,2025
1218,直得,3,10,-18,-11,2025-07-24,2025-08-05,7,2.24,2025-08-20,Tairos機器人展,2025
1219,直得,3,11,-18,-10,2025-07-24,2025-08-06,8,1.76,2025-08-20,Tairos機器人展,2025
1220,直得,3,12,-18,-9,2025-07-24,2025-08-07,9,0.24,2025-08-20,Tairos機器人展,2025
1221,直得,3,13,-18,-8,2025-07-24,2025-08-08,10,3.41,2025-08-20,Tairos機器人展,2025
1222,直得,3,14,-18,-7,2025-07-24,2025-08-11,11,7.88,2025-08-20,Tairos機器人展,2025
1223,直得,3,15,-18,-6,2025-07-24,2025-08-12,12,5.88,2025-08-20,Tairos機器人展,2025
1224,直得,3,16,-18,-5,2025-07-24,2025-08-13,13,6.82,2025-08-20,Tairos機器人展,2025
1225,直得,3,17,-18,-4,2025-07-24,2025-08-14,14,3.65,2025-08-20,Tairos機器人展,2025
1226,直得,3,18,-18,-3,2025-07-24,2025-08-15,15,6.47,2025-08-20,Tairos機器人展,2025
1227,直得,3,19,-18,-2,2025-07-24,2025-08-18,16,7.76,2025-08-20,Tairos機器人展,2025
1228,直得,3,20,-18,-1,2025-07-24,2025-08-19,17,4.94,2025-08-20,Tairos機器人展,2025
1229,直得,3,21,-18,0,2025-07-24,2025-08-20,18,0.0,2025-08-20,Tairos機器人展,2025
1230,直得,3,22,-18,1,2025-07-24,2025-08-21,19,1.19,2025-08-20,Tairos機器人展,2025
1231,直得,3,23,-18,2,2025-07-24,2025-08-22,20,0.83,2025-08-20,Tairos機器人展,2025
1232,直得,3,24,-18,3,2025-07-24,2025-08-25,21,4.51,2025-08-20,Tairos機器人展,2025
1233,直得,3,25,-18,4,2025-07-24,2025-08-26,22,5.34,2025-08-20,Tairos機器人展,2025
1234,直得,3,26,-18,5,2025-07-24,2025-08-27,23,4.63,2025-08-20,Tairos機器人展,2025
1235,直得,3,27,-18,6,2025-07-24,2025-08-28,24,5.81,2025-08-20,Tairos機器人展,2025
1236,直得,4,5,-17,-16,2025-07-25,2025-07-28,1,-1.17,2025-08-20,Tairos機器人展,2025
1237,直得,4,6,-17,-15,2025-07-25,2025-07-29,2,-2.46,2025-08-20,Tairos機器人展,2025
1238,直得,4,7,-17,-14,2025-07-25,2025-07-30,3,1.41,2025-08-20,Tairos機器人展,2025
1239,直得,4,8,-17,-13,2025-07-25,2025-07-31,4,0.23,2025-08-20,Tairos機器人展,2025
1240,直得,4,9,-17,-12,2025-07-25,2025-08-04,5,2.0,2025-08-20,Tairos機器人展,2025
1241,直得,4,10,-17,-11,2025-07-25,2025-08-05,6,2.0,2025-08-20,Tairos機器人展,2025
1242,直得,4,11,-17,-10,2025-07-25,2025-08-06,7,1.53,2025-08-20,Tairos機器人展,2025
1243,直得,4,12,-17,-9,2025-07-25,2025-08-07,8,0.0,2025-08-20,Tairos機器人展,2025
1244,直得,4,13,-17,-8,2025-07-25,2025-08-08,9,3.17,2025-08-20,Tairos機器人展,2025
1245,直得,4,14,-17,-7,2025-07-25,2025-08-11,10,7.63,2025-08-20,Tairos機器人展,2025
1246,直得,4,15,-17,-6,2025-07-25,2025-08-12,11,5.63,2025-08-20,Tairos機器人展,2025
1247,直得,4,16,-17,-5,2025-07-25,2025-08-13,12,6.57,2025-08-20,Tairos機器人展,2025
1248,直得,4,17,-17,-4,2025-07-25,2025-08-14,13,3.4,2025-08-20,Tairos機器人展,2025
1249,直得,4,18,-17,-3,2025-07-25,2025-08-15,14,6.22,2025-08-20,Tairos機器人展,2025
1250,直得,4,19,-17,-2,2025-07-25,2025-08-18,15,7.51,2025-08-20,Tairos機器人展,2025
1251,直得,4,20,-17,-1,2025-07-25,2025-08-19,16,4.69,2025-08-20,Tairos機器人展,2025
1252,直得,4,21,-17,0,2025-07-25,2025-08-20,17,-0.23,2025-08-20,Tairos機器人展,2025
1253,直得,4,22,-17,1,2025-07-25,2025-08-21,18,0.95,2025-08-20,Tairos機器人展,2025
1254,直得,4,23,-17,2,2025-07-25,2025-08-22,19,0.59,2025-08-20,Tairos機器人展,2025
1255,直得,4,24,-17,3,2025-07-25,2025-08-25,20,4.26,2025-08-20,Tairos機器人展,2025
1256,直得,4,25,-17,4,2025-07-25,2025-08-26,21,5.09,2025-08-20,Tairos機器人展,2025
1257,直得,4,26,-17,5,2025-07-25,2025-08-27,22,4.38,2025-08-20,Tairos機器人展,2025
1258,直得,4,27,-17,6,2025-07-25,2025-08-28,23,5.56,2025-08-20,Tairos機器人展,2025
1259,直得,5,6,-16,-15,2025-07-28,2025-07-29,1,-1.31,2025-08-20,Tairos機器人展,2025
1260,直得,5,7,-16,-14,2025-07-28,2025-07-30,2,2.61,2025-08-20,Tairos機器人展,2025
1261,直得,5,8,-16,-13,2025-07-28,2025-07-31,3,1.43,2025-08-20,Tairos機器人展,2025
1262,直得,5,9,-16,-12,2025-07-28,2025-08-04,4,3.21,2025-08-20,Tairos機器人展,2025
1263,直得,5,10,-16,-11,2025-07-28,2025-08-05,5,3.21,2025-08-20,Tairos機器人展,2025
1264,直得,5,11,-16,-10,2025-07-28,2025-08-06,6,2.73,2025-08-20,Tairos機器人展,2025
1265,直得,5,12,-16,-9,2025-07-28,2025-08-07,7,1.19,2025-08-20,Tairos機器人展,2025
1266,直得,5,13,-16,-8,2025-07-28,2025-08-08,8,4.39,2025-08-20,Tairos機器人展,2025
1267,直得,5,14,-16,-7,2025-07-28,2025-08-11,9,8.91,2025-08-20,Tairos機器人展,2025
1268,直得,5,15,-16,-6,2025-07-28,2025-08-12,10,6.89,2025-08-20,Tairos機器人展,2025
1269,直得,5,16,-16,-5,2025-07-28,2025-08-13,11,7.84,2025-08-20,Tairos機器人展,2025
1270,直得,5,17,-16,-4,2025-07-28,2025-08-14,12,4.63,2025-08-20,Tairos機器人展,2025
1271,直得,5,18,-16,-3,2025-07-28,2025-08-15,13,7.48,2025-08-20,Tairos機器人展,2025
1272,直得,5,19,-16,-2,2025-07-28,2025-08-18,14,8.79,2025-08-20,Tairos機器人展,2025
1273,直得,5,20,-16,-1,2025-07-28,2025-08-19,15,5.94,2025-08-20,Tairos機器人展,2025
1274,直得,5,21,-16,0,2025-07-28,2025-08-20,16,0.95,2025-08-20,Tairos機器人展,2025
1275,直得,5,22,-16,1,2025-07-28,2025-08-21,17,2.15,2025-08-20,Tairos機器人展,2025
1276,直得,5,23,-16,2,2025-07-28,2025-08-22,18,1.79,2025-08-20,Tairos機器人展,2025
1277,直得,5,24,-16,3,2025-07-28,2025-08-25,19,5.5,2025-08-20,Tairos機器人展,2025
1278,直得,5,25,-16,4,2025-07-28,2025-08-26,20,6.34,2025-08-20,Tairos機器人展,2025
1279,直得,5,26,-16,5,2025-07-28,2025-08-27,21,5.62,2025-08-20,Tairos機器人展,2025
1280,直得,5,27,-16,6,2025-07-28,2025-08-28,22,6.82,2025-08-20,Tairos機器人展,2025
1281,直得,6,7,-15,-14,2025-07-29,2025-07-30,1,3.97,2025-08-20,Tairos機器人展,2025
1282,直得,6,8,-15,-13,2025-07-29,2025-07-31,2,2.77,2025-08-20,Tairos機器人展,2025
1283,直得,6,9,-15,-12,2025-07-29,2025-08-04,3,4.57,2025-08-20,Tairos機器人展,2025
1284,直得,6,10,-15,-11,2025-07-29,2025-08-05,4,4.57,2025-08-20,Tairos機器人展,2025
1285,直得,6,11,-15,-10,2025-07-29,2025-08-06,5,4.09,2025-08-20,Tairos機器人展,2025
1286,直得,6,12,-15,-9,2025-07-29,2025-08-07,6,2.53,2025-08-20,Tairos機器人展,2025
1287,直得,6,13,-15,-8,2025-07-29,2025-08-08,7,5.78,2025-08-20,Tairos機器人展,2025
1288,直得,6,14,-15,-7,2025-07-29,2025-08-11,8,10.35,2025-08-20,Tairos機器人展,2025
1289,直得,6,15,-15,-6,2025-07-29,2025-08-12,9,8.3,2025-08-20,Tairos機器人展,2025
1290,直得,6,16,-15,-5,2025-07-29,2025-08-13,10,9.27,2025-08-20,Tairos機器人展,2025
1291,直得,6,17,-15,-4,2025-07-29,2025-08-14,11,6.02,2025-08-20,Tairos機器人展,2025
1292,直得,6,18,-15,-3,2025-07-29,2025-08-15,12,8.9,2025-08-20,Tairos機器人展,2025
1293,直得,6,19,-15,-2,2025-07-29,2025-08-18,13,10.23,2025-08-20,Tairos機器人展,2025
1294,直得,6,20,-15,-1,2025-07-29,2025-08-19,14,7.34,2025-08-20,Tairos機器人展,2025
1295,直得,6,21,-15,0,2025-07-29,2025-08-20,15,2.29,2025-08-20,Tairos機器人展,2025
1296,直得,6,22,-15,1,2025-07-29,2025-08-21,16,3.5,2025-08-20,Tairos機器人展,2025
1297,直得,6,23,-15,2,2025-07-29,2025-08-22,17,3.14,2025-08-20,Tairos機器人展,2025
1298,直得,6,24,-15,3,2025-07-29,2025-08-25,18,6.9,2025-08-20,Tairos機器人展,2025
1299,直得,6,25,-15,4,2025-07-29,2025-08-26,19,7.75,2025-08-20,Tairos機器人展,2025
1300,直得,6,26,-15,5,2025-07-29,2025-08-27,20,7.02,2025-08-20,Tairos機器人展,2025
1301,直得,6,27,-15,6,2025-07-29,2025-08-28,21,8.23,2025-08-20,Tairos機器人展,2025
1302,直得,7,8,-14,-13,2025-07-30,2025-07-31,1,-1.16,2025-08-20,Tairos機器人展,2025
1303,直得,7,9,-14,-12,2025-07-30,2025-08-04,2,0.58,2025-08-20,Tairos機器人展,2025
1304,直得,7,10,-14,-11,2025-07-30,2025-08-05,3,0.58,2025-08-20,Tairos機器人展,2025
1305,直得,7,11,-14,-10,2025-07-30,2025-08-06,4,0.12,2025-08-20,Tairos機器人展,2025
1306,直得,7,12,-14,-9,2025-07-30,2025-08-07,5,-1.39,2025-08-20,Tairos機器人展,2025
1307,直得,7,13,-14,-8,2025-07-30,2025-08-08,6,1.74,2025-08-20,Tairos機器人展,2025
1308,直得,7,14,-14,-7,2025-07-30,2025-08-11,7,6.13,2025-08-20,Tairos機器人展,2025
1309,直得,7,15,-14,-6,2025-07-30,2025-08-12,8,4.17,2025-08-20,Tairos機器人展,2025
1310,直得,7,16,-14,-5,2025-07-30,2025-08-13,9,5.09,2025-08-20,Tairos機器人展,2025
1311,直得,7,17,-14,-4,2025-07-30,2025-08-14,10,1.97,2025-08-20,Tairos機器人展,2025
1312,直得,7,18,-14,-3,2025-07-30,2025-08-15,11,4.75,2025-08-20,Tairos機器人展,2025
1313,直得,7,19,-14,-2,2025-07-30,2025-08-18,12,6.02,2025-08-20,Tairos機器人展,2025
1314,直得,7,20,-14,-1,2025-07-30,2025-08-19,13,3.24,2025-08-20,Tairos機器人展,2025
1315,直得,7,21,-14,0,2025-07-30,2025-08-20,14,-1.62,2025-08-20,Tairos機器人展,2025
1316,直得,7,22,-14,1,2025-07-30,2025-08-21,15,-0.45,2025-08-20,Tairos機器人展,2025
1317,直得,7,23,-14,2,2025-07-30,2025-08-22,16,-0.8,2025-08-20,Tairos機器人展,2025
1318,直得,7,24,-14,3,2025-07-30,2025-08-25,17,2.81,2025-08-20,Tairos機器人展,2025
1319,直得,7,25,-14,4,2025-07-30,2025-08-26,18,3.63,2025-08-20,Tairos機器人展,2025
1320,直得,7,26,-14,5,2025-07-30,2025-08-27,19,2.93,2025-08-20,Tairos機器人展,2025
1321,直得,7,27,-14,6,2025-07-30,2025-08-28,20,4.1,2025-08-20,Tairos機器人展,2025
1322,直得,8,9,-13,-12,2025-07-31,2025-08-04,1,1.76,2025-08-20,Tairos機器人展,2025
1323,直得,8,10,-13,-11,2025-07-31,2025-08-05,2,1.76,2025-08-20,Tairos機器人展,2025
1324,直得,8,11,-13,-10,2025-07-31,2025-08-06,3,1.29,2025-08-20,Tairos機器人展,2025
1325,直得,8,12,-13,-9,2025-07-31,2025-08-07,4,-0.23,2025-08-20,Tairos機器人展,2025
1326,直得,8,13,-13,-8,2025-07-31,2025-08-08,5,2.93,2025-08-20,Tairos機器人展,2025
1327,直得,8,14,-13,-7,2025-07-31,2025-08-11,6,7.38,2025-08-20,Tairos機器人展,2025
1328,直得,8,15,-13,-6,2025-07-31,2025-08-12,7,5.39,2025-08-20,Tairos機器人展,2025
1329,直得,8,16,-13,-5,2025-07-31,2025-08-13,8,6.32,2025-08-20,Tairos機器人展,2025
1330,直得,8,17,-13,-4,2025-07-31,2025-08-14,9,3.16,2025-08-20,Tairos機器人展,2025
1331,直得,8,18,-13,-3,2025-07-31,2025-08-15,10,5.97,2025-08-20,Tairos機器人展,2025
1332,直得,8,19,-13,-2,2025-07-31,2025-08-18,11,7.26,2025-08-20,Tairos機器人展,2025
1333,直得,8,20,-13,-1,2025-07-31,2025-08-19,12,4.45,2025-08-20,Tairos機器人展,2025
1334,直得,8,21,-13,0,2025-07-31,2025-08-20,13,-0.47,2025-08-20,Tairos機器人展,2025
1335,直得,8,22,-13,1,2025-07-31,2025-08-21,14,0.71,2025-08-20,Tairos機器人展,2025
1336,直得,8,23,-13,2,2025-07-31,2025-08-22,15,0.36,2025-08-20,Tairos機器人展,2025
1337,直得,8,24,-13,3,2025-07-31,2025-08-25,16,4.02,2025-08-20,Tairos機器人展,2025
1338,直得,8,25,-13,4,2025-07-31,2025-08-26,17,4.84,2025-08-20,Tairos機器人展,2025
1339,直得,8,26,-13,5,2025-07-31,2025-08-27,18,4.14,2025-08-20,Tairos機器人展,2025
1340,直得,8,27,-13,6,2025-07-31,2025-08-28,19,5.32,2025-08-20,Tairos機器人展,2025
1341,直得,9,10,-12,-11,2025-08-04,2025-08-05,1,0.0,2025-08-20,Tairos機器人展,2025
1342,直得,9,11,-12,-10,2025-08-04,2025-08-06,2,-0.46,2025-08-20,Tairos機器人展,2025
1343,直得,9,12,-12,-9,2025-08-04,2025-08-07,3,-1.96,2025-08-20,Tairos機器人展,2025
1344,直得,9,13,-12,-8,2025-08-04,2025-08-08,4,1.15,2025-08-20,Tairos機器人展,2025
1345,直得,9,14,-12,-7,2025-08-04,2025-08-11,5,5.52,2025-08-20,Tairos機器人展,2025
1346,直得,9,15,-12,-6,2025-08-04,2025-08-12,6,3.57,2025-08-20,Tairos機器人展,2025
1347,直得,9,16,-12,-5,2025-08-04,2025-08-13,7,4.49,2025-08-20,Tairos機器人展,2025
1348,直得,9,17,-12,-4,2025-08-04,2025-08-14,8,1.38,2025-08-20,Tairos機器人展,2025
1349,直得,9,18,-12,-3,2025-08-04,2025-08-15,9,4.14,2025-08-20,Tairos機器人展,2025
1350,直得,9,19,-12,-2,2025-08-04,2025-08-18,10,5.41,2025-08-20,Tairos機器人展,2025
1351,直得,9,20,-12,-1,2025-08-04,2025-08-19,11,2.65,2025-08-20,Tairos機器人展,2025
1352,直得,9,21,-12,0,2025-08-04,2025-08-20,12,-2.19,2025-08-20,Tairos機器人展,2025
1353,直得,9,22,-12,1,2025-08-04,2025-08-21,13,-1.03,2025-08-20,Tairos機器人展,2025
1354,直得,9,23,-12,2,2025-08-04,2025-08-22,14,-1.37,2025-08-20,Tairos機器人展,2025
1355,直得,9,24,-12,3,2025-08-04,2025-08-25,15,2.22,2025-08-20,Tairos機器人展,2025
1356,直得,9,25,-12,4,2025-08-04,2025-08-26,16,3.03,2025-08-20,Tairos機器人展,2025
1357,直得,9,26,-12,5,2025-08-04,2025-08-27,17,2.34,2025-08-20,Tairos機器人展,2025
1358,直得,9,27,-12,6,2025-08-04,2025-08-28,18,3.5,2025-08-20,Tairos機器人展,2025
1359,直得,10,11,-11,-10,2025-08-05,2025-08-06,1,-0.46,2025-08-20,Tairos機器人展,2025
1360,直得,10,12,-11,-9,2025-08-05,2025-08-07,2,-1.96,2025-08-20,Tairos機器人展,2025
1361,直得,10,13,-11,-8,2025-08-05,2025-08-08,3,1.15,2025-08-20,Tairos機器人展,2025
1362,直得,10,14,-11,-7,2025-08-05,2025-08-11,4,5.52,2025-08-20,Tairos機器人展,2025
1363,直得,10,15,-11,-6,2025-08-05,2025-08-12,5,3.57,2025-08-20,Tairos機器人展,2025
1364,直得,10,16,-11,-5,2025-08-05,2025-08-13,6,4.49,2025-08-20,Tairos機器人展,2025
1365,直得,10,17,-11,-4,2025-08-05,2025-08-14,7,1.38,2025-08-20,Tairos機器人展,2025
1366,直得,10,18,-11,-3,2025-08-05,2025-08-15,8,4.14,2025-08-20,Tairos機器人展,2025
1367,直得,10,19,-11,-2,2025-08-05,2025-08-18,9,5.41,2025-08-20,Tairos機器人展,2025
1368,直得,10,20,-11,-1,2025-08-05,2025-08-19,10,2.65,2025-08-20,Tairos機器人展,2025
1369,直得,10,21,-11,0,2025-08-05,2025-08-20,11,-2.19,2025-08-20,Tairos機器人展,2025
1370,直得,10,22,-11,1,2025-08-05,2025-08-21,12,-1.03,2025-08-20,Tairos機器人展,2025
1371,直得,10,23,-11,2,2025-08-05,2025-08-22,13,-1.37,2025-08-20,Tairos機器人展,2025
1372,直得,10,24,-11,3,2025-08-05,2025-08-25,14,2.22,2025-08-20,Tairos機器人展,2025
1373,直得,10,25,-11,4,2025-08-05,2025-08-26,15,3.03,2025-08-20,Tairos機器人展,2025
1374,直得,10,26,-11,5,2025-08-05,2025-08-27,16,2.34,2025-08-20,Tairos機器人展,2025
1375,直得,10,27,-11,6,2025-08-05,2025-08-28,17,3.5,2025-08-20,Tairos機器人展,2025
1376,直得,11,12,-10,-9,2025-08-06,2025-08-07,1,-1.5,2025-08-20,Tairos機器人展,2025
1377,直得,11,13,-10,-8,2025-08-06,2025-08-08,2,1.62,2025-08-20,Tairos機器人展,2025
1378,直得,11,14,-10,-7,2025-08-06,2025-08-11,3,6.01,2025-08-20,Tairos機器人展,2025
1379,直得,11,15,-10,-6,2025-08-06,2025-08-12,4,4.05,2025-08-20,Tairos機器人展,2025
1380,直得,11,16,-10,-5,2025-08-06,2025-08-13,5,4.97,2025-08-20,Tairos機器人展,2025
1381,直得,11,17,-10,-4,2025-08-06,2025-08-14,6,1.85,2025-08-20,Tairos機器人展,2025
1382,直得,11,18,-10,-3,2025-08-06,2025-08-15,7,4.62,2025-08-20,Tairos機器人展,2025
1383,直得,11,19,-10,-2,2025-08-06,2025-08-18,8,5.9,2025-08-20,Tairos機器人展,2025
1384,直得,11,20,-10,-1,2025-08-06,2025-08-19,9,3.12,2025-08-20,Tairos機器人展,2025
1385,直得,11,21,-10,0,2025-08-06,2025-08-20,10,-1.73,2025-08-20,Tairos機器人展,2025
1386,直得,11,22,-10,1,2025-08-06,2025-08-21,11,-0.57,2025-08-20,Tairos機器人展,2025
1387,直得,11,23,-10,2,2025-08-06,2025-08-22,12,-0.92,2025-08-20,Tairos機器人展,2025
1388,直得,11,24,-10,3,2025-08-06,2025-08-25,13,2.7,2025-08-20,Tairos機器人展,2025
1389,直得,11,25,-10,4,2025-08-06,2025-08-26,14,3.51,2025-08-20,Tairos機器人展,2025
1390,直得,11,26,-10,5,2025-08-06,2025-08-27,15,2.81,2025-08-20,Tairos機器人展,2025
1391,直得,11,27,-10,6,2025-08-06,2025-08-28,16,3.98,2025-08-20,Tairos機器人展,2025
1392,直得,12,13,-9,-8,2025-08-07,2025-08-08,1,3.17,2025-08-20,Tairos機器人展,2025
1393,直得,12,14,-9,-7,2025-08-07,2025-08-11,2,7.63,2025-08-20,Tairos機器人展,2025
1394,直得,12,15,-9,-6,2025-08-07,2025-08-12,3,5.63,2025-08-20,Tairos機器人展,2025
1395,直得,12,16,-9,-5,2025-08-07,2025-08-13,4,6.57,2025-08-20,Tairos機器人展,2025
1396,直得,12,17,-9,-4,2025-08-07,2025-08-14,5,3.4,2025-08-20,Tairos機器人展,2025
1397,直得,12,18,-9,-3,2025-08-07,2025-08-15,6,6.22,2025-08-20,Tairos機器人展,2025
1398,直得,12,19,-9,-2,2025-08-07,2025-08-18,7,7.51,2025-08-20,Tairos機器人展,2025
1399,直得,12,20,-9,-1,2025-08-07,2025-08-19,8,4.69,2025-08-20,Tairos機器人展,2025
1400,直得,12,21,-9,0,2025-08-07,2025-08-20,9,-0.23,2025-08-20,Tairos機器人展,2025
1401,直得,12,22,-9,1,2025-08-07,2025-08-21,10,0.95,2025-08-20,Tairos機器人展,2025
1402,直得,12,23,-9,2,2025-08-07,2025-08-22,11,0.59,2025-08-20,Tairos機器人展,2025
1403,直得,12,24,-9,3,2025-08-07,2025-08-25,12,4.26,2025-08-20,Tairos機器人展,2025
1404,直得,12,25,-9,4,2025-08-07,2025-08-26,13,5.09,2025-08-20,Tairos機器人展,2025
1405,直得,12,26,-9,5,2025-08-07,2025-08-27,14,4.38,2025-08-20,Tairos機器人展,2025
1406,直得,12,27,-9,6,2025-08-07,2025-08-28,15,5.56,2025-08-20,Tairos機器人展,2025
1407,直得,13,14,-8,-7,2025-08-08,2025-08-11,1,4.32,2025-08-20,Tairos機器人展,2025
1408,直得,13,15,-8,-6,2025-08-08,2025-08-12,2,2.39,2025-08-20,Tairos機器人展,2025
1409,直得,13,16,-8,-5,2025-08-08,2025-08-13,3,3.3,2025-08-20,Tairos機器人展,2025
1410,直得,13,17,-8,-4,2025-08-08,2025-08-14,4,0.23,2025-08-20,Tairos機器人展,2025
1411,直得,13,18,-8,-3,2025-08-08,2025-08-15,5,2.96,2025-08-20,Tairos機器人展,2025
1412,直得,13,19,-8,-2,2025-08-08,2025-08-18,6,4.21,2025-08-20,Tairos機器人展,2025
1413,直得,13,20,-8,-1,2025-08-08,2025-08-19,7,1.48,2025-08-20,Tairos機器人展,2025
1414,直得,13,21,-8,0,2025-08-08,2025-08-20,8,-3.3,2025-08-20,Tairos機器人展,2025
1415,直得,13,22,-8,1,2025-08-08,2025-08-21,9,-2.15,2025-08-20,Tairos機器人展,2025
1416,直得,13,23,-8,2,2025-08-08,2025-08-22,10,-2.5,2025-08-20,Tairos機器人展,2025
1417,直得,13,24,-8,3,2025-08-08,2025-08-25,11,1.06,2025-08-20,Tairos機器人展,2025
1418,直得,13,25,-8,4,2025-08-08,2025-08-26,12,1.86,2025-08-20,Tairos機器人展,2025
1419,直得,13,26,-8,5,2025-08-08,2025-08-27,13,1.17,2025-08-20,Tairos機器人展,2025
1420,直得,13,27,-8,6,2025-08-08,2025-08-28,14,2.32,2025-08-20,Tairos機器人展,2025
1421,直得,14,15,-7,-6,2025-08-11,2025-08-12,1,-1.85,2025-08-20,Tairos機器人展,2025
1422,直得,14,16,-7,-5,2025-08-11,2025-08-13,2,-0.98,2025-08-20,Tairos機器人展,2025
1423,直得,14,17,-7,-4,2025-08-11,2025-08-14,3,-3.93,2025-08-20,Tairos機器人展,2025
1424,直得,14,18,-7,-3,2025-08-11,2025-08-15,4,-1.31,2025-08-20,Tairos機器人展,2025
1425,直得,14,19,-7,-2,2025-08-11,2025-08-18,5,-0.11,2025-08-20,Tairos機器人展,2025
1426,直得,14,20,-7,-1,2025-08-11,2025-08-19,6,-2.73,2025-08-20,Tairos機器人展,2025
1427,直得,14,21,-7,0,2025-08-11,2025-08-20,7,-7.31,2025-08-20,Tairos機器人展,2025
1428,直得,14,22,-7,1,2025-08-11,2025-08-21,8,-6.21,2025-08-20,Tairos機器人展,2025
1429,直得,14,23,-7,2,2025-08-11,2025-08-22,9,-6.54,2025-08-20,Tairos機器人展,2025
1430,直得,14,24,-7,3,2025-08-11,2025-08-25,10,-3.13,2025-08-20,Tairos機器人展,2025
1431,直得,14,25,-7,4,2025-08-11,2025-08-26,11,-2.36,2025-08-20,Tairos機器人展,2025
1432,直得,14,26,-7,5,2025-08-11,2025-08-27,12,-3.02,2025-08-20,Tairos機器人展,2025
1433,直得,14,27,-7,6,2025-08-11,2025-08-28,13,-1.92,2025-08-20,Tairos機器人展,2025
1434,直得,15,16,-6,-5,2025-08-12,2025-08-13,1,0.89,2025-08-20,Tairos機器人展,2025
1435,直得,15,17,-6,-4,2025-08-12,2025-08-14,2,-2.11,2025-08-20,Tairos機器人展,2025
1436,直得,15,18,-6,-3,2025-08-12,2025-08-15,3,0.56,2025-08-20,Tairos機器人展,2025
1437,直得,15,19,-6,-2,2025-08-12,2025-08-18,4,1.78,2025-08-20,Tairos機器人展,2025
1438,直得,15,20,-6,-1,2025-08-12,2025-08-19,5,-0.89,2025-08-20,Tairos機器人展,2025
1439,直得,15,21,-6,0,2025-08-12,2025-08-20,6,-5.56,2025-08-20,Tairos機器人展,2025
1440,直得,15,22,-6,1,2025-08-12,2025-08-21,7,-4.44,2025-08-20,Tairos機器人展,2025
1441,直得,15,23,-6,2,2025-08-12,2025-08-22,8,-4.77,2025-08-20,Tairos機器人展,2025
1442,直得,15,24,-6,3,2025-08-12,2025-08-25,9,-1.3,2025-08-20,Tairos機器人展,2025
1443,直得,15,25,-6,4,2025-08-12,2025-08-26,10,-0.51,2025-08-20,Tairos機器人展,2025
1444,直得,15,26,-6,5,2025-08-12,2025-08-27,11,-1.19,2025-08-20,Tairos機器人展,2025
1445,直得,15,27,-6,6,2025-08-12,2025-08-28,12,-0.07,2025-08-20,Tairos機器人展,2025
1446,直得,16,17,-5,-4,2025-08-13,2025-08-14,1,-2.97,2025-08-20,Tairos機器人展,2025
1447,直得,16,18,-5,-3,2025-08-13,2025-08-15,2,-0.33,2025-08-20,Tairos機器人展,2025
1448,直得,16,19,-5,-2,2025-08-13,2025-08-18,3,0.88,2025-08-20,Tairos機器人展,2025
1449,直得,16,20,-5,-1,2025-08-13,2025-08-19,4,-1.76,2025-08-20,Tairos機器人展,2025
1450,直得,16,21,-5,0,2025-08-13,2025-08-20,5,-6.39,2025-08-20,Tairos機器人展,2025
1451,直得,16,22,-5,1,2025-08-13,2025-08-21,6,-5.28,2025-08-20,Tairos機器人展,2025
1452,直得,16,23,-5,2,2025-08-13,2025-08-22,7,-5.61,2025-08-20,Tairos機器人展,2025
1453,直得,16,24,-5,3,2025-08-13,2025-08-25,8,-2.17,2025-08-20,Tairos機器人展,2025
1454,直得,16,25,-5,4,2025-08-13,2025-08-26,9,-1.39,2025-08-20,Tairos機器人展,2025
1455,直得,16,26,-5,5,2025-08-13,2025-08-27,10,-2.06,2025-08-20,Tairos機器人展,2025
1456,直得,16,27,-5,6,2025-08-13,2025-08-28,11,-0.95,2025-08-20,Tairos機器人展,2025
1457,直得,17,18,-4,-3,2025-08-14,2025-08-15,1,2.72,2025-08-20,Tairos機器人展,2025
1458,直得,17,19,-4,-2,2025-08-14,2025-08-18,2,3.97,2025-08-20,Tairos機器人展,2025
1459,直得,17,20,-4,-1,2025-08-14,2025-08-19,3,1.25,2025-08-20,Tairos機器人展,2025
1460,直得,17,21,-4,0,2025-08-14,2025-08-20,4,-3.52,2025-08-20,Tairos機器人展,2025
1461,直得,17,22,-4,1,2025-08-14,2025-08-21,5,-2.37,2025-08-20,Tairos機器人展,2025
1462,直得,17,23,-4,2,2025-08-14,2025-08-22,6,-2.72,2025-08-20,Tairos機器人展,2025
1463,直得,17,24,-4,3,2025-08-14,2025-08-25,7,0.83,2025-08-20,Tairos機器人展,2025
1464,直得,17,25,-4,4,2025-08-14,2025-08-26,8,1.63,2025-08-20,Tairos機器人展,2025
1465,直得,17,26,-4,5,2025-08-14,2025-08-27,9,0.94,2025-08-20,Tairos機器人展,2025
1466,直得,17,27,-4,6,2025-08-14,2025-08-28,10,2.09,2025-08-20,Tairos機器人展,2025
1467,直得,18,19,-3,-2,2025-08-15,2025-08-18,1,1.22,2025-08-20,Tairos機器人展,2025
1468,直得,18,20,-3,-1,2025-08-15,2025-08-19,2,-1.44,2025-08-20,Tairos機器人展,2025
1469,直得,18,21,-3,0,2025-08-15,2025-08-20,3,-6.08,2025-08-20,Tairos機器人展,2025
1470,直得,18,22,-3,1,2025-08-15,2025-08-21,4,-4.96,2025-08-20,Tairos機器人展,2025
1471,直得,18,23,-3,2,2025-08-15,2025-08-22,5,-5.3,2025-08-20,Tairos機器人展,2025
1472,直得,18,24,-3,3,2025-08-15,2025-08-25,6,-1.84,2025-08-20,Tairos機器人展,2025
1473,直得,18,25,-3,4,2025-08-15,2025-08-26,7,-1.06,2025-08-20,Tairos機器人展,2025
1474,直得,18,26,-3,5,2025-08-15,2025-08-27,8,-1.73,2025-08-20,Tairos機器人展,2025
1475,直得,18,27,-3,6,2025-08-15,2025-08-28,9,-0.62,2025-08-20,Tairos機器人展,2025
1476,直得,19,20,-2,-1,2025-08-18,2025-08-19,1,-2.62,2025-08-20,Tairos機器人展,2025
1477,直得,19,21,-2,0,2025-08-18,2025-08-20,2,-7.21,2025-08-20,Tairos機器人展,2025
1478,直得,19,22,-2,1,2025-08-18,2025-08-21,3,-6.1,2025-08-20,Tairos機器人展,2025
1479,直得,19,23,-2,2,2025-08-18,2025-08-22,4,-6.43,2025-08-20,Tairos機器人展,2025
1480,直得,19,24,-2,3,2025-08-18,2025-08-25,5,-3.02,2025-08-20,Tairos機器人展,2025
1481,直得,19,25,-2,4,2025-08-18,2025-08-26,6,-2.25,2025-08-20,Tairos機器人展,2025
1482,直得,19,26,-2,5,2025-08-18,2025-08-27,7,-2.91,2025-08-20,Tairos機器人展,2025
1483,直得,19,27,-2,6,2025-08-18,2025-08-28,8,-1.81,2025-08-20,Tairos機器人展,2025
1484,直得,20,21,-1,0,2025-08-19,2025-08-20,1,-4.71,2025-08-20,Tairos機器人展,2025
1485,直得,20,22,-1,1,2025-08-19,2025-08-21,2,-3.58,2025-08-20,Tairos機器人展,2025
1486,直得,20,23,-1,2,2025-08-19,2025-08-22,3,-3.92,2025-08-20,Tairos機器人展,2025
1487,直得,20,24,-1,3,2025-08-19,2025-08-25,4,-0.41,2025-08-20,Tairos機器人展,2025
1488,直得,20,25,-1,4,2025-08-19,2025-08-26,5,0.38,2025-08-20,Tairos機器人展,2025
1489,直得,20,26,-1,5,2025-08-19,2025-08-27,6,-0.3,2025-08-20,Tairos機器人展,2025
1490,直得,20,27,-1,6,2025-08-19,2025-08-28,7,0.83,2025-08-20,Tairos機器人展,2025
1491,直得,21,22,0,1,2025-08-20,2025-08-21,1,1.19,2025-08-20,Tairos機器人展,2025
1492,直得,21,23,0,2,2025-08-20,2025-08-22,2,0.83,2025-08-20,Tairos機器人展,2025
1493,直得,21,24,0,3,2025-08-20,2025-08-25,3,4.51,2025-08-20,Tairos機器人展,2025
1494,直得,21,25,0,4,2025-08-20,2025-08-26,4,5.34,2025-08-20,Tairos機器人展,2025
1495,直得,21,26,0,5,2025-08-20,2025-08-27,5,4.63,2025-08-20,Tairos機器人展,2025
1496,直得,21,27,0,6,2025-08-20,2025-08-28,6,5.81,2025-08-20,Tairos機器人展,2025
1497,直得,22,23,1,2,2025-08-21,2025-08-22,1,-0.35,2025-08-20,Tairos機器人展,2025
1498,直得,22,24,1,3,2025-08-21,2025-08-25,2,3.28,2025-08-20,Tairos機器人展,2025
1499,直得,22,25,1,4,2025-08-21,2025-08-26,3,4.1,2025-08-20,Tairos機器人展,2025
1500,直得,22,26,1,5,2025-08-21,2025-08-27,4,3.4,2025-08-20,Tairos機器人展,2025
1501,直得,22,27,1,6,2025-08-21,2025-08-28,5,4.57,2025-08-20,Tairos機器人展,2025
1502,直得,23,24,2,3,2025-08-22,2025-08-25,1,3.65,2025-08-20,Tairos機器人展,2025
1503,直得,23,25,2,4,2025-08-22,2025-08-26,2,4.47,2025-08-20,Tairos機器人展,2025
1504,直得,23,26,2,5,2025-08-22,2025-08-27,3,3.76,2025-08-20,Tairos機器人展,2025
1505,直得,23,27,2,6,2025-08-22,2025-08-28,4,4.94,2025-08-20,Tairos機器人展,2025
1506,直得,24,25,3,4,2025-08-25,2025-08-26,1,0.79,2025-08-20,Tairos機器人展,2025
1507,直得,24,26,3,5,2025-08-25,2025-08-27,2,0.11,2025-08-20,Tairos機器人展,2025
1508,直得,24,27,3,6,2025-08-25,2025-08-28,3,1.25,2025-08-20,Tairos機器人展,2025
1509,直得,25,26,4,5,2025-08-26,2025-08-27,1,-0.68,2025-08-20,Tairos機器人展,2025
1510,直得,25,27,4,6,2025-08-26,2025-08-28,2,0.45,2025-08-20,Tairos機器人展,2025
1511,直得,26,27,5,6,2025-08-27,2025-08-28,1,1.13,2025-08-20,Tairos機器人展,2025
