Date,廣達,華碩,威盛,迎廣,上銀,研華,所羅門,直得
2024-01-02 00:00:00+08:00,189.6955108642578,418.70758056640625,156.27822875976562,73.19158172607422,228.18426513671875,343.82720947265625,38.27019119262695,61.86063003540039
2024-01-03 00:00:00+08:00,189.6955108642578,401.4413146972656,155.78053283691406,75.6565933227539,224.30027770996094,334.98724365234375,37.68516540527344,61.566986083984375
2024-01-04 00:00:00+08:00,194.1276397705078,391.94482421875,156.27822875976562,74.89813232421875,217.5032958984375,334.98724365234375,37.34390640258789,61.66486740112305
2024-01-05 00:00:00+08:00,191.02516174316406,391.94482421875,159.2644500732422,73.66561889648438,219.93077087402344,333.59149169921875,37.0513916015625,62.44791030883789
2024-01-08 00:00:00+08:00,189.6955108642578,391.51318359375,148.3150177001953,71.8642807006836,217.98880004882812,335.9178161621094,36.85638427734375,62.643672943115234
2024-01-09 00:00:00+08:00,191.4683837890625,392.80816650390625,148.3150177001953,74.7085189819336,218.4742889404297,334.98724365234375,37.78267288208008,61.9585075378418
2024-01-10 00:00:00+08:00,193.24124145507812,397.988037109375,151.79893493652344,73.47600555419922,219.44528198242188,334.98724365234375,37.8314208984375,60.97970199584961
2024-01-11 00:00:00+08:00,198.55979919433594,397.988037109375,149.3104248046875,73.9500503540039,221.3872833251953,334.0567321777344,38.416446685791016,61.27334213256836
2024-01-12 00:00:00+08:00,204.76480102539062,387.1966247558594,144.8311004638672,72.4331283569336,218.9597930908203,329.869384765625,38.17268371582031,61.9585075378418
2024-01-15 00:00:00+08:00,200.77586364746094,385.9016418457031,148.81271362304688,75.18254852294922,218.9597930908203,329.4041442871094,39.14772415161133,61.9585075378418
2024-01-16 00:00:00+08:00,202.1055145263672,380.29010009765625,146.82191467285156,73.47600555419922,211.67730712890625,316.8421325683594,38.903968811035156,61.17546463012695
2024-01-17 00:00:00+08:00,202.54872131347656,378.9951171875,142.84030151367188,74.89813232421875,206.82232666015625,308.4674377441406,38.6114501953125,61.37122344970703
2024-01-18 00:00:00+08:00,196.34373474121094,384.1750183105469,142.3426055908203,76.98389434814453,205.85133361816406,308.4674377441406,37.97767639160156,60.97970199584961
2024-01-19 00:00:00+08:00,212.74264526367188,392.80816650390625,144.33340454101562,73.66561889648438,209.73532104492188,311.25897216796875,38.80645751953125,61.66486740112305
2024-01-22 00:00:00+08:00,224.70941162109375,396.6930847167969,147.31961059570312,73.19158172607422,213.6193084716797,314.0505676269531,39.6352424621582,61.27334213256836
2024-01-23 00:00:00+08:00,223.82298278808594,394.1031188964844,145.82650756835938,73.57081604003906,213.13380432128906,316.8421325683594,40.074005126953125,60.97970199584961
2024-01-24 00:00:00+08:00,221.60691833496094,392.80816650390625,142.84030151367188,72.90716552734375,212.16281127929688,314.9810485839844,39.781494140625,61.9585075378418
2024-01-25 00:00:00+08:00,220.72048950195312,395.3981018066406,141.84490966796875,72.14869689941406,208.27882385253906,312.65478515625,39.44023513793945,62.350032806396484
2024-01-26 00:00:00+08:00,214.51548767089844,378.9951171875,139.35638427734375,68.83042907714844,210.2208251953125,313.5852966308594,38.85520935058594,62.74155044555664
2024-01-29 00:00:00+08:00,217.61798095703125,383.31170654296875,140.84950256347656,69.11485290527344,213.6193084716797,314.5158386230469,38.56270217895508,62.74155044555664
2024-01-30 00:00:00+08:00,224.26620483398438,386.33331298828125,137.86328125,69.96812438964844,210.70632934570312,314.0505676269531,38.85520935058594,61.9585075378418
2024-01-31 00:00:00+08:00,218.9476318359375,384.6066589355469,137.86328125,68.54600524902344,213.6193084716797,314.0505676269531,38.6114501953125,62.154266357421875
2024-02-01 00:00:00+08:00,215.4019317626953,385.9016418457031,136.37017822265625,68.35638427734375,215.0758056640625,326.1473083496094,38.36769104003906,62.25214767456055
2024-02-02 00:00:00+08:00,224.26620483398438,392.80816650390625,142.3426055908203,68.35638427734375,213.13380432128906,339.6398620605469,38.416446685791016,62.05638885498047
2024-02-05 00:00:00+08:00,226.03904724121094,390.21820068359375,136.37017822265625,65.13292694091797,212.64830017089844,344.7577209472656,38.0751838684082,61.66486740112305
2024-02-15 00:00:00+08:00,236.2329864501953,400.5780029296875,135.37478637695312,66.08100891113281,212.64830017089844,356.8544921875,35.101318359375,61.27334213256836
2024-02-16 00:00:00+08:00,220.2772674560547,413.9593811035156,140.351806640625,72.62274169921875,224.30027770996094,354.0628967285156,35.83259582519531,62.44791030883789
2024-02-19 00:00:00+08:00,214.07228088378906,412.2327575683594,136.37017822265625,73.47600555419922,235.95223999023438,362.90289306640625,36.07635498046875,63.818241119384766
2024-02-20 00:00:00+08:00,214.9586944580078,408.3478088378906,135.8724822998047,71.5798568725586,249.06069946289062,363.8334045410156,36.07635498046875,64.30764770507812
2024-02-21 00:00:00+08:00,209.19692993164062,404.8945617675781,135.8724822998047,74.99292755126953,250.51719665527344,364.7638854980469,36.32011413574219,64.89493560791016
2024-02-22 00:00:00+08:00,215.8451385498047,404.8945617675781,131.890869140625,73.0967788696289,250.0316925048828,360.111328125,36.22261428833008,64.30764770507812
2024-02-23 00:00:00+08:00,213.6290740966797,409.21112060546875,133.38397216796875,72.4331283569336,247.6042022705078,353.5976867675781,36.02760696411133,64.01400756835938
2024-02-26 00:00:00+08:00,213.6290740966797,406.1895446777344,131.890869140625,72.33831787109375,245.17669677734375,354.99346923828125,38.17268371582031,64.50341033935547
2024-02-27 00:00:00+08:00,206.09442138671875,392.3764953613281,129.40237426757812,70.25254821777344,247.1186981201172,352.201904296875,38.416446685791016,64.89493560791016
2024-02-29 00:00:00+08:00,205.65121459960938,392.80816650390625,131.39317321777344,69.49408721923828,233.03924560546875,362.90289306640625,38.66020584106445,65.09069061279297
2024-03-01 00:00:00+08:00,210.08335876464844,394.5347900390625,130.39776611328125,70.7265853881836,231.09725952148438,364.7638854980469,38.75770568847656,64.40552520751953
2024-03-04 00:00:00+08:00,211.856201171875,394.5347900390625,130.89547729492188,71.5798568725586,233.03924560546875,360.111328125,39.098968505859375,63.72035217285156
2024-03-05 00:00:00+08:00,217.17477416992188,402.30462646484375,130.89547729492188,78.69043731689453,228.18426513671875,362.4375915527344,38.46519470214844,63.133079528808594
2024-03-06 00:00:00+08:00,218.50442504882812,406.6212158203125,127.90926361083984,81.34506225585938,224.30027770996094,363.3681640625,37.8314208984375,62.350032806396484
2024-03-07 00:00:00+08:00,213.18585205078125,398.8513488769531,136.86788940429688,74.42408752441406,228.18426513671875,369.41650390625,38.36769104003906,61.9585075378418
2024-03-08 00:00:00+08:00,214.07228088378906,390.6498718261719,130.39776611328125,71.48504638671875,230.61175537109375,365.6944274902344,37.441410064697266,63.03519821166992
2024-03-11 00:00:00+08:00,221.16371154785156,383.31170654296875,128.40695190429688,72.8123550415039,234.01025390625,378.2564697265625,39.24522399902344,64.60128784179688
2024-03-12 00:00:00+08:00,225.59584045410156,380.72174072265625,128.40695190429688,80.01775360107422,234.01025390625,375.9301452636719,40.171512603759766,66.26525115966797
2024-03-13 00:00:00+08:00,222.0501251220703,376.4051818847656,122.43453979492188,75.46697235107422,230.12625122070312,367.55548095703125,40.366519927978516,65.677978515625
2024-03-14 00:00:00+08:00,215.8451385498047,374.2469177246094,121.93684387207031,76.41504669189453,233.52474975585938,365.6944274902344,39.391483306884766,65.77584838867188
2024-03-15 00:00:00+08:00,228.255126953125,370.36199951171875,120.44374084472656,74.99292755126953,231.09725952148438,364.7638854980469,38.85520935058594,66.36314392089844
2024-03-18 00:00:00+08:00,226.03904724121094,352.66400146484375,121.43914031982422,77.93196868896484,236.43772888183594,362.4375915527344,40.02525329589844,67.53771209716797
2024-03-19 00:00:00+08:00,227.81192016601562,351.80072021484375,119.4483413696289,76.69947814941406,237.4087371826172,365.2291564941406,43.77914810180664,68.12499237060547
2024-03-20 00:00:00+08:00,220.72048950195312,357.4122314453125,119.4483413696289,73.9500503540039,241.292724609375,367.55548095703125,48.1180534362793,70.66989135742188
2024-03-21 00:00:00+08:00,225.59584045410156,362.5921325683594,120.94143676757812,74.04486083984375,243.72019958496094,372.20806884765625,52.84698486328125,72.52962493896484
2024-03-22 00:00:00+08:00,228.255126953125,363.8871154785156,121.93684387207031,74.99292755126953,240.80722045898438,372.20806884765625,58.1121826171875,73.41055297851562
2024-03-25 00:00:00+08:00,226.03904724121094,365.6137390136719,133.8816680908203,76.50984954833984,264.5966491699219,372.67333984375,63.864898681640625,78.20671081542969
2024-03-26 00:00:00+08:00,225.1526336669922,360.0022277832031,130.89547729492188,74.8033218383789,251.00267028808594,376.3954162597656,67.96005249023438,73.80208587646484
2024-03-27 00:00:00+08:00,228.255126953125,366.47705078125,126.91385650634766,73.85523986816406,275.76312255859375,377.79119873046875,70.98267364501953,74.38935852050781
2024-03-28 00:00:00+08:00,248.1997528076172,365.6137390136719,125.4207534790039,75.75139617919922,270.9081115722656,378.7217102050781,71.27517700195312,72.43175506591797
2024-03-29 00:00:00+08:00,253.96153259277344,367.3403625488281,124.92305755615234,77.83716583251953,265.0821228027344,374.9996643066406,70.39764404296875,71.94235229492188
2024-04-01 00:00:00+08:00,250.41580200195312,365.1820983886719,131.39317321777344,75.75139617919922,267.0241394042969,372.20806884765625,77.71041870117188,70.47413635253906
2024-04-02 00:00:00+08:00,264.15545654296875,365.1820983886719,128.9046630859375,77.0787124633789,267.5096435546875,368.0207214355469,85.4132080078125,71.35506439208984
2024-04-03 00:00:00+08:00,260.16650390625,364.75042724609375,128.9046630859375,84.75813293457031,261.68365478515625,363.3681640625,93.89603424072266,71.64869689941406
2024-04-08 00:00:00+08:00,258.3936767578125,367.77203369140625,126.41615295410156,93.19602966308594,255.85768127441406,361.97235107421875,102.86637115478516,70.18048095703125
2024-04-09 00:00:00+08:00,254.4047393798828,366.9087219238281,130.39776611328125,102.39237213134766,253.43017578125,367.0902404785156,96.52862548828125,72.2359848022461
2024-04-10 00:00:00+08:00,249.97259521484375,375.5418701171875,130.89547729492188,93.6700668334961,254.40118408203125,357.31976318359375,97.9911880493164,73.99783325195312
2024-04-11 00:00:00+08:00,252.1886749267578,391.51318359375,126.91385650634766,91.01544952392578,247.1186981201172,359.1808166503906,102.86637115478516,71.45294189453125
2024-04-12 00:00:00+08:00,248.06942749023438,382.8800354003906,139.35638427734375,88.2660140991211,245.66220092773438,352.201904296875,100.91629791259766,71.06140899658203
2024-04-15 00:00:00+08:00,238.91558837890625,380.29010009765625,138.36099243164062,85.42178344726562,236.92323303222656,348.4798278808594,96.33362579345703,69.39744567871094
2024-04-16 00:00:00+08:00,228.38865661621094,367.3403625488281,136.37017822265625,76.98389434814453,230.61175537109375,339.6398620605469,89.703369140625,66.36314392089844
2024-04-17 00:00:00+08:00,232.965576171875,369.9303283691406,140.351806640625,78.50082397460938,227.2132568359375,345.2229919433594,94.18853759765625,65.87374114990234
2024-04-18 00:00:00+08:00,229.3040313720703,368.6353454589844,137.86328125,80.49178314208984,232.5537567138672,346.15350341796875,96.52862548828125,65.18856811523438
2024-04-19 00:00:00+08:00,221.06556701660156,356.9806213378906,127.41156005859375,77.0787124633789,221.87278747558594,339.6398620605469,88.92333984375,63.230960845947266
2024-04-22 00:00:00+08:00,210.53863525390625,356.9806213378906,120.44374084472656,72.14869689941406,219.93077087402344,342.8966979980469,80.05050659179688,62.44791030883789
2024-04-23 00:00:00+08:00,216.9463348388672,353.52734375,120.44374084472656,73.9500503540039,231.09725952148438,341.03564453125,88.04581451416016,63.524600982666016
2024-04-24 00:00:00+08:00,238.45790100097656,363.0238037109375,129.40237426757812,77.74236297607422,233.03924560546875,347.5492858886719,96.8211441040039,64.30764770507812
2024-04-25 00:00:00+08:00,233.88096618652344,355.6856384277344,128.40695190429688,77.64755249023438,223.81478881835938,339.6398620605469,106.27899169921875,63.91612243652344
2024-04-26 00:00:00+08:00,235.71173095703125,361.7288513183594,130.39776611328125,78.40601348876953,227.2132568359375,342.4314270019531,102.86637115478516,64.30764770507812
2024-04-29 00:00:00+08:00,239.373291015625,367.77203369140625,129.40237426757812,77.83716583251953,226.24227905273438,353.5976867675781,96.0411148071289,65.28645324707031
2024-04-30 00:00:00+08:00,238.0001983642578,371.22528076171875,127.41156005859375,78.88005065917969,224.78578186035156,353.5976867675781,99.4537353515625,66.7546615600586
2024-05-02 00:00:00+08:00,238.91558837890625,369.0670166015625,126.91385650634766,78.40601348876953,222.84378051757812,332.66094970703125,95.55359649658203,66.7546615600586
2024-05-03 00:00:00+08:00,234.7963409423828,370.36199951171875,122.9322509765625,77.36312866210938,222.84378051757812,332.19573974609375,89.41085815429688,65.87374114990234
2024-05-06 00:00:00+08:00,239.8309783935547,387.1966247558594,122.9322509765625,78.21640014648438,224.78578186035156,325.6820373535156,89.99588012695312,64.99281311035156
2024-05-07 00:00:00+08:00,244.40789794921875,397.1247253417969,121.93684387207031,81.250244140625,229.64076232910156,328.4736328125,98.96622467041016,64.30764770507812
2024-05-08 00:00:00+08:00,250.35789489746094,395.8297424316406,126.41615295410156,82.67236328125,230.61175537109375,331.73046875,98.96622467041016,64.20976257324219
2024-05-09 00:00:00+08:00,251.2732696533203,410.0744323730469,120.94143676757812,85.70621490478516,229.15525817871094,330.7999267578125,102.37885284423828,63.32883834838867
2024-05-10 00:00:00+08:00,247.6117401123047,406.1895446777344,112.97822570800781,86.27505493164062,230.12625122070312,327.5431213378906,103.35388946533203,64.20976257324219
2024-05-13 00:00:00+08:00,251.2732696533203,402.30462646484375,111.485107421875,86.08544158935547,228.18426513671875,327.5431213378906,101.8913345336914,63.72035217285156
2024-05-14 00:00:00+08:00,264.08868408203125,442.01708984375,114.47132110595703,83.71524810791016,226.24227905273438,325.2168273925781,111.6417007446289,64.20976257324219
2024-05-15 00:00:00+08:00,262.7156066894531,429.9306945800781,112.97822570800781,83.71524810791016,224.78578186035156,330.33465576171875,122.36711120605469,64.60128784179688
2024-05-16 00:00:00+08:00,253.56175231933594,445.4703674316406,113.97362518310547,84.663330078125,230.12625122070312,332.66094970703125,117.00440216064453,64.60128784179688
2024-05-17 00:00:00+08:00,261.80023193359375,445.4703674316406,114.96902465820312,87.22313690185547,231.58274841308594,326.6125793457031,128.704833984375,64.79704284667969
2024-05-20 00:00:00+08:00,258.138671875,436.8371887207031,115.46672058105469,86.27505493164062,229.15525817871094,328.0083923339844,134.5550537109375,64.11188507080078
2024-05-21 00:00:00+08:00,258.138671875,422.1608581542969,115.96443176269531,94.80775451660156,224.78578186035156,325.6820373535156,147.7180633544922,63.62247848510742
2024-05-22 00:00:00+08:00,261.342529296875,450.6502380371094,116.95982360839844,104.28852844238281,229.64076232910156,333.126220703125,162.34361267089844,64.79704284667969
2024-05-23 00:00:00+08:00,259.96942138671875,448.9236145019531,113.97362518310547,114.7173843383789,223.32928466796875,336.3830261230469,158.93096923828125,63.524600982666016
2024-05-24 00:00:00+08:00,262.2579040527344,448.060302734375,113.97362518310547,112.82122802734375,218.4742889404297,331.26519775390625,167.21878051757812,63.32883834838867
2024-05-27 00:00:00+08:00,268.66558837890625,466.18994140625,115.46672058105469,111.39911651611328,223.32928466796875,334.0567321777344,171.11892700195312,65.38433837890625
2024-05-28 00:00:00+08:00,265.0040588378906,454.966796875,118.45294189453125,122.30200958251953,221.87278747558594,338.7093505859375,170.63140869140625,65.87374114990234
2024-05-29 00:00:00+08:00,262.7156066894531,452.37689208984375,116.95982360839844,127.99046325683594,219.93077087402344,334.0567321777344,172.09397888183594,66.06949615478516
2024-05-30 00:00:00+08:00,257.6809997558594,444.6070251464844,118.45294189453125,123.72412109375,215.56129455566406,327.07781982421875,171.11892700195312,64.69916534423828
2024-05-31 00:00:00+08:00,250.81558227539062,442.8804016113281,117.95523071289062,136.0491180419922,216.0467987060547,328.4736328125,170.63140869140625,65.38433837890625
2024-06-03 00:00:00+08:00,258.59637451171875,439.42718505859375,117.95523071289062,149.32220458984375,217.98880004882812,336.8482971191406,175.50660705566406,69.29956817626953
2024-06-04 00:00:00+08:00,251.73098754882812,428.2040710449219,118.45294189453125,149.32220458984375,213.13380432128906,336.8482971191406,161.85609436035156,67.53771209716797
2024-06-05 00:00:00+08:00,253.1040496826172,421.72918701171875,115.96443176269531,139.84144592285156,215.56129455566406,335.9178161621094,159.90602111816406,69.69107818603516
2024-06-06 00:00:00+08:00,255.8502197265625,425.6141357421875,113.47592163085938,134.62701416015625,209.73532104492188,334.98724365234375,165.7562255859375,67.63558959960938
2024-06-07 00:00:00+08:00,249.90020751953125,417.8442687988281,117.95523071289062,126.56835174560547,207.7933349609375,334.5220031738281,162.34361267089844,67.34195709228516
2024-06-11 00:00:00+08:00,251.2732696533203,415.6860046386719,109.49430847167969,123.25007629394531,200.99635314941406,326.1473083496094,152.105712890625,66.26525115966797
2024-06-12 00:00:00+08:00,251.2732696533203,414.82269287109375,108.49890899658203,124.67219543457031,201.9673614501953,325.2168273925781,167.21878051757812,66.36314392089844
2024-06-13 00:00:00+08:00,259.96942138671875,420.4342346191406,108.00120544433594,123.72412109375,203.42384338378906,333.126220703125,163.80615234375,65.87374114990234
2024-06-14 00:00:00+08:00,265.91943359375,426.0458068847656,114.47132110595703,126.09431457519531,201.9673614501953,336.3830261230469,165.2687225341797,66.06949615478516
2024-06-17 00:00:00+08:00,264.08868408203125,422.1608581542969,125.4207534790039,125.62028503417969,204.39483642578125,341.9661560058594,163.80615234375,67.04830932617188
2024-06-18 00:00:00+08:00,266.3771667480469,428.2040710449219,127.90926361083984,127.51642608642578,202.9383544921875,344.29248046875,161.3685760498047,65.97162628173828
2024-06-19 00:00:00+08:00,289.26177978515625,433.3839416503906,123.92765045166016,119.45777130126953,199.05435180664062,344.29248046875,153.0807647705078,65.58009338378906
2024-06-20 00:00:00+08:00,302.0771789550781,442.01708984375,127.51398468017578,121.35392761230469,203.42384338378906,348.945068359375,158.93096923828125,66.36314392089844
2024-06-21 00:00:00+08:00,292.46563720703125,442.01708984375,122.03486633300781,114.7173843383789,203.42384338378906,346.6187744140625,155.51834106445312,66.65678405761719
2024-06-24 00:00:00+08:00,278.27716064453125,442.8804016113281,117.05384826660156,111.87315368652344,202.45285034179688,348.945068359375,153.0807647705078,66.55890655517578
2024-06-25 00:00:00+08:00,279.1925354003906,436.8371887207031,116.05764770507812,111.39911651611328,200.99635314941406,346.15350341796875,154.54331970214844,68.51651763916016
2024-06-26 00:00:00+08:00,283.3117980957031,436.8371887207031,112.57093811035156,112.82122802734375,201.9673614501953,344.7577209472656,151.61819458007812,71.35506439208984
2024-06-27 00:00:00+08:00,279.1925354003906,434.2472839355469,111.57473754882812,108.08084106445312,201.4818572998047,344.29248046875,147.2305450439453,70.08261108398438
2024-06-28 00:00:00+08:00,285.6002197265625,429.9306945800781,116.05764770507812,118.50969696044922,206.82232666015625,344.29248046875,161.85609436035156,73.7042007446289
2024-07-01 00:00:00+08:00,282.3963928222656,427.77239990234375,113.567138671875,117.56161499023438,201.9673614501953,342.4314270019531,162.8311309814453,75.07452392578125
2024-07-02 00:00:00+08:00,280.5656433105469,423.024169921875,112.57093811035156,114.7173843383789,201.4818572998047,340.1051330566406,164.29368591308594,72.2359848022461
2024-07-03 00:00:00+08:00,281.9386901855469,428.8374328613281,117.55194854736328,115.19142150878906,200.51084899902344,343.3619384765625,167.706298828125,71.8444595336914
2024-07-04 00:00:00+08:00,282.85406494140625,431.0732421875,118.54815673828125,113.76930236816406,203.42384338378906,345.2229919433594,170.63140869140625,78.98975372314453
2024-07-05 00:00:00+08:00,285.6002197265625,431.96759033203125,121.5367660522461,112.3471908569336,210.70632934570312,348.0145568847656,171.11892700195312,86.8202133178711
2024-07-08 00:00:00+08:00,292.46563720703125,434.650634765625,118.54815673828125,109.97699737548828,208.7643280029297,348.945068359375,160.8810577392578,88.6799545288086
2024-07-09 00:00:00+08:00,307.5694885253906,435.0978088378906,115.5595474243164,112.3471908569336,205.36582946777344,347.5492858886719,158.93096923828125,81.82830047607422
2024-07-10 00:00:00+08:00,312.14642333984375,454.326171875,126.0196762084961,115.66546630859375,223.0528564453125,346.6187744140625,164.0546112060547,83.00287628173828
2024-07-11 00:00:00+08:00,304.3656311035156,458.7978820800781,124.02727508544922,111.87315368652344,220.10501098632812,352.201904296875,160.60601806640625,87.30961608886719
2024-07-12 00:00:00+08:00,298.4156494140625,455.22052001953125,122.53296661376953,109.02892303466797,221.08763122558594,349.8756103515625,161.59132385253906,96.02100372314453
2024-07-15 00:00:00+08:00,295.66949462890625,445.8299255371094,121.5367660522461,113.2952651977539,220.10501098632812,348.4798278808594,164.0546112060547,91.3227310180664
2024-07-16 00:00:00+08:00,295.2117919921875,448.9601135253906,123.5291748046875,124.19815826416016,213.22671508789062,353.5976867675781,167.50318908691406,100.3277587890625
2024-07-17 00:00:00+08:00,287.4309997558594,441.3581848144531,125.02347564697266,128.46450805664062,213.22671508789062,348.4798278808594,162.57664489746094,99.34895324707031
2024-07-18 00:00:00+08:00,272.78485107421875,442.2525329589844,126.51777648925781,119.93180847167969,213.22671508789062,353.6805725097656,158.63539123535156,103.2641830444336
2024-07-19 00:00:00+08:00,271.8694763183594,430.6260681152344,120.04246520996094,117.08757781982422,208.80496215820312,350.8167419433594,154.6941375732422,99.34895324707031
2024-07-22 00:00:00+08:00,263.6310119628906,418.552490234375,121.5367660522461,120.40584564208984,204.38320922851562,356.06707763671875,161.09866333007812,95.92312622070312
2024-07-23 00:00:00+08:00,271.8694763183594,427.9430847167969,119.54435729980469,121.35392761230469,205.85714721679688,354.1578369140625,160.60601806640625,97.09768676757812
2024-07-26 00:00:00+08:00,251.73098754882812,409.6090393066406,121.03865814208984,118.03565979003906,201.43539428710938,334.1112060546875,160.60601806640625,91.71424865722656
2024-07-29 00:00:00+08:00,247.154052734375,397.535400390625,114.06523895263672,106.65872192382812,196.03102111816406,337.9295959472656,147.30429077148438,86.62445831298828
2024-07-30 00:00:00+08:00,247.6117401123047,399.7712707519531,114.06523895263672,108.55488586425781,198.97885131835938,328.8608703613281,146.81161499023438,87.01597595214844
2024-07-31 00:00:00+08:00,249.44252014160156,407.8203430175781,120.54056549072266,108.55488586425781,197.01364135742188,330.7700500488281,141.88507080078125,91.9100112915039
2024-08-01 00:00:00+08:00,264.54638671875,440.0166931152344,118.54815673828125,113.2952651977539,207.3310546875,336.0203857421875,155.679443359375,98.85955047607422
2024-08-02 00:00:00+08:00,243.4925079345703,422.12982177734375,112.07283782958984,104.28852844238281,199.9614715576172,331.24737548828125,157.15740966796875,95.23796844482422
2024-08-05 00:00:00+08:00,219.2347869873047,387.2504577636719,101.1146011352539,93.85968017578125,189.64405822753906,312.1553039550781,141.88507080078125,87.99478149414062
2024-08-06 00:00:00+08:00,226.10018920898438,389.486328125,91.25218963623047,89.30890655517578,187.18751525878906,309.29150390625,135.9731903076172,96.70616912841797
2024-08-07 00:00:00+08:00,228.84634399414062,419.89398193359375,99.52068328857422,98.12602996826172,194.55709838867188,324.0878601074219,149.27491760253906,103.75358581542969
2024-08-08 00:00:00+08:00,219.69248962402344,448.9601135253906,95.63549041748047,97.65198516845703,191.60928344726562,320.7467346191406,149.76756286621094,104.73239135742188
2024-08-09 00:00:00+08:00,228.84634399414062,451.6431579589844,96.23320770263672,93.85968017578125,195.0484161376953,324.0878601074219,164.54725646972656,115.00987243652344
2024-08-12 00:00:00+08:00,244.40789794921875,446.277099609375,100.61650848388672,97.65198516845703,197.50494384765625,329.8154602050781,156.66476440429688,103.75358581542969
2024-08-13 00:00:00+08:00,243.95021057128906,447.17144775390625,102.6089096069336,97.65198516845703,202.9093017578125,330.7700500488281,157.15740966796875,106.20060729980469
2024-08-14 00:00:00+08:00,248.06942749023438,456.1148681640625,104.10321807861328,97.17794799804688,198.97885131835938,332.6792907714844,158.14271545410156,104.73239135742188
2024-08-15 00:00:00+08:00,248.52711486816406,458.7978820800781,113.06903839111328,97.17794799804688,197.50494384765625,331.7247009277344,161.09866333007812,104.73239135742188
2024-08-16 00:00:00+08:00,254.93484497070312,464.1639404296875,124.02727508544922,99.54814147949219,198.97885131835938,335.0657958984375,169.96649169921875,107.17941284179688
2024-08-19 00:00:00+08:00,254.47715759277344,468.6356506347656,125.02347564697266,101.91834259033203,201.92669677734375,332.20196533203125,166.51788330078125,102.77477264404297
2024-08-20 00:00:00+08:00,259.96942138671875,464.1639404296875,130.50259399414062,107.60680389404297,204.87452697753906,332.6792907714844,164.0546112060547,99.8383560180664
2024-08-21 00:00:00+08:00,258.138671875,462.3752746582031,130.00450134277344,102.86640930175781,206.34844970703125,331.24737548828125,157.6500701904297,98.85955047607422
2024-08-22 00:00:00+08:00,252.6463623046875,463.2696228027344,132.99310302734375,103.3404541015625,206.34844970703125,330.7700500488281,159.12803649902344,96.68898010253906
2024-08-23 00:00:00+08:00,252.6463623046875,464.1639404296875,137.97412109375,103.81449127197266,205.36582946777344,330.7700500488281,160.11334228515625,95.50503540039062
2024-08-26 00:00:00+08:00,251.73098754882812,488.3111877441406,134.98550415039062,103.3404541015625,205.36582946777344,336.0203857421875,155.18678283691406,92.24917602539062
2024-08-27 00:00:00+08:00,252.1886749267578,495.4659729003906,132.99310302734375,102.39237213134766,208.80496215820312,329.8154602050781,163.56195068359375,101.1287841796875
2024-08-28 00:00:00+08:00,254.93484497070312,493.6772766113281,132.4949951171875,102.86640930175781,207.3310546875,331.7247009277344,160.11334228515625,104.0886459350586
2024-08-29 00:00:00+08:00,248.98483276367188,490.0998840332031,132.99310302734375,100.97026062011719,207.3310546875,334.1112060546875,160.60601806640625,102.60871124267578
2024-08-30 00:00:00+08:00,245.32327270507812,480.2621154785156,132.4949951171875,98.60006713867188,212.24412536621094,333.1565856933594,156.17208862304688,103.10202026367188
2024-09-02 00:00:00+08:00,244.40789794921875,497.254638671875,129.5063934326172,98.60006713867188,207.3310546875,332.20196533203125,154.6941375732422,104.0886459350586
2024-09-03 00:00:00+08:00,248.98483276367188,491.8885803222656,128.0120849609375,95.75582885742188,206.83975219726562,332.20196533203125,155.679443359375,101.1287841796875
2024-09-04 00:00:00+08:00,228.84634399414062,472.2130432128906,120.54056549072266,89.7829360961914,196.03102111816406,309.29150390625,149.76756286621094,96.39299011230469
2024-09-05 00:00:00+08:00,226.10018920898438,465.95263671875,123.5291748046875,87.69717407226562,197.01364135742188,308.8141784667969,145.82630920410156,92.93981170654297
2024-09-06 00:00:00+08:00,234.7963409423828,471.3186950683594,119.54435729980469,88.17121124267578,196.52232360839844,312.1553039550781,147.30429077148438,93.92643737792969
2024-09-09 00:00:00+08:00,228.84634399414062,476.68475341796875,125.02347564697266,88.2660140991211,191.60928344726562,306.9049987792969,149.76756286621094,92.74249267578125
2024-09-10 00:00:00+08:00,219.2347869873047,471.3186950683594,125.02347564697266,85.04255676269531,191.60928344726562,304.99578857421875,144.3483428955078,87.11874389648438
2024-09-11 00:00:00+08:00,221.52325439453125,467.7413330078125,121.03865814208984,84.663330078125,194.55709838867188,305.47308349609375,142.37771606445312,87.3160629272461
2024-09-12 00:00:00+08:00,231.59249877929688,482.0508117675781,131.49879455566406,88.2660140991211,198.97885131835938,308.8141784667969,145.82630920410156,89.97994232177734
2024-09-13 00:00:00+08:00,232.965576171875,485.6282043457031,137.47601318359375,87.22313690185547,199.9614715576172,310.7234191894531,146.81161499023438,90.37459564208984
2024-09-16 00:00:00+08:00,232.5078887939453,486.52252197265625,135.48361206054688,86.74909210205078,198.97885131835938,310.7234191894531,151.73818969726562,91.06523895263672
2024-09-18 00:00:00+08:00,228.84634399414062,489.2055358886719,132.4949951171875,85.42178344726562,199.4701690673828,305.47308349609375,148.78224182128906,90.67058563232422
2024-09-19 00:00:00+08:00,231.59249877929688,508.8810729980469,139.96652221679688,91.7739028930664,208.3136749267578,307.8595886230469,151.73818969726562,93.03848266601562
2024-09-20 00:00:00+08:00,231.1348114013672,528.556640625,137.47601318359375,90.2569808959961,201.43539428710938,317.4056396484375,151.24554443359375,95.60369873046875
2024-09-23 00:00:00+08:00,235.25404357910156,526.7679443359375,134.98550415039062,96.22986602783203,200.94407653808594,320.7467346191406,149.27491760253906,93.72911071777344
2024-09-24 00:00:00+08:00,234.7963409423828,531.2396850585938,128.0120849609375,94.42852020263672,201.43539428710938,316.9283142089844,147.79693603515625,91.85453033447266
2024-09-25 00:00:00+08:00,249.44252014160156,524.0849609375,127.01588439941406,98.12602996826172,212.24412536621094,321.22406005859375,152.7235107421875,96.68898010253906
2024-09-26 00:00:00+08:00,252.1886749267578,514.2471313476562,137.97412109375,97.17794799804688,207.3310546875,323.13323974609375,150.75286865234375,94.81439208984375
2024-09-27 00:00:00+08:00,253.56175231933594,507.9867248535156,130.00450134277344,95.75582885742188,216.66587829589844,322.65594482421875,149.76756286621094,95.8996810913086
2024-09-30 00:00:00+08:00,241.6617431640625,494.5716247558594,130.50259399414062,93.85968017578125,210.27890014648438,306.9049987792969,147.79693603515625,96.19567108154297
2024-10-01 00:00:00+08:00,245.32327270507812,511.5641174316406,133.49119567871094,93.38563537597656,210.7701873779297,304.51849365234375,144.8409881591797,95.30770111083984
2024-10-04 00:00:00+08:00,239.8309783935547,502.62066650390625,129.5063934326172,91.29987335205078,212.7354278564453,304.51849365234375,141.88507080078125,90.27593994140625
2024-10-07 00:00:00+08:00,244.86558532714844,517.8245239257812,128.51019287109375,91.7739028930664,215.1919403076172,301.6546630859375,142.37771606445312,95.50503540039062
2024-10-08 00:00:00+08:00,243.03482055664062,516.0358276367188,134.48739624023438,91.58428955078125,210.27890014648438,299.7454528808594,139.91444396972656,91.75586700439453
2024-10-09 00:00:00+08:00,250.35789489746094,516.0358276367188,132.99310302734375,95.75582885742188,214.70065307617188,304.0411682128906,138.9291229248047,88.59867858886719
2024-10-11 00:00:00+08:00,258.138671875,523.1906127929688,128.0120849609375,99.54814147949219,232.3876495361328,303.0865783691406,134.0025634765625,87.71072387695312
2024-10-14 00:00:00+08:00,259.5117492675781,521.4019165039062,127.51398468017578,104.7625732421875,230.9137420654297,308.8141784667969,138.43646240234375,86.72409057617188
2024-10-15 00:00:00+08:00,270.4963684082031,535.7113647460938,125.52157592773438,104.28852844238281,246.63551330566406,312.1553039550781,138.43646240234375,92.93981170654297
2024-10-16 00:00:00+08:00,270.0386962890625,528.556640625,129.00828552246094,102.39237213134766,243.19638061523438,306.9049987792969,144.8409881591797,94.5184097290039
2024-10-17 00:00:00+08:00,275.07330322265625,533.0283203125,125.52157592773438,104.7625732421875,244.6702880859375,310.24609375,145.3336639404297,103.5953369140625
2024-10-18 00:00:00+08:00,281.0233154296875,533.0283203125,123.03106689453125,105.23661041259766,237.30072021484375,309.768798828125,150.75286865234375,100.14215850830078
2024-10-21 00:00:00+08:00,282.85406494140625,527.6622924804688,132.99310302734375,107.60680389404297,239.7572479248047,313.10992431640625,148.2895965576172,110.00837707519531
2024-10-22 00:00:00+08:00,292.0079345703125,536.605712890625,130.00450134277344,105.71064758300781,238.77462768554688,306.9049987792969,146.3189697265625,110.5016860961914
2024-10-23 00:00:00+08:00,290.1771545410156,528.556640625,129.00828552246094,102.86640930175781,234.84417724609375,301.6546630859375,145.3336639404297,107.54182434082031
2024-10-24 00:00:00+08:00,279.1925354003906,522.2962646484375,120.04246520996094,99.54814147949219,228.94851684570312,303.5638732910156,142.87037658691406,101.1287841796875
2024-10-25 00:00:00+08:00,283.76947021484375,528.556640625,118.05005645751953,99.54814147949219,232.87896728515625,303.5638732910156,140.89974975585938,102.60871124267578
2024-10-28 00:00:00+08:00,283.76947021484375,532.1339721679688,120.04246520996094,94.3337173461914,232.3876495361328,305.47308349609375,139.42178344726562,97.87291717529297
2024-10-29 00:00:00+08:00,277.36175537109375,522.2962646484375,118.54815673828125,93.85968017578125,230.9137420654297,301.6546630859375,137.94381713867188,95.4063720703125
2024-10-30 00:00:00+08:00,277.8194885253906,514.2471313476562,116.05764770507812,98.12602996826172,232.3876495361328,305.47308349609375,138.43646240234375,93.53179168701172
2024-11-01 00:00:00+08:00,279.1925354003906,521.4019165039062,117.55194854736328,98.12602996826172,231.89634704589844,299.2681579589844,141.88507080078125,93.63045501708984
2024-11-04 00:00:00+08:00,286.97332763671875,533.0283203125,114.56334686279297,96.22986602783203,228.94851684570312,307.3822937011719,137.45114135742188,92.1505126953125
2024-11-05 00:00:00+08:00,291.092529296875,533.0283203125,116.05764770507812,96.22986602783203,238.2833251953125,310.24609375,143.363037109375,95.20904541015625
2024-11-06 00:00:00+08:00,293.3810119628906,541.9718017578125,117.05384826660156,97.65198516845703,238.2833251953125,312.1553039550781,143.363037109375,95.50503540039062
2024-11-07 00:00:00+08:00,297.95794677734375,542.8661499023438,118.54815673828125,100.49622344970703,249.092041015625,321.22406005859375,146.81161499023438,97.47827911376953
2024-11-08 00:00:00+08:00,300.24639892578125,555.3869018554688,110.08042907714844,96.22986602783203,249.092041015625,318.3602294921875,142.37771606445312,94.5184097290039
2024-11-11 00:00:00+08:00,297.500244140625,549.1265258789062,110.57852935791016,94.71294403076172,247.61813354492188,309.29150390625,141.3924102783203,93.03848266601562
2024-11-12 00:00:00+08:00,286.515625,547.3378295898438,107.0918197631836,89.6881332397461,242.21376037597656,306.9049987792969,141.88507080078125,91.85453033447266
2024-11-13 00:00:00+08:00,294.7541198730469,546.4435424804688,106.09561920166016,90.06736755371094,233.86155700683594,310.24609375,136.46583557128906,90.67058563232422
2024-11-14 00:00:00+08:00,287.8887023925781,557.1755981445312,104.601318359375,89.40371704101562,226.98329162597656,313.10992431640625,134.0025634765625,89.28931427001953
2024-11-15 00:00:00+08:00,271.8694763183594,542.8661499023438,106.09561920166016,88.45563507080078,230.42242431640625,312.1553039550781,136.95849609375,90.17727661132812
2024-11-18 00:00:00+08:00,265.91943359375,547.3378295898438,103.10700988769531,85.51659393310547,222.0702362060547,312.1553039550781,129.07598876953125,87.2174072265625
2024-11-19 00:00:00+08:00,265.4617614746094,556.28125,106.59371948242188,87.88678741455078,226.4919891357422,316.4510498046875,133.01724243164062,90.27593994140625
2024-11-20 00:00:00+08:00,270.4963684082031,553.5982055664062,105.5975112915039,89.02448272705078,225.01806640625,324.5651550292969,130.55397033691406,89.09198760986328
2024-11-21 00:00:00+08:00,269.1233215332031,545.5491943359375,105.5975112915039,87.60236358642578,226.00067138671875,326.474365234375,132.52459716796875,88.69734191894531
2024-11-22 00:00:00+08:00,271.8694763183594,546.4435424804688,104.10321807861328,87.69717407226562,230.9137420654297,333.1565856933594,132.0319366455078,89.88127899169922
2024-11-25 00:00:00+08:00,273.7002258300781,538.3944091796875,108.08802795410156,89.49852752685547,236.31809997558594,333.6338806152344,133.01724243164062,91.26255798339844
2024-11-26 00:00:00+08:00,271.8694763183594,551.8095092773438,106.09561920166016,90.5414047241211,228.94851684570312,331.7247009277344,136.95849609375,89.97994232177734
2024-11-27 00:00:00+08:00,262.2579040527344,531.2396850585938,101.61270141601562,99.54814147949219,223.5441436767578,330.7700500488281,134.0025634765625,88.1053695678711
2024-11-28 00:00:00+08:00,263.6310119628906,519.6132202148438,101.61270141601562,94.14410400390625,221.08763122558594,326.95166015625,130.06130981445312,86.82275390625
2024-11-29 00:00:00+08:00,266.3771667480469,525.8735961914062,102.6089096069336,99.0740966796875,227.47459411621094,320.2694396972656,139.91444396972656,87.612060546875
2024-12-02 00:00:00+08:00,268.2079162597656,538.3944091796875,102.11080169677734,100.97026062011719,230.9137420654297,331.24737548828125,135.4805145263672,87.80937957763672
2024-12-03 00:00:00+08:00,268.2079162597656,532.1339721679688,102.6089096069336,98.60006713867188,227.9658966064453,345.5664367675781,135.9731903076172,88.1053695678711
2024-12-04 00:00:00+08:00,269.1233215332031,537.5000610351562,107.58992767333984,96.70391082763672,231.40504455566406,343.6572265625,138.43646240234375,88.7959976196289
2024-12-05 00:00:00+08:00,269.1233215332031,536.605712890625,107.0918197631836,95.75582885742188,242.21376037597656,343.6572265625,138.9291229248047,90.17727661132812
2024-12-06 00:00:00+08:00,271.8694763183594,534.8170166015625,108.08802795410156,94.52333068847656,236.31809997558594,340.7934265136719,136.46583557128906,88.7959976196289
2024-12-09 00:00:00+08:00,270.9540710449219,543.760498046875,106.59371948242188,93.19602966308594,241.72247314453125,339.36151123046875,134.0025634765625,87.90804290771484
2024-12-10 00:00:00+08:00,268.2079162597656,541.0774536132812,109.58232879638672,91.6791000366211,248.1094512939453,337.4523010253906,135.4805145263672,88.50001525878906
2024-12-11 00:00:00+08:00,262.7156066894531,540.18310546875,106.09561920166016,91.48948669433594,248.1094512939453,338.8841857910156,144.8409881591797,92.24917602539062
2024-12-12 00:00:00+08:00,261.80023193359375,543.760498046875,104.10321807861328,91.2050552368164,244.6702880859375,336.0203857421875,151.73818969726562,91.06523895263672
2024-12-13 00:00:00+08:00,261.342529296875,550.0208740234375,103.10700988769531,88.8348617553711,243.6876983642578,336.4977111816406,149.27491760253906,88.59867858886719
2024-12-16 00:00:00+08:00,251.73098754882812,537.5000610351562,100.61650848388672,86.55948638916016,241.72247314453125,335.0657958984375,146.3189697265625,88.59867858886719
2024-12-17 00:00:00+08:00,251.73098754882812,532.1339721679688,102.6089096069336,87.69717407226562,265.79644775390625,335.5430908203125,160.60601806640625,97.37960815429688
2024-12-18 00:00:00+08:00,252.6463623046875,544.6548461914062,102.6089096069336,87.50756072998047,280.0443115234375,342.7026062011719,158.14271545410156,97.57693481445312
2024-12-19 00:00:00+08:00,251.2732696533203,538.3944091796875,102.6089096069336,86.27505493164062,285.94000244140625,336.4977111816406,162.08396911621094,97.77426147460938
2024-12-20 00:00:00+08:00,254.01943969726562,536.605712890625,99.02257537841797,86.08544158935547,280.5356140136719,323.6105651855469,159.62069702148438,97.77426147460938
2024-12-23 00:00:00+08:00,264.54638671875,550.0208740234375,100.61650848388672,88.55044555664062,295.2748107910156,335.5430908203125,166.02523803710938,107.54182434082031
2024-12-24 00:00:00+08:00,266.3771667480469,550.0208740234375,99.3214340209961,88.2660140991211,315.90966796875,332.6792907714844,166.51788330078125,108.0351333618164
2024-12-25 00:00:00+08:00,267.29254150390625,548.232177734375,100.61650848388672,88.55044555664062,316.4009704589844,335.5430908203125,175.87835693359375,112.47493743896484
2024-12-26 00:00:00+08:00,266.3771667480469,550.9151611328125,104.601318359375,89.21409606933594,314.43572998046875,332.20196533203125,165.53256225585938,109.02175903320312
2024-12-27 00:00:00+08:00,266.3771667480469,558.0699462890625,101.1146011352539,87.69717407226562,310.5052795410156,335.0657958984375,162.57664489746094,106.0618896484375
2024-12-30 00:00:00+08:00,263.6310119628906,551.8095092773438,99.62030029296875,86.36986541748047,311.9792175292969,329.8154602050781,161.09866333007812,107.54182434082031
2024-12-31 00:00:00+08:00,262.7156066894531,550.9151611328125,100.11840057373047,87.03352355957031,323.27923583984375,330.7700500488281,165.53256225585938,117.90135955810547
2025-01-02 00:00:00+08:00,256.3078918457031,541.0774536132812,97.12979125976562,86.36986541748047,303.1357116699219,328.383544921875,162.08396911621094,122.83447265625
2025-01-03 00:00:00+08:00,264.54638671875,557.1755981445312,95.63549041748047,86.84390258789062,297.7313232421875,329.33819580078125,158.14271545410156,120.36791229248047
2025-01-06 00:00:00+08:00,269.1233215332031,562.5416870117188,99.12220001220703,87.69717407226562,297.2400207519531,337.9295959472656,158.14271545410156,116.42142486572266
2025-01-07 00:00:00+08:00,270.4963684082031,579.5341796875,98.02637481689453,88.92967224121094,290.36175537109375,343.6572265625,161.59132385253906,113.95486450195312
2025-01-08 00:00:00+08:00,270.0386962890625,577.7454833984375,96.23320770263672,89.40371704101562,292.8182678222656,360.840087890625,159.12803649902344,111.48831176757812
2025-01-09 00:00:00+08:00,263.6310119628906,566.1190795898438,90.85370635986328,86.65428924560547,276.60516357421875,343.6572265625,150.26022338867188,106.0618896484375
2025-01-10 00:00:00+08:00,259.5117492675781,559.858642578125,88.8613052368164,85.61140441894531,280.0443115234375,346.5210266113281,148.78224182128906,104.58195495605469
2025-01-13 00:00:00+08:00,247.6117401123047,544.6548461914062,85.37458801269531,79.54370880126953,280.0443115234375,341.27069091796875,142.37771606445312,100.63546752929688
2025-01-14 00:00:00+08:00,246.23867797851562,543.760498046875,88.8613052368164,83.33602142333984,282.5008544921875,340.7934265136719,141.3924102783203,102.60871124267578
2025-01-15 00:00:00+08:00,238.0001983642578,528.556640625,88.1639633178711,81.53466796875,275.1312561035156,336.9750061035156,138.9291229248047,102.11540222167969
2025-01-16 00:00:00+08:00,238.0001983642578,536.605712890625,90.55485534667969,81.53466796875,289.8704528808594,347.95294189453125,144.3483428955078,102.60871124267578
2025-01-17 00:00:00+08:00,238.45790100097656,536.605712890625,90.45523071289062,80.112548828125,283.48345947265625,348.43023681640625,140.40708923339844,98.66222381591797
2025-01-20 00:00:00+08:00,244.40789794921875,545.5491943359375,93.24459838867188,80.9658203125,288.3965148925781,348.90753173828125,140.89974975585938,101.6220932006836
2025-01-21 00:00:00+08:00,246.23867797851562,535.7113647460938,91.94953918457031,81.250244140625,286.922607421875,350.3394470214844,138.9291229248047,101.1287841796875
2025-01-22 00:00:00+08:00,246.6963653564453,542.8661499023438,93.3442153930664,80.58659362792969,287.90521240234375,361.794677734375,138.9291229248047,100.14215850830078
2025-02-03 00:00:00+08:00,222.4386444091797,580.4285278320312,90.35560607910156,77.55274963378906,282.5008544921875,357.4989929199219,134.49522399902344,92.545166015625
2025-02-04 00:00:00+08:00,215.11557006835938,578.6398315429688,90.95333862304688,77.0787124633789,300.6791687011719,357.97625732421875,134.9878692626953,93.72911071777344
2025-02-05 00:00:00+08:00,219.69248962402344,587.5833129882812,92.74649810791016,79.828125,309.5226745605469,393.7738952636719,140.40708923339844,97.28095245361328
2025-02-06 00:00:00+08:00,221.98094177246094,583.111572265625,95.03776550292969,80.49178314208984,318.3661804199219,391.86468505859375,139.91444396972656,102.11540222167969
2025-02-07 00:00:00+08:00,230.67710876464844,594.7379760742188,94.24079895019531,81.819091796875,319.3487854003906,392.8193054199219,141.3924102783203,102.11540222167969
2025-02-10 00:00:00+08:00,230.67710876464844,598.3153686523438,94.73889923095703,82.57755279541016,316.4009704589844,390.4327697753906,141.88507080078125,100.63546752929688
2025-02-11 00:00:00+08:00,236.16941833496094,594.7379760742188,91.75029754638672,82.29312896728516,338.50970458984375,390.4327697753906,148.2895965576172,101.6220932006836
2025-02-12 00:00:00+08:00,236.16941833496094,603.6814575195312,91.75029754638672,82.29312896728516,331.6314392089844,389.4781799316406,151.24554443359375,108.0351333618164
2025-02-13 00:00:00+08:00,238.0001983642578,607.2588500976562,94.34041595458984,82.67236328125,327.70098876953125,384.2278747558594,148.2895965576172,108.0351333618164
2025-02-14 00:00:00+08:00,238.0001983642578,606.364501953125,95.63549041748047,84.28409576416016,331.6314392089844,381.84136962890625,142.87037658691406,108.0351333618164
2025-02-17 00:00:00+08:00,238.45790100097656,609.0474853515625,97.8271255493164,85.80101776123047,357.1793518066406,383.27325439453125,152.23085021972656,110.5016860961914
2025-02-18 00:00:00+08:00,242.1194305419922,624.2513427734375,95.735107421875,85.42178344726562,356.6880187988281,389.0008850097656,153.7088165283203,111.98162841796875
2025-02-19 00:00:00+08:00,246.6963653564453,617.9909057617188,96.43245697021484,89.21409606933594,352.2662658691406,388.0462646484375,152.7235107421875,109.02175903320312
2025-02-20 00:00:00+08:00,243.95021057128906,619.7796020507812,95.735107421875,88.45563507080078,350.301025390625,396.160400390625,149.76756286621094,107.04851531982422
2025-02-21 00:00:00+08:00,247.154052734375,634.089111328125,95.43624877929688,89.02448272705078,352.7575988769531,399.02423095703125,158.63539123535156,110.5016860961914
2025-02-24 00:00:00+08:00,242.57713317871094,624.2513427734375,95.13738250732422,89.02448272705078,353.2489013671875,396.160400390625,156.17208862304688,110.5016860961914
2025-02-25 00:00:00+08:00,232.965576171875,617.9909057617188,93.3442153930664,86.84390258789062,340.96624755859375,387.5690002441406,152.23085021972656,107.54182434082031
2025-02-26 00:00:00+08:00,238.0001983642578,624.2513427734375,93.14497375488281,87.03352355957031,339.4923095703125,390.91009521484375,157.6500701904297,106.55520629882812
2025-02-27 00:00:00+08:00,229.3040313720703,609.9418334960938,91.0529556274414,89.40371704101562,307.5574645996094,387.5690002441406,154.6941375732422,102.11540222167969
2025-03-03 00:00:00+08:00,229.3040313720703,598.3153686523438,87.86510467529297,87.50756072998047,296.25738525390625,382.31866455078125,155.679443359375,98.46490478515625
2025-03-04 00:00:00+08:00,236.6271209716797,599.209716796875,89.16016387939453,88.8348617553711,295.7660827636719,377.5456237792969,153.7088165283203,100.63546752929688
2025-03-05 00:00:00+08:00,239.8309783935547,606.364501953125,89.75788879394531,92.8167953491211,300.1878356933594,372.2953186035156,152.7235107421875,104.0886459350586
2025-03-06 00:00:00+08:00,238.45790100097656,602.787109375,88.66207122802734,101.91834259033203,301.6617736816406,390.4327697753906,150.75286865234375,101.1287841796875
2025-03-07 00:00:00+08:00,236.16941833496094,589.3719482421875,87.46662902832031,97.17794799804688,293.8008728027344,377.068359375,147.30429077148438,97.67559814453125
2025-03-10 00:00:00+08:00,238.91558837890625,584.9002685546875,86.27117919921875,95.75582885742188,294.2922058105469,376.5910339355469,146.81161499023438,96.68898010253906
2025-03-11 00:00:00+08:00,232.965576171875,584.9002685546875,85.27497100830078,87.12832641601562,283.9747619628906,377.068359375,143.85569763183594,95.01171875
2025-03-12 00:00:00+08:00,237.54249572753906,536.605712890625,84.7768783569336,85.61140441894531,287.41387939453125,372.7726135253906,147.79693603515625,94.41974639892578
2025-03-13 00:00:00+08:00,235.71173095703125,543.760498046875,84.97611999511719,92.53236389160156,287.90521240234375,373.72723388671875,148.2895965576172,94.91305541992188
2025-03-14 00:00:00+08:00,234.7963409423828,543.760498046875,85.27497100830078,93.10121154785156,290.36175537109375,364.6584777832031,155.679443359375,94.41974639892578
2025-03-17 00:00:00+08:00,233.4232635498047,558.0699462890625,86.17155456542969,102.39237213134766,292.8182678222656,366.09039306640625,157.6500701904297,95.01171875
2025-03-18 00:00:00+08:00,237.54249572753906,586.68896484375,88.36320495605469,112.3471908569336,294.2922058105469,372.2953186035156,155.679443359375,95.30770111083984
2025-03-19 00:00:00+08:00,232.05018615722656,576.8511352539062,93.04536437988281,105.23661041259766,279.5530090332031,369.4315185546875,147.30429077148438,91.85453033447266
2025-03-20 00:00:00+08:00,235.25404357910156,581.3228759765625,92.44764709472656,106.18468475341797,281.02691650390625,376.1137390136719,147.79693603515625,92.44649505615234
2025-03-21 00:00:00+08:00,234.33865356445312,581.3228759765625,92.1487808227539,103.3404541015625,274.1486511230469,373.24993896484375,147.30429077148438,91.45987701416016
2025-03-24 00:00:00+08:00,228.38865661621094,564.3303833007812,88.06434631347656,105.23661041259766,266.2877502441406,372.7726135253906,143.85569763183594,90.07861328125
2025-03-25 00:00:00+08:00,228.38865661621094,564.3303833007812,85.97232055664062,101.91834259033203,268.7442932128906,376.1137390136719,144.8409881591797,90.17727661132812
2025-03-26 00:00:00+08:00,230.67710876464844,576.8511352539062,86.17155456542969,97.65198516845703,269.7268981933594,380.4094543457031,146.81161499023438,90.76924896240234
2025-03-27 00:00:00+08:00,225.184814453125,572.37939453125,85.87269592285156,91.6791000366211,266.2877502441406,378.02294921875,147.79693603515625,88.30268859863281
2025-03-28 00:00:00+08:00,220.6078643798828,574.1680908203125,81.4894027709961,87.22313690185547,256.95294189453125,370.3861083984375,142.37771606445312,86.03345489501953
2025-03-31 00:00:00+08:00,205.50401306152344,544.6548461914062,75.11370849609375,78.50082397460938,236.8094024658203,357.97625732421875,134.0025634765625,78.92977905273438
2025-04-01 00:00:00+08:00,214.20018005371094,548.232177734375,79.69624328613281,78.40601348876953,237.30072021484375,366.5677185058594,139.91444396972656,82.48162078857422
2025-04-02 00:00:00+08:00,213.2847900390625,540.18310546875,79.19813537597656,81.91390228271484,240.73985290527344,372.2953186035156,142.87037658691406,82.67894744873047
2025-04-07 00:00:00+08:00,192.23094177246094,486.52252197265625,71.32813262939453,73.76043701171875,216.66587829589844,335.0657958984375,128.58334350585938,74.48998260498047
2025-04-08 00:00:00+08:00,175.29629516601562,438.22802734375,64.25509643554688,66.46023559570312,195.0484161376953,316.9283142089844,115.7742691040039,67.0903091430664
2025-04-09 00:00:00+08:00,163.39630126953125,394.40521240234375,57.87939453125,59.823692321777344,175.88748168945312,291.63134765625,104.44316864013672,60.381282806396484
2025-04-10 00:00:00+08:00,179.41554260253906,433.75628662109375,63.657371520996094,65.79658508300781,193.08319091796875,320.7467346191406,114.78895568847656,66.3996810913086
2025-04-11 00:00:00+08:00,197.2655487060547,457.903564453125,65.35092163085938,67.78754425048828,187.67881774902344,317.8829040527344,109.36973571777344,67.0903091430664
2025-04-14 00:00:00+08:00,208.70787048339844,484.7338562011719,67.74180603027344,70.7265853881836,189.15274047851562,323.13323974609375,114.29630279541016,66.79432678222656
2025-04-15 00:00:00+08:00,208.70787048339844,503.5150146484375,71.0292739868164,75.94100952148438,201.92669677734375,330.7700500488281,120.7008285522461,70.05017852783203
2025-04-16 00:00:00+08:00,207.79249572753906,494.5716247558594,68.43914794921875,72.8123550415039,190.6266632080078,325.519775390625,117.7448959350586,67.68228149414062
2025-04-17 00:00:00+08:00,210.53863525390625,485.6282043457031,69.33573150634766,73.47600555419922,191.1179656982422,309.29150390625,118.23755645751953,67.28763580322266
2025-04-18 00:00:00+08:00,210.996337890625,485.6282043457031,69.13648986816406,74.99292755126953,187.67881774902344,315.4964294433594,117.25224304199219,66.30101013183594
2025-04-21 00:00:00+08:00,212.36941528320312,474.89605712890625,66.24749755859375,71.8642807006836,176.87010192871094,310.24609375,110.35504913330078,62.255859375
2025-04-22 00:00:00+08:00,204.588623046875,457.903564453125,65.55015563964844,73.85523986816406,175.88748168945312,305.9504089355469,112.81832885742188,61.66389083862305
2025-04-23 00:00:00+08:00,215.11557006835938,485.6282043457031,68.23990631103516,75.3721694946289,183.257080078125,316.4510498046875,116.75958251953125,64.03178405761719
2025-04-24 00:00:00+08:00,210.53863525390625,486.52252197265625,68.93724822998047,73.85523986816406,185.71359252929688,312.6325988769531,115.7742691040039,64.72241973876953
2025-04-25 00:00:00+08:00,215.11557006835938,528.556640625,70.73040771484375,76.79428100585938,196.52232360839844,317.8829040527344,117.25224304199219,71.13545989990234
2025-04-28 00:00:00+08:00,224.26942443847656,521.4019165039062,72.1250991821289,79.25928497314453,198.97885131835938,325.519775390625,116.75958251953125,71.82610321044922
2025-04-29 00:00:00+08:00,221.98094177246094,524.0849609375,74.71522521972656,80.01775360107422,218.63108825683594,329.33819580078125,128.09068298339844,78.92977905273438
2025-04-30 00:00:00+08:00,218.3194122314453,518.7188720703125,72.22471618652344,78.02678680419922,216.174560546875,321.7013244628906,130.06130981445312,86.82275390625
2025-05-02 00:00:00+08:00,229.76173400878906,527.6622924804688,73.2209243774414,78.97486114501953,221.08763122558594,324.0878601074219,133.50990295410156,85.83613586425781
2025-05-05 00:00:00+08:00,225.6425018310547,514.2471313476562,71.12889862060547,73.0967788696289,203.40060424804688,323.6105651855469,130.06130981445312,78.6337890625
2025-05-06 00:00:00+08:00,232.5078887939453,524.979248046875,71.12889862060547,74.61370086669922,201.92669677734375,329.33819580078125,129.5686492919922,81.39633178710938
2025-05-07 00:00:00+08:00,232.5078887939453,531.2396850585938,71.228515625,73.66561889648438,201.92669677734375,325.0424499511719,127.1053695678711,79.5217514038086
2025-05-08 00:00:00+08:00,230.21942138671875,531.2396850585938,73.2209243774414,74.8033218383789,200.94407653808594,326.95166015625,129.5686492919922,79.9164047241211
2025-05-09 00:00:00+08:00,234.7963409423828,538.3944091796875,73.12130737304688,76.32024383544922,204.38320922851562,325.9970703125,131.04661560058594,82.87626647949219
2025-05-12 00:00:00+08:00,236.6271209716797,539.2887573242188,73.42015075683594,78.02678680419922,219.6136932373047,331.7247009277344,134.0025634765625,86.82275390625
2025-05-13 00:00:00+08:00,239.8309783935547,543.760498046875,72.62319946289062,79.73332214355469,238.77462768554688,331.24737548828125,135.9731903076172,88.40135192871094
2025-05-14 00:00:00+08:00,253.1040496826172,556.28125,73.02168273925781,87.69717407226562,237.30072021484375,331.24737548828125,137.94381713867188,90.47325897216797
2025-05-15 00:00:00+08:00,254.01943969726562,561.6473388671875,71.82623291015625,87.22313690185547,238.77462768554688,328.383544921875,145.82630920410156,89.78262329101562
2025-05-16 00:00:00+08:00,251.73098754882812,567.013427734375,71.72661590576172,86.46466827392578,237.79202270507812,329.8154602050781,146.81161499023438,89.97994232177734
2025-05-19 00:00:00+08:00,243.4925079345703,555.3869018554688,68.23990631103516,86.46466827392578,230.9137420654297,328.383544921875,143.363037109375,92.545166015625
2025-05-20 00:00:00+08:00,243.95021057128906,565.2247314453125,68.33952331542969,89.7829360961914,226.00067138671875,329.33819580078125,140.40708923339844,91.6572036743164
2025-05-21 00:00:00+08:00,248.98483276367188,561.6473388671875,69.33573150634766,91.11024475097656,228.4571990966797,333.6338806152344,139.42178344726562,90.67058563232422
2025-05-22 00:00:00+08:00,244.86558532714844,565.2247314453125,67.6421890258789,88.74005889892578,226.4919891357422,327.9062805175781,139.42178344726562,90.27593994140625
2025-05-23 00:00:00+08:00,241.6617431640625,556.28125,67.14408111572266,89.7829360961914,226.4919891357422,326.95166015625,137.94381713867188,88.20403289794922
2025-05-26 00:00:00+08:00,243.03482055664062,560.7529907226562,67.24369812011719,90.2569808959961,224.0354461669922,333.1565856933594,138.9291229248047,89.09198760986328
2025-05-27 00:00:00+08:00,243.4925079345703,543.760498046875,65.74939727783203,95.28179931640625,223.0528564453125,327.428955078125,135.4805145263672,88.00670623779297
2025-05-28 00:00:00+08:00,246.23867797851562,553.5982055664062,65.74939727783203,95.28179931640625,219.6136932373047,329.8154602050781,133.50990295410156,86.92141723632812
2025-05-29 00:00:00+08:00,248.52711486816406,558.9642944335938,66.74559783935547,89.6881332397461,220.5963134765625,326.474365234375,140.40708923339844,87.02007293701172
2025-06-02 00:00:00+08:00,248.06942749023438,556.28125,62.561546325683594,87.79197692871094,213.22671508789062,324.5651550292969,137.45114135742188,84.7508544921875
2025-06-03 00:00:00+08:00,251.73098754882812,570.5906982421875,62.4619255065918,87.03352355957031,214.20933532714844,327.428955078125,136.46583557128906,85.44148254394531
2025-06-04 00:00:00+08:00,256.3078918457031,570.5906982421875,63.85661315917969,89.6881332397461,221.08763122558594,329.8154602050781,140.40708923339844,89.38796997070312
2025-06-05 00:00:00+08:00,257.6809997558594,574.1680908203125,65.25129699707031,88.92967224121094,223.0528564453125,333.1565856933594,136.95849609375,87.612060546875
2025-06-06 00:00:00+08:00,252.6463623046875,576.8511352539062,65.15167999267578,89.7829360961914,217.6484832763672,324.0878601074219,136.95849609375,87.11874389648438
2025-06-09 00:00:00+08:00,252.6463623046875,577.7454833984375,63.75699234008789,91.48948669433594,213.71803283691406,328.8608703613281,135.9731903076172,86.23078155517578
2025-06-10 00:00:00+08:00,259.5117492675781,589.3719482421875,63.4581298828125,95.75582885742188,211.7528076171875,330.29278564453125,139.91444396972656,87.2174072265625
2025-06-11 00:00:00+08:00,259.0540466308594,603.6814575195312,65.9486312866211,93.85968017578125,216.66587829589844,335.5430908203125,139.91444396972656,89.28931427001953
2025-06-12 00:00:00+08:00,262.2579040527344,609.9418334960938,66.14788055419922,93.00640869140625,217.6484832763672,332.20196533203125,139.91444396972656,88.20403289794922
2025-06-13 00:00:00+08:00,263.1733093261719,611.7305297851562,63.3585090637207,90.44659423828125,212.24412536621094,329.33819580078125,136.46583557128906,85.83613586425781
2025-06-16 00:00:00+08:00,261.80023193359375,610.836181640625,65.15167999267578,93.19602966308594,211.7528076171875,323.6105651855469,139.91444396972656,85.44148254394531
2025-06-17 00:00:00+08:00,259.0540466308594,626.0400390625,65.25129699707031,93.38563537597656,208.80496215820312,321.7013244628906,138.9291229248047,84.84951782226562
2025-06-18 00:00:00+08:00,259.0540466308594,630.51171875,64.45433044433594,94.3337173461914,210.27890014648438,324.5651550292969,137.94381713867188,84.55352020263672
2025-06-19 00:00:00+08:00,255.3925323486328,630.51171875,62.561546325683594,94.42852020263672,202.41798400878906,317.4056396484375,134.9878692626953,82.67894744873047
2025-06-20 00:00:00+08:00,255.8502197265625,610.836181640625,61.062469482421875,90.2569808959961,200.45277404785156,314.54180908203125,134.0025634765625,81.88964080810547
2025-06-23 00:00:00+08:00,258.138671875,606.364501953125,60.76265335083008,88.2660140991211,202.9093017578125,312.6325988769531,132.0319366455078,81.39633178710938
2025-06-24 00:00:00+08:00,265.0040588378906,666.2854614257812,62.561546325683594,92.8167953491211,208.80496215820312,318.3602294921875,135.4805145263672,84.356201171875
2025-06-25 00:00:00+08:00,268.2079162597656,626.0400390625,63.56093215942383,91.6791000366211,208.80496215820312,319.3148193359375,134.9878692626953,83.66556549072266
2025-06-26 00:00:00+08:00,265.4617614746094,602.5399780273438,63.061241149902344,90.2569808959961,209.78758239746094,321.22406005859375,135.4805145263672,84.25753784179688
2025-06-27 00:00:00+08:00,261.342529296875,601.5999755859375,63.56093215942383,89.49852752685547,207.82235717773438,324.0878601074219,135.9731903076172,84.356201171875
2025-06-30 00:00:00+08:00,263.2606201171875,605.3599853515625,61.76203918457031,94.04928588867188,206.34844970703125,324.5651550292969,134.49522399902344,82.3829574584961
2025-07-01 00:00:00+08:00,269.4944763183594,611.0,61.961917877197266,103.3404541015625,205.36582946777344,324.5651550292969,134.49522399902344,82.08696746826172
2025-07-02 00:00:00+08:00,270.45355224609375,622.2799682617188,61.26234817504883,95.28179931640625,206.83975219726562,322.65594482421875,134.9878692626953,82.08696746826172
2025-07-03 00:00:00+08:00,268.5354309082031,600.6599731445312,62.9613037109375,92.2479476928711,219.1223907470703,327.428955078125,135.4805145263672,84.25753784179688
2025-07-04 00:00:00+08:00,266.6173400878906,587.5,60.562774658203125,90.63621520996094,212.24412536621094,328.383544921875,134.0025634765625,81.39633178710938
2025-07-07 00:00:00+08:00,265.65826416015625,595.02001953125,59.763267517089844,89.1192855834961,202.9093017578125,324.0878601074219,130.55397033691406,78.92977905273438
2025-07-08 00:00:00+08:00,260.8630065917969,595.02001953125,58.564002990722656,89.7829360961914,197.99624633789062,325.0424499511719,128.09068298339844,77.84449768066406
2025-07-09 00:00:00+08:00,264.69921875,602.5399780273438,58.76388168334961,90.35179138183594,201.43539428710938,326.474365234375,130.55397033691406,78.43647003173828
2025-07-10 00:00:00+08:00,261.8220520019531,603.47998046875,59.36351776123047,90.2569808959961,198.487548828125,329.8154602050781,130.553955078125,78.23914337158203
2025-07-11 00:00:00+08:00,261.8220520019531,603.47998046875,61.46222686767578,91.48948669433594,204.38320922851562,332.6792907714844,131.0503692626953,79.423095703125
2025-07-14 00:00:00+08:00,258.4653625488281,593.1400146484375,60.262962341308594,89.59332275390625,201.92669677734375,326.474365234375,131.0503692626953,77.94315338134766
2025-07-15 00:00:00+08:00,259.4244079589844,601.5999755859375,61.162410736083984,90.06736755371094,204.38320922851562,322.17864990234375,131.0503692626953,79.32443237304688
2025-07-16 00:00:00+08:00,261.342529296875,596.9000244140625,64.86013793945312,89.30890655517578,202.41798400878906,322.17864990234375,132.0431671142578,79.423095703125
2025-07-17 00:00:00+08:00,259.9039306640625,601.5999755859375,63.56093215942383,90.06736755371094,212.75762939453125,324.03118896484375,136.5107879638672,82.08696746826172
2025-07-18 00:00:00+08:00,262.30157470703125,600.6599731445312,62.461612701416016,89.7829360961914,212.26052856445312,326.968017578125,139.4892120361328,82.67894744873047
2025-07-21 00:00:00+08:00,262.30157470703125,601.5999755859375,61.86198043823242,89.21409606933594,213.75181579589844,333.3311767578125,141.97122192382812,83.27091979980469
2025-07-22 00:00:00+08:00,251.75196838378906,585.6199951171875,59.56338882446289,86.08544158935547,207.78665161132812,327.4574890136719,136.01438903808594,80.90302276611328
2025-07-23 00:00:00+08:00,253.67007446289062,599.719970703125,61.46222686767578,87.22313690185547,216.2373046875,331.86273193359375,142.9640350341797,83.76422882080078
2025-07-24 00:00:00+08:00,257.98583984375,608.1799926757812,61.76203918457031,88.74005889892578,215.74020385742188,330.8837890625,143.9568328857422,83.8628921508789
2025-07-25 00:00:00+08:00,257.50628662109375,615.7000122070312,61.162410736083984,87.79197692871094,215.2431182861328,333.8206481933594,140.48202514648438,84.06021118164062
2025-07-28 00:00:00+08:00,260.8630065917969,622.2799682617188,61.162410736083984,87.88678741455078,212.75762939453125,332.8417053222656,139.98561096191406,83.07359313964844
2025-07-29 00:00:00+08:00,256.5472412109375,611.9400024414062,60.76265335083008,86.08544158935547,211.26632690429688,325.98907470703125,138.0,81.98831176757812
2025-07-30 00:00:00+08:00,258.94488525390625,613.8200073242188,61.56216049194336,85.99063110351562,213.2547149658203,331.86273193359375,138.49639892578125,85.2441635131836
2025-07-31 00:00:00+08:00,269.9740295410156,622.2799682617188,59.763267517089844,85.99063110351562,211.26632690429688,328.4364318847656,136.5107879638672,84.25753784179688
2025-08-04 00:00:00+08:00,269.4944763183594,625.0999755859375,60.3629035949707,87.60236358642578,208.78085327148438,316.1996154785156,142.46763610839844,85.73747253417969
2025-08-05 00:00:00+08:00,276.2078857421875,635.4400024414062,60.562774658203125,88.2660140991211,210.2721405029297,321.0943298339844,144.4532470703125,85.73747253417969
2025-08-06 00:00:00+08:00,276.6874084472656,639.2000122070312,59.763267517089844,87.98160552978516,207.78665161132812,318.64697265625,142.46763610839844,85.34282684326172
2025-08-07 00:00:00+08:00,277.16693115234375,641.0800170898438,59.163639068603516,88.74005889892578,210.2721405029297,322.0732727050781,141.47482299804688,84.06021118164062
2025-08-08 00:00:00+08:00,278.6054992675781,639.2000122070312,57.96437454223633,90.2569808959961,214.7460174560547,315.2206726074219,143.46043395996094,86.72409057617188
2025-08-11 00:00:00+08:00,278.1259765625,622.2799682617188,57.06492614746094,90.44659423828125,215.2431182861328,312.2838134765625,141.47482299804688,90.47325897216797
2025-08-12 00:00:00+08:00,271.41259765625,613.8200073242188,57.96437454223633,91.9635238647461,212.26052856445312,312.2838134765625,143.9568328857422,88.7959976196289
2025-08-13 00:00:00+08:00,260.3834533691406,601.5999755859375,58.76388168334961,91.11024475097656,207.78665161132812,308.8575134277344,142.46763610839844,89.58529663085938
2025-08-14 00:00:00+08:00,259.4244079589844,602.5399780273438,60.06308364868164,90.82583618164062,206.2953643798828,308.3680419921875,140.48202514648438,86.92141723632812
2025-08-15 00:00:00+08:00,259.4244079589844,594.0800170898438,61.26234817504883,90.11933898925781,208.78085327148438,311.30487060546875,146.9352569580078,89.28931427001953
2025-08-18 00:00:00+08:00,257.98583984375,595.02001953125,63.86075210571289,92.05947875976562,217.23150634765625,308.3680419921875,150.4100799560547,90.37459564208984
2025-08-19 00:00:00+08:00,257.0267639160156,595.02001953125,62.06185531616211,90.50736999511719,210.2721405029297,308.8575134277344,144.4532470703125,88.00670623779297
2025-08-20 00:00:00+08:00,248.8748016357422,587.5,59.86320877075195,87.40314483642578,201.8214874267578,303.4732971191406,138.99281311035156,83.8628921508789
2025-08-21 00:00:00+08:00,248.39527893066406,588.4400024414062,63.2611198425293,87.79117584228516,204.80406188964844,308.3680419921875,139.98561096191406,84.85770416259766
2025-08-22 00:00:00+08:00,247.91575622558594,583.739990234375,60.662715911865234,86.9181137084961,201.8214874267578,308.3680419921875,137.0072021484375,84.55925750732422
2025-08-25 00:00:00+08:00,257.0267639160156,595.02001953125,61.46222686767578,89.82831573486328,213.75181579589844,312.2838134765625,150.4100799560547,87.64318084716797
2025-08-26 00:00:00+08:00,254.1496124267578,599.719970703125,61.46222686767578,91.28341674804688,212.75762939453125,315.2206726074219,165.3021697998047,88.33956146240234
2025-08-27 00:00:00+08:00,257.98583984375,596.9000244140625,62.861366271972656,92.93254089355469,213.75181579589844,346.54693603515625,165.3021697998047,87.74266052246094
2025-08-28 00:00:00+08:00,255.10865783691406,595.9600219726562,61.961917877197266,91.18640899658203,214.24891662597656,347.0364074707031,160.83453369140625,88.73748016357422
2025-08-29 00:00:00+08:00,251.75196838378906,594.0800170898438,62.76142501831055,89.3432846069336,212.26052856445312,336.7574768066406,155.87051391601562,87.1457748413086
2025-09-01 00:00:00+08:00,245.5181121826172,581.8599853515625,61.46222686767578,87.50015258789062,205.7982635498047,336.7574768066406,148.42446899414062,83.96237182617188
2025-09-02 00:00:00+08:00,243.12046813964844,581.8599853515625,60.662715911865234,87.30613708496094,203.31277465820312,330.3943176269531,143.9568328857422,82.76859283447266
2025-09-03 00:00:00+08:00,243.12046813964844,587.5,62.561546325683594,86.9181137084961,203.80987548828125,329.4153747558594,144.94964599609375,83.66392517089844
2025-09-04 00:00:00+08:00,246.4771728515625,596.9000244140625,61.062469482421875,86.7240982055664,204.80406188964844,326.4785461425781,142.9640350341797,82.56962585449219
2025-09-05 00:00:00+08:00,247.91575622558594,606.2999877929688,62.16179656982422,87.59716033935547,206.79244995117188,333.8206481933594,144.4532470703125,83.0670394897461
2025-09-08 00:00:00+08:00,249.35433959960938,606.2999877929688,61.961917877197266,88.27620697021484,204.80406188964844,330.8837890625,145.446044921875,83.36548614501953
2025-09-09 00:00:00+08:00,251.75196838378906,621.3400268554688,60.96253204345703,89.24627685546875,219.2198944091797,333.3311767578125,148.92086791992188,83.8628921508789
2025-09-10 00:00:00+08:00,261.8220520019531,627.9199829101562,60.16302490234375,90.02233123779297,214.7460174560547,343.610107421875,150.90647888183594,84.95718383789062
2025-09-11 00:00:00+08:00,258.94488525390625,649.5399780273438,57.26480484008789,85.26899719238281,209.77503967285156,336.7574768066406,145.446044921875,80.87844848632812
2025-09-12 00:00:00+08:00,262.7810974121094,664.5800170898438,57.464683532714844,84.2989273071289,216.2373046875,336.7574768066406,145.94244384765625,81.07740783691406
2025-09-15 00:00:00+08:00,264.69921875,650.47998046875,56.964988708496094,82.94083404541016,212.75762939453125,329.90484619140625,141.47482299804688,80.28155517578125
2025-09-16 00:00:00+08:00,262.30157470703125,643.9000244140625,58.364131927490234,84.4929428100586,213.75181579589844,327.94696044921875,145.94244384765625,80.67948150634766
2025-09-17 00:00:00+08:00,261.8220520019531,632.6199951171875,58.264190673828125,84.97797393798828,214.7460174560547,317.1785583496094,143.9568328857422,81.17688751220703
2025-09-18 00:00:00+08:00,268.055908203125,639.2000122070312,64.06062316894531,86.43307495117188,217.7285919189453,319.1364440917969,142.9640350341797,80.67948150634766
2025-09-19 00:00:00+08:00,269.4944763183594,627.9199829101562,61.86198043823242,84.00790405273438,221.7053680419922,317.1785583496094,143.46043395996094,81.2763671875
2025-09-22 00:00:00+08:00,269.4944763183594,642.9600219726562,60.562774658203125,84.4929428100586,219.2198944091797,318.1575012207031,144.94964599609375,81.57481384277344
2025-09-23 00:00:00+08:00,274.769287109375,642.9600219726562,59.46345520019531,83.23185729980469,216.2373046875,320.6048583984375,143.46043395996094,80.87844848632812
2025-09-24 00:00:00+08:00,271.8921203613281,642.9600219726562,58.364131927490234,83.13484191894531,216.73440551757812,320.1153869628906,142.46763610839844,80.38104248046875
2025-09-25 00:00:00+08:00,273.3307189941406,648.5999755859375,57.56462097167969,81.67974090576172,219.2198944091797,314.24169921875,146.43885803222656,80.48052215576172
2025-09-26 00:00:00+08:00,273.3307189941406,637.3200073242188,55.06615447998047,79.54559326171875,214.7460174560547,309.8364562988281,139.4892120361328,77.39659881591797
2025-09-30 00:00:00+08:00,278.1259765625,630.739990234375,55.56584930419922,80.80668640136719,214.24891662597656,312.2838134765625,140.97842407226562,79.08777618408203
2025-10-01 00:00:00+08:00,274.769287109375,635.4400024414062,55.16609573364258,83.13484191894531,213.2547149658203,311.30487060546875,139.98561096191406,79.08777618408203
2025-10-02 00:00:00+08:00,281.96221923828125,642.9600219726562,54.86627960205078,80.70967102050781,216.73440551757812,310.325927734375,138.99281311035156,77.69503784179688
2025-10-03 00:00:00+08:00,287.716552734375,643.9000244140625,54.3665885925293,79.83661651611328,215.74020385742188,312.2838134765625,138.49639892578125,78.39141082763672
2025-10-07 00:00:00+08:00,295.8684997558594,649.5399780273438,56.0655403137207,79.93362426757812,220.21408081054688,316.1996154785156,138.99281311035156,80.08259582519531
2025-10-08 00:00:00+08:00,293.4708557128906,650.47998046875,56.365360260009766,79.4485855102539,227.17344665527344,319.1364440917969,139.98561096191406,80.58000183105469
2025-10-09 00:00:00+08:00,285.7984313964844,636.3800048828125,55.66578674316406,78.96355438232422,223.19667053222656,319.62591552734375,137.50360107421875,79.08777618408203
2025-10-13 00:00:00+08:00,282.4417419433594,655.1799926757812,54.86627960205078,77.99348449707031,214.24891662597656,313.7522277832031,134.02877807617188,78.29192352294922
2025-10-14 00:00:00+08:00,272.37164306640625,645.7799682617188,53.86689376831055,77.12042236328125,207.28955078125,311.7943420410156,130.05755615234375,77.29711151123047
2025-10-15 00:00:00+08:00,274.2897644042969,642.9600219726562,53.56707763671875,77.41144561767578,207.78665161132812,316.6890869140625,130.05755615234375,77.49607849121094
2025-10-16 00:00:00+08:00,279.5645751953125,643.9000244140625,55.36597442626953,78.67253112792969,208.78085327148438,319.62591552734375,130.553955078125,77.99348449707031
2025-10-17 00:00:00+08:00,276.6874084472656,643.9000244140625,54.26664733886719,78.09049224853516,206.79244995117188,318.1575012207031,129.06475830078125,76.89918518066406
2025-10-20 00:00:00+08:00,284.3598327636719,644.8400268554688,54.566463470458984,79.4485855102539,209.77503967285156,315.2206726074219,130.553955078125,76.99866485595703
2025-10-21 00:00:00+08:00,279.0850524902344,649.5399780273438,55.06615447998047,79.7396011352539,214.7460174560547,318.1575012207031,133.53237915039062,77.99348449707031
2025-10-22 00:00:00+08:00,277.6464538574219,657.0599975585938,55.26603317260742,80.12763214111328,219.2198944091797,319.62591552734375,133.53237915039062,78.8888168334961
2025-10-23 00:00:00+08:00,281.482666015625,656.1199951171875,53.667015075683594,79.54559326171875,220.711181640625,316.6890869140625,133.03598022460938,77.69503784179688
2025-10-27 00:00:00+08:00,296.82757568359375,671.1599731445312,54.566463470458984,79.54559326171875,218.72279357910156,318.1575012207031,133.03598022460938,76.60073852539062
2025-10-28 00:00:00+08:00,291.5527648925781,666.4600219726562,53.96683120727539,78.86654663085938,217.7285919189453,321.58380126953125,133.53237915039062,75.70540618896484
2025-10-29 00:00:00+08:00,295.38897705078125,666.4600219726562,53.56707763671875,79.54559326171875,218.22569274902344,323.5417175292969,131.54676818847656,75.70540618896484
2025-10-30 00:00:00+08:00,293.4708557128906,666.4600219726562,52.66762924194336,79.4485855102539,219.2198944091797,318.1575012207031,130.553955078125,75.1085205078125
2025-10-31 00:00:00+08:00,288.1960754394531,655.1799926757812,52.567691802978516,79.54559326171875,222.2024688720703,306.8996276855469,130.553955078125,75.40696716308594
2025-11-03 00:00:00+08:00,285.31890869140625,649.5399780273438,51.668243408203125,79.3515853881836,223.6937713623047,309.8364562988281,131.0503692626953,76.60073852539062
2025-11-04 00:00:00+08:00,275.7283630371094,646.719970703125,49.96928787231445,77.50845336914062,215.74020385742188,302.4943542480469,127.57554626464844,74.51163482666016
2025-11-05 00:00:00+08:00,277.6464538574219,640.1400146484375,49.46959686279297,76.53838348388672,216.2373046875,301.5154113769531,125.58992767333984,73.0194091796875
2025-11-06 00:00:00+08:00,281.0031433105469,640.1400146484375,49.96928787231445,76.9264144897461,216.73440551757812,305.9206848144531,127.07913970947266,74.61111450195312
2025-11-07 00:00:00+08:00,275.2488098144531,624.1599731445312,49.16978073120117,78.38151550292969,212.75762939453125,297.11016845703125,124.59712219238281,73.71577453613281
2025-11-10 00:00:00+08:00,279.5645751953125,623.219970703125,49.41962814331055,79.06056213378906,208.78085327148438,293.683837890625,129.06475830078125,73.3178482055664
2025-11-11 00:00:00+08:00,279.5645751953125,621.3400268554688,50.56892013549805,79.3515853881836,208.28375244140625,291.7259521484375,129.06475830078125,75.30747985839844
2025-11-12 00:00:00+08:00,276.2078857421875,608.1799926757812,51.46836853027344,78.76953887939453,203.80987548828125,291.7259521484375,128.0719451904297,75.1085205078125
2025-11-13 00:00:00+08:00,273.3307189941406,595.02001953125,51.76818084716797,76.44137573242188,198.83889770507812,288.78912353515625,124.59712219238281,74.01422119140625
2025-11-14 00:00:00+08:00,268.055908203125,595.02001953125,50.36904525756836,74.98627471923828,197.3476104736328,284.38385009765625,121.61870574951172,72.52200317382812
2025-11-17 00:00:00+08:00,264.69921875,573.4000244140625,51.06861114501953,75.4713134765625,191.87954711914062,286.8312072753906,123.10791778564453,72.42252349853516
2025-11-18 00:00:00+08:00,258.94488525390625,529.219970703125,48.96990203857422,71.39701843261719,185.4172821044922,275.0838623046875,119.1366958618164,70.13444519042969
2025-11-19 00:00:00+08:00,256.0677185058594,532.0399780273438,48.37027359008789,71.00898742675781,185.4172821044922,270.6786193847656,118.64028930664062,70.13444519042969
2025-11-20 00:00:00+08:00,262.7810974121094,538.6199951171875,50.0692253112793,74.11321258544922,185.4172821044922,274.10491943359375,123.10791778564453,71.02977752685547
2025-11-21 00:00:00+08:00,258.94488525390625,538.6199951171875,48.620121002197266,71.39701843261719,182.4346923828125,275.5733337402344,119.63309478759766,69.53755950927734
2025-11-24 00:00:00+08:00,260.8630065917969,549.9000244140625,48.770023345947266,72.17308044433594,179.94920349121094,280.9575500488281,120.62590026855469,69.43807983398438
2025-11-25 00:00:00+08:00,263.74017333984375,554.5999755859375,49.51956558227539,79.3515853881836,182.93179321289062,278.9996643066406,122.1151123046875,71.62666320800781
2025-11-26 00:00:00+08:00,268.055908203125,575.2799682617188,51.46836853027344,80.12763214111328,186.9085693359375,283.4049072265625,128.0719451904297,73.51681518554688
2025-11-27 00:00:00+08:00,269.9740295410156,574.3400268554688,51.268489837646484,79.6426010131836,187.9027557373047,281.9364929199219,129.06475830078125,72.91992950439453
2025-11-28 00:00:00+08:00,270.45355224609375,564.9400024414062,51.96805953979492,78.38151550292969,191.87954711914062,281.9364929199219,132.53956604003906,73.61629486083984
2025-12-01 00:00:00+08:00,275.2488098144531,566.8200073242188,50.868736267089844,76.82939910888672,190.38824462890625,281.9364929199219,125.58992767333984,72.72096252441406
2025-12-02 00:00:00+08:00,276.6874084472656,570.5800170898438,50.668861389160156,76.15035247802734,191.3824462890625,280.9575500488281,126.08633422851562,72.12407684326172
2025-12-03 00:00:00+08:00,280.52362060546875,579.0399780273438,51.46836853027344,77.50845336914062,192.3766326904297,281.447021484375,125.0935287475586,72.52200317382812
2025-12-04 00:00:00+08:00,282.4417419433594,570.5800170898438,51.96805953979492,77.896484375,194.86212158203125,283.8943786621094,137.50360107421875,74.11370086669922
2025-12-05 00:00:00+08:00,285.31890869140625,572.4600219726562,51.76818084716797,77.79946899414062,197.3476104736328,280.9575500488281,135.5179901123047,73.0194091796875
2025-12-08 00:00:00+08:00,285.31890869140625,565.8800048828125,56.86505126953125,78.96355438232422,194.86212158203125,279.9786071777344,134.02877807617188,72.52200317382812
2025-12-09 00:00:00+08:00,283.88031005859375,560.239990234375,62.461612701416016,79.54559326171875,197.3476104736328,278.51019287109375,131.54676818847656,72.12407684326172
2025-12-10 00:00:00+08:00,280.52362060546875,559.2999877929688,64.86013793945312,78.47852325439453,198.83889770507812,276.5522766113281,130.05755615234375,71.72614288330078
2025-12-11 00:00:00+08:00,276.2078857421875,556.47998046875,66.55908966064453,78.76953887939453,198.83889770507812,275.5733337402344,127.57554626464844,72.32303619384766
2025-12-12 00:00:00+08:00,274.769287109375,552.719970703125,64.06062316894531,79.25457000732422,202.31858825683594,274.10491943359375,127.57554626464844,72.02459716796875
2025-12-15 00:00:00+08:00,273.3307189941406,548.9600219726562,61.36228942871094,78.1875,199.33599853515625,270.6786193847656,127.57554626464844,71.92511749267578
2025-12-16 00:00:00+08:00,261.8220520019531,550.8400268554688,58.564002990722656,76.9264144897461,195.8563232421875,268.2312316894531,129.06475830078125,70.830810546875
2025-12-17 00:00:00+08:00,254.1496124267578,542.3800048828125,56.964988708496094,76.34436798095703,194.36502075195312,267.74176025390625,125.58992767333984,70.9302978515625
2025-12-18 00:00:00+08:00,249.35433959960938,520.760009765625,55.765724182128906,75.4713134765625,192.3766326904297,269.210205078125,124.10072326660156,70.63185119628906
2025-12-19 00:00:00+08:00,254.1496124267578,517.0,56.265419006347656,77.50845336914062,194.86212158203125,276.5522766113281,124.59712219238281,71.82563018798828
2025-12-22 00:00:00+08:00,256.0677185058594,517.0,57.66455841064453,79.54559326171875,197.84471130371094,277.041748046875,127.07913970947266,72.6214828491211
2025-12-23 00:00:00+08:00,253.67007446289062,513.239990234375,55.16609573364258,80.03062438964844,195.8563232421875,278.51019287109375,127.57554626464844,72.6214828491211
2025-12-24 00:00:00+08:00,253.1905517578125,511.3599853515625,54.566463470458984,80.12763214111328,195.35922241210938,279.9786071777344,126.08633422851562,72.12407684326172
2025-12-26 00:00:00+08:00,252.2314910888672,517.9400024414062,53.26726150512695,80.12763214111328,193.37083435058594,278.51019287109375,125.58992767333984,71.72614288330078
2025-12-29 00:00:00+08:00,252.2314910888672,510.4200134277344,53.0673828125,80.51566314697266,194.86212158203125,280.46807861328125,126.08633422851562,72.52200317382812
2025-12-30 00:00:00+08:00,252.2314910888672,507.6000061035156,52.967445373535156,81.00069427490234,193.37083435058594,280.9575500488281,125.58992767333984,71.72614288330078
2025-12-31 00:00:00+08:00,260.8630065917969,515.1199951171875,52.067996978759766,79.93362426757812,192.8737335205078,281.9364929199219,124.59712219238281,71.62666320800781
2026-01-02 00:00:00+08:00,265.65826416015625,521.7000122070312,51.46836853027344,78.76953887939453,194.86212158203125,280.46807861328125,128.0719451904297,72.6214828491211
2026-01-05 00:00:00+08:00,266.6173400878906,513.239990234375,50.768795013427734,76.53838348388672,193.86793518066406,283.4049072265625,131.0503692626953,71.52718353271484
2026-01-06 00:00:00+08:00,270.45355224609375,506.6600036621094,50.96867370605469,77.99348449707031,195.8563232421875,281.9364929199219,136.5107879638672,74.01422119140625
2026-01-07 00:00:00+08:00,270.45355224609375,510.4200134277344,51.46836853027344,79.3515853881836,194.86212158203125,282.42596435546875,132.53956604003906,73.3178482055664
2026-01-08 00:00:00+08:00,261.8220520019531,498.20001220703125,50.56892013549805,78.28450012207031,192.8737335205078,279.4891357421875,131.0503692626953,72.12407684326172
2026-01-09 00:00:00+08:00,271.41259765625,497.260009765625,49.96928787231445,79.7396011352539,195.8563232421875,282.42596435546875,129.06475830078125,72.42252349853516
2026-01-12 00:00:00+08:00,269.01495361328125,513.239990234375,51.76818084716797,79.25457000732422,204.30697631835938,281.9364929199219,130.05755615234375,74.01422119140625
2026-01-13 00:00:00+08:00,267.5763854980469,486.9200134277344,51.56830596923828,77.99348449707031,201.8214874267578,280.9575500488281,127.07913970947266,73.4173355102539
2026-01-14 00:00:00+08:00,274.2897644042969,496.32000732421875,52.167938232421875,79.15756225585938,211.26632690429688,286.34173583984375,131.0503692626953,78.29192352294922
2026-01-15 00:00:00+08:00,271.41259765625,489.739990234375,52.067996978759766,78.1875,211.763427734375,281.447021484375,129.5611572265625,78.19244384765625
2026-01-16 00:00:00+08:00,277.6464538574219,479.3999938964844,52.067996978759766,77.50845336914062,218.22569274902344,281.447021484375,130.553955078125,81.07740783691406
2026-01-19 00:00:00+08:00,270.45355224609375,479.3999938964844,53.667015075683594,77.12042236328125,228.66473388671875,280.9575500488281,130.553955078125,82.56962585449219
2026-01-20 00:00:00+08:00,266.1377868652344,479.3999938964844,53.667015075683594,77.12042236328125,232.14442443847656,274.10491943359375,129.5611572265625,82.56962585449219
2026-01-21 00:00:00+08:00,263.74017333984375,470.94000244140625,52.067996978759766,76.05335235595703,230.15602111816406,269.210205078125,129.5611572265625,81.97274017333984
2026-01-22 00:00:00+08:00,271.41259765625,480.3399963378906,54.66640090942383,76.34436798095703,232.14442443847656,279.4891357421875,131.0503692626953,82.56962585449219
2026-01-23 00:00:00+08:00,268.5354309082031,484.1000061035156,54.566463470458984,76.15035247802734,229.658935546875,281.9364929199219,133.03598022460938,81.57481384277344
2026-01-26 00:00:00+08:00,275.2488098144531,474.70001220703125,56.76511001586914,78.1875,245.06893920898438,282.42596435546875,136.01438903808594,82.86808013916016
2026-01-27 00:00:00+08:00,275.7283630371094,473.760009765625,55.16609573364258,77.99348449707031,255.01089477539062,284.38385009765625,135.02159118652344,82.56962585449219
2026-01-28 00:00:00+08:00,275.2488098144531,479.3999938964844,56.6651725769043,77.50845336914062,257.99346923828125,292.2154235839844,140.48202514648438,84.06185150146484
2026-01-29 00:00:00+08:00,271.41259765625,476.5799865722656,54.3665885925293,75.7623291015625,256.0050964355469,298.5785827636719,136.01438903808594,81.6742935180664
2026-01-30 00:00:00+08:00,268.5354309082031,466.239990234375,51.86812210083008,72.56110382080078,248.5486297607422,293.1943664550781,131.0503692626953,79.5851821899414
2026-02-02 00:00:00+08:00,261.8220520019531,469.5299987792969,50.56892013549805,71.39701843261719,228.66473388671875,285.36279296875,124.10072326660156,75.90437316894531
2026-02-03 00:00:00+08:00,265.1787414550781,470.94000244140625,51.96805953979492,74.30722045898438,232.64151000976562,283.8943786621094,124.59712219238281,76.7002182006836
2026-02-04 00:00:00+08:00,266.6173400878906,471.8800048828125,52.86750793457031,75.4713134765625,238.606689453125,281.447021484375,127.07913970947266,78.98829650878906
2026-02-05 00:00:00+08:00,261.8220520019531,471.8800048828125,51.06861114501953,74.88926696777344,227.67054748535156,281.447021484375,125.0935287475586,79.78414154052734
2026-02-06 00:00:00+08:00,268.055908203125,477.5199890136719,50.4689826965332,73.14314270019531,218.22569274902344,281.447021484375,121.12230682373047,76.30229187011719
2026-02-09 00:00:00+08:00,272.37164306640625,472.82000732421875,50.868736267089844,73.14314270019531,234.1328125,284.8733215332031,125.58992767333984,79.78414154052734
2026-02-10 00:00:00+08:00,273.3307189941406,494.44000244140625,50.96867370605469,72.94912719726562,232.64151000976562,291.2364807128906,124.59712219238281,78.19244384765625
2026-02-11 00:00:00+08:00,274.2897644042969,491.6199951171875,49.16978073120117,72.27008056640625,230.6531219482422,298.5785827636719,124.10072326660156,76.89918518066406
2026-02-23 00:00:00+08:00,271.8921203613281,478.4599914550781,50.56892013549805,74.5012435913086,228.66473388671875,308.3680419921875,128.0719451904297,80.9779281616211
2026-02-24 00:00:00+08:00,272.37164306640625,484.1000061035156,50.868736267089844,73.62818145751953,232.14442443847656,317.1785583496094,129.06475830078125,79.88362884521484
2026-02-25 00:00:00+08:00,285.31890869140625,493.5,49.51956558227539,73.53117370605469,223.6937713623047,325.98907470703125,129.5611572265625,77.5955581665039
2026-02-26 00:00:00+08:00,279.5645751953125,500.0799865722656,50.4689826965332,73.82218933105469,228.66473388671875,329.4153747558594,131.54676818847656,77.89400482177734
2026-03-02 00:00:00+08:00,288.67559814453125,498.20001220703125,49.56953430175781,72.75511932373047,251.5312042236328,329.4153747558594,130.553955078125,80.77896118164062
2026-03-03 00:00:00+08:00,282.4417419433594,489.739990234375,48.07045364379883,70.9119873046875,245.5660400390625,323.0522155761719,124.10072326660156,76.60073852539062
2026-03-04 00:00:00+08:00,269.4944763183594,470.0,44.4726676940918,67.12871551513672,240.0979766845703,304.94171142578125,118.14389038085938,71.92511749267578
2026-03-05 00:00:00+08:00,277.6464538574219,486.9200134277344,45.87180709838867,68.87483978271484,238.10958862304688,335.2890625,120.12950134277344,75.90437316894531
2026-03-06 00:00:00+08:00,277.16693115234375,495.3800048828125,45.971744537353516,67.90477752685547,228.66473388671875,367.10479736328125,118.14389038085938,74.01422119140625
2026-03-09 00:00:00+08:00,270.45355224609375,485.9800109863281,43.47328186035156,63.44246292114258,218.72279357910156,339.6943054199219,109.70503997802734,69.93548583984375
2026-03-10 00:00:00+08:00,270.9330749511719,499.1399841308594,44.57260513305664,67.5167465209961,230.6531219482422,338.22589111328125,115.16547393798828,71.82563018798828
2026-03-11 00:00:00+08:00,277.16693115234375,548.9600219726562,49.01987075805664,67.71076202392578,236.6182861328125,338.7153625488281,118.64028930664062,74.41214752197266
2026-03-12 00:00:00+08:00,276.6874084472656,546.1400146484375,48.96990203857422,66.7406997680664,242.58346557617188,337.7364196777344,115.16547393798828,74.81007385253906
2026-03-13 00:00:00+08:00,277.16693115234375,553.6599731445312,48.22036361694336,69.35987854003906,237.11538696289062,335.2890625,115.16547393798828,75.20800018310547
2026-03-16 00:00:00+08:00,277.16693115234375,553.6599731445312,49.46959686279297,68.87483978271484,231.64732360839844,332.8417053222656,121.12230682373047,77.5955581665039
2026-03-17 00:00:00+08:00,277.16693115234375,557.4199829101562,50.56892013549805,72.75511932373047,234.1328125,340.6732482910156,119.1366958618164,79.5851821899414
2026-03-18 00:00:00+08:00,281.0031433105469,558.3599853515625,51.668243408203125,71.59103393554688,231.1502227783203,341.6521911621094,118.64028930664062,80.38104248046875
2026-03-19 00:00:00+08:00,274.769287109375,543.3200073242188,50.26910400390625,70.42694854736328,228.16763305664062,334.7995910644531,115.66187286376953,78.68984985351562
2026-03-20 00:00:00+08:00,271.8921203613281,547.0800170898438,55.26603317260742,72.27008056640625,222.2024688720703,336.7574768066406,113.17985534667969,79.88362884521484
2026-03-23 00:00:00+08:00,268.5354309082031,529.219970703125,56.0655403137207,69.35987854003906,219.71697998046875,323.0522155761719,111.19424438476562,83.36548614501953
2026-03-24 00:00:00+08:00,269.9740295410156,531.0999755859375,52.66762924194336,68.87483978271484,224.19085693359375,323.0522155761719,111.19424438476562,81.47533416748047
2026-03-25 00:00:00+08:00,273.3307189941406,531.0999755859375,51.86812210083008,69.9419174194336,233.13861083984375,326.4785461425781,114.6690673828125,88.14059448242188
2026-03-26 00:00:00+08:00,275.2488098144531,539.5599975585938,52.36781692504883,70.42694854736328,235.1269989013672,331.86273193359375,113.17985534667969,84.55925750732422
2026-03-27 00:00:00+08:00,277.16693115234375,542.3800048828125,54.46652603149414,70.81497955322266,233.63571166992188,325.4996032714844,112.68345642089844,84.95718383789062
2026-03-30 00:00:00+08:00,269.4944763183594,528.2799682617188,51.96805953979492,68.38980865478516,245.5660400390625,314.731201171875,109.70503997802734,86.84733581542969
2026-03-31 00:00:00+08:00,267.09686279296875,516.0599975585938,52.167938232421875,66.93470764160156,227.17344665527344,311.7943420410156,106.72662353515625,84.06185150146484
2026-04-01 00:00:00+08:00,278.6054992675781,532.97998046875,52.46775436401367,68.00177764892578,232.14442443847656,324.03118896484375,110.2014389038086,86.05148315429688
2026-04-02 00:00:00+08:00,272.8511962890625,521.7000122070312,51.368431091308594,67.61375427246094,226.6763458251953,316.6890869140625,106.72662353515625,85.25562286376953
2026-04-07 00:00:00+08:00,277.16693115234375,517.0,49.66947555541992,67.61375427246094,232.64151000976562,315.71014404296875,107.71942901611328,89.13540649414062
2026-04-08 00:00:00+08:00,294.9094543457031,528.2799682617188,54.566463470458984,69.6509017944336,240.0979766845703,341.1627197265625,110.69784545898438,92.91570281982422
2026-04-09 00:00:00+08:00,300.18426513671875,533.9199829101562,54.166709899902344,69.35987854003906,243.57765197753906,340.6732482910156,111.6906509399414,89.6328125
2026-04-10 00:00:00+08:00,308.3362121582031,543.3200073242188,53.467140197753906,76.24736022949219,240.59507751464844,338.7153625488281,109.70503997802734,98.58614349365234
2026-04-13 00:00:00+08:00,305.9385986328125,543.3200073242188,55.36597442626953,79.3515853881836,248.5486297607422,335.2890625,108.21582794189453,108.434814453125
2026-04-14 00:00:00+08:00,309.7748107910156,545.2000122070312,56.76511001586914,77.41144561767578,273.40350341796875,336.7574768066406,113.67626190185547,118.88037109375
2026-04-15 00:00:00+08:00,295.8684997558594,548.9600219726562,62.36167526245117,78.09049224853516,280.36285400390625,340.6732482910156,114.6690673828125,114.90110778808594
2026-04-16 00:00:00+08:00,305.45904541015625,553.6599731445312,61.36228942871094,78.76953887939453,277.3802795410156,347.52587890625,114.17266082763672,116.3933334350586
2026-04-17 00:00:00+08:00,309.7748107910156,563.0599975585938,65.25989532470703,79.15756225585938,289.31060791015625,358.2942810058594,114.17266082763672,116.89073944091797
2026-04-20 00:00:00+08:00,315.5291442871094,568.7000122070312,66.15933227539062,80.51566314697266,291.79608154296875,355.846923828125,115.66187286376953,114.90110778808594
2026-04-21 00:00:00+08:00,326.0787353515625,563.0599975585938,72.75528717041016,82.0677719116211,299.2525329589844,356.82586669921875,115.16547393798828,113.40888977050781
2026-04-22 00:00:00+08:00,321.2834777832031,572.4600219726562,79.95085906982422,83.71688842773438,310.685791015625,353.3995666503906,116.15827941894531,114.90110778808594
2026-04-23 00:00:00+08:00,308.8157653808594,562.1199951171875,76.05325317382812,79.3515853881836,300.2467346191406,348.9942932128906,108.71223449707031,106.94258880615234
2026-04-24 00:00:00+08:00,309.7748107910156,549.9000244140625,78.15196228027344,82.55280303955078,291.79608154296875,346.54693603515625,108.21582794189453,107.93740844726562
2026-04-27 00:00:00+08:00,312.1724548339844,552.719970703125,74.65411376953125,84.5899429321289,293.2873840332031,355.3574523925781,109.70503997802734,109.92704010009766
2026-04-28 00:00:00+08:00,307.856689453125,552.719970703125,74.05448150634766,86.43307495117188,299.2525329589844,359.2732238769531,116.15827941894531,120.87000274658203
2026-04-29 00:00:00+08:00,308.8157653808594,552.719970703125,71.45608520507812,87.98518371582031,306.7090148925781,358.2942810058594,113.67626190185547,129.82333374023438
2026-04-30 00:00:00+08:00,299.7047119140625,546.1400146484375,78.55171966552734,85.46300506591797,310.685791015625,351.93115234375,118.14389038085938,142.75592041015625
2026-05-04 00:00:00+08:00,304.9795227050781,555.5399780273438,83.04895782470703,84.2989273071289,316.65093994140625,386.6837158203125,124.59712219238281,156.68333435058594
2026-05-05 00:00:00+08:00,307.856689453125,554.5999755859375,79.85092163085938,86.23906707763672,319.1364440917969,388.15216064453125,123.60431671142578,172.10296630859375
2026-05-06 00:00:00+08:00,332.3125915527344,591.260009765625,79.95085906982422,83.32886505126953,313.6683654785156,400.8784484863281,120.12950134277344,177.07704162597656
2026-05-07 00:00:00+08:00,329.91497802734375,600.6599731445312,75.5535659790039,82.74681854248047,316.1538391113281,434.652099609375,119.63309478759766,179.56407165527344
2026-05-08 00:00:00+08:00,326.5582580566406,611.0,71.35614776611328,78.28450012207031,317.6451416015625,466.46783447265625,118.64028930664062,172.10296630859375
2026-05-11 00:00:00+08:00,329.4354248046875,644.8400268554688,76.65288543701172,77.896484375,348.9622802734375,468.42572021484375,121.61870574951172,181.05628967285156
2026-05-12 00:00:00+08:00,326.0787353515625,632.6199951171875,74.85399627685547,77.79946899414062,365.3664855957031,484.0888671875,127.07913970947266,186.03036499023438
2026-05-13 00:00:00+08:00,326.5582580566406,623.219970703125,74.75405883789062,76.44137573242188,362.3839111328125,454.7204895019531,124.10072326660156,188.02000427246094
2026-05-14 00:00:00+08:00,320.8039245605469,638.260009765625,75.75344848632812,79.06056213378906,372.3258361816406,455.2099609375,122.1151123046875,179.06666564941406
2026-05-15 00:00:00+08:00,293.4708557128906,602.5399780273438,75.35369110107422,79.6426010131836,390.2213439941406,449.82574462890625,134.02877807617188,178.5692596435547
2026-05-18 00:00:00+08:00,287.716552734375,596.9000244140625,75.75344848632812,77.50845336914062,376.3026123046875,447.86785888671875,138.0,188.5174102783203
2026-05-19 00:00:00+08:00,278.1259765625,603.47998046875,74.25436401367188,77.41144561767578,373.817138671875,451.7836608886719,134.02877807617188,178.5692596435547
2026-05-20 00:00:00+08:00,278.1259765625,601.5999755859375,81.64981842041016,76.63539123535156,357.4129333496094,455.2099609375,126.58273315429688,170.1133270263672
2026-05-21 00:00:00+08:00,295.38897705078125,616.6400146484375,85.94717407226562,80.12763214111328,371.3316345214844,453.7415466308594,133.03598022460938,165.6366729736328
2026-05-22 00:00:00+08:00,303.0614318847656,641.0800170898438,87.9459457397461,85.85103607177734,374.3142395019531,459.125732421875,139.98561096191406,182.05111694335938
2026-05-25 00:00:00+08:00,303.54095458984375,666.4600219726562,84.14827728271484,89.1492691040039,392.7068176269531,488.0046691894531,140.48202514648438,199.95777893066406
2026-05-26 00:00:00+08:00,303.54095458984375,657.0599975585938,77.95208740234375,92.15647888183594,407.1226501464844,499.2625427246094,142.9640350341797,219.8540802001953
2026-05-27 00:00:00+08:00,299.2251892089844,658.9400024414062,75.85337829589844,82.94083404541016,406.62554931640625,498.2835998535156,143.46043395996094,197.96815490722656
2026-05-28 00:00:00+08:00,295.8684997558594,650.47998046875,74.35430145263672,80.12763214111328,385.7474670410156,480.173095703125,136.01438903808594,179.56407165527344
2026-05-29 00:00:00+08:00,325.11968994140625,715.3400268554688,76.85276794433594,81.48573303222656,386.7416687011719,484.5783386230469,141.97122192382812,179.06666564941406
2026-06-01 00:00:00+08:00,357.248046875,786.7799682617188,74.75405883789062,83.23185729980469,385.2503662109375,506.11517333984375,149.41726684570312,179.56407165527344
2026-06-02 00:00:00+08:00,384.1015930175781,864.7999877929688,75.35369110107422,84.2989273071289,361.8868103027344,504.1572570800781,142.46763610839844,168.62110900878906
2026-06-03 00:00:00+08:00,399.9259948730469,875.1400146484375,73.35491943359375,86.14205932617188,366.8577880859375,502.1993713378906,139.98561096191406,165.6366729736328
2026-06-04 00:00:00+08:00,387.4582824707031,838.47998046875,73.2549819946289,82.55280303955078,355.921630859375,511.0098876953125,141.97122192382812,171.60556030273438
2026-06-05 00:00:00+08:00,374.5110168457031,846.0,68.85768127441406,80.51566314697266,342.9971008300781,485.5572814941406,140.97842407226562,166.63148498535156
2026-06-08 00:00:00+08:00,361.0842590332031,793.3599853515625,64.76020050048828,77.3144302368164,327.58709716796875,461.0836486816406,130.553955078125,154.69371032714844
2026-06-09 00:00:00+08:00,359.6456604003906,799.0,66.35921478271484,77.12042236328125,342.9971008300781,479.19415283203125,143.46043395996094,159.1703643798828
2026-06-10 00:00:00+08:00,364.92047119140625,748.239990234375,64.06062316894531,75.4713134765625,324.107421875,455.6994323730469,134.52517700195312,146.7351837158203
2026-06-11 00:00:00+08:00,354.85040283203125,736.9600219726562,65.6596450805664,73.337158203125,316.65093994140625,454.23101806640625,132.53956604003906,142.75592041015625
2026-06-12 00:00:00+08:00,356.76849365234375,737.9000244140625,66.05939483642578,74.01620483398438,321.6219177246094,463.0415344238281,133.53237915039062,149.71963500976562
2026-06-15 00:00:00+08:00,354.85040283203125,744.47998046875,70.45669555664062,74.88926696777344,327.58709716796875,474.78887939453125,136.5107879638672,153.69888305664062
2026-06-16 00:00:00+08:00,347.657470703125,743.5399780273438,68.35798645019531,73.24015045166016,322.6161193847656,469.8941650390625,132.0431671142578,149.22222900390625
2026-06-17 00:00:00+08:00,358.6866149902344,754.8200073242188,75.15380859375,73.24015045166016,322.1190185546875,478.2151794433594,131.0503692626953,146.23777770996094
2026-06-18 00:00:00+08:00,360.604736328125,741.6599731445312,81.35000610351562,73.82218933105469,333.0551452636719,483.5993957519531,133.03598022460938,157.1807403564453
2026-06-22 00:00:00+08:00,364.4409484863281,740.719970703125,84.4000015258789,74.88926696777344,341.50579833984375,488.9836120605469,135.5179901123047,156.68333435058594
2026-06-23 00:00:00+08:00,357.248046875,737.9000244140625,79.5999984741211,72.85211944580078,337.0319519042969,477.2362365722656,139.4892120361328,153.20147705078125
2026-06-24 00:00:00+08:00,356.76849365234375,724.739990234375,78.5999984741211,72.94912719726562,330.07257080078125,463.531005859375,136.01438903808594,149.71963500976562
2026-06-25 00:00:00+08:00,351.49371337890625,703.1199951171875,75.80000305175781,72.46409606933594,332.5580749511719,469.8941650390625,132.53956604003906,152.70407104492188
2026-06-26 00:00:00+08:00,347.1779479980469,658.9400024414062,70.9000015258789,69.55388641357422,305.21771240234375,445.90997314453125,125.58992767333984,138.77667236328125
2026-06-29 00:00:00+08:00,351.9732360839844,660.8200073242188,70.69999694824219,69.9419174194336,316.65093994140625,462.55206298828125,127.57554626464844,137.28443908691406
2026-06-30 00:00:00+08:00,352.9322814941406,658.0,73.30000305175781,71.30001068115234,323.11322021484375,481.6415100097656,129.5611572265625,140.26889038085938
2026-07-01 00:00:00+08:00,356.76849365234375,657.0,71.0999984741211,70.81497955322266,346.4767761230469,492.409912109375,132.53956604003906,142.25851440429688
2026-07-02 00:00:00+08:00,353.8913269042969,667.0,71.5999984741211,71.00898742675781,349.95648193359375,499.2625427246094,145.446044921875,156.18592834472656
2026-07-03 00:00:00+08:00,361.56378173828125,675.0,71.19999694824219,72.17308044433594,347.96807861328125,510.03094482421875,140.97842407226562,155.1911163330078
2026-07-06 00:00:00+08:00,362.5228271484375,680.0,71.19999694824219,71.59103393554688,361.8868103027344,504.1572570800781,141.47482299804688,150.71444702148438
2026-07-07 00:00:00+08:00,357.7275695800781,663.0,69.5,69.9419174194336,342.5,486.0467529296875,133.53237915039062,138.27926635742188
2026-07-08 00:00:00+08:00,361.56378173828125,687.0,74.30000305175781,69.84490966796875,340.0,534.5045776367188,134.52517700195312,139.771484375
2026-07-09 00:00:00+08:00,358.20709228515625,684.0,73.0999984741211,70.23294067382812,331.5,528.6309204101562,138.0,137.78184509277344
2026-07-10 00:00:00+08:00,358.20709228515625,684.0,73.0999984741211,70.23294067382812,331.5,528.6309204101562,138.0,137.78184509277344
2026-07-13 00:00:00+08:00,362.5228271484375,704.0,70.0999984741211,67.32273864746094,332.0,524.7151489257812,148.0,139.27407836914062
2026-07-14 00:00:00+08:00,364.4409484863281,703.0,72.19999694824219,65.57660675048828,317.0,517.8624877929688,142.5,132.8077850341797
2026-07-15 00:00:00+08:00,365.3999938964844,712.0,75.80000305175781,66.15864562988281,321.5,521.7783203125,144.0,137.28443908691406
2026-07-16 00:00:00+08:00,352.0,715.0,72.5999984741211,65.86763000488281,332.0,518.8414306640625,147.0,137.78184509277344
2026-07-17 00:00:00+08:00,325.5,700.0,65.9000015258789,64.21851348876953,306.0,513.0,141.0,127.33629608154297
2026-07-20 00:00:00+08:00,316.0,688.0,72.4000015258789,64.6065444946289,300.0,516.0,134.5,121.3674087524414
2026-07-21 00:00:00+08:00,324.0,736.0,72.19999694824219,65.0915756225586,305.0,567.0,138.5,124.35185241699219
2026-07-22 00:00:00+08:00,329.0,757.0,74.9000015258789,65.57660675048828,320.5,596.0,139.0,128.33111572265625
2026-07-23 00:00:00+08:00,336.0,769.0,73.4000015258789,65.86763000488281,319.5,600.0,142.0,133.80259704589844
2026-07-24 00:00:00+08:00,328.0,771.0,74.9000015258789,65.47960662841797,313.0,581.0,145.0,125.34666442871094
2026-07-27 00:00:00+08:00,322.0,760.0,73.9000015258789,66.25566101074219,323.0,577.0,144.5,127.83370208740234
2026-07-28 00:00:00+08:00,313.5,735.0,69.80000305175781,66.15864562988281,300.0,556.0,134.0,116.89073944091797
2026-07-29 00:00:00+08:00,309.5,761.0,67.4000015258789,63.05443572998047,290.5,550.0,137.0,108.93222045898438
2026-07-30 00:00:00+08:00,279.0,737.0,65.30000305175781,60.144229888916016,283.0,547.0,123.5,103.46073913574219
2026-07-31 00:00:00+08:00,291.5,810.0,70.5,61.308311462402344,304.5,563.0,121.0,113.40888977050781
2026-08-03 00:00:00+08:00,296.5,799.0,75.9000015258789,62.569400787353516,332.0,576.0,132.5,124.35185241699219
2026-08-04 00:00:00+08:00,300.5,806.0,80.30000305175781,62.569400787353516,332.0,576.0,132.0,130.32073974609375
2026-08-05 00:00:00+08:00,304.0,838.0,83.0,63.636474609375,365.0,633.0,145.0,136.7870330810547
2026-08-06 00:00:00+08:00,302.0,818.0,79.4000015258789,63.44246292114258,362.0,622.0,144.5,142.25851440429688
2026-08-07 00:00:00+08:00,298.0,817.0,77.9000015258789,63.92749786376953,387.0,634.0,143.5,140.26889038085938
2026-08-10 00:00:00+08:00,313.5,818.0,80.69999694824219,64.3155288696289,387.0,667.0,153.5,148.22740173339844
2026-08-11 00:00:00+08:00,315.5,839.0,79.19999694824219,64.50953674316406,368.0,661.0,140.5,147.2325897216797
2026-08-12 00:00:00+08:00,325.5,852.0,77.5,64.8005599975586,369.0,686.0,143.0,148.22740173339844
2026-08-13 00:00:00+08:00,325.0,937.0,76.0999984741211,65.30000305175781,381.0,698.0,157.0,149.22222900390625
2026-08-14 00:00:00+08:00,327.5,996.0,76.0999984741211,63.5,373.5,683.0,159.5,142.75592041015625
2026-08-17 00:00:00+08:00,333.5,938.0,79.30000305175781,62.79999923706055,381.5,674.0,175.0,144.24815368652344
2026-08-18 00:00:00+08:00,327.0,910.0,72.4000015258789,61.70000076293945,368.0,679.0,177.5,138.77667236328125
2026-08-19 00:00:00+08:00,331.0,925.0,72.0,61.0,367.0,694.0,161.0,134.3000030517578
2026-08-20 00:00:00+08:00,327.0,913.0,73.4000015258789,61.099998474121094,366.5,673.0,158.0,135.0
2026-08-21 00:00:00+08:00,321.5,921.0,73.9000015258789,61.099998474121094,349.0,649.0,150.0,133.0
2026-08-24 00:00:00+08:00,325.0,923.0,72.0999984741211,61.0,343.5,658.0,145.5,131.5
2026-08-25 00:00:00+08:00,328.5,925.0,71.9000015258789,63.0,345.5,670.0,145.0,130.0
2026-08-26 00:00:00+08:00,332.5,971.0,74.0,62.400001525878906,353.0,688.0,146.5,134.5
2026-08-27 00:00:00+08:00,333.5,968.0,72.5,62.5,359.5,675.0,147.5,147.5
2026-08-28 00:00:00+08:00,332.5,965.0,73.30000305175781,63.0,354.0,669.0,145.5,152.0
